Hotel_Name,City,Hotel_Rating,Hotel_Price,Description,Amenities,Distance_From_Attraction,Review_Count
Grand Inn Jaipur 1,Jaipur,3.9,4366,"Modern mid-range hotel in Jaipur offering excellent value, well-appointed guest rooms, great dining, and a convenient location close to key city highlights.","Valet Parking, Swimming Pool, Bar, Free Parking, Free Breakfast, AC, Restaurant",7.4,653
Saffron Stays Retreat Jaipur 2,Jaipur,3.4,1458,"Comfortable budget-friendly lodging in Jaipur. Offers clean rooms, helpful service, and basic amenities perfect for cost-conscious travelers.","Free Breakfast, WiFi, Valet Parking, Balcony Room, Room Service, Laundry Service, Free Parking",6.8,715
Vista Villas Jaipur 3,Jaipur,3.5,1693,"Comfortable budget-friendly lodging in Jaipur. Offers clean rooms, helpful service, and basic amenities perfect for cost-conscious travelers.","Free Parking, Valet Parking, WiFi, Gym",7.9,1089
Taj Stays Jaipur 4,Jaipur,3.5,1170,"Comfortable budget-friendly lodging in Jaipur. Offers clean rooms, helpful service, and basic amenities perfect for cost-conscious travelers.","Gym, AC, Valet Parking, Spa, Free Breakfast, Balcony Room, Laundry Service",0.7,370
Radisson Chalet Jaipur 5,Jaipur,3.4,1101,"Comfortable budget-friendly lodging in Jaipur. Offers clean rooms, helpful service, and basic amenities perfect for cost-conscious travelers.","Swimming Pool, Balcony Room, 24/7 Security, Free Breakfast, Bar, Laundry Service, AC",5.8,1993
Ginger Suites Jaipur 6,Jaipur,4.0,3732,"Modern mid-range hotel in Jaipur offering excellent value, well-appointed guest rooms, great dining, and a convenient location close to key city highlights.","WiFi, 24/7 Security, Restaurant, Spa, Free Parking",8.4,771
Treebo Palace Jaipur 7,Jaipur,3.2,1349,"Comfortable budget-friendly lodging in Jaipur. Offers clean rooms, helpful service, and basic amenities perfect for cost-conscious travelers.","AC, Free Parking, Room Service, Gym, WiFi, Bar, Spa, 24/7 Security",8.0,1966
Capital O Haven Jaipur 8,Jaipur,4.2,2849,"Modern mid-range hotel in Jaipur offering excellent value, well-appointed guest rooms, great dining, and a convenient location close to key city highlights.","Balcony Room, 24/7 Security, Spa, Valet Parking, WiFi, Laundry Service, AC, Restaurant",7.6,38
Ritz Castle Jaipur 9,Jaipur,3.2,1345,"Comfortable budget-friendly lodging in Jaipur. Offers clean rooms, helpful service, and basic amenities perfect for cost-conscious travelers.","Laundry Service, AC, Restaurant, Free Breakfast, Swimming Pool",0.7,1128
Whispering Palms Resort Jaipur 10,Jaipur,3.1,946,"Comfortable budget-friendly lodging in Jaipur. Offers clean rooms, helpful service, and basic amenities perfect for cost-conscious travelers.","Free Breakfast, 24/7 Security, WiFi, Gym, Swimming Pool, AC, Laundry Service",4.3,1604
Paradise Hotel Jaipur 11,Jaipur,3.1,1501,"Comfortable budget-friendly lodging in Jaipur. Offers clean rooms, helpful service, and basic amenities perfect for cost-conscious travelers.","WiFi, Restaurant, Free Parking, Gym",2.1,856
Silver Sands Lodge Jaipur 12,Jaipur,4.7,8007,"Premium luxury accommodation in Jaipur. Features world-class dining, customized guest services, elegant architecture, and a highly scenic environment.","Restaurant, AC, Free Parking, Gym, Swimming Pool, Free Breakfast",1.6,580
Alpine Lodge Manor Jaipur 13,Jaipur,4.6,12098,"Premium luxury accommodation in Jaipur. Features world-class dining, customized guest services, elegant architecture, and a highly scenic environment.","Room Service, WiFi, Balcony Room, Gym, Free Parking",0.4,824
Mayfair Inn Jaipur 14,Jaipur,4.5,10326,"Premium luxury accommodation in Jaipur. Features world-class dining, customized guest services, elegant architecture, and a highly scenic environment.","WiFi, Spa, Bar, Free Parking, Laundry Service, Room Service",3.2,1441
Grand Retreat Jaipur 15,Jaipur,4.2,4476,"Modern mid-range hotel in Jaipur offering excellent value, well-appointed guest rooms, great dining, and a convenient location close to key city highlights.","Spa, Free Breakfast, Valet Parking, Balcony Room, 24/7 Security",1.8,1773
Saffron Stays Villas Jaipur 16,Jaipur,3.2,1972,"Comfortable budget-friendly lodging in Jaipur. Offers clean rooms, helpful service, and basic amenities perfect for cost-conscious travelers.","Balcony Room, AC, Gym, Bar",6.2,621
Vista Stays Jaipur 17,Jaipur,4.9,14227,"Premium luxury accommodation in Jaipur. Features world-class dining, customized guest services, elegant architecture, and a highly scenic environment.","WiFi, Spa, AC, Valet Parking, Free Breakfast, Laundry Service, Bar",7.8,939
Taj Chalet Jaipur 18,Jaipur,4.7,14059,"Premium luxury accommodation in Jaipur. Features world-class dining, customized guest services, elegant architecture, and a highly scenic environment.","Bar, Gym, Free Parking, Free Breakfast, Restaurant, Balcony Room",0.3,1490
Radisson Suites Jaipur 19,Jaipur,3.0,1918,"Comfortable budget-friendly lodging in Jaipur. Offers clean rooms, helpful service, and basic amenities perfect for cost-conscious travelers.","Restaurant, WiFi, AC, Free Breakfast, Bar, Valet Parking, 24/7 Security",1.7,1127
Ginger Palace Jaipur 20,Jaipur,3.0,1011,"Comfortable budget-friendly lodging in Jaipur. Offers clean rooms, helpful service, and basic amenities perfect for cost-conscious travelers.","Balcony Room, Spa, Free Parking, WiFi, 24/7 Security, Valet Parking, Swimming Pool, Room Service",7.4,1944
Treebo Haven Jaipur 21,Jaipur,3.6,1287,"Comfortable budget-friendly lodging in Jaipur. Offers clean rooms, helpful service, and basic amenities perfect for cost-conscious travelers.","WiFi, Restaurant, 24/7 Security, Room Service, Free Parking, Balcony Room, Gym, Swimming Pool",8.5,723
Capital O Castle Jaipur 22,Jaipur,4.9,9051,"Premium luxury accommodation in Jaipur. Features world-class dining, customized guest services, elegant architecture, and a highly scenic environment.","Spa, WiFi, Balcony Room, Gym, Bar",0.7,325
Ritz Resort Jaipur 23,Jaipur,4.6,15681,"Premium luxury accommodation in Jaipur. Features world-class dining, customized guest services, elegant architecture, and a highly scenic environment.","Bar, WiFi, Swimming Pool, Free Parking, Gym, Balcony Room",2.8,1640
Whispering Palms Hotel Jaipur 24,Jaipur,4.4,5547,"Premium luxury accommodation in Jaipur. Features world-class dining, customized guest services, elegant architecture, and a highly scenic environment.","Balcony Room, AC, Free Parking, Room Service, Laundry Service",7.7,593
Paradise Lodge Jaipur 25,Jaipur,4.4,8410,"Premium luxury accommodation in Jaipur. Features world-class dining, customized guest services, elegant architecture, and a highly scenic environment.","Gym, 24/7 Security, Balcony Room, Valet Parking, Spa, Restaurant, Laundry Service, Free Breakfast",8.7,1222
Silver Sands Manor Jaipur 26,Jaipur,3.9,2029,"Modern mid-range hotel in Jaipur offering excellent value, well-appointed guest rooms, great dining, and a convenient location close to key city highlights.","WiFi, Bar, Free Parking, Room Service, Gym, Swimming Pool, Spa, AC",9.2,561
Alpine Lodge Inn Jaipur 27,Jaipur,4.5,6482,"Premium luxury accommodation in Jaipur. Features world-class dining, customized guest services, elegant architecture, and a highly scenic environment.","Free Parking, WiFi, Free Breakfast, Bar, Balcony Room",3.8,1868
Mayfair Retreat Jaipur 28,Jaipur,4.7,14849,"Premium luxury accommodation in Jaipur. Features world-class dining, customized guest services, elegant architecture, and a highly scenic environment.","Spa, WiFi, Swimming Pool, Balcony Room, Gym, Free Breakfast, AC, Valet Parking",0.8,951
Grand Villas Jaipur 29,Jaipur,3.6,1561,"Comfortable budget-friendly lodging in Jaipur. Offers clean rooms, helpful service, and basic amenities perfect for cost-conscious travelers.","Spa, Swimming Pool, WiFi, AC, Balcony Room, Restaurant",6.1,1169
Saffron Stays Stays Jaipur 30,Jaipur,3.4,1717,"Comfortable budget-friendly lodging in Jaipur. Offers clean rooms, helpful service, and basic amenities perfect for cost-conscious travelers.","Free Parking, 24/7 Security, Swimming Pool, Balcony Room, Spa, Laundry Service",3.8,165
Vista Chalet Jaipur 31,Jaipur,4.4,6636,"Premium luxury accommodation in Jaipur. Features world-class dining, customized guest services, elegant architecture, and a highly scenic environment.","Bar, Gym, Valet Parking, AC, Spa, Laundry Service, Restaurant",4.6,319
Taj Suites Jaipur 32,Jaipur,4.3,4083,"Modern mid-range hotel in Jaipur offering excellent value, well-appointed guest rooms, great dining, and a convenient location close to key city highlights.","Restaurant, AC, Swimming Pool, Spa, WiFi, 24/7 Security, Valet Parking",4.3,1579
Radisson Palace Jaipur 33,Jaipur,3.5,809,"Comfortable budget-friendly lodging in Jaipur. Offers clean rooms, helpful service, and basic amenities perfect for cost-conscious travelers.","Free Parking, Spa, Laundry Service, Room Service, Restaurant, Bar, 24/7 Security, Free Breakfast",0.7,350
Ginger Haven Jaipur 34,Jaipur,4.4,6028,"Premium luxury accommodation in Jaipur. Features world-class dining, customized guest services, elegant architecture, and a highly scenic environment.","Valet Parking, Gym, Bar, Balcony Room, WiFi, Laundry Service",1.0,439
Treebo Castle Jaipur 35,Jaipur,4.4,7286,"Premium luxury accommodation in Jaipur. Features world-class dining, customized guest services, elegant architecture, and a highly scenic environment.","Free Parking, Laundry Service, Swimming Pool, Restaurant",2.3,1733
Capital O Resort Jaipur 36,Jaipur,3.1,1704,"Comfortable budget-friendly lodging in Jaipur. Offers clean rooms, helpful service, and basic amenities perfect for cost-conscious travelers.","Free Parking, Free Breakfast, Laundry Service, Spa, Restaurant, 24/7 Security, Valet Parking",3.6,1528
Ritz Hotel Jaipur 37,Jaipur,3.5,1068,"Comfortable budget-friendly lodging in Jaipur. Offers clean rooms, helpful service, and basic amenities perfect for cost-conscious travelers.","Swimming Pool, Room Service, 24/7 Security, Gym, Restaurant",6.0,1393
Whispering Palms Lodge Jaipur 38,Jaipur,3.6,1905,"Comfortable budget-friendly lodging in Jaipur. Offers clean rooms, helpful service, and basic amenities perfect for cost-conscious travelers.","Free Parking, Spa, Valet Parking, WiFi",2.9,1121
Paradise Manor Jaipur 39,Jaipur,4.0,2169,"Modern mid-range hotel in Jaipur offering excellent value, well-appointed guest rooms, great dining, and a convenient location close to key city highlights.","Free Breakfast, Laundry Service, AC, Free Parking, Gym, 24/7 Security, Room Service",7.2,1216
Silver Sands Inn Jaipur 40,Jaipur,4.2,4286,"Modern mid-range hotel in Jaipur offering excellent value, well-appointed guest rooms, great dining, and a convenient location close to key city highlights.","Bar, Swimming Pool, Balcony Room, Free Parking, WiFi, Spa, Valet Parking",4.5,1121
Alpine Lodge Retreat Jaipur 41,Jaipur,4.3,3774,"Modern mid-range hotel in Jaipur offering excellent value, well-appointed guest rooms, great dining, and a convenient location close to key city highlights.","WiFi, Room Service, Bar, Laundry Service, 24/7 Security, Valet Parking",7.0,1096
Mayfair Villas Jaipur 42,Jaipur,3.4,1908,"Comfortable budget-friendly lodging in Jaipur. Offers clean rooms, helpful service, and basic amenities perfect for cost-conscious travelers.","24/7 Security, Bar, Valet Parking, AC, Free Breakfast",1.4,1624
Grand Stays Jaipur 43,Jaipur,3.3,1840,"Comfortable budget-friendly lodging in Jaipur. Offers clean rooms, helpful service, and basic amenities perfect for cost-conscious travelers.","AC, Free Breakfast, Spa, Laundry Service, Free Parking, Valet Parking",3.5,1902
Saffron Stays Chalet Jaipur 44,Jaipur,3.4,1453,"Comfortable budget-friendly lodging in Jaipur. Offers clean rooms, helpful service, and basic amenities perfect for cost-conscious travelers.","Swimming Pool, 24/7 Security, Free Parking, AC, Spa, Room Service",1.6,385
Vista Suites Jaipur 45,Jaipur,4.7,5141,"Premium luxury accommodation in Jaipur. Features world-class dining, customized guest services, elegant architecture, and a highly scenic environment.","Room Service, Spa, Bar, Laundry Service",8.9,840
Taj Palace Jaipur 46,Jaipur,3.3,1414,"Comfortable budget-friendly lodging in Jaipur. Offers clean rooms, helpful service, and basic amenities perfect for cost-conscious travelers.","Spa, Room Service, AC, Gym, Free Parking, Restaurant, Balcony Room",6.2,195
Radisson Haven Jaipur 47,Jaipur,4.7,7777,"Premium luxury accommodation in Jaipur. Features world-class dining, customized guest services, elegant architecture, and a highly scenic environment.","Gym, Restaurant, Swimming Pool, 24/7 Security, Free Parking",5.5,1226
Ginger Castle Jaipur 48,Jaipur,3.0,827,"Comfortable budget-friendly lodging in Jaipur. Offers clean rooms, helpful service, and basic amenities perfect for cost-conscious travelers.","Valet Parking, Laundry Service, AC, Balcony Room, Spa, Free Breakfast, WiFi, Swimming Pool",4.0,10
Treebo Resort Jaipur 49,Jaipur,3.5,1501,"Comfortable budget-friendly lodging in Jaipur. Offers clean rooms, helpful service, and basic amenities perfect for cost-conscious travelers.","Free Parking, Bar, AC, Gym",1.8,987
Capital O Hotel Jaipur 50,Jaipur,4.7,15600,"Premium luxury accommodation in Jaipur. Features world-class dining, customized guest services, elegant architecture, and a highly scenic environment.","WiFi, Valet Parking, Gym, Free Parking",0.8,1520
Ritz Lodge Jaipur 51,Jaipur,4.5,14419,"Premium luxury accommodation in Jaipur. Features world-class dining, customized guest services, elegant architecture, and a highly scenic environment.","Gym, Bar, Balcony Room, Room Service, Free Parking",1.8,338
Whispering Palms Manor Jaipur 52,Jaipur,3.6,1749,"Comfortable budget-friendly lodging in Jaipur. Offers clean rooms, helpful service, and basic amenities perfect for cost-conscious travelers.","Swimming Pool, Free Parking, Gym, AC",8.1,1433
Paradise Inn Jaipur 53,Jaipur,3.1,843,"Comfortable budget-friendly lodging in Jaipur. Offers clean rooms, helpful service, and basic amenities perfect for cost-conscious travelers.","Spa, Free Breakfast, 24/7 Security, Laundry Service, WiFi, Bar, AC, Balcony Room",3.9,1901
Silver Sands Retreat Jaipur 54,Jaipur,4.4,11848,"Premium luxury accommodation in Jaipur. Features world-class dining, customized guest services, elegant architecture, and a highly scenic environment.","Free Breakfast, AC, Spa, 24/7 Security",2.7,1461
Alpine Lodge Villas Jaipur 55,Jaipur,4.1,3449,"Modern mid-range hotel in Jaipur offering excellent value, well-appointed guest rooms, great dining, and a convenient location close to key city highlights.","WiFi, Free Parking, Bar, Gym",4.5,419
Mayfair Stays Jaipur 56,Jaipur,3.5,984,"Comfortable budget-friendly lodging in Jaipur. Offers clean rooms, helpful service, and basic amenities perfect for cost-conscious travelers.","Balcony Room, AC, Laundry Service, Spa, Gym, Swimming Pool, Free Parking",9.3,1824
Grand Chalet Jaipur 57,Jaipur,3.4,1640,"Comfortable budget-friendly lodging in Jaipur. Offers clean rooms, helpful service, and basic amenities perfect for cost-conscious travelers.","WiFi, Laundry Service, Free Parking, Restaurant",2.8,200
Saffron Stays Suites Jaipur 58,Jaipur,4.9,9909,"Premium luxury accommodation in Jaipur. Features world-class dining, customized guest services, elegant architecture, and a highly scenic environment.","Gym, Valet Parking, Swimming Pool, AC, Bar",2.7,1683
Vista Palace Jaipur 59,Jaipur,3.6,1202,"Comfortable budget-friendly lodging in Jaipur. Offers clean rooms, helpful service, and basic amenities perfect for cost-conscious travelers.","Spa, Free Breakfast, 24/7 Security, Laundry Service, AC, Room Service, Bar",4.6,870
Taj Haven Jaipur 60,Jaipur,4.8,17321,"Premium luxury accommodation in Jaipur. Features world-class dining, customized guest services, elegant architecture, and a highly scenic environment.","AC, Valet Parking, Gym, Restaurant",5.8,378
Radisson Castle Jaipur 61,Jaipur,4.2,2184,"Modern mid-range hotel in Jaipur offering excellent value, well-appointed guest rooms, great dining, and a convenient location close to key city highlights.","AC, 24/7 Security, Swimming Pool, Free Breakfast, Bar, Free Parking",1.0,1137
Ginger Resort Jaipur 62,Jaipur,3.9,2354,"Modern mid-range hotel in Jaipur offering excellent value, well-appointed guest rooms, great dining, and a convenient location close to key city highlights.","Free Parking, Balcony Room, 24/7 Security, Gym, Spa, Restaurant, Valet Parking",0.5,355
Treebo Hotel Jaipur 63,Jaipur,3.6,1248,"Comfortable budget-friendly lodging in Jaipur. Offers clean rooms, helpful service, and basic amenities perfect for cost-conscious travelers.","Restaurant, Balcony Room, 24/7 Security, Swimming Pool, Free Breakfast, Spa, Gym",2.6,887
Capital O Lodge Jaipur 64,Jaipur,4.6,8217,"Premium luxury accommodation in Jaipur. Features world-class dining, customized guest services, elegant architecture, and a highly scenic environment.","Balcony Room, AC, Free Parking, Restaurant, Free Breakfast, WiFi, Spa, Valet Parking",8.3,1592
Ritz Manor Jaipur 65,Jaipur,4.1,2923,"Modern mid-range hotel in Jaipur offering excellent value, well-appointed guest rooms, great dining, and a convenient location close to key city highlights.","Balcony Room, 24/7 Security, Spa, AC, Room Service, WiFi, Restaurant",6.6,364
Whispering Palms Inn Jaipur 66,Jaipur,3.4,1688,"Comfortable budget-friendly lodging in Jaipur. Offers clean rooms, helpful service, and basic amenities perfect for cost-conscious travelers.","Swimming Pool, Laundry Service, WiFi, Valet Parking, Free Parking, Bar",2.2,1800
Paradise Retreat Jaipur 67,Jaipur,3.7,1440,"Comfortable budget-friendly lodging in Jaipur. Offers clean rooms, helpful service, and basic amenities perfect for cost-conscious travelers.","Valet Parking, Restaurant, Spa, Swimming Pool, AC, 24/7 Security, Gym",3.1,1218
Silver Sands Villas Jaipur 68,Jaipur,4.2,2133,"Modern mid-range hotel in Jaipur offering excellent value, well-appointed guest rooms, great dining, and a convenient location close to key city highlights.","24/7 Security, Gym, Free Breakfast, Room Service, Swimming Pool, Restaurant, AC, WiFi",3.0,1743
Alpine Lodge Stays Jaipur 69,Jaipur,4.3,3681,"Modern mid-range hotel in Jaipur offering excellent value, well-appointed guest rooms, great dining, and a convenient location close to key city highlights.","Restaurant, Gym, Free Breakfast, Room Service",9.1,1080
Mayfair Chalet Jaipur 70,Jaipur,3.5,1234,"Comfortable budget-friendly lodging in Jaipur. Offers clean rooms, helpful service, and basic amenities perfect for cost-conscious travelers.","WiFi, AC, Valet Parking, 24/7 Security, Swimming Pool, Room Service, Free Breakfast",8.0,1982
Capital O Palace Udaipur 1,Udaipur,4.7,11809,"Premium luxury accommodation in Udaipur. Features world-class dining, customized guest services, elegant architecture, and a highly scenic environment.","AC, Free Breakfast, Spa, Laundry Service, Balcony Room, Gym",3.9,1903
Ritz Haven Udaipur 2,Udaipur,4.6,17814,"Premium luxury accommodation in Udaipur. Features world-class dining, customized guest services, elegant architecture, and a highly scenic environment.","Bar, Laundry Service, Restaurant, Swimming Pool",5.0,1682
Whispering Palms Castle Udaipur 3,Udaipur,4.0,4494,"Modern mid-range hotel in Udaipur offering excellent value, well-appointed guest rooms, great dining, and a convenient location close to key city highlights.","WiFi, Balcony Room, Spa, Free Breakfast, Laundry Service, Valet Parking, Swimming Pool, 24/7 Security",7.4,640
Paradise Resort Udaipur 4,Udaipur,3.7,1730,"Comfortable budget-friendly lodging in Udaipur. Offers clean rooms, helpful service, and basic amenities perfect for cost-conscious travelers.","AC, WiFi, Restaurant, Gym, Bar, Balcony Room, Room Service, 24/7 Security",3.3,84
Silver Sands Hotel Udaipur 5,Udaipur,3.5,1307,"Comfortable budget-friendly lodging in Udaipur. Offers clean rooms, helpful service, and basic amenities perfect for cost-conscious travelers.","Restaurant, AC, Free Parking, Room Service, Gym, Valet Parking, WiFi",3.8,1330
Alpine Lodge Lodge Udaipur 6,Udaipur,3.9,2864,"Modern mid-range hotel in Udaipur offering excellent value, well-appointed guest rooms, great dining, and a convenient location close to key city highlights.","Balcony Room, AC, Free Breakfast, Swimming Pool",5.3,287
Mayfair Manor Udaipur 7,Udaipur,3.4,1175,"Comfortable budget-friendly lodging in Udaipur. Offers clean rooms, helpful service, and basic amenities perfect for cost-conscious travelers.","AC, Free Breakfast, Free Parking, Laundry Service, Restaurant, Swimming Pool, WiFi",7.3,935
Grand Inn Udaipur 8,Udaipur,4.0,4076,"Modern mid-range hotel in Udaipur offering excellent value, well-appointed guest rooms, great dining, and a convenient location close to key city highlights.","Bar, Gym, Room Service, Balcony Room, Free Parking, WiFi, AC",4.5,430
Saffron Stays Retreat Udaipur 9,Udaipur,4.1,2837,"Modern mid-range hotel in Udaipur offering excellent value, well-appointed guest rooms, great dining, and a convenient location close to key city highlights.","Laundry Service, Spa, Valet Parking, Room Service, Free Parking, Balcony Room",7.2,828
Vista Villas Udaipur 10,Udaipur,3.0,1444,"Comfortable budget-friendly lodging in Udaipur. Offers clean rooms, helpful service, and basic amenities perfect for cost-conscious travelers.","Balcony Room, WiFi, Laundry Service, Valet Parking, Restaurant, Spa",1.4,251
Taj Stays Udaipur 11,Udaipur,4.4,5961,"Premium luxury accommodation in Udaipur. Features world-class dining, customized guest services, elegant architecture, and a highly scenic environment.","Laundry Service, Room Service, AC, Swimming Pool, 24/7 Security, Valet Parking",6.5,916
Radisson Chalet Udaipur 12,Udaipur,3.1,1600,"Comfortable budget-friendly lodging in Udaipur. Offers clean rooms, helpful service, and basic amenities perfect for cost-conscious travelers.","Spa, WiFi, Swimming Pool, AC, Balcony Room",5.5,1980
Ginger Suites Udaipur 13,Udaipur,4.4,5242,"Premium luxury accommodation in Udaipur. Features world-class dining, customized guest services, elegant architecture, and a highly scenic environment.","Gym, 24/7 Security, Free Parking, Valet Parking, Spa, Room Service, Swimming Pool",6.4,1170
Treebo Palace Udaipur 14,Udaipur,4.6,7617,"Premium luxury accommodation in Udaipur. Features world-class dining, customized guest services, elegant architecture, and a highly scenic environment.","Swimming Pool, Room Service, Spa, AC, Bar, Gym, 24/7 Security",4.5,947
Capital O Haven Udaipur 15,Udaipur,4.5,5099,"Premium luxury accommodation in Udaipur. Features world-class dining, customized guest services, elegant architecture, and a highly scenic environment.","AC, Restaurant, Free Parking, 24/7 Security, Spa, Balcony Room, Laundry Service, Swimming Pool",0.4,1480
Ritz Castle Udaipur 16,Udaipur,4.4,13774,"Premium luxury accommodation in Udaipur. Features world-class dining, customized guest services, elegant architecture, and a highly scenic environment.","Swimming Pool, Laundry Service, Gym, Bar, Restaurant",6.6,1320
Whispering Palms Resort Udaipur 17,Udaipur,4.2,2078,"Modern mid-range hotel in Udaipur offering excellent value, well-appointed guest rooms, great dining, and a convenient location close to key city highlights.","Restaurant, Bar, Free Parking, Valet Parking",9.3,930
Paradise Hotel Udaipur 18,Udaipur,3.1,1579,"Comfortable budget-friendly lodging in Udaipur. Offers clean rooms, helpful service, and basic amenities perfect for cost-conscious travelers.","Spa, Swimming Pool, Free Parking, Bar, Room Service, Free Breakfast, Gym, WiFi",3.6,1253
Silver Sands Lodge Udaipur 19,Udaipur,4.1,3112,"Modern mid-range hotel in Udaipur offering excellent value, well-appointed guest rooms, great dining, and a convenient location close to key city highlights.","Room Service, Balcony Room, Valet Parking, Restaurant, Gym",7.7,1438
Alpine Lodge Manor Udaipur 20,Udaipur,3.3,954,"Comfortable budget-friendly lodging in Udaipur. Offers clean rooms, helpful service, and basic amenities perfect for cost-conscious travelers.","Valet Parking, Room Service, Swimming Pool, AC, Free Breakfast, 24/7 Security, WiFi",3.7,781
Mayfair Inn Udaipur 21,Udaipur,4.9,9441,"Premium luxury accommodation in Udaipur. Features world-class dining, customized guest services, elegant architecture, and a highly scenic environment.","Laundry Service, Swimming Pool, Bar, Balcony Room, Room Service",5.6,1557
Grand Retreat Udaipur 22,Udaipur,4.5,5848,"Premium luxury accommodation in Udaipur. Features world-class dining, customized guest services, elegant architecture, and a highly scenic environment.","AC, Laundry Service, Restaurant, Free Parking",8.8,1357
Saffron Stays Villas Udaipur 23,Udaipur,3.3,1846,"Comfortable budget-friendly lodging in Udaipur. Offers clean rooms, helpful service, and basic amenities perfect for cost-conscious travelers.","Bar, WiFi, Gym, Free Breakfast",7.4,244
Vista Stays Udaipur 24,Udaipur,4.0,4453,"Modern mid-range hotel in Udaipur offering excellent value, well-appointed guest rooms, great dining, and a convenient location close to key city highlights.","AC, Laundry Service, Restaurant, WiFi, Free Breakfast",8.4,426
Taj Chalet Udaipur 25,Udaipur,3.1,1904,"Comfortable budget-friendly lodging in Udaipur. Offers clean rooms, helpful service, and basic amenities perfect for cost-conscious travelers.","Room Service, Laundry Service, Swimming Pool, Free Breakfast",1.6,317
Radisson Suites Udaipur 26,Udaipur,4.1,4460,"Modern mid-range hotel in Udaipur offering excellent value, well-appointed guest rooms, great dining, and a convenient location close to key city highlights.","Room Service, Spa, Laundry Service, Restaurant, Valet Parking, Balcony Room, Bar",7.2,71
Ginger Palace Udaipur 27,Udaipur,4.3,2078,"Modern mid-range hotel in Udaipur offering excellent value, well-appointed guest rooms, great dining, and a convenient location close to key city highlights.","Spa, Room Service, 24/7 Security, Laundry Service, Free Parking, Bar, Balcony Room",6.1,966
Treebo Haven Udaipur 28,Udaipur,4.3,2363,"Modern mid-range hotel in Udaipur offering excellent value, well-appointed guest rooms, great dining, and a convenient location close to key city highlights.","AC, Room Service, WiFi, Balcony Room",8.9,1413
Capital O Castle Udaipur 29,Udaipur,3.2,1588,"Comfortable budget-friendly lodging in Udaipur. Offers clean rooms, helpful service, and basic amenities perfect for cost-conscious travelers.","Spa, 24/7 Security, Free Breakfast, AC",3.8,41
Ritz Resort Udaipur 30,Udaipur,4.1,4172,"Modern mid-range hotel in Udaipur offering excellent value, well-appointed guest rooms, great dining, and a convenient location close to key city highlights.","Balcony Room, WiFi, Gym, Free Parking, Swimming Pool",4.4,1311
Whispering Palms Hotel Udaipur 31,Udaipur,4.5,7870,"Premium luxury accommodation in Udaipur. Features world-class dining, customized guest services, elegant architecture, and a highly scenic environment.","Gym, Laundry Service, Restaurant, Valet Parking, 24/7 Security, Balcony Room, Bar",7.6,791
Paradise Lodge Udaipur 32,Udaipur,4.3,2753,"Modern mid-range hotel in Udaipur offering excellent value, well-appointed guest rooms, great dining, and a convenient location close to key city highlights.","Bar, Room Service, Laundry Service, Free Breakfast, WiFi, Swimming Pool",1.8,1516
Silver Sands Manor Udaipur 33,Udaipur,4.5,15844,"Premium luxury accommodation in Udaipur. Features world-class dining, customized guest services, elegant architecture, and a highly scenic environment.","Restaurant, Spa, Laundry Service, Bar, Gym",3.9,48
Alpine Lodge Inn Udaipur 34,Udaipur,4.2,2639,"Modern mid-range hotel in Udaipur offering excellent value, well-appointed guest rooms, great dining, and a convenient location close to key city highlights.","Free Breakfast, Bar, Gym, WiFi, Spa",5.3,555
Mayfair Retreat Udaipur 35,Udaipur,4.1,3659,"Modern mid-range hotel in Udaipur offering excellent value, well-appointed guest rooms, great dining, and a convenient location close to key city highlights.","Gym, Free Parking, AC, Laundry Service",7.3,11
Grand Villas Udaipur 36,Udaipur,3.3,1401,"Comfortable budget-friendly lodging in Udaipur. Offers clean rooms, helpful service, and basic amenities perfect for cost-conscious travelers.","AC, Bar, Spa, Restaurant, WiFi",3.4,465
Saffron Stays Stays Udaipur 37,Udaipur,4.4,11961,"Premium luxury accommodation in Udaipur. Features world-class dining, customized guest services, elegant architecture, and a highly scenic environment.","Room Service, 24/7 Security, Swimming Pool, Balcony Room, Free Breakfast, Bar",7.4,580
Vista Chalet Udaipur 38,Udaipur,4.4,8982,"Premium luxury accommodation in Udaipur. Features world-class dining, customized guest services, elegant architecture, and a highly scenic environment.","Balcony Room, Valet Parking, Restaurant, Room Service, Laundry Service, Spa, Swimming Pool",3.4,1478
Taj Suites Udaipur 39,Udaipur,4.1,4041,"Modern mid-range hotel in Udaipur offering excellent value, well-appointed guest rooms, great dining, and a convenient location close to key city highlights.","Room Service, Bar, Restaurant, AC, Laundry Service",1.5,414
Radisson Palace Udaipur 40,Udaipur,4.9,8781,"Premium luxury accommodation in Udaipur. Features world-class dining, customized guest services, elegant architecture, and a highly scenic environment.","WiFi, AC, 24/7 Security, Free Breakfast, Free Parking, Room Service, Valet Parking",2.8,160
Ginger Haven Udaipur 41,Udaipur,3.3,1990,"Comfortable budget-friendly lodging in Udaipur. Offers clean rooms, helpful service, and basic amenities perfect for cost-conscious travelers.","Free Parking, Free Breakfast, Laundry Service, Spa, Valet Parking, WiFi",9.0,390
Treebo Castle Udaipur 42,Udaipur,4.2,3584,"Modern mid-range hotel in Udaipur offering excellent value, well-appointed guest rooms, great dining, and a convenient location close to key city highlights.","Spa, AC, Free Parking, Valet Parking, Balcony Room",0.2,863
Capital O Resort Udaipur 43,Udaipur,3.8,3858,"Modern mid-range hotel in Udaipur offering excellent value, well-appointed guest rooms, great dining, and a convenient location close to key city highlights.","Free Parking, AC, Spa, Gym, Bar, 24/7 Security, Valet Parking, Restaurant",8.7,1245
Ritz Hotel Udaipur 44,Udaipur,4.6,17026,"Premium luxury accommodation in Udaipur. Features world-class dining, customized guest services, elegant architecture, and a highly scenic environment.","Gym, Balcony Room, Bar, Room Service, Free Breakfast, AC, Free Parking, Valet Parking",4.8,1261
Whispering Palms Lodge Udaipur 45,Udaipur,3.4,1688,"Comfortable budget-friendly lodging in Udaipur. Offers clean rooms, helpful service, and basic amenities perfect for cost-conscious travelers.","Restaurant, Swimming Pool, Gym, Balcony Room",5.0,110
Paradise Manor Udaipur 46,Udaipur,4.0,3030,"Modern mid-range hotel in Udaipur offering excellent value, well-appointed guest rooms, great dining, and a convenient location close to key city highlights.","Balcony Room, Gym, Swimming Pool, Bar, 24/7 Security, Room Service, Free Parking, AC",5.7,326
Silver Sands Inn Udaipur 47,Udaipur,5.0,11593,"Premium luxury accommodation in Udaipur. Features world-class dining, customized guest services, elegant architecture, and a highly scenic environment.","WiFi, Balcony Room, Swimming Pool, Restaurant",2.9,1346
Alpine Lodge Retreat Udaipur 48,Udaipur,5.0,16442,"Premium luxury accommodation in Udaipur. Features world-class dining, customized guest services, elegant architecture, and a highly scenic environment.","AC, Spa, Free Parking, Swimming Pool, Restaurant, Gym, WiFi",8.3,1507
Mayfair Villas Udaipur 49,Udaipur,4.9,6158,"Premium luxury accommodation in Udaipur. Features world-class dining, customized guest services, elegant architecture, and a highly scenic environment.","Restaurant, Swimming Pool, WiFi, Gym, Room Service",7.7,1025
Grand Stays Udaipur 50,Udaipur,3.6,1913,"Comfortable budget-friendly lodging in Udaipur. Offers clean rooms, helpful service, and basic amenities perfect for cost-conscious travelers.","Spa, WiFi, Free Parking, Valet Parking, Room Service, AC, Bar",7.9,795
Saffron Stays Chalet Udaipur 51,Udaipur,3.6,1077,"Comfortable budget-friendly lodging in Udaipur. Offers clean rooms, helpful service, and basic amenities perfect for cost-conscious travelers.","WiFi, Bar, Free Parking, Laundry Service, Spa, Balcony Room",5.0,488
Vista Suites Udaipur 52,Udaipur,3.7,1275,"Comfortable budget-friendly lodging in Udaipur. Offers clean rooms, helpful service, and basic amenities perfect for cost-conscious travelers.","Free Parking, Free Breakfast, AC, Valet Parking",5.8,1649
Taj Palace Udaipur 53,Udaipur,3.2,1334,"Comfortable budget-friendly lodging in Udaipur. Offers clean rooms, helpful service, and basic amenities perfect for cost-conscious travelers.","Free Parking, AC, Spa, Balcony Room, Room Service, WiFi, Bar, Gym",5.1,1810
Radisson Haven Udaipur 54,Udaipur,3.0,1770,"Comfortable budget-friendly lodging in Udaipur. Offers clean rooms, helpful service, and basic amenities perfect for cost-conscious travelers.","Gym, Laundry Service, WiFi, Free Breakfast, Free Parking, AC",3.9,1927
Ginger Castle Udaipur 55,Udaipur,4.1,4342,"Modern mid-range hotel in Udaipur offering excellent value, well-appointed guest rooms, great dining, and a convenient location close to key city highlights.","Free Breakfast, Spa, Laundry Service, Valet Parking, Restaurant, WiFi",3.0,1638
Treebo Resort Udaipur 56,Udaipur,4.9,13040,"Premium luxury accommodation in Udaipur. Features world-class dining, customized guest services, elegant architecture, and a highly scenic environment.","Swimming Pool, Valet Parking, Spa, Bar, Gym, Balcony Room",6.3,997
Capital O Hotel Udaipur 57,Udaipur,4.3,3293,"Modern mid-range hotel in Udaipur offering excellent value, well-appointed guest rooms, great dining, and a convenient location close to key city highlights.","Swimming Pool, WiFi, 24/7 Security, Free Breakfast, Laundry Service, Free Parking, Gym",6.1,160
Ritz Lodge Udaipur 58,Udaipur,4.0,3432,"Modern mid-range hotel in Udaipur offering excellent value, well-appointed guest rooms, great dining, and a convenient location close to key city highlights.","Gym, AC, Swimming Pool, Free Parking",7.3,377
Whispering Palms Manor Udaipur 59,Udaipur,4.9,7402,"Premium luxury accommodation in Udaipur. Features world-class dining, customized guest services, elegant architecture, and a highly scenic environment.","Balcony Room, Free Parking, Valet Parking, 24/7 Security, Laundry Service, Swimming Pool",5.7,1066
Paradise Inn Udaipur 60,Udaipur,4.0,2860,"Modern mid-range hotel in Udaipur offering excellent value, well-appointed guest rooms, great dining, and a convenient location close to key city highlights.","WiFi, Gym, Restaurant, Spa, Valet Parking, Free Parking, Room Service",8.1,596
Silver Sands Retreat Udaipur 61,Udaipur,4.1,2000,"Modern mid-range hotel in Udaipur offering excellent value, well-appointed guest rooms, great dining, and a convenient location close to key city highlights.","Free Breakfast, AC, WiFi, Balcony Room, Room Service, 24/7 Security",8.2,1596
Alpine Lodge Villas Udaipur 62,Udaipur,3.5,934,"Comfortable budget-friendly lodging in Udaipur. Offers clean rooms, helpful service, and basic amenities perfect for cost-conscious travelers.","Valet Parking, Free Breakfast, AC, Bar",0.8,1560
Mayfair Stays Udaipur 63,Udaipur,4.2,3930,"Modern mid-range hotel in Udaipur offering excellent value, well-appointed guest rooms, great dining, and a convenient location close to key city highlights.","Valet Parking, Room Service, Bar, Swimming Pool",4.6,499
Grand Chalet Udaipur 64,Udaipur,4.9,7727,"Premium luxury accommodation in Udaipur. Features world-class dining, customized guest services, elegant architecture, and a highly scenic environment.","Free Parking, Bar, Swimming Pool, Restaurant, 24/7 Security, AC, Gym, Spa",0.4,1676
Saffron Stays Suites Udaipur 65,Udaipur,3.1,1525,"Comfortable budget-friendly lodging in Udaipur. Offers clean rooms, helpful service, and basic amenities perfect for cost-conscious travelers.","WiFi, Bar, 24/7 Security, Room Service, Swimming Pool, Free Parking, Valet Parking, AC",4.3,565
Vista Palace Udaipur 66,Udaipur,4.4,15144,"Premium luxury accommodation in Udaipur. Features world-class dining, customized guest services, elegant architecture, and a highly scenic environment.","Laundry Service, Bar, Gym, Free Parking, Swimming Pool, AC, WiFi",6.2,1691
Taj Haven Udaipur 67,Udaipur,3.9,2207,"Modern mid-range hotel in Udaipur offering excellent value, well-appointed guest rooms, great dining, and a convenient location close to key city highlights.","WiFi, Free Parking, Gym, Balcony Room, Restaurant, Bar",8.5,250
Radisson Castle Udaipur 68,Udaipur,4.1,2075,"Modern mid-range hotel in Udaipur offering excellent value, well-appointed guest rooms, great dining, and a convenient location close to key city highlights.","Free Parking, 24/7 Security, Valet Parking, Room Service, Spa",1.8,1657
Ginger Resort Udaipur 69,Udaipur,4.1,4789,"Modern mid-range hotel in Udaipur offering excellent value, well-appointed guest rooms, great dining, and a convenient location close to key city highlights.","Free Parking, AC, 24/7 Security, Spa, WiFi",2.3,771
Treebo Hotel Udaipur 70,Udaipur,4.8,13912,"Premium luxury accommodation in Udaipur. Features world-class dining, customized guest services, elegant architecture, and a highly scenic environment.","AC, Laundry Service, Restaurant, 24/7 Security, WiFi, Free Breakfast, Free Parking, Swimming Pool",3.8,332
Grand Manor Jodhpur 1,Jodhpur,4.2,3384,"Modern mid-range hotel in Jodhpur offering excellent value, well-appointed guest rooms, great dining, and a convenient location close to key city highlights.","AC, Restaurant, Valet Parking, Balcony Room",6.8,433
Saffron Stays Inn Jodhpur 2,Jodhpur,4.7,16835,"Premium luxury accommodation in Jodhpur. Features world-class dining, customized guest services, elegant architecture, and a highly scenic environment.","Bar, Valet Parking, AC, Spa, Gym",0.6,398
Vista Retreat Jodhpur 3,Jodhpur,4.2,3918,"Modern mid-range hotel in Jodhpur offering excellent value, well-appointed guest rooms, great dining, and a convenient location close to key city highlights.","Restaurant, WiFi, Room Service, Valet Parking, 24/7 Security, AC",4.7,1045
Taj Villas Jodhpur 4,Jodhpur,4.4,14914,"Premium luxury accommodation in Jodhpur. Features world-class dining, customized guest services, elegant architecture, and a highly scenic environment.","Free Breakfast, WiFi, Free Parking, Spa, 24/7 Security, Swimming Pool, Room Service, Restaurant",8.0,1694
Radisson Stays Jodhpur 5,Jodhpur,4.4,9622,"Premium luxury accommodation in Jodhpur. Features world-class dining, customized guest services, elegant architecture, and a highly scenic environment.","Swimming Pool, Balcony Room, Gym, Laundry Service, Spa",7.7,785
Ginger Chalet Jodhpur 6,Jodhpur,3.2,1486,"Comfortable budget-friendly lodging in Jodhpur. Offers clean rooms, helpful service, and basic amenities perfect for cost-conscious travelers.","Restaurant, Room Service, Bar, 24/7 Security, WiFi, Valet Parking, Spa, AC",3.9,391
Treebo Suites Jodhpur 7,Jodhpur,4.3,2456,"Modern mid-range hotel in Jodhpur offering excellent value, well-appointed guest rooms, great dining, and a convenient location close to key city highlights.","Laundry Service, AC, WiFi, Restaurant, Free Breakfast, Spa, Room Service, Valet Parking",3.0,1240
Capital O Palace Jodhpur 8,Jodhpur,4.8,16110,"Premium luxury accommodation in Jodhpur. Features world-class dining, customized guest services, elegant architecture, and a highly scenic environment.","Free Breakfast, Balcony Room, Restaurant, Bar",6.8,616
Ritz Haven Jodhpur 9,Jodhpur,4.0,4859,"Modern mid-range hotel in Jodhpur offering excellent value, well-appointed guest rooms, great dining, and a convenient location close to key city highlights.","Balcony Room, Room Service, Laundry Service, Valet Parking",7.4,1891
Whispering Palms Castle Jodhpur 10,Jodhpur,4.3,2805,"Modern mid-range hotel in Jodhpur offering excellent value, well-appointed guest rooms, great dining, and a convenient location close to key city highlights.","Free Breakfast, 24/7 Security, Swimming Pool, Restaurant",3.8,160
Paradise Resort Jodhpur 11,Jodhpur,4.6,14376,"Premium luxury accommodation in Jodhpur. Features world-class dining, customized guest services, elegant architecture, and a highly scenic environment.","Valet Parking, Gym, Free Parking, Restaurant, AC, Free Breakfast",7.7,845
Silver Sands Hotel Jodhpur 12,Jodhpur,3.3,1634,"Comfortable budget-friendly lodging in Jodhpur. Offers clean rooms, helpful service, and basic amenities perfect for cost-conscious travelers.","Gym, Bar, Valet Parking, Free Parking, AC",8.8,754
Alpine Lodge Lodge Jodhpur 13,Jodhpur,3.5,827,"Comfortable budget-friendly lodging in Jodhpur. Offers clean rooms, helpful service, and basic amenities perfect for cost-conscious travelers.","Valet Parking, AC, Swimming Pool, Room Service, Restaurant",0.3,775
Mayfair Manor Jodhpur 14,Jodhpur,4.0,4275,"Modern mid-range hotel in Jodhpur offering excellent value, well-appointed guest rooms, great dining, and a convenient location close to key city highlights.","WiFi, Gym, AC, Room Service, Valet Parking, Balcony Room, Bar",8.8,116
Grand Inn Jodhpur 15,Jodhpur,3.8,2170,"Modern mid-range hotel in Jodhpur offering excellent value, well-appointed guest rooms, great dining, and a convenient location close to key city highlights.","AC, Gym, Balcony Room, WiFi, Bar, Laundry Service, Spa",7.0,1826
Saffron Stays Retreat Jodhpur 16,Jodhpur,4.3,4650,"Modern mid-range hotel in Jodhpur offering excellent value, well-appointed guest rooms, great dining, and a convenient location close to key city highlights.","Restaurant, WiFi, Free Parking, Room Service, Valet Parking, Swimming Pool, 24/7 Security",8.2,1211
Vista Villas Jodhpur 17,Jodhpur,3.1,1042,"Comfortable budget-friendly lodging in Jodhpur. Offers clean rooms, helpful service, and basic amenities perfect for cost-conscious travelers.","WiFi, 24/7 Security, Valet Parking, Gym, Balcony Room",1.4,287
Taj Stays Jodhpur 18,Jodhpur,3.0,1337,"Comfortable budget-friendly lodging in Jodhpur. Offers clean rooms, helpful service, and basic amenities perfect for cost-conscious travelers.","Spa, Valet Parking, Gym, Free Breakfast, Bar, Laundry Service",6.6,760
Radisson Chalet Jodhpur 19,Jodhpur,3.5,1029,"Comfortable budget-friendly lodging in Jodhpur. Offers clean rooms, helpful service, and basic amenities perfect for cost-conscious travelers.","Laundry Service, Spa, AC, WiFi, Balcony Room, Room Service, Valet Parking, Free Parking",1.4,1990
Ginger Suites Jodhpur 20,Jodhpur,3.9,4019,"Modern mid-range hotel in Jodhpur offering excellent value, well-appointed guest rooms, great dining, and a convenient location close to key city highlights.","Laundry Service, Bar, Restaurant, Valet Parking, Free Parking, Spa",0.5,595
Treebo Palace Jodhpur 21,Jodhpur,4.5,14911,"Premium luxury accommodation in Jodhpur. Features world-class dining, customized guest services, elegant architecture, and a highly scenic environment.","Valet Parking, Restaurant, Bar, Gym, Room Service, Swimming Pool",1.3,43
Capital O Haven Jodhpur 22,Jodhpur,4.3,2494,"Modern mid-range hotel in Jodhpur offering excellent value, well-appointed guest rooms, great dining, and a convenient location close to key city highlights.","Free Parking, AC, Bar, Laundry Service, Valet Parking, Room Service, Gym, Spa",8.4,1741
Ritz Castle Jodhpur 23,Jodhpur,3.6,1476,"Comfortable budget-friendly lodging in Jodhpur. Offers clean rooms, helpful service, and basic amenities perfect for cost-conscious travelers.","AC, Spa, 24/7 Security, Free Parking, Bar, Valet Parking, Swimming Pool",4.7,1023
Whispering Palms Resort Jodhpur 24,Jodhpur,3.1,1634,"Comfortable budget-friendly lodging in Jodhpur. Offers clean rooms, helpful service, and basic amenities perfect for cost-conscious travelers.","WiFi, Gym, AC, Swimming Pool, Valet Parking, Spa, Restaurant",5.2,72
Paradise Hotel Jodhpur 25,Jodhpur,3.9,3213,"Modern mid-range hotel in Jodhpur offering excellent value, well-appointed guest rooms, great dining, and a convenient location close to key city highlights.","Balcony Room, Laundry Service, Spa, AC, 24/7 Security, WiFi, Valet Parking",1.9,1647
Silver Sands Lodge Jodhpur 26,Jodhpur,5.0,10996,"Premium luxury accommodation in Jodhpur. Features world-class dining, customized guest services, elegant architecture, and a highly scenic environment.","Bar, WiFi, Swimming Pool, Balcony Room, Gym, 24/7 Security, Valet Parking, Free Parking",2.3,1496
Alpine Lodge Manor Jodhpur 27,Jodhpur,4.3,2369,"Modern mid-range hotel in Jodhpur offering excellent value, well-appointed guest rooms, great dining, and a convenient location close to key city highlights.","Free Breakfast, 24/7 Security, Swimming Pool, Bar, AC, WiFi, Laundry Service",5.0,1181
Mayfair Inn Jodhpur 28,Jodhpur,3.1,1064,"Comfortable budget-friendly lodging in Jodhpur. Offers clean rooms, helpful service, and basic amenities perfect for cost-conscious travelers.","Restaurant, Balcony Room, Swimming Pool, Gym, Laundry Service",5.7,639
Grand Retreat Jodhpur 29,Jodhpur,3.9,3086,"Modern mid-range hotel in Jodhpur offering excellent value, well-appointed guest rooms, great dining, and a convenient location close to key city highlights.","Valet Parking, AC, Restaurant, Bar",2.1,1402
Saffron Stays Villas Jodhpur 30,Jodhpur,4.6,16376,"Premium luxury accommodation in Jodhpur. Features world-class dining, customized guest services, elegant architecture, and a highly scenic environment.","Free Parking, WiFi, Bar, Free Breakfast, Swimming Pool, Balcony Room, AC",4.2,1532
Vista Stays Jodhpur 31,Jodhpur,4.9,16771,"Premium luxury accommodation in Jodhpur. Features world-class dining, customized guest services, elegant architecture, and a highly scenic environment.","Free Parking, Gym, AC, Bar, Valet Parking, Swimming Pool, 24/7 Security",1.9,670
Taj Chalet Jodhpur 32,Jodhpur,4.4,13108,"Premium luxury accommodation in Jodhpur. Features world-class dining, customized guest services, elegant architecture, and a highly scenic environment.","Laundry Service, Balcony Room, Room Service, Free Breakfast, AC, Valet Parking",9.1,776
Radisson Suites Jodhpur 33,Jodhpur,4.4,5805,"Premium luxury accommodation in Jodhpur. Features world-class dining, customized guest services, elegant architecture, and a highly scenic environment.","Gym, Valet Parking, 24/7 Security, Free Breakfast, Laundry Service",7.6,191
Ginger Palace Jodhpur 34,Jodhpur,4.1,3000,"Modern mid-range hotel in Jodhpur offering excellent value, well-appointed guest rooms, great dining, and a convenient location close to key city highlights.","24/7 Security, Laundry Service, Swimming Pool, Free Parking",1.8,62
Treebo Haven Jodhpur 35,Jodhpur,4.2,3771,"Modern mid-range hotel in Jodhpur offering excellent value, well-appointed guest rooms, great dining, and a convenient location close to key city highlights.","Gym, Balcony Room, 24/7 Security, Spa, Free Parking, Free Breakfast, Valet Parking",7.5,282
Capital O Castle Jodhpur 36,Jodhpur,3.4,1629,"Comfortable budget-friendly lodging in Jodhpur. Offers clean rooms, helpful service, and basic amenities perfect for cost-conscious travelers.","Restaurant, WiFi, Spa, Room Service, Valet Parking, Bar",2.4,345
Ritz Resort Jodhpur 37,Jodhpur,4.6,12539,"Premium luxury accommodation in Jodhpur. Features world-class dining, customized guest services, elegant architecture, and a highly scenic environment.","Free Parking, Balcony Room, Laundry Service, Spa, Restaurant, Valet Parking, Free Breakfast",4.5,494
Whispering Palms Hotel Jodhpur 38,Jodhpur,4.2,4904,"Modern mid-range hotel in Jodhpur offering excellent value, well-appointed guest rooms, great dining, and a convenient location close to key city highlights.","Gym, Valet Parking, Room Service, Bar, Spa",0.5,498
Paradise Lodge Jodhpur 39,Jodhpur,4.4,5355,"Premium luxury accommodation in Jodhpur. Features world-class dining, customized guest services, elegant architecture, and a highly scenic environment.","Swimming Pool, Restaurant, Valet Parking, WiFi, Balcony Room, AC, Gym, Free Parking",7.3,368
Silver Sands Manor Jodhpur 40,Jodhpur,4.0,3201,"Modern mid-range hotel in Jodhpur offering excellent value, well-appointed guest rooms, great dining, and a convenient location close to key city highlights.","Gym, Restaurant, Free Breakfast, Laundry Service, Swimming Pool",5.8,1085
Alpine Lodge Inn Jodhpur 41,Jodhpur,3.3,818,"Comfortable budget-friendly lodging in Jodhpur. Offers clean rooms, helpful service, and basic amenities perfect for cost-conscious travelers.","Bar, Balcony Room, Swimming Pool, 24/7 Security, Restaurant, Laundry Service, Spa",8.5,127
Mayfair Retreat Jodhpur 42,Jodhpur,4.8,12250,"Premium luxury accommodation in Jodhpur. Features world-class dining, customized guest services, elegant architecture, and a highly scenic environment.","AC, Free Parking, Valet Parking, 24/7 Security, Laundry Service, Swimming Pool",2.0,1974
Grand Villas Jodhpur 43,Jodhpur,3.4,860,"Comfortable budget-friendly lodging in Jodhpur. Offers clean rooms, helpful service, and basic amenities perfect for cost-conscious travelers.","Valet Parking, AC, Restaurant, Gym",2.1,326
Saffron Stays Stays Jodhpur 44,Jodhpur,3.4,1685,"Comfortable budget-friendly lodging in Jodhpur. Offers clean rooms, helpful service, and basic amenities perfect for cost-conscious travelers.","Spa, Free Breakfast, 24/7 Security, Valet Parking, Laundry Service",2.2,1933
Vista Chalet Jodhpur 45,Jodhpur,3.2,1836,"Comfortable budget-friendly lodging in Jodhpur. Offers clean rooms, helpful service, and basic amenities perfect for cost-conscious travelers.","AC, Balcony Room, Restaurant, Free Breakfast",0.4,1653
Taj Suites Jodhpur 46,Jodhpur,3.9,2849,"Modern mid-range hotel in Jodhpur offering excellent value, well-appointed guest rooms, great dining, and a convenient location close to key city highlights.","Bar, WiFi, Gym, AC, 24/7 Security, Balcony Room, Room Service, Swimming Pool",6.0,1640
Radisson Palace Jodhpur 47,Jodhpur,3.6,1389,"Comfortable budget-friendly lodging in Jodhpur. Offers clean rooms, helpful service, and basic amenities perfect for cost-conscious travelers.","Valet Parking, WiFi, Laundry Service, Free Breakfast",7.5,619
Ginger Haven Jodhpur 48,Jodhpur,4.5,7167,"Premium luxury accommodation in Jodhpur. Features world-class dining, customized guest services, elegant architecture, and a highly scenic environment.","Restaurant, WiFi, Laundry Service, Valet Parking, AC, Free Breakfast, Bar",4.9,886
Treebo Castle Jodhpur 49,Jodhpur,3.9,2564,"Modern mid-range hotel in Jodhpur offering excellent value, well-appointed guest rooms, great dining, and a convenient location close to key city highlights.","Free Parking, WiFi, AC, Spa, 24/7 Security, Balcony Room",2.4,839
Capital O Resort Jodhpur 50,Jodhpur,3.4,1841,"Comfortable budget-friendly lodging in Jodhpur. Offers clean rooms, helpful service, and basic amenities perfect for cost-conscious travelers.","Laundry Service, 24/7 Security, AC, Restaurant, Valet Parking, Swimming Pool",2.8,927
Ritz Hotel Jodhpur 51,Jodhpur,3.5,1794,"Comfortable budget-friendly lodging in Jodhpur. Offers clean rooms, helpful service, and basic amenities perfect for cost-conscious travelers.","Gym, Swimming Pool, Room Service, Balcony Room, Free Parking, Free Breakfast, Restaurant, AC",9.5,1627
Whispering Palms Lodge Jodhpur 52,Jodhpur,3.2,1836,"Comfortable budget-friendly lodging in Jodhpur. Offers clean rooms, helpful service, and basic amenities perfect for cost-conscious travelers.","WiFi, Free Parking, Valet Parking, 24/7 Security, Bar, Laundry Service, Balcony Room",8.2,1233
Paradise Manor Jodhpur 53,Jodhpur,4.4,15843,"Premium luxury accommodation in Jodhpur. Features world-class dining, customized guest services, elegant architecture, and a highly scenic environment.","Spa, AC, 24/7 Security, Restaurant, Gym",1.3,1536
Silver Sands Inn Jodhpur 54,Jodhpur,3.4,1326,"Comfortable budget-friendly lodging in Jodhpur. Offers clean rooms, helpful service, and basic amenities perfect for cost-conscious travelers.","Swimming Pool, Spa, Balcony Room, 24/7 Security, Room Service, Free Parking, Valet Parking",6.3,1874
Alpine Lodge Retreat Jodhpur 55,Jodhpur,3.2,1390,"Comfortable budget-friendly lodging in Jodhpur. Offers clean rooms, helpful service, and basic amenities perfect for cost-conscious travelers.","Bar, Gym, Restaurant, WiFi, Laundry Service, Swimming Pool, Spa, Balcony Room",4.3,1528
Mayfair Villas Jodhpur 56,Jodhpur,4.4,7676,"Premium luxury accommodation in Jodhpur. Features world-class dining, customized guest services, elegant architecture, and a highly scenic environment.","Gym, Free Parking, Room Service, Restaurant, Free Breakfast",2.9,1703
Grand Stays Jodhpur 57,Jodhpur,4.8,15436,"Premium luxury accommodation in Jodhpur. Features world-class dining, customized guest services, elegant architecture, and a highly scenic environment.","Bar, AC, Valet Parking, Free Breakfast, Room Service",6.6,141
Saffron Stays Chalet Jodhpur 58,Jodhpur,4.7,17686,"Premium luxury accommodation in Jodhpur. Features world-class dining, customized guest services, elegant architecture, and a highly scenic environment.","Room Service, Spa, 24/7 Security, Gym, Free Breakfast, Balcony Room, Free Parking, WiFi",3.2,1129
Vista Suites Jodhpur 59,Jodhpur,4.9,9753,"Premium luxury accommodation in Jodhpur. Features world-class dining, customized guest services, elegant architecture, and a highly scenic environment.","AC, Room Service, WiFi, Balcony Room",6.7,1507
Taj Palace Jodhpur 60,Jodhpur,3.4,1323,"Comfortable budget-friendly lodging in Jodhpur. Offers clean rooms, helpful service, and basic amenities perfect for cost-conscious travelers.","Laundry Service, Bar, AC, Restaurant, Free Breakfast, Room Service, Balcony Room, Gym",0.3,1401
Radisson Haven Jodhpur 61,Jodhpur,3.6,1677,"Comfortable budget-friendly lodging in Jodhpur. Offers clean rooms, helpful service, and basic amenities perfect for cost-conscious travelers.","Free Parking, Restaurant, Balcony Room, AC, Gym, Room Service, Valet Parking",9.2,1763
Ginger Castle Jodhpur 62,Jodhpur,4.2,3821,"Modern mid-range hotel in Jodhpur offering excellent value, well-appointed guest rooms, great dining, and a convenient location close to key city highlights.","Gym, AC, Swimming Pool, WiFi, Room Service",0.7,1812
Treebo Resort Jodhpur 63,Jodhpur,3.3,971,"Comfortable budget-friendly lodging in Jodhpur. Offers clean rooms, helpful service, and basic amenities perfect for cost-conscious travelers.","AC, Spa, WiFi, Swimming Pool, Balcony Room, Bar, Room Service",8.6,1510
Capital O Hotel Jodhpur 64,Jodhpur,3.9,4074,"Modern mid-range hotel in Jodhpur offering excellent value, well-appointed guest rooms, great dining, and a convenient location close to key city highlights.","Restaurant, Bar, Free Breakfast, Laundry Service, Room Service, AC, 24/7 Security",3.2,1563
Ritz Lodge Jodhpur 65,Jodhpur,3.7,1810,"Comfortable budget-friendly lodging in Jodhpur. Offers clean rooms, helpful service, and basic amenities perfect for cost-conscious travelers.","Swimming Pool, Spa, Restaurant, Free Breakfast, AC, Valet Parking",0.2,117
Whispering Palms Manor Jodhpur 66,Jodhpur,3.8,3828,"Modern mid-range hotel in Jodhpur offering excellent value, well-appointed guest rooms, great dining, and a convenient location close to key city highlights.","Room Service, 24/7 Security, AC, Balcony Room, Spa, Restaurant",6.5,741
Paradise Inn Jodhpur 67,Jodhpur,3.1,1583,"Comfortable budget-friendly lodging in Jodhpur. Offers clean rooms, helpful service, and basic amenities perfect for cost-conscious travelers.","Restaurant, Bar, Swimming Pool, Spa, Laundry Service, Balcony Room",8.2,542
Silver Sands Retreat Jodhpur 68,Jodhpur,3.1,1849,"Comfortable budget-friendly lodging in Jodhpur. Offers clean rooms, helpful service, and basic amenities perfect for cost-conscious travelers.","Free Parking, Free Breakfast, Restaurant, WiFi, Spa, Gym, Room Service, Valet Parking",3.9,1104
Alpine Lodge Villas Jodhpur 69,Jodhpur,5.0,5278,"Premium luxury accommodation in Jodhpur. Features world-class dining, customized guest services, elegant architecture, and a highly scenic environment.","24/7 Security, Gym, Bar, Free Breakfast, WiFi, Swimming Pool, Laundry Service, Free Parking",9.1,846
Mayfair Stays Jodhpur 70,Jodhpur,3.4,1410,"Comfortable budget-friendly lodging in Jodhpur. Offers clean rooms, helpful service, and basic amenities perfect for cost-conscious travelers.","Spa, Gym, Room Service, Laundry Service, AC, WiFi",1.7,1642
Capital O Suites Jaisalmer 1,Jaisalmer,4.4,16981,"Premium luxury accommodation in Jaisalmer. Features world-class dining, customized guest services, elegant architecture, and a highly scenic environment.","Room Service, Free Parking, Valet Parking, Balcony Room",2.2,1256
Ritz Palace Jaisalmer 2,Jaisalmer,4.6,9554,"Premium luxury accommodation in Jaisalmer. Features world-class dining, customized guest services, elegant architecture, and a highly scenic environment.","Gym, Restaurant, Laundry Service, Free Parking",0.2,1587
Whispering Palms Haven Jaisalmer 3,Jaisalmer,3.9,2271,"Modern mid-range hotel in Jaisalmer offering excellent value, well-appointed guest rooms, great dining, and a convenient location close to key city highlights.","Free Breakfast, Free Parking, Balcony Room, 24/7 Security, Valet Parking, Spa, Restaurant, Room Service",9.4,1147
Paradise Castle Jaisalmer 4,Jaisalmer,3.5,1229,"Comfortable budget-friendly lodging in Jaisalmer. Offers clean rooms, helpful service, and basic amenities perfect for cost-conscious travelers.","AC, Free Parking, Restaurant, Room Service, WiFi, Valet Parking",3.1,96
Silver Sands Resort Jaisalmer 5,Jaisalmer,3.9,3449,"Modern mid-range hotel in Jaisalmer offering excellent value, well-appointed guest rooms, great dining, and a convenient location close to key city highlights.","24/7 Security, Valet Parking, Free Breakfast, Restaurant, Room Service, WiFi, Bar",4.8,1318
Alpine Lodge Hotel Jaisalmer 6,Jaisalmer,4.9,14388,"Premium luxury accommodation in Jaisalmer. Features world-class dining, customized guest services, elegant architecture, and a highly scenic environment.","Laundry Service, WiFi, Bar, Free Parking, Room Service, 24/7 Security",1.4,895
Mayfair Lodge Jaisalmer 7,Jaisalmer,3.0,1313,"Comfortable budget-friendly lodging in Jaisalmer. Offers clean rooms, helpful service, and basic amenities perfect for cost-conscious travelers.","Spa, Laundry Service, WiFi, Gym, Swimming Pool, Bar",8.7,1239
Grand Manor Jaisalmer 8,Jaisalmer,4.9,7292,"Premium luxury accommodation in Jaisalmer. Features world-class dining, customized guest services, elegant architecture, and a highly scenic environment.","Room Service, Restaurant, Free Parking, WiFi, Free Breakfast, Gym",8.0,324
Saffron Stays Inn Jaisalmer 9,Jaisalmer,3.1,997,"Comfortable budget-friendly lodging in Jaisalmer. Offers clean rooms, helpful service, and basic amenities perfect for cost-conscious travelers.","Valet Parking, Free Breakfast, Laundry Service, 24/7 Security, Balcony Room, Restaurant, AC, Gym",3.5,758
Vista Retreat Jaisalmer 10,Jaisalmer,4.9,6862,"Premium luxury accommodation in Jaisalmer. Features world-class dining, customized guest services, elegant architecture, and a highly scenic environment.","Swimming Pool, Room Service, AC, Restaurant, 24/7 Security, Spa",2.0,1035
Taj Villas Jaisalmer 11,Jaisalmer,4.0,4965,"Modern mid-range hotel in Jaisalmer offering excellent value, well-appointed guest rooms, great dining, and a convenient location close to key city highlights.","Balcony Room, Free Parking, Bar, Laundry Service, Room Service",8.3,1436
Radisson Stays Jaisalmer 12,Jaisalmer,4.0,3132,"Modern mid-range hotel in Jaisalmer offering excellent value, well-appointed guest rooms, great dining, and a convenient location close to key city highlights.","Free Parking, AC, Spa, Gym",6.2,460
Ginger Chalet Jaisalmer 13,Jaisalmer,3.3,1679,"Comfortable budget-friendly lodging in Jaisalmer. Offers clean rooms, helpful service, and basic amenities perfect for cost-conscious travelers.","Valet Parking, Laundry Service, Bar, Room Service",3.6,1285
Treebo Suites Jaisalmer 14,Jaisalmer,4.5,7715,"Premium luxury accommodation in Jaisalmer. Features world-class dining, customized guest services, elegant architecture, and a highly scenic environment.","AC, Free Breakfast, Restaurant, Room Service, Gym, Swimming Pool, 24/7 Security",1.9,15
Capital O Palace Jaisalmer 15,Jaisalmer,3.8,2744,"Modern mid-range hotel in Jaisalmer offering excellent value, well-appointed guest rooms, great dining, and a convenient location close to key city highlights.","Gym, Laundry Service, 24/7 Security, Valet Parking, Swimming Pool, Bar, Free Parking, AC",5.1,1839
Ritz Haven Jaisalmer 16,Jaisalmer,4.6,6479,"Premium luxury accommodation in Jaisalmer. Features world-class dining, customized guest services, elegant architecture, and a highly scenic environment.","Room Service, Balcony Room, Spa, Restaurant, Valet Parking, AC, Bar",7.8,1163
Whispering Palms Castle Jaisalmer 17,Jaisalmer,3.6,1923,"Comfortable budget-friendly lodging in Jaisalmer. Offers clean rooms, helpful service, and basic amenities perfect for cost-conscious travelers.","Balcony Room, WiFi, AC, Spa, Gym, Laundry Service, Free Breakfast, Bar",1.5,1348
Paradise Resort Jaisalmer 18,Jaisalmer,3.9,3844,"Modern mid-range hotel in Jaisalmer offering excellent value, well-appointed guest rooms, great dining, and a convenient location close to key city highlights.","Room Service, Free Parking, WiFi, Spa, Laundry Service, Gym, Free Breakfast, Bar",7.9,125
Silver Sands Hotel Jaisalmer 19,Jaisalmer,3.1,1677,"Comfortable budget-friendly lodging in Jaisalmer. Offers clean rooms, helpful service, and basic amenities perfect for cost-conscious travelers.","Balcony Room, Restaurant, Valet Parking, Room Service, Free Breakfast, WiFi",6.4,1140
Alpine Lodge Lodge Jaisalmer 20,Jaisalmer,3.6,1754,"Comfortable budget-friendly lodging in Jaisalmer. Offers clean rooms, helpful service, and basic amenities perfect for cost-conscious travelers.","Free Parking, Bar, Valet Parking, Restaurant, Swimming Pool, Free Breakfast, AC",4.8,652
Mayfair Manor Jaisalmer 21,Jaisalmer,3.4,1874,"Comfortable budget-friendly lodging in Jaisalmer. Offers clean rooms, helpful service, and basic amenities perfect for cost-conscious travelers.","Balcony Room, Room Service, 24/7 Security, Free Parking",6.5,1736
Grand Inn Jaisalmer 22,Jaisalmer,3.9,2860,"Modern mid-range hotel in Jaisalmer offering excellent value, well-appointed guest rooms, great dining, and a convenient location close to key city highlights.","Room Service, Swimming Pool, Bar, Free Parking, 24/7 Security, Valet Parking, Free Breakfast",5.8,1152
Saffron Stays Retreat Jaisalmer 23,Jaisalmer,4.2,3513,"Modern mid-range hotel in Jaisalmer offering excellent value, well-appointed guest rooms, great dining, and a convenient location close to key city highlights.","Free Parking, 24/7 Security, Valet Parking, Laundry Service, AC, Spa, Balcony Room, Free Breakfast",5.3,1045
Vista Villas Jaisalmer 24,Jaisalmer,3.5,1848,"Comfortable budget-friendly lodging in Jaisalmer. Offers clean rooms, helpful service, and basic amenities perfect for cost-conscious travelers.","AC, Gym, Room Service, WiFi, Spa, Laundry Service, Free Breakfast",3.8,319
Taj Stays Jaisalmer 25,Jaisalmer,3.5,1617,"Comfortable budget-friendly lodging in Jaisalmer. Offers clean rooms, helpful service, and basic amenities perfect for cost-conscious travelers.","Spa, Swimming Pool, Laundry Service, Valet Parking",5.8,1304
Radisson Chalet Jaisalmer 26,Jaisalmer,4.7,17095,"Premium luxury accommodation in Jaisalmer. Features world-class dining, customized guest services, elegant architecture, and a highly scenic environment.","Room Service, 24/7 Security, Balcony Room, Swimming Pool",1.6,1171
Ginger Suites Jaisalmer 27,Jaisalmer,4.3,4211,"Modern mid-range hotel in Jaisalmer offering excellent value, well-appointed guest rooms, great dining, and a convenient location close to key city highlights.","Laundry Service, AC, Balcony Room, Swimming Pool, Room Service, Spa, WiFi, Bar",7.9,24
Treebo Palace Jaisalmer 28,Jaisalmer,4.8,11357,"Premium luxury accommodation in Jaisalmer. Features world-class dining, customized guest services, elegant architecture, and a highly scenic environment.","WiFi, Swimming Pool, Balcony Room, Free Breakfast, Free Parking, Spa, Gym, Laundry Service",7.4,1217
Capital O Haven Jaisalmer 29,Jaisalmer,4.1,3587,"Modern mid-range hotel in Jaisalmer offering excellent value, well-appointed guest rooms, great dining, and a convenient location close to key city highlights.","Free Parking, Gym, 24/7 Security, Restaurant, Room Service, AC, Laundry Service, Free Breakfast",8.6,1896
Ritz Castle Jaisalmer 30,Jaisalmer,3.1,1447,"Comfortable budget-friendly lodging in Jaisalmer. Offers clean rooms, helpful service, and basic amenities perfect for cost-conscious travelers.","AC, Free Breakfast, Bar, 24/7 Security",4.9,857
Whispering Palms Resort Jaisalmer 31,Jaisalmer,4.7,17827,"Premium luxury accommodation in Jaisalmer. Features world-class dining, customized guest services, elegant architecture, and a highly scenic environment.","Gym, Bar, 24/7 Security, Free Breakfast, WiFi",7.6,915
Paradise Hotel Jaisalmer 32,Jaisalmer,3.5,1007,"Comfortable budget-friendly lodging in Jaisalmer. Offers clean rooms, helpful service, and basic amenities perfect for cost-conscious travelers.","Balcony Room, 24/7 Security, Laundry Service, Gym, Swimming Pool",3.1,706
Silver Sands Lodge Jaisalmer 33,Jaisalmer,4.3,4790,"Modern mid-range hotel in Jaisalmer offering excellent value, well-appointed guest rooms, great dining, and a convenient location close to key city highlights.","Free Breakfast, Laundry Service, WiFi, Bar, Spa, Swimming Pool",5.0,1275
Alpine Lodge Manor Jaisalmer 34,Jaisalmer,4.2,2911,"Modern mid-range hotel in Jaisalmer offering excellent value, well-appointed guest rooms, great dining, and a convenient location close to key city highlights.","Restaurant, Valet Parking, Balcony Room, 24/7 Security, WiFi, Laundry Service, Bar, Room Service",5.2,224
Mayfair Inn Jaisalmer 35,Jaisalmer,4.9,10101,"Premium luxury accommodation in Jaisalmer. Features world-class dining, customized guest services, elegant architecture, and a highly scenic environment.","Restaurant, Free Breakfast, WiFi, Laundry Service",8.7,219
Grand Retreat Jaisalmer 36,Jaisalmer,4.5,8716,"Premium luxury accommodation in Jaisalmer. Features world-class dining, customized guest services, elegant architecture, and a highly scenic environment.","Balcony Room, WiFi, Gym, AC, Room Service, Free Breakfast",1.2,1295
Saffron Stays Villas Jaisalmer 37,Jaisalmer,4.5,17721,"Premium luxury accommodation in Jaisalmer. Features world-class dining, customized guest services, elegant architecture, and a highly scenic environment.","Free Parking, Swimming Pool, Valet Parking, WiFi, Balcony Room, Free Breakfast, Room Service, Restaurant",4.3,119
Vista Stays Jaisalmer 38,Jaisalmer,4.7,7328,"Premium luxury accommodation in Jaisalmer. Features world-class dining, customized guest services, elegant architecture, and a highly scenic environment.","Laundry Service, Restaurant, Balcony Room, 24/7 Security, Bar",4.1,607
Taj Chalet Jaisalmer 39,Jaisalmer,3.5,1768,"Comfortable budget-friendly lodging in Jaisalmer. Offers clean rooms, helpful service, and basic amenities perfect for cost-conscious travelers.","24/7 Security, Restaurant, WiFi, Gym, AC, Free Parking, Balcony Room, Room Service",0.3,894
Radisson Suites Jaisalmer 40,Jaisalmer,3.4,1075,"Comfortable budget-friendly lodging in Jaisalmer. Offers clean rooms, helpful service, and basic amenities perfect for cost-conscious travelers.","Bar, Free Breakfast, Gym, 24/7 Security, Room Service, Valet Parking, Swimming Pool, Spa",5.6,1030
Ginger Palace Jaisalmer 41,Jaisalmer,3.7,1128,"Comfortable budget-friendly lodging in Jaisalmer. Offers clean rooms, helpful service, and basic amenities perfect for cost-conscious travelers.","Valet Parking, Laundry Service, Spa, 24/7 Security, Free Breakfast, Gym, Swimming Pool, Restaurant",3.8,1155
Treebo Haven Jaisalmer 42,Jaisalmer,4.5,8414,"Premium luxury accommodation in Jaisalmer. Features world-class dining, customized guest services, elegant architecture, and a highly scenic environment.","Spa, Free Parking, Swimming Pool, Bar",5.4,1897
Capital O Castle Jaisalmer 43,Jaisalmer,4.4,9985,"Premium luxury accommodation in Jaisalmer. Features world-class dining, customized guest services, elegant architecture, and a highly scenic environment.","Balcony Room, Gym, 24/7 Security, Spa, Restaurant",1.0,1760
Ritz Resort Jaisalmer 44,Jaisalmer,5.0,11108,"Premium luxury accommodation in Jaisalmer. Features world-class dining, customized guest services, elegant architecture, and a highly scenic environment.","Room Service, Bar, Laundry Service, Restaurant",5.2,1204
Whispering Palms Hotel Jaisalmer 45,Jaisalmer,3.9,3593,"Modern mid-range hotel in Jaisalmer offering excellent value, well-appointed guest rooms, great dining, and a convenient location close to key city highlights.","Free Breakfast, Gym, Restaurant, Valet Parking",7.6,1743
Paradise Lodge Jaisalmer 46,Jaisalmer,3.9,3042,"Modern mid-range hotel in Jaisalmer offering excellent value, well-appointed guest rooms, great dining, and a convenient location close to key city highlights.","Spa, Valet Parking, Swimming Pool, Bar, Free Parking, Laundry Service, Restaurant",6.2,1897
Silver Sands Manor Jaisalmer 47,Jaisalmer,4.3,3096,"Modern mid-range hotel in Jaisalmer offering excellent value, well-appointed guest rooms, great dining, and a convenient location close to key city highlights.","Swimming Pool, AC, Balcony Room, Free Breakfast, WiFi, Bar, Free Parking, Valet Parking",8.5,167
Alpine Lodge Inn Jaisalmer 48,Jaisalmer,4.0,2385,"Modern mid-range hotel in Jaisalmer offering excellent value, well-appointed guest rooms, great dining, and a convenient location close to key city highlights.","Free Parking, Room Service, Swimming Pool, Laundry Service, Restaurant, Valet Parking, Gym",7.5,624
Mayfair Retreat Jaisalmer 49,Jaisalmer,4.7,15938,"Premium luxury accommodation in Jaisalmer. Features world-class dining, customized guest services, elegant architecture, and a highly scenic environment.","AC, Valet Parking, WiFi, Free Parking, Restaurant, Room Service, Gym",6.6,1670
Grand Villas Jaisalmer 50,Jaisalmer,3.9,2105,"Modern mid-range hotel in Jaisalmer offering excellent value, well-appointed guest rooms, great dining, and a convenient location close to key city highlights.","Free Parking, 24/7 Security, Valet Parking, Spa, Room Service",3.9,1370
Saffron Stays Stays Jaisalmer 51,Jaisalmer,4.3,2988,"Modern mid-range hotel in Jaisalmer offering excellent value, well-appointed guest rooms, great dining, and a convenient location close to key city highlights.","24/7 Security, WiFi, Spa, AC, Bar",9.2,1544
Vista Chalet Jaisalmer 52,Jaisalmer,3.1,1998,"Comfortable budget-friendly lodging in Jaisalmer. Offers clean rooms, helpful service, and basic amenities perfect for cost-conscious travelers.","Valet Parking, Spa, Swimming Pool, Room Service, Gym, AC, Laundry Service",4.4,262
Taj Suites Jaisalmer 53,Jaisalmer,4.2,3546,"Modern mid-range hotel in Jaisalmer offering excellent value, well-appointed guest rooms, great dining, and a convenient location close to key city highlights.","AC, Balcony Room, Swimming Pool, WiFi, Spa, Bar, 24/7 Security",8.7,579
Radisson Palace Jaisalmer 54,Jaisalmer,3.3,865,"Comfortable budget-friendly lodging in Jaisalmer. Offers clean rooms, helpful service, and basic amenities perfect for cost-conscious travelers.","24/7 Security, Spa, Balcony Room, Laundry Service, Gym",2.6,1215
Ginger Haven Jaisalmer 55,Jaisalmer,4.1,2296,"Modern mid-range hotel in Jaisalmer offering excellent value, well-appointed guest rooms, great dining, and a convenient location close to key city highlights.","Valet Parking, Free Breakfast, AC, Room Service, Gym",8.5,1009
Treebo Castle Jaisalmer 56,Jaisalmer,3.7,833,"Comfortable budget-friendly lodging in Jaisalmer. Offers clean rooms, helpful service, and basic amenities perfect for cost-conscious travelers.","Free Breakfast, Balcony Room, Free Parking, Swimming Pool",3.2,1311
Capital O Resort Jaisalmer 57,Jaisalmer,3.6,1626,"Comfortable budget-friendly lodging in Jaisalmer. Offers clean rooms, helpful service, and basic amenities perfect for cost-conscious travelers.","Restaurant, Balcony Room, WiFi, Free Parking",1.6,512
Ritz Hotel Jaisalmer 58,Jaisalmer,4.6,10741,"Premium luxury accommodation in Jaisalmer. Features world-class dining, customized guest services, elegant architecture, and a highly scenic environment.","Free Breakfast, Restaurant, AC, Bar",4.2,639
Whispering Palms Lodge Jaisalmer 59,Jaisalmer,3.3,1571,"Comfortable budget-friendly lodging in Jaisalmer. Offers clean rooms, helpful service, and basic amenities perfect for cost-conscious travelers.","Swimming Pool, Room Service, AC, Gym",4.7,272
Paradise Manor Jaisalmer 60,Jaisalmer,3.8,2272,"Modern mid-range hotel in Jaisalmer offering excellent value, well-appointed guest rooms, great dining, and a convenient location close to key city highlights.","Free Parking, 24/7 Security, Bar, Laundry Service, AC, Valet Parking, Room Service, Restaurant",7.2,1319
Silver Sands Inn Jaisalmer 61,Jaisalmer,3.4,1698,"Comfortable budget-friendly lodging in Jaisalmer. Offers clean rooms, helpful service, and basic amenities perfect for cost-conscious travelers.","Balcony Room, Restaurant, Swimming Pool, 24/7 Security, Free Parking, WiFi, Room Service",2.1,1767
Alpine Lodge Retreat Jaisalmer 62,Jaisalmer,4.9,13971,"Premium luxury accommodation in Jaisalmer. Features world-class dining, customized guest services, elegant architecture, and a highly scenic environment.","WiFi, Spa, Valet Parking, Bar, Laundry Service, Swimming Pool",6.9,436
Mayfair Villas Jaisalmer 63,Jaisalmer,4.7,17808,"Premium luxury accommodation in Jaisalmer. Features world-class dining, customized guest services, elegant architecture, and a highly scenic environment.","24/7 Security, Restaurant, Laundry Service, Balcony Room, Room Service, AC",4.6,379
Grand Stays Jaisalmer 64,Jaisalmer,4.1,4195,"Modern mid-range hotel in Jaisalmer offering excellent value, well-appointed guest rooms, great dining, and a convenient location close to key city highlights.","Free Parking, WiFi, Restaurant, Free Breakfast, Gym",9.1,145
Saffron Stays Chalet Jaisalmer 65,Jaisalmer,3.5,1539,"Comfortable budget-friendly lodging in Jaisalmer. Offers clean rooms, helpful service, and basic amenities perfect for cost-conscious travelers.","AC, Valet Parking, 24/7 Security, Swimming Pool, Bar, Free Breakfast",2.8,1708
Vista Suites Jaisalmer 66,Jaisalmer,3.4,1532,"Comfortable budget-friendly lodging in Jaisalmer. Offers clean rooms, helpful service, and basic amenities perfect for cost-conscious travelers.","Swimming Pool, Restaurant, Valet Parking, Free Parking",4.4,1068
Taj Palace Jaisalmer 67,Jaisalmer,3.9,3297,"Modern mid-range hotel in Jaisalmer offering excellent value, well-appointed guest rooms, great dining, and a convenient location close to key city highlights.","Swimming Pool, Spa, Valet Parking, WiFi, Restaurant",0.2,669
Radisson Haven Jaisalmer 68,Jaisalmer,3.6,1702,"Comfortable budget-friendly lodging in Jaisalmer. Offers clean rooms, helpful service, and basic amenities perfect for cost-conscious travelers.","Laundry Service, AC, 24/7 Security, Swimming Pool, Room Service, Gym, WiFi",6.7,1657
Ginger Castle Jaisalmer 69,Jaisalmer,3.7,905,"Comfortable budget-friendly lodging in Jaisalmer. Offers clean rooms, helpful service, and basic amenities perfect for cost-conscious travelers.","Swimming Pool, Valet Parking, 24/7 Security, Room Service",4.6,508
Treebo Resort Jaisalmer 70,Jaisalmer,3.2,1222,"Comfortable budget-friendly lodging in Jaisalmer. Offers clean rooms, helpful service, and basic amenities perfect for cost-conscious travelers.","Swimming Pool, Bar, Balcony Room, Valet Parking, Restaurant, Gym, AC, Room Service",5.1,359
Grand Lodge Panaji 1,Panaji,4.3,2060,"Modern mid-range hotel in Panaji offering excellent value, well-appointed guest rooms, great dining, and a convenient location close to key city highlights.","24/7 Security, Room Service, Swimming Pool, Balcony Room, Free Breakfast, Valet Parking, WiFi",5.9,840
Saffron Stays Manor Panaji 2,Panaji,4.3,3311,"Modern mid-range hotel in Panaji offering excellent value, well-appointed guest rooms, great dining, and a convenient location close to key city highlights.","Restaurant, Spa, Bar, Free Breakfast, WiFi, AC, Free Parking",1.4,886
Vista Inn Panaji 3,Panaji,4.6,15756,"Premium luxury accommodation in Panaji. Features world-class dining, customized guest services, elegant architecture, and a highly scenic environment.","Gym, 24/7 Security, Valet Parking, Swimming Pool, Bar",9.0,377
Taj Retreat Panaji 4,Panaji,4.4,8214,"Premium luxury accommodation in Panaji. Features world-class dining, customized guest services, elegant architecture, and a highly scenic environment.","AC, WiFi, 24/7 Security, Spa",1.9,388
Radisson Villas Panaji 5,Panaji,4.9,12073,"Premium luxury accommodation in Panaji. Features world-class dining, customized guest services, elegant architecture, and a highly scenic environment.","Laundry Service, Valet Parking, Bar, WiFi, 24/7 Security, Spa",1.7,1527
Ginger Stays Panaji 6,Panaji,3.2,1392,"Comfortable budget-friendly lodging in Panaji. Offers clean rooms, helpful service, and basic amenities perfect for cost-conscious travelers.","WiFi, AC, 24/7 Security, Free Breakfast, Balcony Room",1.1,164
Treebo Chalet Panaji 7,Panaji,3.5,1959,"Comfortable budget-friendly lodging in Panaji. Offers clean rooms, helpful service, and basic amenities perfect for cost-conscious travelers.","WiFi, Swimming Pool, AC, Valet Parking, Gym",2.0,1525
Capital O Suites Panaji 8,Panaji,4.0,2527,"Modern mid-range hotel in Panaji offering excellent value, well-appointed guest rooms, great dining, and a convenient location close to key city highlights.","Balcony Room, Spa, Restaurant, WiFi, Laundry Service",9.4,485
Ritz Palace Panaji 9,Panaji,4.7,14619,"Premium luxury accommodation in Panaji. Features world-class dining, customized guest services, elegant architecture, and a highly scenic environment.","Spa, Laundry Service, Balcony Room, WiFi, Bar",3.7,1351
Whispering Palms Haven Panaji 10,Panaji,3.1,894,"Comfortable budget-friendly lodging in Panaji. Offers clean rooms, helpful service, and basic amenities perfect for cost-conscious travelers.","Swimming Pool, 24/7 Security, Gym, Restaurant",5.1,438
Paradise Castle Panaji 11,Panaji,3.4,1006,"Comfortable budget-friendly lodging in Panaji. Offers clean rooms, helpful service, and basic amenities perfect for cost-conscious travelers.","Gym, Laundry Service, Spa, Bar, Valet Parking",5.0,1966
Silver Sands Resort Panaji 12,Panaji,4.9,8517,"Premium luxury accommodation in Panaji. Features world-class dining, customized guest services, elegant architecture, and a highly scenic environment.","Gym, Valet Parking, Free Parking, Restaurant, Bar",7.9,853
Alpine Lodge Hotel Panaji 13,Panaji,4.4,10460,"Premium luxury accommodation in Panaji. Features world-class dining, customized guest services, elegant architecture, and a highly scenic environment.","Gym, Restaurant, Spa, Room Service, AC",2.9,1656
Mayfair Lodge Panaji 14,Panaji,3.6,1706,"Comfortable budget-friendly lodging in Panaji. Offers clean rooms, helpful service, and basic amenities perfect for cost-conscious travelers.","24/7 Security, WiFi, Spa, Restaurant, Free Parking, Room Service, AC",4.1,558
Grand Manor Panaji 15,Panaji,3.3,911,"Comfortable budget-friendly lodging in Panaji. Offers clean rooms, helpful service, and basic amenities perfect for cost-conscious travelers.","Bar, Gym, AC, Free Breakfast, Laundry Service, 24/7 Security, Restaurant, Balcony Room",5.5,1314
Saffron Stays Inn Panaji 16,Panaji,4.3,2726,"Modern mid-range hotel in Panaji offering excellent value, well-appointed guest rooms, great dining, and a convenient location close to key city highlights.","Free Breakfast, Gym, Bar, AC, Swimming Pool, Valet Parking, Spa, 24/7 Security",9.3,837
Vista Retreat Panaji 17,Panaji,3.7,1480,"Comfortable budget-friendly lodging in Panaji. Offers clean rooms, helpful service, and basic amenities perfect for cost-conscious travelers.","Balcony Room, Swimming Pool, Restaurant, Free Breakfast, AC, Spa, Bar, Free Parking",2.4,1319
Taj Villas Panaji 18,Panaji,4.0,4537,"Modern mid-range hotel in Panaji offering excellent value, well-appointed guest rooms, great dining, and a convenient location close to key city highlights.","AC, Restaurant, Swimming Pool, 24/7 Security, Free Breakfast, Bar, Gym",2.4,1748
Radisson Stays Panaji 19,Panaji,4.2,3519,"Modern mid-range hotel in Panaji offering excellent value, well-appointed guest rooms, great dining, and a convenient location close to key city highlights.","Restaurant, Free Breakfast, Balcony Room, AC, Laundry Service",6.9,1375
Ginger Chalet Panaji 20,Panaji,3.5,1226,"Comfortable budget-friendly lodging in Panaji. Offers clean rooms, helpful service, and basic amenities perfect for cost-conscious travelers.","Free Parking, Valet Parking, 24/7 Security, AC, Spa, Room Service, Bar, Free Breakfast",2.4,603
Treebo Suites Panaji 21,Panaji,3.4,1595,"Comfortable budget-friendly lodging in Panaji. Offers clean rooms, helpful service, and basic amenities perfect for cost-conscious travelers.","Free Parking, Spa, Restaurant, Swimming Pool, Bar, Free Breakfast, Laundry Service",1.6,947
Capital O Palace Panaji 22,Panaji,4.7,16433,"Premium luxury accommodation in Panaji. Features world-class dining, customized guest services, elegant architecture, and a highly scenic environment.","Gym, Valet Parking, Laundry Service, Room Service, Balcony Room, Bar, Restaurant",2.1,1360
Ritz Haven Panaji 23,Panaji,3.6,1923,"Comfortable budget-friendly lodging in Panaji. Offers clean rooms, helpful service, and basic amenities perfect for cost-conscious travelers.","Room Service, Valet Parking, AC, Gym, Free Parking, WiFi",4.0,217
Whispering Palms Castle Panaji 24,Panaji,3.8,4205,"Modern mid-range hotel in Panaji offering excellent value, well-appointed guest rooms, great dining, and a convenient location close to key city highlights.","Restaurant, Free Parking, Free Breakfast, 24/7 Security, Gym",5.9,1550
Paradise Resort Panaji 25,Panaji,4.8,13951,"Premium luxury accommodation in Panaji. Features world-class dining, customized guest services, elegant architecture, and a highly scenic environment.","AC, Swimming Pool, Bar, Gym",6.4,1034
Silver Sands Hotel Panaji 26,Panaji,3.2,1606,"Comfortable budget-friendly lodging in Panaji. Offers clean rooms, helpful service, and basic amenities perfect for cost-conscious travelers.","Laundry Service, Gym, Valet Parking, Free Breakfast, Swimming Pool, WiFi, 24/7 Security, Room Service",4.8,436
Alpine Lodge Lodge Panaji 27,Panaji,3.9,3554,"Modern mid-range hotel in Panaji offering excellent value, well-appointed guest rooms, great dining, and a convenient location close to key city highlights.","Free Breakfast, Valet Parking, Spa, WiFi",9.0,570
Mayfair Manor Panaji 28,Panaji,4.1,3735,"Modern mid-range hotel in Panaji offering excellent value, well-appointed guest rooms, great dining, and a convenient location close to key city highlights.","Room Service, Valet Parking, WiFi, Balcony Room, Spa, AC, Restaurant",5.5,251
Grand Inn Panaji 29,Panaji,3.3,1050,"Comfortable budget-friendly lodging in Panaji. Offers clean rooms, helpful service, and basic amenities perfect for cost-conscious travelers.","AC, 24/7 Security, Gym, Free Parking, Restaurant, Free Breakfast",3.8,672
Saffron Stays Retreat Panaji 30,Panaji,4.3,2590,"Modern mid-range hotel in Panaji offering excellent value, well-appointed guest rooms, great dining, and a convenient location close to key city highlights.","Balcony Room, Laundry Service, Spa, AC, Restaurant, Bar, 24/7 Security, Swimming Pool",8.7,401
Vista Villas Panaji 31,Panaji,4.2,3884,"Modern mid-range hotel in Panaji offering excellent value, well-appointed guest rooms, great dining, and a convenient location close to key city highlights.","Valet Parking, Free Parking, 24/7 Security, Laundry Service, Restaurant",0.2,819
Taj Stays Panaji 32,Panaji,4.6,9296,"Premium luxury accommodation in Panaji. Features world-class dining, customized guest services, elegant architecture, and a highly scenic environment.","Balcony Room, Laundry Service, Swimming Pool, 24/7 Security, Valet Parking, Spa, AC, Bar",8.7,1481
Radisson Chalet Panaji 33,Panaji,3.6,1742,"Comfortable budget-friendly lodging in Panaji. Offers clean rooms, helpful service, and basic amenities perfect for cost-conscious travelers.","Free Parking, AC, Free Breakfast, Laundry Service",0.3,1406
Ginger Suites Panaji 34,Panaji,4.8,8673,"Premium luxury accommodation in Panaji. Features world-class dining, customized guest services, elegant architecture, and a highly scenic environment.","Bar, Gym, Free Parking, Swimming Pool, WiFi",1.1,807
Treebo Palace Panaji 35,Panaji,3.2,1516,"Comfortable budget-friendly lodging in Panaji. Offers clean rooms, helpful service, and basic amenities perfect for cost-conscious travelers.","WiFi, Swimming Pool, AC, Gym, Free Parking, Restaurant, Balcony Room, Valet Parking",7.2,408
Capital O Haven Panaji 36,Panaji,3.5,1357,"Comfortable budget-friendly lodging in Panaji. Offers clean rooms, helpful service, and basic amenities perfect for cost-conscious travelers.","Gym, Free Breakfast, Laundry Service, AC, 24/7 Security, Balcony Room",9.1,570
Ritz Castle Panaji 37,Panaji,4.1,2411,"Modern mid-range hotel in Panaji offering excellent value, well-appointed guest rooms, great dining, and a convenient location close to key city highlights.","WiFi, Free Parking, Room Service, Restaurant, Swimming Pool, Balcony Room",9.1,1781
Whispering Palms Resort Panaji 38,Panaji,3.9,4459,"Modern mid-range hotel in Panaji offering excellent value, well-appointed guest rooms, great dining, and a convenient location close to key city highlights.","WiFi, Swimming Pool, Restaurant, Room Service, 24/7 Security",1.1,31
Paradise Hotel Panaji 39,Panaji,5.0,14475,"Premium luxury accommodation in Panaji. Features world-class dining, customized guest services, elegant architecture, and a highly scenic environment.","Laundry Service, Balcony Room, Swimming Pool, WiFi, 24/7 Security, Restaurant, Spa, Free Parking",1.5,1160
Silver Sands Lodge Panaji 40,Panaji,4.7,11835,"Premium luxury accommodation in Panaji. Features world-class dining, customized guest services, elegant architecture, and a highly scenic environment.","Swimming Pool, AC, Room Service, WiFi, Balcony Room, Laundry Service, Gym",2.8,259
Alpine Lodge Manor Panaji 41,Panaji,4.9,17610,"Premium luxury accommodation in Panaji. Features world-class dining, customized guest services, elegant architecture, and a highly scenic environment.","Restaurant, Room Service, Valet Parking, Bar, Balcony Room",5.3,1828
Mayfair Inn Panaji 42,Panaji,3.3,922,"Comfortable budget-friendly lodging in Panaji. Offers clean rooms, helpful service, and basic amenities perfect for cost-conscious travelers.","Bar, Gym, Swimming Pool, AC, WiFi",6.6,1168
Grand Retreat Panaji 43,Panaji,5.0,6575,"Premium luxury accommodation in Panaji. Features world-class dining, customized guest services, elegant architecture, and a highly scenic environment.","Balcony Room, Free Parking, Swimming Pool, Gym, Room Service, AC, WiFi",0.9,1622
Saffron Stays Villas Panaji 44,Panaji,4.0,4874,"Modern mid-range hotel in Panaji offering excellent value, well-appointed guest rooms, great dining, and a convenient location close to key city highlights.","24/7 Security, Free Breakfast, Swimming Pool, Gym",8.3,1612
Vista Stays Panaji 45,Panaji,4.4,14551,"Premium luxury accommodation in Panaji. Features world-class dining, customized guest services, elegant architecture, and a highly scenic environment.","Balcony Room, WiFi, Spa, Restaurant, Free Breakfast, 24/7 Security",1.6,1920
Taj Chalet Panaji 46,Panaji,4.0,4683,"Modern mid-range hotel in Panaji offering excellent value, well-appointed guest rooms, great dining, and a convenient location close to key city highlights.","Restaurant, Swimming Pool, 24/7 Security, Spa",8.0,950
Radisson Suites Panaji 47,Panaji,4.7,9900,"Premium luxury accommodation in Panaji. Features world-class dining, customized guest services, elegant architecture, and a highly scenic environment.","Spa, Free Breakfast, Valet Parking, Swimming Pool, Free Parking, Gym",9.2,985
Ginger Palace Panaji 48,Panaji,4.7,11037,"Premium luxury accommodation in Panaji. Features world-class dining, customized guest services, elegant architecture, and a highly scenic environment.","AC, Restaurant, Balcony Room, Gym, Free Parking, Swimming Pool, Laundry Service",5.3,1984
Treebo Haven Panaji 49,Panaji,3.2,1822,"Comfortable budget-friendly lodging in Panaji. Offers clean rooms, helpful service, and basic amenities perfect for cost-conscious travelers.","Free Parking, Swimming Pool, Laundry Service, AC, 24/7 Security, Restaurant",1.7,1323
Capital O Castle Panaji 50,Panaji,3.3,1513,"Comfortable budget-friendly lodging in Panaji. Offers clean rooms, helpful service, and basic amenities perfect for cost-conscious travelers.","WiFi, Swimming Pool, Valet Parking, Gym, 24/7 Security, Bar",2.1,115
Ritz Resort Panaji 51,Panaji,3.8,4717,"Modern mid-range hotel in Panaji offering excellent value, well-appointed guest rooms, great dining, and a convenient location close to key city highlights.","Laundry Service, Spa, AC, Swimming Pool, Valet Parking, Room Service, Restaurant",7.8,700
Whispering Palms Hotel Panaji 52,Panaji,3.3,1461,"Comfortable budget-friendly lodging in Panaji. Offers clean rooms, helpful service, and basic amenities perfect for cost-conscious travelers.","24/7 Security, Laundry Service, Free Breakfast, Restaurant, Swimming Pool",0.1,1306
Paradise Lodge Panaji 53,Panaji,3.7,1796,"Comfortable budget-friendly lodging in Panaji. Offers clean rooms, helpful service, and basic amenities perfect for cost-conscious travelers.","Valet Parking, Free Breakfast, Free Parking, Room Service",5.7,1266
Silver Sands Manor Panaji 54,Panaji,3.6,1876,"Comfortable budget-friendly lodging in Panaji. Offers clean rooms, helpful service, and basic amenities perfect for cost-conscious travelers.","AC, Balcony Room, Free Parking, Restaurant, Room Service, Gym",9.3,72
Alpine Lodge Inn Panaji 55,Panaji,3.7,1497,"Comfortable budget-friendly lodging in Panaji. Offers clean rooms, helpful service, and basic amenities perfect for cost-conscious travelers.","Free Breakfast, Bar, Laundry Service, AC, Gym, 24/7 Security, Room Service",7.4,616
Mayfair Retreat Panaji 56,Panaji,4.8,8018,"Premium luxury accommodation in Panaji. Features world-class dining, customized guest services, elegant architecture, and a highly scenic environment.","Laundry Service, Valet Parking, Swimming Pool, Free Breakfast, Spa, AC, Room Service",1.4,1348
Grand Villas Panaji 57,Panaji,3.7,1551,"Comfortable budget-friendly lodging in Panaji. Offers clean rooms, helpful service, and basic amenities perfect for cost-conscious travelers.","Restaurant, AC, WiFi, Free Breakfast",0.3,97
Saffron Stays Stays Panaji 58,Panaji,3.2,1362,"Comfortable budget-friendly lodging in Panaji. Offers clean rooms, helpful service, and basic amenities perfect for cost-conscious travelers.","Balcony Room, Gym, WiFi, AC",4.9,1967
Vista Chalet Panaji 59,Panaji,4.9,7949,"Premium luxury accommodation in Panaji. Features world-class dining, customized guest services, elegant architecture, and a highly scenic environment.","WiFi, 24/7 Security, Valet Parking, Room Service, Free Breakfast, Swimming Pool",8.3,17
Taj Suites Panaji 60,Panaji,4.9,11747,"Premium luxury accommodation in Panaji. Features world-class dining, customized guest services, elegant architecture, and a highly scenic environment.","Room Service, Free Parking, WiFi, Laundry Service, Restaurant, Swimming Pool, Free Breakfast",1.4,298
Radisson Palace Panaji 61,Panaji,3.0,1634,"Comfortable budget-friendly lodging in Panaji. Offers clean rooms, helpful service, and basic amenities perfect for cost-conscious travelers.","Gym, Room Service, Valet Parking, Swimming Pool, Laundry Service",3.4,1633
Ginger Haven Panaji 62,Panaji,4.3,2573,"Modern mid-range hotel in Panaji offering excellent value, well-appointed guest rooms, great dining, and a convenient location close to key city highlights.","Spa, Room Service, Balcony Room, Valet Parking, Laundry Service",5.3,591
Treebo Castle Panaji 63,Panaji,3.0,1368,"Comfortable budget-friendly lodging in Panaji. Offers clean rooms, helpful service, and basic amenities perfect for cost-conscious travelers.","Bar, Spa, Room Service, Gym, Balcony Room, Restaurant, WiFi",0.1,198
Capital O Resort Panaji 64,Panaji,3.1,1935,"Comfortable budget-friendly lodging in Panaji. Offers clean rooms, helpful service, and basic amenities perfect for cost-conscious travelers.","Free Breakfast, Free Parking, Swimming Pool, Gym, Bar, Valet Parking",6.7,1926
Ritz Hotel Panaji 65,Panaji,3.5,860,"Comfortable budget-friendly lodging in Panaji. Offers clean rooms, helpful service, and basic amenities perfect for cost-conscious travelers.","Gym, Bar, Free Breakfast, Spa, Laundry Service, Room Service",5.7,1901
Whispering Palms Lodge Panaji 66,Panaji,4.7,17968,"Premium luxury accommodation in Panaji. Features world-class dining, customized guest services, elegant architecture, and a highly scenic environment.","Restaurant, Swimming Pool, Laundry Service, Valet Parking, Bar, Free Breakfast, WiFi",5.7,961
Paradise Manor Panaji 67,Panaji,4.0,2119,"Modern mid-range hotel in Panaji offering excellent value, well-appointed guest rooms, great dining, and a convenient location close to key city highlights.","Room Service, WiFi, Swimming Pool, 24/7 Security, Restaurant",1.1,599
Silver Sands Inn Panaji 68,Panaji,4.8,16670,"Premium luxury accommodation in Panaji. Features world-class dining, customized guest services, elegant architecture, and a highly scenic environment.","Gym, Restaurant, Swimming Pool, Free Parking, Bar, Spa",7.5,1055
Alpine Lodge Retreat Panaji 69,Panaji,4.5,6566,"Premium luxury accommodation in Panaji. Features world-class dining, customized guest services, elegant architecture, and a highly scenic environment.","Restaurant, Free Breakfast, Room Service, AC, 24/7 Security, Balcony Room",7.0,1297
Mayfair Villas Panaji 70,Panaji,3.3,874,"Comfortable budget-friendly lodging in Panaji. Offers clean rooms, helpful service, and basic amenities perfect for cost-conscious travelers.","Swimming Pool, Laundry Service, Room Service, 24/7 Security, Valet Parking",8.8,467
Capital O Chalet Calangute 1,Calangute,3.0,1254,"Comfortable budget-friendly lodging in Calangute. Offers clean rooms, helpful service, and basic amenities perfect for cost-conscious travelers.","Free Breakfast, Room Service, Laundry Service, WiFi, Gym, Balcony Room",5.3,1593
Ritz Suites Calangute 2,Calangute,3.2,1098,"Comfortable budget-friendly lodging in Calangute. Offers clean rooms, helpful service, and basic amenities perfect for cost-conscious travelers.","Gym, Laundry Service, Free Parking, Free Breakfast",2.5,1889
Whispering Palms Palace Calangute 3,Calangute,4.8,16804,"Premium luxury accommodation in Calangute. Features world-class dining, customized guest services, elegant architecture, and a highly scenic environment.","Free Parking, Balcony Room, WiFi, Bar, Laundry Service, Room Service, 24/7 Security",9.1,1883
Paradise Haven Calangute 4,Calangute,4.0,3524,"Modern mid-range hotel in Calangute offering excellent value, well-appointed guest rooms, great dining, and a convenient location close to key city highlights.","Free Parking, Restaurant, Valet Parking, WiFi, Room Service, 24/7 Security, Spa, Balcony Room",8.5,11
Silver Sands Castle Calangute 5,Calangute,4.7,14875,"Premium luxury accommodation in Calangute. Features world-class dining, customized guest services, elegant architecture, and a highly scenic environment.","Free Parking, Laundry Service, WiFi, Restaurant, Bar, Spa, AC",0.2,146
Alpine Lodge Resort Calangute 6,Calangute,4.5,11365,"Premium luxury accommodation in Calangute. Features world-class dining, customized guest services, elegant architecture, and a highly scenic environment.","AC, Free Breakfast, Gym, Valet Parking, 24/7 Security, Restaurant",3.6,1840
Mayfair Hotel Calangute 7,Calangute,3.1,1617,"Comfortable budget-friendly lodging in Calangute. Offers clean rooms, helpful service, and basic amenities perfect for cost-conscious travelers.","Spa, Free Breakfast, AC, Swimming Pool, Gym, Valet Parking",6.3,151
Grand Lodge Calangute 8,Calangute,3.6,1930,"Comfortable budget-friendly lodging in Calangute. Offers clean rooms, helpful service, and basic amenities perfect for cost-conscious travelers.","Spa, Bar, Gym, Laundry Service",0.3,584
Saffron Stays Manor Calangute 9,Calangute,3.4,1616,"Comfortable budget-friendly lodging in Calangute. Offers clean rooms, helpful service, and basic amenities perfect for cost-conscious travelers.","Free Parking, Spa, Laundry Service, Balcony Room, AC, Restaurant, Room Service, 24/7 Security",4.4,1724
Vista Inn Calangute 10,Calangute,4.0,2738,"Modern mid-range hotel in Calangute offering excellent value, well-appointed guest rooms, great dining, and a convenient location close to key city highlights.","24/7 Security, Balcony Room, WiFi, Room Service, Restaurant, Spa",2.4,298
Taj Retreat Calangute 11,Calangute,4.8,7852,"Premium luxury accommodation in Calangute. Features world-class dining, customized guest services, elegant architecture, and a highly scenic environment.","Restaurant, Room Service, WiFi, Valet Parking, Balcony Room",0.9,1462
Radisson Villas Calangute 12,Calangute,3.3,1026,"Comfortable budget-friendly lodging in Calangute. Offers clean rooms, helpful service, and basic amenities perfect for cost-conscious travelers.","Bar, Gym, AC, Free Parking, Swimming Pool, Balcony Room",5.1,655
Ginger Stays Calangute 13,Calangute,3.9,4395,"Modern mid-range hotel in Calangute offering excellent value, well-appointed guest rooms, great dining, and a convenient location close to key city highlights.","AC, Spa, Free Breakfast, Free Parking",7.7,40
Treebo Chalet Calangute 14,Calangute,3.3,1136,"Comfortable budget-friendly lodging in Calangute. Offers clean rooms, helpful service, and basic amenities perfect for cost-conscious travelers.","Free Breakfast, WiFi, Gym, Valet Parking, Laundry Service, Spa",5.9,702
Capital O Suites Calangute 15,Calangute,4.4,9769,"Premium luxury accommodation in Calangute. Features world-class dining, customized guest services, elegant architecture, and a highly scenic environment.","Spa, Gym, Swimming Pool, Bar, Room Service, Balcony Room",5.0,473
Ritz Palace Calangute 16,Calangute,3.1,841,"Comfortable budget-friendly lodging in Calangute. Offers clean rooms, helpful service, and basic amenities perfect for cost-conscious travelers.","Free Parking, AC, 24/7 Security, Spa, Balcony Room",5.7,916
Whispering Palms Haven Calangute 17,Calangute,3.3,1794,"Comfortable budget-friendly lodging in Calangute. Offers clean rooms, helpful service, and basic amenities perfect for cost-conscious travelers.","Spa, Free Parking, Balcony Room, Valet Parking, WiFi, Restaurant",0.9,960
Paradise Castle Calangute 18,Calangute,4.1,2724,"Modern mid-range hotel in Calangute offering excellent value, well-appointed guest rooms, great dining, and a convenient location close to key city highlights.","Bar, Laundry Service, Gym, Free Parking",1.8,841
Silver Sands Resort Calangute 19,Calangute,3.8,2859,"Modern mid-range hotel in Calangute offering excellent value, well-appointed guest rooms, great dining, and a convenient location close to key city highlights.","Balcony Room, WiFi, AC, Gym, Spa, Bar, 24/7 Security",9.2,258
Alpine Lodge Hotel Calangute 20,Calangute,4.7,14607,"Premium luxury accommodation in Calangute. Features world-class dining, customized guest services, elegant architecture, and a highly scenic environment.","Room Service, WiFi, Restaurant, Balcony Room, Bar",0.2,319
Mayfair Lodge Calangute 21,Calangute,3.1,995,"Comfortable budget-friendly lodging in Calangute. Offers clean rooms, helpful service, and basic amenities perfect for cost-conscious travelers.","WiFi, Swimming Pool, Free Parking, Gym, Laundry Service, Valet Parking, Bar, Restaurant",2.2,1247
Grand Manor Calangute 22,Calangute,4.0,4472,"Modern mid-range hotel in Calangute offering excellent value, well-appointed guest rooms, great dining, and a convenient location close to key city highlights.","WiFi, Balcony Room, Laundry Service, 24/7 Security",1.8,1201
Saffron Stays Inn Calangute 23,Calangute,4.3,3762,"Modern mid-range hotel in Calangute offering excellent value, well-appointed guest rooms, great dining, and a convenient location close to key city highlights.","AC, Spa, 24/7 Security, Bar",3.6,1480
Vista Retreat Calangute 24,Calangute,4.4,16469,"Premium luxury accommodation in Calangute. Features world-class dining, customized guest services, elegant architecture, and a highly scenic environment.","Swimming Pool, Room Service, Valet Parking, Bar, Laundry Service, Restaurant, WiFi",6.9,1196
Taj Villas Calangute 25,Calangute,5.0,7336,"Premium luxury accommodation in Calangute. Features world-class dining, customized guest services, elegant architecture, and a highly scenic environment.","WiFi, Restaurant, Bar, Gym, Spa",7.1,179
Radisson Stays Calangute 26,Calangute,4.9,15664,"Premium luxury accommodation in Calangute. Features world-class dining, customized guest services, elegant architecture, and a highly scenic environment.","Free Breakfast, 24/7 Security, Room Service, Swimming Pool, Restaurant, Bar, AC",2.8,1513
Ginger Chalet Calangute 27,Calangute,3.6,1301,"Comfortable budget-friendly lodging in Calangute. Offers clean rooms, helpful service, and basic amenities perfect for cost-conscious travelers.","WiFi, 24/7 Security, Valet Parking, Swimming Pool, Free Parking, Restaurant, Bar",1.9,1268
Treebo Suites Calangute 28,Calangute,4.4,6710,"Premium luxury accommodation in Calangute. Features world-class dining, customized guest services, elegant architecture, and a highly scenic environment.","Laundry Service, Free Breakfast, 24/7 Security, AC",9.2,1467
Capital O Palace Calangute 29,Calangute,3.9,2239,"Modern mid-range hotel in Calangute offering excellent value, well-appointed guest rooms, great dining, and a convenient location close to key city highlights.","Spa, Laundry Service, Free Breakfast, 24/7 Security, AC, Swimming Pool",1.3,1615
Ritz Haven Calangute 30,Calangute,4.2,4268,"Modern mid-range hotel in Calangute offering excellent value, well-appointed guest rooms, great dining, and a convenient location close to key city highlights.","Balcony Room, Valet Parking, Laundry Service, Bar",4.6,122
Whispering Palms Castle Calangute 31,Calangute,3.8,2303,"Modern mid-range hotel in Calangute offering excellent value, well-appointed guest rooms, great dining, and a convenient location close to key city highlights.","WiFi, Spa, 24/7 Security, Gym, Swimming Pool, Free Parking, AC, Laundry Service",6.0,1402
Paradise Resort Calangute 32,Calangute,4.9,5393,"Premium luxury accommodation in Calangute. Features world-class dining, customized guest services, elegant architecture, and a highly scenic environment.","Laundry Service, Free Breakfast, Balcony Room, AC, Gym, Bar, Free Parking",1.4,416
Silver Sands Hotel Calangute 33,Calangute,4.4,7016,"Premium luxury accommodation in Calangute. Features world-class dining, customized guest services, elegant architecture, and a highly scenic environment.","Bar, Free Parking, Spa, Swimming Pool, Valet Parking, AC, Restaurant, Balcony Room",4.9,858
Alpine Lodge Lodge Calangute 34,Calangute,3.4,1819,"Comfortable budget-friendly lodging in Calangute. Offers clean rooms, helpful service, and basic amenities perfect for cost-conscious travelers.","Swimming Pool, Restaurant, Spa, Free Parking",3.0,54
Mayfair Manor Calangute 35,Calangute,3.1,1301,"Comfortable budget-friendly lodging in Calangute. Offers clean rooms, helpful service, and basic amenities perfect for cost-conscious travelers.","Balcony Room, Bar, Gym, Free Parking, Room Service, Spa, Valet Parking",6.7,159
Grand Inn Calangute 36,Calangute,3.4,1331,"Comfortable budget-friendly lodging in Calangute. Offers clean rooms, helpful service, and basic amenities perfect for cost-conscious travelers.","Bar, Free Parking, Laundry Service, Valet Parking, Room Service, AC, 24/7 Security",5.9,269
Saffron Stays Retreat Calangute 37,Calangute,4.9,17369,"Premium luxury accommodation in Calangute. Features world-class dining, customized guest services, elegant architecture, and a highly scenic environment.","Valet Parking, Restaurant, Swimming Pool, Free Breakfast, Room Service, Gym, Laundry Service, Free Parking",3.3,156
Vista Villas Calangute 38,Calangute,4.8,10584,"Premium luxury accommodation in Calangute. Features world-class dining, customized guest services, elegant architecture, and a highly scenic environment.","Room Service, Spa, WiFi, Swimming Pool, Laundry Service",7.4,1376
Taj Stays Calangute 39,Calangute,4.7,11354,"Premium luxury accommodation in Calangute. Features world-class dining, customized guest services, elegant architecture, and a highly scenic environment.","Spa, Valet Parking, AC, 24/7 Security, Restaurant, Balcony Room",4.2,1783
Radisson Chalet Calangute 40,Calangute,4.6,8609,"Premium luxury accommodation in Calangute. Features world-class dining, customized guest services, elegant architecture, and a highly scenic environment.","Swimming Pool, 24/7 Security, Spa, Free Breakfast, Valet Parking, Restaurant",3.1,717
Ginger Suites Calangute 41,Calangute,3.4,1309,"Comfortable budget-friendly lodging in Calangute. Offers clean rooms, helpful service, and basic amenities perfect for cost-conscious travelers.","Balcony Room, Bar, Laundry Service, AC, 24/7 Security, Valet Parking, Free Breakfast",9.3,542
Treebo Palace Calangute 42,Calangute,4.1,4094,"Modern mid-range hotel in Calangute offering excellent value, well-appointed guest rooms, great dining, and a convenient location close to key city highlights.","Free Parking, AC, Spa, Valet Parking, Restaurant, Balcony Room",6.8,1710
Capital O Haven Calangute 43,Calangute,3.2,1428,"Comfortable budget-friendly lodging in Calangute. Offers clean rooms, helpful service, and basic amenities perfect for cost-conscious travelers.","Laundry Service, Spa, Bar, WiFi, AC, 24/7 Security, Free Parking",3.2,1103
Ritz Castle Calangute 44,Calangute,4.9,6799,"Premium luxury accommodation in Calangute. Features world-class dining, customized guest services, elegant architecture, and a highly scenic environment.","Balcony Room, Laundry Service, WiFi, AC, Spa",7.2,1803
Whispering Palms Resort Calangute 45,Calangute,3.8,4016,"Modern mid-range hotel in Calangute offering excellent value, well-appointed guest rooms, great dining, and a convenient location close to key city highlights.","Free Parking, Gym, Valet Parking, Bar, WiFi",5.9,1206
Paradise Hotel Calangute 46,Calangute,4.6,9217,"Premium luxury accommodation in Calangute. Features world-class dining, customized guest services, elegant architecture, and a highly scenic environment.","Balcony Room, Spa, Swimming Pool, 24/7 Security, Free Parking, Valet Parking",2.9,1789
Silver Sands Lodge Calangute 47,Calangute,4.6,11082,"Premium luxury accommodation in Calangute. Features world-class dining, customized guest services, elegant architecture, and a highly scenic environment.","Spa, Balcony Room, Gym, Restaurant",8.5,955
Alpine Lodge Manor Calangute 48,Calangute,4.1,4824,"Modern mid-range hotel in Calangute offering excellent value, well-appointed guest rooms, great dining, and a convenient location close to key city highlights.","Restaurant, Bar, Free Breakfast, Free Parking",4.5,1806
Mayfair Inn Calangute 49,Calangute,3.3,1038,"Comfortable budget-friendly lodging in Calangute. Offers clean rooms, helpful service, and basic amenities perfect for cost-conscious travelers.","Restaurant, Valet Parking, Laundry Service, WiFi, Free Breakfast, 24/7 Security, Gym, Swimming Pool",6.2,1094
Grand Retreat Calangute 50,Calangute,3.3,1399,"Comfortable budget-friendly lodging in Calangute. Offers clean rooms, helpful service, and basic amenities perfect for cost-conscious travelers.","Room Service, Laundry Service, Spa, Gym, 24/7 Security, Free Breakfast, Valet Parking",6.6,1907
Saffron Stays Villas Calangute 51,Calangute,4.1,4880,"Modern mid-range hotel in Calangute offering excellent value, well-appointed guest rooms, great dining, and a convenient location close to key city highlights.","Bar, Swimming Pool, Valet Parking, AC, Free Breakfast, Laundry Service",7.3,921
Vista Stays Calangute 52,Calangute,3.0,1203,"Comfortable budget-friendly lodging in Calangute. Offers clean rooms, helpful service, and basic amenities perfect for cost-conscious travelers.","Laundry Service, Gym, Balcony Room, Spa, Room Service, AC, 24/7 Security",0.1,147
Taj Chalet Calangute 53,Calangute,5.0,7482,"Premium luxury accommodation in Calangute. Features world-class dining, customized guest services, elegant architecture, and a highly scenic environment.","Balcony Room, WiFi, Valet Parking, Laundry Service",5.0,1040
Radisson Suites Calangute 54,Calangute,4.8,7072,"Premium luxury accommodation in Calangute. Features world-class dining, customized guest services, elegant architecture, and a highly scenic environment.","Balcony Room, Restaurant, Room Service, Gym, Laundry Service, Free Parking, AC",8.1,1393
Ginger Palace Calangute 55,Calangute,4.2,2093,"Modern mid-range hotel in Calangute offering excellent value, well-appointed guest rooms, great dining, and a convenient location close to key city highlights.","Spa, Valet Parking, Room Service, Free Parking, AC, Free Breakfast, Swimming Pool, Bar",2.0,27
Treebo Haven Calangute 56,Calangute,4.7,15487,"Premium luxury accommodation in Calangute. Features world-class dining, customized guest services, elegant architecture, and a highly scenic environment.","Free Parking, Restaurant, AC, Balcony Room, Spa, WiFi",5.4,768
Capital O Castle Calangute 57,Calangute,4.8,9586,"Premium luxury accommodation in Calangute. Features world-class dining, customized guest services, elegant architecture, and a highly scenic environment.","Valet Parking, WiFi, Swimming Pool, Gym, Spa, Restaurant, Bar, AC",8.3,1869
Ritz Resort Calangute 58,Calangute,4.1,2881,"Modern mid-range hotel in Calangute offering excellent value, well-appointed guest rooms, great dining, and a convenient location close to key city highlights.","WiFi, Laundry Service, Balcony Room, Swimming Pool, 24/7 Security, Bar",2.8,234
Whispering Palms Hotel Calangute 59,Calangute,4.0,4173,"Modern mid-range hotel in Calangute offering excellent value, well-appointed guest rooms, great dining, and a convenient location close to key city highlights.","Room Service, WiFi, Gym, Balcony Room",7.0,1191
Paradise Lodge Calangute 60,Calangute,4.3,4982,"Modern mid-range hotel in Calangute offering excellent value, well-appointed guest rooms, great dining, and a convenient location close to key city highlights.","Restaurant, Balcony Room, Laundry Service, Swimming Pool",0.7,135
Silver Sands Manor Calangute 61,Calangute,3.5,930,"Comfortable budget-friendly lodging in Calangute. Offers clean rooms, helpful service, and basic amenities perfect for cost-conscious travelers.","AC, Balcony Room, Room Service, Bar, Swimming Pool, Gym",7.9,401
Alpine Lodge Inn Calangute 62,Calangute,4.0,4680,"Modern mid-range hotel in Calangute offering excellent value, well-appointed guest rooms, great dining, and a convenient location close to key city highlights.","Restaurant, Room Service, Laundry Service, Gym",4.6,948
Mayfair Retreat Calangute 63,Calangute,3.6,1835,"Comfortable budget-friendly lodging in Calangute. Offers clean rooms, helpful service, and basic amenities perfect for cost-conscious travelers.","Gym, WiFi, Free Parking, Laundry Service",0.2,1898
Grand Villas Calangute 64,Calangute,3.8,3301,"Modern mid-range hotel in Calangute offering excellent value, well-appointed guest rooms, great dining, and a convenient location close to key city highlights.","Restaurant, Free Breakfast, Swimming Pool, 24/7 Security, Laundry Service, Room Service, Balcony Room",0.4,1980
Saffron Stays Stays Calangute 65,Calangute,4.9,5609,"Premium luxury accommodation in Calangute. Features world-class dining, customized guest services, elegant architecture, and a highly scenic environment.","Free Breakfast, 24/7 Security, Laundry Service, Swimming Pool, AC",8.5,1089
Vista Chalet Calangute 66,Calangute,4.4,15581,"Premium luxury accommodation in Calangute. Features world-class dining, customized guest services, elegant architecture, and a highly scenic environment.","Free Breakfast, Valet Parking, Swimming Pool, AC, 24/7 Security",1.1,1066
Taj Suites Calangute 67,Calangute,4.9,11951,"Premium luxury accommodation in Calangute. Features world-class dining, customized guest services, elegant architecture, and a highly scenic environment.","AC, Swimming Pool, 24/7 Security, Free Parking, Laundry Service, Free Breakfast, Balcony Room, Gym",3.4,1517
Radisson Palace Calangute 68,Calangute,4.4,8308,"Premium luxury accommodation in Calangute. Features world-class dining, customized guest services, elegant architecture, and a highly scenic environment.","Spa, AC, Swimming Pool, Free Breakfast, WiFi",6.9,1781
Ginger Haven Calangute 69,Calangute,3.1,1898,"Comfortable budget-friendly lodging in Calangute. Offers clean rooms, helpful service, and basic amenities perfect for cost-conscious travelers.","Bar, Gym, Restaurant, Balcony Room, Room Service",0.7,722
Treebo Castle Calangute 70,Calangute,3.8,3801,"Modern mid-range hotel in Calangute offering excellent value, well-appointed guest rooms, great dining, and a convenient location close to key city highlights.","Room Service, Bar, Gym, 24/7 Security, Valet Parking",9.4,1194
Grand Hotel Margao 1,Margao,4.3,4085,"Modern mid-range hotel in Margao offering excellent value, well-appointed guest rooms, great dining, and a convenient location close to key city highlights.","Restaurant, Spa, AC, Valet Parking, 24/7 Security",1.0,1864
Saffron Stays Lodge Margao 2,Margao,4.6,12896,"Premium luxury accommodation in Margao. Features world-class dining, customized guest services, elegant architecture, and a highly scenic environment.","Room Service, WiFi, Swimming Pool, Laundry Service, Bar, Balcony Room",7.8,1912
Vista Manor Margao 3,Margao,3.9,4244,"Modern mid-range hotel in Margao offering excellent value, well-appointed guest rooms, great dining, and a convenient location close to key city highlights.","Free Parking, Gym, WiFi, 24/7 Security, Valet Parking, Spa, Bar",2.0,1855
Taj Inn Margao 4,Margao,4.7,7928,"Premium luxury accommodation in Margao. Features world-class dining, customized guest services, elegant architecture, and a highly scenic environment.","24/7 Security, AC, Balcony Room, Free Parking, Room Service, Gym, Restaurant",3.1,1316
Radisson Retreat Margao 5,Margao,3.7,925,"Comfortable budget-friendly lodging in Margao. Offers clean rooms, helpful service, and basic amenities perfect for cost-conscious travelers.","Bar, Spa, Room Service, Balcony Room, Restaurant",4.1,1993
Ginger Villas Margao 6,Margao,3.5,1914,"Comfortable budget-friendly lodging in Margao. Offers clean rooms, helpful service, and basic amenities perfect for cost-conscious travelers.","Balcony Room, Gym, WiFi, Room Service, Free Parking, Free Breakfast, Spa",8.4,1735
Treebo Stays Margao 7,Margao,3.0,1735,"Comfortable budget-friendly lodging in Margao. Offers clean rooms, helpful service, and basic amenities perfect for cost-conscious travelers.","Room Service, Valet Parking, Spa, Free Breakfast, Laundry Service",4.5,1893
Capital O Chalet Margao 8,Margao,4.5,17380,"Premium luxury accommodation in Margao. Features world-class dining, customized guest services, elegant architecture, and a highly scenic environment.","Swimming Pool, 24/7 Security, Room Service, Restaurant",1.4,272
Ritz Suites Margao 9,Margao,4.4,12876,"Premium luxury accommodation in Margao. Features world-class dining, customized guest services, elegant architecture, and a highly scenic environment.","AC, Gym, WiFi, Free Parking, Valet Parking, Laundry Service, Free Breakfast, Room Service",1.5,108
Whispering Palms Palace Margao 10,Margao,4.7,16736,"Premium luxury accommodation in Margao. Features world-class dining, customized guest services, elegant architecture, and a highly scenic environment.","Spa, Gym, Restaurant, Laundry Service, Valet Parking, Free Breakfast",2.1,1398
Paradise Haven Margao 11,Margao,4.9,10714,"Premium luxury accommodation in Margao. Features world-class dining, customized guest services, elegant architecture, and a highly scenic environment.","Balcony Room, Valet Parking, Laundry Service, Free Breakfast, 24/7 Security, Swimming Pool, AC",8.9,1398
Silver Sands Castle Margao 12,Margao,4.2,4584,"Modern mid-range hotel in Margao offering excellent value, well-appointed guest rooms, great dining, and a convenient location close to key city highlights.","Swimming Pool, AC, Bar, Free Parking, 24/7 Security, Valet Parking, Laundry Service",3.9,942
Alpine Lodge Resort Margao 13,Margao,3.8,2166,"Modern mid-range hotel in Margao offering excellent value, well-appointed guest rooms, great dining, and a convenient location close to key city highlights.","Free Parking, Valet Parking, Laundry Service, AC, Room Service, Gym, Balcony Room, Spa",7.4,42
Mayfair Hotel Margao 14,Margao,3.0,1550,"Comfortable budget-friendly lodging in Margao. Offers clean rooms, helpful service, and basic amenities perfect for cost-conscious travelers.","Spa, Restaurant, Balcony Room, Laundry Service, AC",6.5,756
Grand Lodge Margao 15,Margao,3.4,1739,"Comfortable budget-friendly lodging in Margao. Offers clean rooms, helpful service, and basic amenities perfect for cost-conscious travelers.","Gym, Valet Parking, Spa, 24/7 Security, Swimming Pool, Free Parking, Restaurant, Room Service",9.4,1450
Saffron Stays Manor Margao 16,Margao,3.0,843,"Comfortable budget-friendly lodging in Margao. Offers clean rooms, helpful service, and basic amenities perfect for cost-conscious travelers.","Valet Parking, Restaurant, Free Breakfast, Laundry Service, Gym, AC",0.6,243
Vista Inn Margao 17,Margao,3.7,1034,"Comfortable budget-friendly lodging in Margao. Offers clean rooms, helpful service, and basic amenities perfect for cost-conscious travelers.","Bar, WiFi, Valet Parking, Swimming Pool",0.5,822
Taj Retreat Margao 18,Margao,4.4,7480,"Premium luxury accommodation in Margao. Features world-class dining, customized guest services, elegant architecture, and a highly scenic environment.","WiFi, Balcony Room, Room Service, 24/7 Security, Spa, AC, Bar",5.4,1479
Radisson Villas Margao 19,Margao,3.4,1335,"Comfortable budget-friendly lodging in Margao. Offers clean rooms, helpful service, and basic amenities perfect for cost-conscious travelers.","Bar, Free Parking, Free Breakfast, Room Service, Gym, 24/7 Security, Balcony Room",2.8,1034
Ginger Stays Margao 20,Margao,4.4,10868,"Premium luxury accommodation in Margao. Features world-class dining, customized guest services, elegant architecture, and a highly scenic environment.","Swimming Pool, Free Parking, Spa, Balcony Room, Restaurant, AC, Free Breakfast",5.5,1685
Treebo Chalet Margao 21,Margao,3.5,1296,"Comfortable budget-friendly lodging in Margao. Offers clean rooms, helpful service, and basic amenities perfect for cost-conscious travelers.","AC, Laundry Service, Balcony Room, Restaurant, Gym, Spa, WiFi, Swimming Pool",1.0,1955
Capital O Suites Margao 22,Margao,4.0,2568,"Modern mid-range hotel in Margao offering excellent value, well-appointed guest rooms, great dining, and a convenient location close to key city highlights.","AC, Bar, Spa, Room Service, Valet Parking, Restaurant, Balcony Room",5.2,550
Ritz Palace Margao 23,Margao,4.7,14703,"Premium luxury accommodation in Margao. Features world-class dining, customized guest services, elegant architecture, and a highly scenic environment.","Valet Parking, Free Breakfast, Laundry Service, Spa, Restaurant",0.1,1670
Whispering Palms Haven Margao 24,Margao,3.1,1089,"Comfortable budget-friendly lodging in Margao. Offers clean rooms, helpful service, and basic amenities perfect for cost-conscious travelers.","Room Service, AC, Laundry Service, WiFi",0.9,1375
Paradise Castle Margao 25,Margao,4.5,17941,"Premium luxury accommodation in Margao. Features world-class dining, customized guest services, elegant architecture, and a highly scenic environment.","Bar, Swimming Pool, Free Parking, WiFi",5.4,702
Silver Sands Resort Margao 26,Margao,3.6,1093,"Comfortable budget-friendly lodging in Margao. Offers clean rooms, helpful service, and basic amenities perfect for cost-conscious travelers.","Swimming Pool, AC, Laundry Service, Gym, WiFi, Valet Parking, Room Service",3.1,871
Alpine Lodge Hotel Margao 27,Margao,4.7,8556,"Premium luxury accommodation in Margao. Features world-class dining, customized guest services, elegant architecture, and a highly scenic environment.","Free Parking, Valet Parking, Gym, WiFi, Swimming Pool, Laundry Service, Room Service",6.9,1216
Mayfair Lodge Margao 28,Margao,3.1,1280,"Comfortable budget-friendly lodging in Margao. Offers clean rooms, helpful service, and basic amenities perfect for cost-conscious travelers.","Room Service, Free Breakfast, Balcony Room, Swimming Pool",6.9,1667
Grand Manor Margao 29,Margao,4.9,13711,"Premium luxury accommodation in Margao. Features world-class dining, customized guest services, elegant architecture, and a highly scenic environment.","Spa, Room Service, Laundry Service, Gym",3.3,1959
Saffron Stays Inn Margao 30,Margao,3.6,1486,"Comfortable budget-friendly lodging in Margao. Offers clean rooms, helpful service, and basic amenities perfect for cost-conscious travelers.","Free Parking, 24/7 Security, Spa, Balcony Room, WiFi, Gym, Laundry Service, Valet Parking",6.7,1307
Vista Retreat Margao 31,Margao,3.9,3739,"Modern mid-range hotel in Margao offering excellent value, well-appointed guest rooms, great dining, and a convenient location close to key city highlights.","Gym, 24/7 Security, AC, Valet Parking",1.7,1886
Taj Villas Margao 32,Margao,4.3,4096,"Modern mid-range hotel in Margao offering excellent value, well-appointed guest rooms, great dining, and a convenient location close to key city highlights.","Spa, Balcony Room, Laundry Service, Valet Parking",4.1,146
Radisson Stays Margao 33,Margao,3.7,1971,"Comfortable budget-friendly lodging in Margao. Offers clean rooms, helpful service, and basic amenities perfect for cost-conscious travelers.","24/7 Security, Free Breakfast, Valet Parking, Restaurant, Balcony Room, WiFi",8.3,1876
Ginger Chalet Margao 34,Margao,4.4,6206,"Premium luxury accommodation in Margao. Features world-class dining, customized guest services, elegant architecture, and a highly scenic environment.","WiFi, Bar, Laundry Service, Room Service",9.0,1391
Treebo Suites Margao 35,Margao,4.6,9006,"Premium luxury accommodation in Margao. Features world-class dining, customized guest services, elegant architecture, and a highly scenic environment.","Balcony Room, Free Parking, AC, Free Breakfast",8.8,1248
Capital O Palace Margao 36,Margao,3.9,4063,"Modern mid-range hotel in Margao offering excellent value, well-appointed guest rooms, great dining, and a convenient location close to key city highlights.","Spa, Swimming Pool, Room Service, Free Parking, 24/7 Security, Restaurant",1.4,874
Ritz Haven Margao 37,Margao,4.2,3943,"Modern mid-range hotel in Margao offering excellent value, well-appointed guest rooms, great dining, and a convenient location close to key city highlights.","Valet Parking, Bar, Laundry Service, WiFi, Swimming Pool, AC, Free Breakfast",4.1,1423
Whispering Palms Castle Margao 38,Margao,4.7,13340,"Premium luxury accommodation in Margao. Features world-class dining, customized guest services, elegant architecture, and a highly scenic environment.","Free Breakfast, AC, Spa, Laundry Service, Room Service, Free Parking, Gym",3.9,493
Paradise Resort Margao 39,Margao,3.9,4154,"Modern mid-range hotel in Margao offering excellent value, well-appointed guest rooms, great dining, and a convenient location close to key city highlights.","WiFi, Swimming Pool, Valet Parking, Laundry Service, AC, Spa",4.4,832
Silver Sands Hotel Margao 40,Margao,3.3,1125,"Comfortable budget-friendly lodging in Margao. Offers clean rooms, helpful service, and basic amenities perfect for cost-conscious travelers.","AC, Balcony Room, 24/7 Security, Free Breakfast, Room Service",7.9,1064
Alpine Lodge Lodge Margao 41,Margao,3.0,1198,"Comfortable budget-friendly lodging in Margao. Offers clean rooms, helpful service, and basic amenities perfect for cost-conscious travelers.","Laundry Service, AC, Swimming Pool, 24/7 Security, Bar, Spa, Room Service",5.3,1322
Mayfair Manor Margao 42,Margao,4.2,4925,"Modern mid-range hotel in Margao offering excellent value, well-appointed guest rooms, great dining, and a convenient location close to key city highlights.","Free Parking, WiFi, Free Breakfast, Restaurant, Balcony Room, Gym, Bar, Laundry Service",5.1,287
Grand Inn Margao 43,Margao,3.6,1776,"Comfortable budget-friendly lodging in Margao. Offers clean rooms, helpful service, and basic amenities perfect for cost-conscious travelers.","Free Breakfast, Spa, AC, Bar, Free Parking, Balcony Room, Valet Parking",2.9,1134
Saffron Stays Retreat Margao 44,Margao,4.7,14126,"Premium luxury accommodation in Margao. Features world-class dining, customized guest services, elegant architecture, and a highly scenic environment.","Valet Parking, Room Service, WiFi, Bar, Balcony Room, Swimming Pool",8.7,1937
Vista Villas Margao 45,Margao,4.9,7044,"Premium luxury accommodation in Margao. Features world-class dining, customized guest services, elegant architecture, and a highly scenic environment.","Swimming Pool, 24/7 Security, AC, Bar, Free Breakfast, Room Service, Gym",5.5,1962
Taj Stays Margao 46,Margao,4.6,14670,"Premium luxury accommodation in Margao. Features world-class dining, customized guest services, elegant architecture, and a highly scenic environment.","Balcony Room, AC, Bar, Swimming Pool, Room Service, Free Parking",4.2,1337
Radisson Chalet Margao 47,Margao,3.2,1431,"Comfortable budget-friendly lodging in Margao. Offers clean rooms, helpful service, and basic amenities perfect for cost-conscious travelers.","AC, WiFi, 24/7 Security, Laundry Service, Bar, Valet Parking, Room Service, Free Parking",5.8,546
Ginger Suites Margao 48,Margao,3.5,1170,"Comfortable budget-friendly lodging in Margao. Offers clean rooms, helpful service, and basic amenities perfect for cost-conscious travelers.","Free Breakfast, Room Service, Balcony Room, Bar, Valet Parking, WiFi, Gym, Laundry Service",0.3,299
Treebo Palace Margao 49,Margao,4.2,2073,"Modern mid-range hotel in Margao offering excellent value, well-appointed guest rooms, great dining, and a convenient location close to key city highlights.","Swimming Pool, Valet Parking, Spa, Bar",6.1,140
Capital O Haven Margao 50,Margao,4.3,3603,"Modern mid-range hotel in Margao offering excellent value, well-appointed guest rooms, great dining, and a convenient location close to key city highlights.","Free Breakfast, Restaurant, Spa, Free Parking",7.2,57
Ritz Castle Margao 51,Margao,3.8,4634,"Modern mid-range hotel in Margao offering excellent value, well-appointed guest rooms, great dining, and a convenient location close to key city highlights.","Bar, Spa, 24/7 Security, Valet Parking, Gym, Free Parking, AC, Restaurant",2.1,253
Whispering Palms Resort Margao 52,Margao,4.3,2064,"Modern mid-range hotel in Margao offering excellent value, well-appointed guest rooms, great dining, and a convenient location close to key city highlights.","Spa, WiFi, 24/7 Security, Free Breakfast, Gym, Valet Parking, Balcony Room",7.7,1618
Paradise Hotel Margao 53,Margao,3.3,1588,"Comfortable budget-friendly lodging in Margao. Offers clean rooms, helpful service, and basic amenities perfect for cost-conscious travelers.","Spa, Restaurant, Valet Parking, Free Parking, Free Breakfast, Bar, Gym",4.5,1633
Silver Sands Lodge Margao 54,Margao,4.5,9723,"Premium luxury accommodation in Margao. Features world-class dining, customized guest services, elegant architecture, and a highly scenic environment.","Valet Parking, 24/7 Security, Bar, Free Breakfast",8.4,1423
Alpine Lodge Manor Margao 55,Margao,3.2,1367,"Comfortable budget-friendly lodging in Margao. Offers clean rooms, helpful service, and basic amenities perfect for cost-conscious travelers.","AC, Laundry Service, Free Parking, Bar, Balcony Room, Free Breakfast",2.5,1485
Mayfair Inn Margao 56,Margao,3.8,4019,"Modern mid-range hotel in Margao offering excellent value, well-appointed guest rooms, great dining, and a convenient location close to key city highlights.","Bar, Laundry Service, Restaurant, Valet Parking, Balcony Room",2.2,686
Grand Retreat Margao 57,Margao,4.4,9598,"Premium luxury accommodation in Margao. Features world-class dining, customized guest services, elegant architecture, and a highly scenic environment.","Laundry Service, AC, Room Service, Valet Parking, 24/7 Security, Bar, Gym",6.4,1797
Saffron Stays Villas Margao 58,Margao,3.5,1206,"Comfortable budget-friendly lodging in Margao. Offers clean rooms, helpful service, and basic amenities perfect for cost-conscious travelers.","Room Service, Valet Parking, Gym, Laundry Service, Bar, Balcony Room",9.0,1300
Vista Stays Margao 59,Margao,3.3,1652,"Comfortable budget-friendly lodging in Margao. Offers clean rooms, helpful service, and basic amenities perfect for cost-conscious travelers.","Gym, AC, 24/7 Security, Restaurant, Room Service, Bar, Balcony Room",1.6,1772
Taj Chalet Margao 60,Margao,4.3,3887,"Modern mid-range hotel in Margao offering excellent value, well-appointed guest rooms, great dining, and a convenient location close to key city highlights.","Bar, Room Service, Free Breakfast, WiFi, 24/7 Security, Restaurant, Gym",1.6,1820
Radisson Suites Margao 61,Margao,4.3,4498,"Modern mid-range hotel in Margao offering excellent value, well-appointed guest rooms, great dining, and a convenient location close to key city highlights.","Gym, Laundry Service, 24/7 Security, Restaurant, Valet Parking, Balcony Room, AC, Free Parking",6.6,1784
Ginger Palace Margao 62,Margao,4.1,3458,"Modern mid-range hotel in Margao offering excellent value, well-appointed guest rooms, great dining, and a convenient location close to key city highlights.","24/7 Security, Valet Parking, Restaurant, Bar",7.6,749
Treebo Haven Margao 63,Margao,5.0,5522,"Premium luxury accommodation in Margao. Features world-class dining, customized guest services, elegant architecture, and a highly scenic environment.","Spa, Room Service, Restaurant, AC, Free Breakfast, Balcony Room, WiFi, Free Parking",4.4,584
Capital O Castle Margao 64,Margao,3.3,1201,"Comfortable budget-friendly lodging in Margao. Offers clean rooms, helpful service, and basic amenities perfect for cost-conscious travelers.","WiFi, Valet Parking, Free Breakfast, 24/7 Security, Gym, Laundry Service, Spa, AC",9.2,654
Ritz Resort Margao 65,Margao,3.5,1507,"Comfortable budget-friendly lodging in Margao. Offers clean rooms, helpful service, and basic amenities perfect for cost-conscious travelers.","Gym, Room Service, WiFi, Swimming Pool",4.1,696
Whispering Palms Hotel Margao 66,Margao,4.1,3438,"Modern mid-range hotel in Margao offering excellent value, well-appointed guest rooms, great dining, and a convenient location close to key city highlights.","Bar, WiFi, Laundry Service, Spa",6.6,1312
Paradise Lodge Margao 67,Margao,3.0,1503,"Comfortable budget-friendly lodging in Margao. Offers clean rooms, helpful service, and basic amenities perfect for cost-conscious travelers.","Laundry Service, Spa, Room Service, Swimming Pool",3.0,713
Silver Sands Manor Margao 68,Margao,3.5,932,"Comfortable budget-friendly lodging in Margao. Offers clean rooms, helpful service, and basic amenities perfect for cost-conscious travelers.","Free Breakfast, Free Parking, Restaurant, Laundry Service, Gym",7.8,1547
Alpine Lodge Inn Margao 69,Margao,4.0,3354,"Modern mid-range hotel in Margao offering excellent value, well-appointed guest rooms, great dining, and a convenient location close to key city highlights.","Swimming Pool, 24/7 Security, Valet Parking, Balcony Room, Laundry Service",1.4,1355
Mayfair Retreat Margao 70,Margao,3.7,859,"Comfortable budget-friendly lodging in Margao. Offers clean rooms, helpful service, and basic amenities perfect for cost-conscious travelers.","Balcony Room, Spa, AC, Bar, 24/7 Security, Free Breakfast",7.8,315
Capital O Stays Mumbai 1,Mumbai,4.1,4767,"Modern mid-range hotel in Mumbai offering excellent value, well-appointed guest rooms, great dining, and a convenient location close to key city highlights.","Spa, 24/7 Security, Laundry Service, Bar, Swimming Pool, WiFi, Valet Parking",4.8,1092
Ritz Chalet Mumbai 2,Mumbai,3.4,1516,"Comfortable budget-friendly lodging in Mumbai. Offers clean rooms, helpful service, and basic amenities perfect for cost-conscious travelers.","Restaurant, Bar, Swimming Pool, Balcony Room, AC, WiFi",7.6,1697
Whispering Palms Suites Mumbai 3,Mumbai,4.8,6324,"Premium luxury accommodation in Mumbai. Features world-class dining, customized guest services, elegant architecture, and a highly scenic environment.","Gym, Bar, Swimming Pool, Valet Parking, Free Breakfast, Restaurant, 24/7 Security, AC",3.5,1557
Paradise Palace Mumbai 4,Mumbai,4.4,16282,"Premium luxury accommodation in Mumbai. Features world-class dining, customized guest services, elegant architecture, and a highly scenic environment.","Valet Parking, WiFi, AC, Spa, Free Breakfast, Laundry Service, Swimming Pool",4.0,419
Silver Sands Haven Mumbai 5,Mumbai,3.5,1312,"Comfortable budget-friendly lodging in Mumbai. Offers clean rooms, helpful service, and basic amenities perfect for cost-conscious travelers.","Swimming Pool, Spa, Balcony Room, Laundry Service, Bar, Free Breakfast, Free Parking",9.2,1482
Alpine Lodge Castle Mumbai 6,Mumbai,4.4,17241,"Premium luxury accommodation in Mumbai. Features world-class dining, customized guest services, elegant architecture, and a highly scenic environment.","24/7 Security, AC, Restaurant, Swimming Pool, Spa",7.2,68
Mayfair Resort Mumbai 7,Mumbai,4.0,4153,"Modern mid-range hotel in Mumbai offering excellent value, well-appointed guest rooms, great dining, and a convenient location close to key city highlights.","Room Service, 24/7 Security, Laundry Service, Free Breakfast",3.8,38
Grand Hotel Mumbai 8,Mumbai,4.2,2242,"Modern mid-range hotel in Mumbai offering excellent value, well-appointed guest rooms, great dining, and a convenient location close to key city highlights.","Free Parking, Gym, Swimming Pool, Balcony Room, AC, 24/7 Security, WiFi",7.5,491
Saffron Stays Lodge Mumbai 9,Mumbai,4.8,14792,"Premium luxury accommodation in Mumbai. Features world-class dining, customized guest services, elegant architecture, and a highly scenic environment.","Swimming Pool, AC, Valet Parking, Free Breakfast, WiFi, Restaurant",3.3,1468
Vista Manor Mumbai 10,Mumbai,3.7,1905,"Comfortable budget-friendly lodging in Mumbai. Offers clean rooms, helpful service, and basic amenities perfect for cost-conscious travelers.","Balcony Room, Spa, Laundry Service, AC, Free Breakfast",2.2,1656
Taj Inn Mumbai 11,Mumbai,3.2,1154,"Comfortable budget-friendly lodging in Mumbai. Offers clean rooms, helpful service, and basic amenities perfect for cost-conscious travelers.","Restaurant, 24/7 Security, Gym, Room Service, Laundry Service",5.1,88
Radisson Retreat Mumbai 12,Mumbai,3.6,1504,"Comfortable budget-friendly lodging in Mumbai. Offers clean rooms, helpful service, and basic amenities perfect for cost-conscious travelers.","Laundry Service, Restaurant, Balcony Room, Spa",0.6,766
Ginger Villas Mumbai 13,Mumbai,4.2,2992,"Modern mid-range hotel in Mumbai offering excellent value, well-appointed guest rooms, great dining, and a convenient location close to key city highlights.","Restaurant, Bar, WiFi, Laundry Service, Spa, Room Service, Free Parking",7.5,496
Treebo Stays Mumbai 14,Mumbai,3.2,1322,"Comfortable budget-friendly lodging in Mumbai. Offers clean rooms, helpful service, and basic amenities perfect for cost-conscious travelers.","Free Breakfast, Bar, 24/7 Security, Balcony Room, AC",4.5,1251
Capital O Chalet Mumbai 15,Mumbai,4.2,2451,"Modern mid-range hotel in Mumbai offering excellent value, well-appointed guest rooms, great dining, and a convenient location close to key city highlights.","Restaurant, Free Parking, WiFi, Balcony Room, Laundry Service, Gym",8.5,1077
Ritz Suites Mumbai 16,Mumbai,4.7,8327,"Premium luxury accommodation in Mumbai. Features world-class dining, customized guest services, elegant architecture, and a highly scenic environment.","Gym, AC, Free Parking, Bar, Balcony Room, Swimming Pool",8.4,1414
Whispering Palms Palace Mumbai 17,Mumbai,4.3,2642,"Modern mid-range hotel in Mumbai offering excellent value, well-appointed guest rooms, great dining, and a convenient location close to key city highlights.","Free Breakfast, Balcony Room, Swimming Pool, Laundry Service, Valet Parking, Bar, WiFi, Gym",1.5,1207
Paradise Haven Mumbai 18,Mumbai,3.2,1757,"Comfortable budget-friendly lodging in Mumbai. Offers clean rooms, helpful service, and basic amenities perfect for cost-conscious travelers.","Spa, AC, Bar, Swimming Pool, Free Breakfast, Gym, Balcony Room, Restaurant",1.1,885
Silver Sands Castle Mumbai 19,Mumbai,3.3,970,"Comfortable budget-friendly lodging in Mumbai. Offers clean rooms, helpful service, and basic amenities perfect for cost-conscious travelers.","Valet Parking, Room Service, Free Breakfast, Gym",7.8,328
Alpine Lodge Resort Mumbai 20,Mumbai,3.3,1926,"Comfortable budget-friendly lodging in Mumbai. Offers clean rooms, helpful service, and basic amenities perfect for cost-conscious travelers.","AC, Free Parking, Swimming Pool, Bar, Free Breakfast",2.1,953
Mayfair Hotel Mumbai 21,Mumbai,3.9,3982,"Modern mid-range hotel in Mumbai offering excellent value, well-appointed guest rooms, great dining, and a convenient location close to key city highlights.","24/7 Security, WiFi, Bar, Spa",5.4,1407
Grand Lodge Mumbai 22,Mumbai,3.9,2004,"Modern mid-range hotel in Mumbai offering excellent value, well-appointed guest rooms, great dining, and a convenient location close to key city highlights.","Laundry Service, Restaurant, Bar, Free Parking, Balcony Room, Swimming Pool, Valet Parking",8.2,125
Saffron Stays Manor Mumbai 23,Mumbai,3.5,1450,"Comfortable budget-friendly lodging in Mumbai. Offers clean rooms, helpful service, and basic amenities perfect for cost-conscious travelers.","WiFi, 24/7 Security, Spa, Balcony Room",1.3,1333
Vista Inn Mumbai 24,Mumbai,3.8,4132,"Modern mid-range hotel in Mumbai offering excellent value, well-appointed guest rooms, great dining, and a convenient location close to key city highlights.","Room Service, Free Breakfast, Balcony Room, Free Parking, WiFi",8.4,1535
Taj Retreat Mumbai 25,Mumbai,4.9,15452,"Premium luxury accommodation in Mumbai. Features world-class dining, customized guest services, elegant architecture, and a highly scenic environment.","WiFi, Spa, Free Parking, Bar, Room Service, AC",4.4,822
Radisson Villas Mumbai 26,Mumbai,3.1,897,"Comfortable budget-friendly lodging in Mumbai. Offers clean rooms, helpful service, and basic amenities perfect for cost-conscious travelers.","WiFi, Free Parking, Valet Parking, Gym, Restaurant, AC",6.5,950
Ginger Stays Mumbai 27,Mumbai,4.4,9875,"Premium luxury accommodation in Mumbai. Features world-class dining, customized guest services, elegant architecture, and a highly scenic environment.","Room Service, Valet Parking, 24/7 Security, Spa",2.4,878
Treebo Chalet Mumbai 28,Mumbai,4.1,2394,"Modern mid-range hotel in Mumbai offering excellent value, well-appointed guest rooms, great dining, and a convenient location close to key city highlights.","Swimming Pool, Gym, Room Service, Laundry Service",1.3,363
Capital O Suites Mumbai 29,Mumbai,3.1,1442,"Comfortable budget-friendly lodging in Mumbai. Offers clean rooms, helpful service, and basic amenities perfect for cost-conscious travelers.","Gym, Balcony Room, Restaurant, AC",0.7,1127
Ritz Palace Mumbai 30,Mumbai,3.6,1104,"Comfortable budget-friendly lodging in Mumbai. Offers clean rooms, helpful service, and basic amenities perfect for cost-conscious travelers.","Swimming Pool, Gym, Room Service, Laundry Service",5.2,750
Whispering Palms Haven Mumbai 31,Mumbai,4.6,7847,"Premium luxury accommodation in Mumbai. Features world-class dining, customized guest services, elegant architecture, and a highly scenic environment.","24/7 Security, Room Service, Valet Parking, Gym",6.5,167
Paradise Castle Mumbai 32,Mumbai,4.8,16011,"Premium luxury accommodation in Mumbai. Features world-class dining, customized guest services, elegant architecture, and a highly scenic environment.","Room Service, Swimming Pool, Valet Parking, Laundry Service, AC, Gym, Free Parking",8.0,496
Silver Sands Resort Mumbai 33,Mumbai,4.1,4771,"Modern mid-range hotel in Mumbai offering excellent value, well-appointed guest rooms, great dining, and a convenient location close to key city highlights.","Laundry Service, Valet Parking, Free Breakfast, Gym",7.0,1239
Alpine Lodge Hotel Mumbai 34,Mumbai,3.0,1845,"Comfortable budget-friendly lodging in Mumbai. Offers clean rooms, helpful service, and basic amenities perfect for cost-conscious travelers.","Valet Parking, Restaurant, Laundry Service, Free Breakfast, AC, Balcony Room, Spa, WiFi",0.5,734
Mayfair Lodge Mumbai 35,Mumbai,3.3,1326,"Comfortable budget-friendly lodging in Mumbai. Offers clean rooms, helpful service, and basic amenities perfect for cost-conscious travelers.","24/7 Security, WiFi, Free Breakfast, Balcony Room",4.4,898
Grand Manor Mumbai 36,Mumbai,3.5,1948,"Comfortable budget-friendly lodging in Mumbai. Offers clean rooms, helpful service, and basic amenities perfect for cost-conscious travelers.","Balcony Room, 24/7 Security, WiFi, Laundry Service, Room Service, Bar",1.1,453
Saffron Stays Inn Mumbai 37,Mumbai,3.9,4167,"Modern mid-range hotel in Mumbai offering excellent value, well-appointed guest rooms, great dining, and a convenient location close to key city highlights.","Swimming Pool, 24/7 Security, Balcony Room, Free Parking, Valet Parking, Restaurant",7.6,632
Vista Retreat Mumbai 38,Mumbai,3.7,1544,"Comfortable budget-friendly lodging in Mumbai. Offers clean rooms, helpful service, and basic amenities perfect for cost-conscious travelers.","Free Parking, Free Breakfast, Spa, Balcony Room, AC, Bar, Room Service",3.8,245
Taj Villas Mumbai 39,Mumbai,4.2,3857,"Modern mid-range hotel in Mumbai offering excellent value, well-appointed guest rooms, great dining, and a convenient location close to key city highlights.","Free Breakfast, Swimming Pool, Gym, Balcony Room, Laundry Service, 24/7 Security, AC",7.2,1743
Radisson Stays Mumbai 40,Mumbai,3.9,4394,"Modern mid-range hotel in Mumbai offering excellent value, well-appointed guest rooms, great dining, and a convenient location close to key city highlights.","AC, Swimming Pool, Spa, Balcony Room, Laundry Service, Free Breakfast",5.2,1935
Ginger Chalet Mumbai 41,Mumbai,3.1,1544,"Comfortable budget-friendly lodging in Mumbai. Offers clean rooms, helpful service, and basic amenities perfect for cost-conscious travelers.","Gym, Free Breakfast, Swimming Pool, Balcony Room, Room Service, Free Parking, 24/7 Security",7.1,1695
Treebo Suites Mumbai 42,Mumbai,5.0,7717,"Premium luxury accommodation in Mumbai. Features world-class dining, customized guest services, elegant architecture, and a highly scenic environment.","Gym, Laundry Service, 24/7 Security, Restaurant, AC",9.1,628
Capital O Palace Mumbai 43,Mumbai,3.6,1600,"Comfortable budget-friendly lodging in Mumbai. Offers clean rooms, helpful service, and basic amenities perfect for cost-conscious travelers.","Spa, Free Breakfast, AC, Gym, Laundry Service, WiFi, Restaurant",9.0,236
Ritz Haven Mumbai 44,Mumbai,3.1,1736,"Comfortable budget-friendly lodging in Mumbai. Offers clean rooms, helpful service, and basic amenities perfect for cost-conscious travelers.","24/7 Security, Swimming Pool, Laundry Service, Restaurant, Spa, Balcony Room, Bar",1.8,1057
Whispering Palms Castle Mumbai 45,Mumbai,3.5,1612,"Comfortable budget-friendly lodging in Mumbai. Offers clean rooms, helpful service, and basic amenities perfect for cost-conscious travelers.","Valet Parking, AC, Gym, 24/7 Security, Restaurant, Free Breakfast, WiFi, Laundry Service",2.5,651
Paradise Resort Mumbai 46,Mumbai,3.8,4315,"Modern mid-range hotel in Mumbai offering excellent value, well-appointed guest rooms, great dining, and a convenient location close to key city highlights.","Free Parking, Room Service, Free Breakfast, WiFi, Gym, AC, Balcony Room",0.1,579
Silver Sands Hotel Mumbai 47,Mumbai,4.1,3992,"Modern mid-range hotel in Mumbai offering excellent value, well-appointed guest rooms, great dining, and a convenient location close to key city highlights.","Laundry Service, Gym, AC, 24/7 Security, Swimming Pool, Bar, Spa, Room Service",9.0,1606
Alpine Lodge Lodge Mumbai 48,Mumbai,4.9,14729,"Premium luxury accommodation in Mumbai. Features world-class dining, customized guest services, elegant architecture, and a highly scenic environment.","Laundry Service, Balcony Room, Spa, Free Breakfast",8.9,795
Mayfair Manor Mumbai 49,Mumbai,3.7,1256,"Comfortable budget-friendly lodging in Mumbai. Offers clean rooms, helpful service, and basic amenities perfect for cost-conscious travelers.","Swimming Pool, WiFi, Restaurant, 24/7 Security, AC, Spa",5.5,177
Grand Inn Mumbai 50,Mumbai,4.1,2697,"Modern mid-range hotel in Mumbai offering excellent value, well-appointed guest rooms, great dining, and a convenient location close to key city highlights.","Room Service, Spa, Restaurant, Free Breakfast, Swimming Pool",5.0,51
Saffron Stays Retreat Mumbai 51,Mumbai,3.2,1033,"Comfortable budget-friendly lodging in Mumbai. Offers clean rooms, helpful service, and basic amenities perfect for cost-conscious travelers.","Valet Parking, Free Parking, AC, Laundry Service, WiFi, Free Breakfast, Bar",6.5,1086
Vista Villas Mumbai 52,Mumbai,4.2,4978,"Modern mid-range hotel in Mumbai offering excellent value, well-appointed guest rooms, great dining, and a convenient location close to key city highlights.","Laundry Service, Restaurant, Free Parking, Free Breakfast, 24/7 Security, Balcony Room, WiFi, Spa",1.6,1788
Taj Stays Mumbai 53,Mumbai,3.3,1804,"Comfortable budget-friendly lodging in Mumbai. Offers clean rooms, helpful service, and basic amenities perfect for cost-conscious travelers.","Swimming Pool, Restaurant, Room Service, AC",7.5,865
Radisson Chalet Mumbai 54,Mumbai,3.7,994,"Comfortable budget-friendly lodging in Mumbai. Offers clean rooms, helpful service, and basic amenities perfect for cost-conscious travelers.","Free Parking, Room Service, Laundry Service, Swimming Pool, WiFi, AC, Valet Parking, Gym",2.1,1650
Ginger Suites Mumbai 55,Mumbai,4.4,16576,"Premium luxury accommodation in Mumbai. Features world-class dining, customized guest services, elegant architecture, and a highly scenic environment.","AC, Gym, Swimming Pool, Balcony Room, 24/7 Security, Valet Parking",1.7,954
Treebo Palace Mumbai 56,Mumbai,5.0,11005,"Premium luxury accommodation in Mumbai. Features world-class dining, customized guest services, elegant architecture, and a highly scenic environment.","Free Breakfast, Spa, Valet Parking, AC, Swimming Pool, Laundry Service",5.7,1256
Capital O Haven Mumbai 57,Mumbai,3.8,3998,"Modern mid-range hotel in Mumbai offering excellent value, well-appointed guest rooms, great dining, and a convenient location close to key city highlights.","Room Service, Swimming Pool, 24/7 Security, Free Parking, Gym, Balcony Room, WiFi, Laundry Service",5.1,1951
Ritz Castle Mumbai 58,Mumbai,3.3,896,"Comfortable budget-friendly lodging in Mumbai. Offers clean rooms, helpful service, and basic amenities perfect for cost-conscious travelers.","24/7 Security, Gym, Laundry Service, WiFi",4.8,882
Whispering Palms Resort Mumbai 59,Mumbai,5.0,10702,"Premium luxury accommodation in Mumbai. Features world-class dining, customized guest services, elegant architecture, and a highly scenic environment.","24/7 Security, Laundry Service, Valet Parking, Spa, Swimming Pool",3.8,1653
Paradise Hotel Mumbai 60,Mumbai,5.0,8186,"Premium luxury accommodation in Mumbai. Features world-class dining, customized guest services, elegant architecture, and a highly scenic environment.","Swimming Pool, 24/7 Security, Gym, Balcony Room, Free Breakfast, Room Service, Bar",2.6,85
Silver Sands Lodge Mumbai 61,Mumbai,4.5,5743,"Premium luxury accommodation in Mumbai. Features world-class dining, customized guest services, elegant architecture, and a highly scenic environment.","Valet Parking, Free Parking, WiFi, Gym, Free Breakfast, Spa",5.8,1545
Alpine Lodge Manor Mumbai 62,Mumbai,3.6,1856,"Comfortable budget-friendly lodging in Mumbai. Offers clean rooms, helpful service, and basic amenities perfect for cost-conscious travelers.","Room Service, Gym, Bar, AC, 24/7 Security, Balcony Room",7.2,263
Mayfair Inn Mumbai 63,Mumbai,3.3,1370,"Comfortable budget-friendly lodging in Mumbai. Offers clean rooms, helpful service, and basic amenities perfect for cost-conscious travelers.","Free Parking, Laundry Service, Spa, Valet Parking, Bar",7.4,1836
Grand Retreat Mumbai 64,Mumbai,3.7,1696,"Comfortable budget-friendly lodging in Mumbai. Offers clean rooms, helpful service, and basic amenities perfect for cost-conscious travelers.","Swimming Pool, Free Parking, Valet Parking, Spa, Bar, Room Service",8.4,146
Saffron Stays Villas Mumbai 65,Mumbai,4.3,3040,"Modern mid-range hotel in Mumbai offering excellent value, well-appointed guest rooms, great dining, and a convenient location close to key city highlights.","Balcony Room, AC, Spa, Swimming Pool, Valet Parking, Gym, 24/7 Security",7.7,258
Vista Stays Mumbai 66,Mumbai,4.4,11474,"Premium luxury accommodation in Mumbai. Features world-class dining, customized guest services, elegant architecture, and a highly scenic environment.","Free Parking, Balcony Room, Restaurant, Bar, Valet Parking",1.0,435
Taj Chalet Mumbai 67,Mumbai,4.4,14090,"Premium luxury accommodation in Mumbai. Features world-class dining, customized guest services, elegant architecture, and a highly scenic environment.","Bar, Gym, Swimming Pool, Balcony Room, AC, 24/7 Security",7.4,1245
Radisson Suites Mumbai 68,Mumbai,3.5,1763,"Comfortable budget-friendly lodging in Mumbai. Offers clean rooms, helpful service, and basic amenities perfect for cost-conscious travelers.","AC, Room Service, Laundry Service, Bar, Free Parking, WiFi, Balcony Room, Valet Parking",6.3,752
Ginger Palace Mumbai 69,Mumbai,4.8,14491,"Premium luxury accommodation in Mumbai. Features world-class dining, customized guest services, elegant architecture, and a highly scenic environment.","Free Breakfast, Spa, Laundry Service, Restaurant, WiFi, Room Service, 24/7 Security, Bar",1.1,1000
Treebo Haven Mumbai 70,Mumbai,4.3,2770,"Modern mid-range hotel in Mumbai offering excellent value, well-appointed guest rooms, great dining, and a convenient location close to key city highlights.","Laundry Service, 24/7 Security, Swimming Pool, AC, Balcony Room, Room Service",0.7,1806
Grand Resort Pune 1,Pune,3.4,1763,"Comfortable budget-friendly lodging in Pune. Offers clean rooms, helpful service, and basic amenities perfect for cost-conscious travelers.","AC, Free Breakfast, WiFi, 24/7 Security, Spa",1.2,1355
Saffron Stays Hotel Pune 2,Pune,3.5,1401,"Comfortable budget-friendly lodging in Pune. Offers clean rooms, helpful service, and basic amenities perfect for cost-conscious travelers.","Valet Parking, Spa, Restaurant, 24/7 Security",6.2,1333
Vista Lodge Pune 3,Pune,3.3,1353,"Comfortable budget-friendly lodging in Pune. Offers clean rooms, helpful service, and basic amenities perfect for cost-conscious travelers.","Valet Parking, Free Parking, Room Service, Gym",7.7,135
Taj Manor Pune 4,Pune,3.8,3006,"Modern mid-range hotel in Pune offering excellent value, well-appointed guest rooms, great dining, and a convenient location close to key city highlights.","Valet Parking, Gym, AC, Bar, Restaurant",8.6,202
Radisson Inn Pune 5,Pune,4.8,6636,"Premium luxury accommodation in Pune. Features world-class dining, customized guest services, elegant architecture, and a highly scenic environment.","Restaurant, Balcony Room, Spa, 24/7 Security, Room Service, Laundry Service",1.6,1378
Ginger Retreat Pune 6,Pune,3.1,1372,"Comfortable budget-friendly lodging in Pune. Offers clean rooms, helpful service, and basic amenities perfect for cost-conscious travelers.","24/7 Security, Balcony Room, Bar, WiFi, Free Parking",3.0,852
Treebo Villas Pune 7,Pune,3.7,986,"Comfortable budget-friendly lodging in Pune. Offers clean rooms, helpful service, and basic amenities perfect for cost-conscious travelers.","Laundry Service, Valet Parking, Room Service, AC",6.3,698
Capital O Stays Pune 8,Pune,3.8,3122,"Modern mid-range hotel in Pune offering excellent value, well-appointed guest rooms, great dining, and a convenient location close to key city highlights.","Free Parking, 24/7 Security, Balcony Room, Restaurant",1.1,1023
Ritz Chalet Pune 9,Pune,3.7,1904,"Comfortable budget-friendly lodging in Pune. Offers clean rooms, helpful service, and basic amenities perfect for cost-conscious travelers.","Valet Parking, Swimming Pool, Gym, Free Breakfast, WiFi, Bar, Restaurant, AC",6.1,624
Whispering Palms Suites Pune 10,Pune,4.7,6529,"Premium luxury accommodation in Pune. Features world-class dining, customized guest services, elegant architecture, and a highly scenic environment.","WiFi, Room Service, Spa, AC, Swimming Pool, Free Parking, Balcony Room, Bar",2.0,795
Paradise Palace Pune 11,Pune,3.6,1347,"Comfortable budget-friendly lodging in Pune. Offers clean rooms, helpful service, and basic amenities perfect for cost-conscious travelers.","Valet Parking, Free Parking, 24/7 Security, Spa, WiFi",6.1,367
Silver Sands Haven Pune 12,Pune,3.5,1582,"Comfortable budget-friendly lodging in Pune. Offers clean rooms, helpful service, and basic amenities perfect for cost-conscious travelers.","AC, Free Parking, Laundry Service, Balcony Room, 24/7 Security, Spa, Room Service",5.5,488
Alpine Lodge Castle Pune 13,Pune,3.5,1585,"Comfortable budget-friendly lodging in Pune. Offers clean rooms, helpful service, and basic amenities perfect for cost-conscious travelers.","Free Parking, Restaurant, Swimming Pool, Valet Parking",6.0,1119
Mayfair Resort Pune 14,Pune,4.6,8143,"Premium luxury accommodation in Pune. Features world-class dining, customized guest services, elegant architecture, and a highly scenic environment.","Laundry Service, WiFi, Free Parking, Gym, Restaurant, Spa, Valet Parking, Bar",6.0,314
Grand Hotel Pune 15,Pune,3.6,1575,"Comfortable budget-friendly lodging in Pune. Offers clean rooms, helpful service, and basic amenities perfect for cost-conscious travelers.","Laundry Service, Spa, Room Service, Gym, Restaurant, AC, Balcony Room",2.0,624
Saffron Stays Lodge Pune 16,Pune,4.3,4206,"Modern mid-range hotel in Pune offering excellent value, well-appointed guest rooms, great dining, and a convenient location close to key city highlights.","Gym, Balcony Room, Restaurant, 24/7 Security, Free Breakfast, Bar, Swimming Pool, Room Service",5.1,903
Vista Manor Pune 17,Pune,4.8,9168,"Premium luxury accommodation in Pune. Features world-class dining, customized guest services, elegant architecture, and a highly scenic environment.","Room Service, AC, Bar, Restaurant",1.8,520
Taj Inn Pune 18,Pune,4.5,7893,"Premium luxury accommodation in Pune. Features world-class dining, customized guest services, elegant architecture, and a highly scenic environment.","Free Parking, Spa, Room Service, Bar, Laundry Service, WiFi, Free Breakfast",2.6,706
Radisson Retreat Pune 19,Pune,4.6,5355,"Premium luxury accommodation in Pune. Features world-class dining, customized guest services, elegant architecture, and a highly scenic environment.","Balcony Room, Bar, Spa, Room Service, Laundry Service, 24/7 Security, Restaurant, Gym",8.0,1782
Ginger Villas Pune 20,Pune,3.0,1965,"Comfortable budget-friendly lodging in Pune. Offers clean rooms, helpful service, and basic amenities perfect for cost-conscious travelers.","24/7 Security, Free Parking, AC, Restaurant, Bar, Gym, Balcony Room",5.7,1729
Treebo Stays Pune 21,Pune,4.7,11633,"Premium luxury accommodation in Pune. Features world-class dining, customized guest services, elegant architecture, and a highly scenic environment.","WiFi, Restaurant, Free Breakfast, Swimming Pool, Room Service, Free Parking",2.0,87
Capital O Chalet Pune 22,Pune,4.5,14645,"Premium luxury accommodation in Pune. Features world-class dining, customized guest services, elegant architecture, and a highly scenic environment.","Restaurant, Spa, Room Service, Valet Parking, Free Breakfast, Gym",8.9,593
Ritz Suites Pune 23,Pune,4.5,15002,"Premium luxury accommodation in Pune. Features world-class dining, customized guest services, elegant architecture, and a highly scenic environment.","Laundry Service, AC, Room Service, 24/7 Security, Balcony Room, Free Breakfast, Restaurant",4.4,846
Whispering Palms Palace Pune 24,Pune,4.4,12496,"Premium luxury accommodation in Pune. Features world-class dining, customized guest services, elegant architecture, and a highly scenic environment.","Balcony Room, AC, Free Parking, WiFi",0.9,544
Paradise Haven Pune 25,Pune,4.2,2336,"Modern mid-range hotel in Pune offering excellent value, well-appointed guest rooms, great dining, and a convenient location close to key city highlights.","WiFi, 24/7 Security, Gym, Room Service",2.6,1958
Silver Sands Castle Pune 26,Pune,4.9,12340,"Premium luxury accommodation in Pune. Features world-class dining, customized guest services, elegant architecture, and a highly scenic environment.","Bar, AC, Free Breakfast, Balcony Room",4.0,1500
Alpine Lodge Resort Pune 27,Pune,3.7,1493,"Comfortable budget-friendly lodging in Pune. Offers clean rooms, helpful service, and basic amenities perfect for cost-conscious travelers.","Room Service, Valet Parking, Balcony Room, AC",9.0,1415
Mayfair Hotel Pune 28,Pune,3.2,1806,"Comfortable budget-friendly lodging in Pune. Offers clean rooms, helpful service, and basic amenities perfect for cost-conscious travelers.","Restaurant, Free Parking, Valet Parking, Laundry Service, Spa, Gym",2.8,434
Grand Lodge Pune 29,Pune,4.9,11028,"Premium luxury accommodation in Pune. Features world-class dining, customized guest services, elegant architecture, and a highly scenic environment.","Laundry Service, AC, Free Parking, Room Service, Bar, WiFi, Restaurant, Spa",7.2,44
Saffron Stays Manor Pune 30,Pune,4.3,3675,"Modern mid-range hotel in Pune offering excellent value, well-appointed guest rooms, great dining, and a convenient location close to key city highlights.","Balcony Room, Valet Parking, Free Parking, Gym, Free Breakfast, Bar, Restaurant",0.5,1699
Vista Inn Pune 31,Pune,4.4,9330,"Premium luxury accommodation in Pune. Features world-class dining, customized guest services, elegant architecture, and a highly scenic environment.","24/7 Security, Room Service, AC, Swimming Pool, Free Breakfast",7.9,1109
Taj Retreat Pune 32,Pune,4.2,3356,"Modern mid-range hotel in Pune offering excellent value, well-appointed guest rooms, great dining, and a convenient location close to key city highlights.","Swimming Pool, Restaurant, WiFi, Spa, Bar, Valet Parking, Gym",5.2,1794
Radisson Villas Pune 33,Pune,4.4,13036,"Premium luxury accommodation in Pune. Features world-class dining, customized guest services, elegant architecture, and a highly scenic environment.","Valet Parking, Spa, AC, Restaurant, Room Service, Swimming Pool, Balcony Room",7.2,520
Ginger Stays Pune 34,Pune,4.0,3177,"Modern mid-range hotel in Pune offering excellent value, well-appointed guest rooms, great dining, and a convenient location close to key city highlights.","Gym, 24/7 Security, Valet Parking, AC, Room Service, WiFi, Laundry Service, Swimming Pool",3.1,728
Treebo Chalet Pune 35,Pune,3.4,973,"Comfortable budget-friendly lodging in Pune. Offers clean rooms, helpful service, and basic amenities perfect for cost-conscious travelers.","24/7 Security, Swimming Pool, Spa, Free Breakfast",5.3,782
Capital O Suites Pune 36,Pune,4.2,2344,"Modern mid-range hotel in Pune offering excellent value, well-appointed guest rooms, great dining, and a convenient location close to key city highlights.","Laundry Service, Gym, WiFi, Restaurant, Room Service, Bar, Spa, AC",8.6,1012
Ritz Palace Pune 37,Pune,3.9,4147,"Modern mid-range hotel in Pune offering excellent value, well-appointed guest rooms, great dining, and a convenient location close to key city highlights.","24/7 Security, Free Breakfast, WiFi, Gym, AC, Bar, Free Parking",1.5,1946
Whispering Palms Haven Pune 38,Pune,3.4,1665,"Comfortable budget-friendly lodging in Pune. Offers clean rooms, helpful service, and basic amenities perfect for cost-conscious travelers.","Restaurant, Balcony Room, Laundry Service, 24/7 Security, Gym",6.0,538
Paradise Castle Pune 39,Pune,3.8,4448,"Modern mid-range hotel in Pune offering excellent value, well-appointed guest rooms, great dining, and a convenient location close to key city highlights.","Valet Parking, Balcony Room, 24/7 Security, Gym, Laundry Service, Swimming Pool, Room Service",6.4,318
Silver Sands Resort Pune 40,Pune,3.4,1559,"Comfortable budget-friendly lodging in Pune. Offers clean rooms, helpful service, and basic amenities perfect for cost-conscious travelers.","Laundry Service, AC, Swimming Pool, Free Breakfast, WiFi, Balcony Room, Gym",8.0,1824
Alpine Lodge Hotel Pune 41,Pune,3.9,3146,"Modern mid-range hotel in Pune offering excellent value, well-appointed guest rooms, great dining, and a convenient location close to key city highlights.","Free Breakfast, Balcony Room, AC, Spa, Valet Parking, Laundry Service",3.7,1941
Mayfair Lodge Pune 42,Pune,3.8,4204,"Modern mid-range hotel in Pune offering excellent value, well-appointed guest rooms, great dining, and a convenient location close to key city highlights.","Valet Parking, WiFi, Room Service, Free Parking, Balcony Room, Free Breakfast",7.7,552
Grand Manor Pune 43,Pune,4.6,17671,"Premium luxury accommodation in Pune. Features world-class dining, customized guest services, elegant architecture, and a highly scenic environment.","Free Parking, Restaurant, Laundry Service, 24/7 Security, Gym, Valet Parking",8.0,1469
Saffron Stays Inn Pune 44,Pune,3.7,1525,"Comfortable budget-friendly lodging in Pune. Offers clean rooms, helpful service, and basic amenities perfect for cost-conscious travelers.","Free Breakfast, Valet Parking, Balcony Room, Restaurant, WiFi",9.1,1615
Vista Retreat Pune 45,Pune,3.5,1597,"Comfortable budget-friendly lodging in Pune. Offers clean rooms, helpful service, and basic amenities perfect for cost-conscious travelers.","AC, Room Service, Free Breakfast, Restaurant, WiFi, Laundry Service, Spa",0.3,1784
Taj Villas Pune 46,Pune,4.0,3913,"Modern mid-range hotel in Pune offering excellent value, well-appointed guest rooms, great dining, and a convenient location close to key city highlights.","Swimming Pool, Restaurant, Free Parking, Free Breakfast, Bar, Gym",2.9,165
Radisson Stays Pune 47,Pune,3.6,1764,"Comfortable budget-friendly lodging in Pune. Offers clean rooms, helpful service, and basic amenities perfect for cost-conscious travelers.","Laundry Service, 24/7 Security, Gym, WiFi, Free Parking",5.6,1625
Ginger Chalet Pune 48,Pune,3.1,895,"Comfortable budget-friendly lodging in Pune. Offers clean rooms, helpful service, and basic amenities perfect for cost-conscious travelers.","Balcony Room, Restaurant, Valet Parking, WiFi, AC, Bar, Free Parking, Spa",6.9,317
Treebo Suites Pune 49,Pune,3.5,1394,"Comfortable budget-friendly lodging in Pune. Offers clean rooms, helpful service, and basic amenities perfect for cost-conscious travelers.","Bar, Gym, Room Service, Balcony Room, AC, Laundry Service",2.4,1963
Capital O Palace Pune 50,Pune,3.4,1210,"Comfortable budget-friendly lodging in Pune. Offers clean rooms, helpful service, and basic amenities perfect for cost-conscious travelers.","AC, Balcony Room, WiFi, Laundry Service, Valet Parking",8.2,85
Ritz Haven Pune 51,Pune,3.5,859,"Comfortable budget-friendly lodging in Pune. Offers clean rooms, helpful service, and basic amenities perfect for cost-conscious travelers.","Valet Parking, Swimming Pool, 24/7 Security, WiFi, Gym, Restaurant, Bar, AC",4.1,171
Whispering Palms Castle Pune 52,Pune,4.2,4448,"Modern mid-range hotel in Pune offering excellent value, well-appointed guest rooms, great dining, and a convenient location close to key city highlights.","Free Parking, Balcony Room, Valet Parking, AC, Bar, Swimming Pool, Room Service, Restaurant",1.1,1826
Paradise Resort Pune 53,Pune,3.6,1240,"Comfortable budget-friendly lodging in Pune. Offers clean rooms, helpful service, and basic amenities perfect for cost-conscious travelers.","24/7 Security, Restaurant, AC, Valet Parking, Swimming Pool, Balcony Room, Room Service",4.5,880
Silver Sands Hotel Pune 54,Pune,4.8,13367,"Premium luxury accommodation in Pune. Features world-class dining, customized guest services, elegant architecture, and a highly scenic environment.","Room Service, Free Breakfast, Laundry Service, WiFi, Restaurant, 24/7 Security, AC",3.9,1343
Alpine Lodge Lodge Pune 55,Pune,4.7,11281,"Premium luxury accommodation in Pune. Features world-class dining, customized guest services, elegant architecture, and a highly scenic environment.","Spa, Valet Parking, Free Parking, WiFi, Bar, Balcony Room, 24/7 Security, Gym",3.3,1239
Mayfair Manor Pune 56,Pune,4.2,2068,"Modern mid-range hotel in Pune offering excellent value, well-appointed guest rooms, great dining, and a convenient location close to key city highlights.","Laundry Service, Free Parking, Swimming Pool, Restaurant, Spa, Gym, Room Service, WiFi",7.0,1186
Grand Inn Pune 57,Pune,4.4,13132,"Premium luxury accommodation in Pune. Features world-class dining, customized guest services, elegant architecture, and a highly scenic environment.","Restaurant, WiFi, Bar, Balcony Room, Free Breakfast, Gym, AC",1.7,328
Saffron Stays Retreat Pune 58,Pune,3.1,912,"Comfortable budget-friendly lodging in Pune. Offers clean rooms, helpful service, and basic amenities perfect for cost-conscious travelers.","Swimming Pool, Gym, Balcony Room, Room Service, AC, Free Parking",0.4,1002
Vista Villas Pune 59,Pune,3.6,1298,"Comfortable budget-friendly lodging in Pune. Offers clean rooms, helpful service, and basic amenities perfect for cost-conscious travelers.","Room Service, Free Parking, Swimming Pool, Restaurant, Free Breakfast",7.0,1034
Taj Stays Pune 60,Pune,3.7,1334,"Comfortable budget-friendly lodging in Pune. Offers clean rooms, helpful service, and basic amenities perfect for cost-conscious travelers.","Restaurant, Balcony Room, Spa, WiFi, Gym, Bar, 24/7 Security",2.8,44
Radisson Chalet Pune 61,Pune,4.9,17227,"Premium luxury accommodation in Pune. Features world-class dining, customized guest services, elegant architecture, and a highly scenic environment.","Valet Parking, Gym, Room Service, Free Breakfast, 24/7 Security",8.0,178
Ginger Suites Pune 62,Pune,4.1,4793,"Modern mid-range hotel in Pune offering excellent value, well-appointed guest rooms, great dining, and a convenient location close to key city highlights.","AC, Restaurant, Free Breakfast, Valet Parking, 24/7 Security, Swimming Pool, Gym",0.9,426
Treebo Palace Pune 63,Pune,4.8,6250,"Premium luxury accommodation in Pune. Features world-class dining, customized guest services, elegant architecture, and a highly scenic environment.","Laundry Service, Gym, WiFi, Spa, Bar, Room Service, Free Parking, Swimming Pool",2.6,1944
Capital O Haven Pune 64,Pune,4.9,17655,"Premium luxury accommodation in Pune. Features world-class dining, customized guest services, elegant architecture, and a highly scenic environment.","Room Service, Swimming Pool, Bar, Gym, Free Parking, Balcony Room",7.4,756
Ritz Castle Pune 65,Pune,4.3,4841,"Modern mid-range hotel in Pune offering excellent value, well-appointed guest rooms, great dining, and a convenient location close to key city highlights.","Free Breakfast, Room Service, Free Parking, Bar",3.3,1285
Whispering Palms Resort Pune 66,Pune,4.6,5948,"Premium luxury accommodation in Pune. Features world-class dining, customized guest services, elegant architecture, and a highly scenic environment.","Room Service, Restaurant, Valet Parking, Laundry Service, Swimming Pool, Spa, AC, Balcony Room",3.5,1072
Paradise Hotel Pune 67,Pune,4.7,6812,"Premium luxury accommodation in Pune. Features world-class dining, customized guest services, elegant architecture, and a highly scenic environment.","Free Breakfast, Bar, Free Parking, Spa, Gym, Room Service, Valet Parking",9.0,208
Silver Sands Lodge Pune 68,Pune,4.2,3274,"Modern mid-range hotel in Pune offering excellent value, well-appointed guest rooms, great dining, and a convenient location close to key city highlights.","24/7 Security, Free Parking, Swimming Pool, Room Service, WiFi, Balcony Room, Gym, Restaurant",0.7,538
Alpine Lodge Manor Pune 69,Pune,4.7,8097,"Premium luxury accommodation in Pune. Features world-class dining, customized guest services, elegant architecture, and a highly scenic environment.","Spa, Valet Parking, Free Parking, Balcony Room, Restaurant, Laundry Service",1.1,1255
Mayfair Inn Pune 70,Pune,4.8,14408,"Premium luxury accommodation in Pune. Features world-class dining, customized guest services, elegant architecture, and a highly scenic environment.","Valet Parking, Gym, WiFi, Free Parking, Swimming Pool, Spa, Laundry Service",4.9,326
Capital O Villas Mahabaleshwar 1,Mahabaleshwar,3.9,2791,"Modern mid-range hotel in Mahabaleshwar offering excellent value, well-appointed guest rooms, great dining, and a convenient location close to key city highlights.","Swimming Pool, Balcony Room, Restaurant, AC, 24/7 Security, Gym",2.4,690
Ritz Stays Mahabaleshwar 2,Mahabaleshwar,4.8,10838,"Premium luxury accommodation in Mahabaleshwar. Features world-class dining, customized guest services, elegant architecture, and a highly scenic environment.","Gym, WiFi, Swimming Pool, Bar, Balcony Room, 24/7 Security",1.9,1665
Whispering Palms Chalet Mahabaleshwar 3,Mahabaleshwar,3.6,821,"Comfortable budget-friendly lodging in Mahabaleshwar. Offers clean rooms, helpful service, and basic amenities perfect for cost-conscious travelers.","Free Breakfast, Room Service, Swimming Pool, Laundry Service, Valet Parking, WiFi, AC",3.5,1134
Paradise Suites Mahabaleshwar 4,Mahabaleshwar,3.6,1440,"Comfortable budget-friendly lodging in Mahabaleshwar. Offers clean rooms, helpful service, and basic amenities perfect for cost-conscious travelers.","Free Breakfast, AC, Valet Parking, 24/7 Security, Gym, Restaurant",3.2,1825
Silver Sands Palace Mahabaleshwar 5,Mahabaleshwar,3.6,1943,"Comfortable budget-friendly lodging in Mahabaleshwar. Offers clean rooms, helpful service, and basic amenities perfect for cost-conscious travelers.","Free Parking, Balcony Room, Swimming Pool, Spa, AC",8.9,1766
Alpine Lodge Haven Mahabaleshwar 6,Mahabaleshwar,4.8,9372,"Premium luxury accommodation in Mahabaleshwar. Features world-class dining, customized guest services, elegant architecture, and a highly scenic environment.","Spa, WiFi, AC, Restaurant, Swimming Pool, Free Parking",0.3,2000
Mayfair Castle Mahabaleshwar 7,Mahabaleshwar,3.2,1583,"Comfortable budget-friendly lodging in Mahabaleshwar. Offers clean rooms, helpful service, and basic amenities perfect for cost-conscious travelers.","Valet Parking, Free Parking, Swimming Pool, WiFi, Laundry Service, Room Service, Spa",1.6,522
Grand Resort Mahabaleshwar 8,Mahabaleshwar,3.3,1052,"Comfortable budget-friendly lodging in Mahabaleshwar. Offers clean rooms, helpful service, and basic amenities perfect for cost-conscious travelers.","Room Service, Spa, AC, Balcony Room, 24/7 Security, Free Parking, Swimming Pool",6.0,1032
Saffron Stays Hotel Mahabaleshwar 9,Mahabaleshwar,3.7,1623,"Comfortable budget-friendly lodging in Mahabaleshwar. Offers clean rooms, helpful service, and basic amenities perfect for cost-conscious travelers.","Laundry Service, 24/7 Security, AC, Free Parking, Balcony Room",7.4,1965
Vista Lodge Mahabaleshwar 10,Mahabaleshwar,3.3,1883,"Comfortable budget-friendly lodging in Mahabaleshwar. Offers clean rooms, helpful service, and basic amenities perfect for cost-conscious travelers.","Laundry Service, Restaurant, Free Breakfast, Free Parking, Swimming Pool",7.1,32
Taj Manor Mahabaleshwar 11,Mahabaleshwar,3.7,1271,"Comfortable budget-friendly lodging in Mahabaleshwar. Offers clean rooms, helpful service, and basic amenities perfect for cost-conscious travelers.","Laundry Service, 24/7 Security, Balcony Room, Valet Parking, Bar",4.7,1566
Radisson Inn Mahabaleshwar 12,Mahabaleshwar,3.3,1733,"Comfortable budget-friendly lodging in Mahabaleshwar. Offers clean rooms, helpful service, and basic amenities perfect for cost-conscious travelers.","Valet Parking, Gym, Spa, Balcony Room",0.4,1976
Ginger Retreat Mahabaleshwar 13,Mahabaleshwar,4.3,3897,"Modern mid-range hotel in Mahabaleshwar offering excellent value, well-appointed guest rooms, great dining, and a convenient location close to key city highlights.","Room Service, Bar, Free Parking, Free Breakfast, Spa, Restaurant",7.7,1149
Treebo Villas Mahabaleshwar 14,Mahabaleshwar,3.9,2500,"Modern mid-range hotel in Mahabaleshwar offering excellent value, well-appointed guest rooms, great dining, and a convenient location close to key city highlights.","Free Parking, Bar, Swimming Pool, Restaurant, 24/7 Security",1.9,1478
Capital O Stays Mahabaleshwar 15,Mahabaleshwar,4.6,10426,"Premium luxury accommodation in Mahabaleshwar. Features world-class dining, customized guest services, elegant architecture, and a highly scenic environment.","24/7 Security, Laundry Service, WiFi, Spa, Room Service, AC, Valet Parking, Free Parking",3.7,599
Ritz Chalet Mahabaleshwar 16,Mahabaleshwar,4.1,2710,"Modern mid-range hotel in Mahabaleshwar offering excellent value, well-appointed guest rooms, great dining, and a convenient location close to key city highlights.","Restaurant, WiFi, AC, Bar, Balcony Room",8.4,549
Whispering Palms Suites Mahabaleshwar 17,Mahabaleshwar,3.9,3634,"Modern mid-range hotel in Mahabaleshwar offering excellent value, well-appointed guest rooms, great dining, and a convenient location close to key city highlights.","Bar, WiFi, Valet Parking, Free Parking, 24/7 Security, Restaurant, Swimming Pool, Balcony Room",4.8,1502
Paradise Palace Mahabaleshwar 18,Mahabaleshwar,4.2,3353,"Modern mid-range hotel in Mahabaleshwar offering excellent value, well-appointed guest rooms, great dining, and a convenient location close to key city highlights.","AC, Valet Parking, Restaurant, Gym, WiFi, Swimming Pool, Balcony Room",3.2,1732
Silver Sands Haven Mahabaleshwar 19,Mahabaleshwar,3.7,1075,"Comfortable budget-friendly lodging in Mahabaleshwar. Offers clean rooms, helpful service, and basic amenities perfect for cost-conscious travelers.","Room Service, Balcony Room, Free Breakfast, 24/7 Security, Laundry Service",8.8,916
Alpine Lodge Castle Mahabaleshwar 20,Mahabaleshwar,4.5,11240,"Premium luxury accommodation in Mahabaleshwar. Features world-class dining, customized guest services, elegant architecture, and a highly scenic environment.","AC, Valet Parking, Free Parking, 24/7 Security, Gym, Swimming Pool",2.0,1359
Mayfair Resort Mahabaleshwar 21,Mahabaleshwar,4.9,11827,"Premium luxury accommodation in Mahabaleshwar. Features world-class dining, customized guest services, elegant architecture, and a highly scenic environment.","Spa, Free Parking, WiFi, Swimming Pool, Laundry Service",7.6,1787
Grand Hotel Mahabaleshwar 22,Mahabaleshwar,3.4,1582,"Comfortable budget-friendly lodging in Mahabaleshwar. Offers clean rooms, helpful service, and basic amenities perfect for cost-conscious travelers.","Restaurant, Free Breakfast, Free Parking, Balcony Room",6.4,925
Saffron Stays Lodge Mahabaleshwar 23,Mahabaleshwar,4.8,6304,"Premium luxury accommodation in Mahabaleshwar. Features world-class dining, customized guest services, elegant architecture, and a highly scenic environment.","Free Parking, WiFi, Gym, Room Service, 24/7 Security, Valet Parking, Bar, Balcony Room",7.2,1505
Vista Manor Mahabaleshwar 24,Mahabaleshwar,3.5,1867,"Comfortable budget-friendly lodging in Mahabaleshwar. Offers clean rooms, helpful service, and basic amenities perfect for cost-conscious travelers.","24/7 Security, Balcony Room, Bar, Gym, Room Service, Spa, Restaurant, Free Parking",0.8,1466
Taj Inn Mahabaleshwar 25,Mahabaleshwar,4.5,9253,"Premium luxury accommodation in Mahabaleshwar. Features world-class dining, customized guest services, elegant architecture, and a highly scenic environment.","24/7 Security, Free Parking, Valet Parking, WiFi, Bar, Gym, Restaurant",4.2,1158
Radisson Retreat Mahabaleshwar 26,Mahabaleshwar,3.5,1534,"Comfortable budget-friendly lodging in Mahabaleshwar. Offers clean rooms, helpful service, and basic amenities perfect for cost-conscious travelers.","Valet Parking, AC, Free Breakfast, Gym",6.1,1689
Ginger Villas Mahabaleshwar 27,Mahabaleshwar,4.1,4984,"Modern mid-range hotel in Mahabaleshwar offering excellent value, well-appointed guest rooms, great dining, and a convenient location close to key city highlights.","Spa, Laundry Service, Valet Parking, AC, Free Breakfast",0.2,1149
Treebo Stays Mahabaleshwar 28,Mahabaleshwar,3.5,1845,"Comfortable budget-friendly lodging in Mahabaleshwar. Offers clean rooms, helpful service, and basic amenities perfect for cost-conscious travelers.","AC, Laundry Service, Room Service, Balcony Room, Bar, 24/7 Security, Spa, Restaurant",8.5,762
Capital O Chalet Mahabaleshwar 29,Mahabaleshwar,4.5,15853,"Premium luxury accommodation in Mahabaleshwar. Features world-class dining, customized guest services, elegant architecture, and a highly scenic environment.","Laundry Service, Spa, 24/7 Security, Room Service, Valet Parking, Balcony Room, WiFi, AC",7.3,1089
Ritz Suites Mahabaleshwar 30,Mahabaleshwar,3.4,1302,"Comfortable budget-friendly lodging in Mahabaleshwar. Offers clean rooms, helpful service, and basic amenities perfect for cost-conscious travelers.","Gym, WiFi, AC, Room Service, Laundry Service, Bar",4.1,1499
Whispering Palms Palace Mahabaleshwar 31,Mahabaleshwar,3.6,1665,"Comfortable budget-friendly lodging in Mahabaleshwar. Offers clean rooms, helpful service, and basic amenities perfect for cost-conscious travelers.","AC, Laundry Service, Free Breakfast, Room Service, WiFi, Balcony Room, Restaurant",3.1,1139
Paradise Haven Mahabaleshwar 32,Mahabaleshwar,3.4,1350,"Comfortable budget-friendly lodging in Mahabaleshwar. Offers clean rooms, helpful service, and basic amenities perfect for cost-conscious travelers.","Free Parking, Bar, Balcony Room, Free Breakfast, 24/7 Security, Spa",0.8,741
Silver Sands Castle Mahabaleshwar 33,Mahabaleshwar,4.3,2332,"Modern mid-range hotel in Mahabaleshwar offering excellent value, well-appointed guest rooms, great dining, and a convenient location close to key city highlights.","Bar, Balcony Room, Laundry Service, 24/7 Security, Free Parking, Spa, Free Breakfast",2.7,1461
Alpine Lodge Resort Mahabaleshwar 34,Mahabaleshwar,3.9,3132,"Modern mid-range hotel in Mahabaleshwar offering excellent value, well-appointed guest rooms, great dining, and a convenient location close to key city highlights.","Laundry Service, Swimming Pool, Valet Parking, Balcony Room",2.8,1088
Mayfair Hotel Mahabaleshwar 35,Mahabaleshwar,3.8,2640,"Modern mid-range hotel in Mahabaleshwar offering excellent value, well-appointed guest rooms, great dining, and a convenient location close to key city highlights.","Free Breakfast, Bar, Swimming Pool, Laundry Service, Valet Parking, Balcony Room, AC",2.5,468
Grand Lodge Mahabaleshwar 36,Mahabaleshwar,3.5,1632,"Comfortable budget-friendly lodging in Mahabaleshwar. Offers clean rooms, helpful service, and basic amenities perfect for cost-conscious travelers.","24/7 Security, Bar, Swimming Pool, Balcony Room, AC, Restaurant",8.4,1262
Saffron Stays Manor Mahabaleshwar 37,Mahabaleshwar,3.8,4168,"Modern mid-range hotel in Mahabaleshwar offering excellent value, well-appointed guest rooms, great dining, and a convenient location close to key city highlights.","AC, Gym, Valet Parking, WiFi, Laundry Service, 24/7 Security, Bar, Free Breakfast",4.8,386
Vista Inn Mahabaleshwar 38,Mahabaleshwar,3.1,1025,"Comfortable budget-friendly lodging in Mahabaleshwar. Offers clean rooms, helpful service, and basic amenities perfect for cost-conscious travelers.","24/7 Security, Gym, WiFi, Swimming Pool, Bar, Free Breakfast, Spa",1.7,585
Taj Retreat Mahabaleshwar 39,Mahabaleshwar,3.3,1873,"Comfortable budget-friendly lodging in Mahabaleshwar. Offers clean rooms, helpful service, and basic amenities perfect for cost-conscious travelers.","24/7 Security, Room Service, Valet Parking, Gym, Restaurant, Spa",4.6,850
Radisson Villas Mahabaleshwar 40,Mahabaleshwar,4.1,4325,"Modern mid-range hotel in Mahabaleshwar offering excellent value, well-appointed guest rooms, great dining, and a convenient location close to key city highlights.","24/7 Security, Restaurant, AC, Laundry Service, WiFi, Swimming Pool, Free Parking, Spa",0.2,427
Ginger Stays Mahabaleshwar 41,Mahabaleshwar,3.4,1414,"Comfortable budget-friendly lodging in Mahabaleshwar. Offers clean rooms, helpful service, and basic amenities perfect for cost-conscious travelers.","WiFi, Swimming Pool, Bar, Gym, Free Breakfast, Laundry Service, Valet Parking, AC",8.4,827
Treebo Chalet Mahabaleshwar 42,Mahabaleshwar,3.8,3990,"Modern mid-range hotel in Mahabaleshwar offering excellent value, well-appointed guest rooms, great dining, and a convenient location close to key city highlights.","Bar, Balcony Room, Restaurant, Valet Parking",4.0,42
Capital O Suites Mahabaleshwar 43,Mahabaleshwar,3.7,1999,"Comfortable budget-friendly lodging in Mahabaleshwar. Offers clean rooms, helpful service, and basic amenities perfect for cost-conscious travelers.","AC, WiFi, Free Parking, Balcony Room, Free Breakfast",8.1,1917
Ritz Palace Mahabaleshwar 44,Mahabaleshwar,4.5,11601,"Premium luxury accommodation in Mahabaleshwar. Features world-class dining, customized guest services, elegant architecture, and a highly scenic environment.","Free Breakfast, Spa, WiFi, Laundry Service, Bar",7.1,819
Whispering Palms Haven Mahabaleshwar 45,Mahabaleshwar,4.9,17997,"Premium luxury accommodation in Mahabaleshwar. Features world-class dining, customized guest services, elegant architecture, and a highly scenic environment.","Free Parking, Balcony Room, Swimming Pool, Valet Parking, 24/7 Security, Spa",6.8,1691
Paradise Castle Mahabaleshwar 46,Mahabaleshwar,5.0,11697,"Premium luxury accommodation in Mahabaleshwar. Features world-class dining, customized guest services, elegant architecture, and a highly scenic environment.","Valet Parking, Laundry Service, 24/7 Security, Spa, Room Service, Bar, WiFi",1.7,185
Silver Sands Resort Mahabaleshwar 47,Mahabaleshwar,4.8,10855,"Premium luxury accommodation in Mahabaleshwar. Features world-class dining, customized guest services, elegant architecture, and a highly scenic environment.","Valet Parking, 24/7 Security, Laundry Service, Balcony Room, Gym, Room Service",2.4,50
Alpine Lodge Hotel Mahabaleshwar 48,Mahabaleshwar,4.3,3859,"Modern mid-range hotel in Mahabaleshwar offering excellent value, well-appointed guest rooms, great dining, and a convenient location close to key city highlights.","Balcony Room, Bar, Room Service, Spa, Swimming Pool, Laundry Service",3.7,863
Mayfair Lodge Mahabaleshwar 49,Mahabaleshwar,3.5,1559,"Comfortable budget-friendly lodging in Mahabaleshwar. Offers clean rooms, helpful service, and basic amenities perfect for cost-conscious travelers.","Free Breakfast, Laundry Service, Room Service, Restaurant, 24/7 Security, AC, WiFi",4.3,1258
Grand Manor Mahabaleshwar 50,Mahabaleshwar,4.6,5366,"Premium luxury accommodation in Mahabaleshwar. Features world-class dining, customized guest services, elegant architecture, and a highly scenic environment.","Balcony Room, Bar, Swimming Pool, Laundry Service, Free Parking, Valet Parking, Room Service",4.4,777
Saffron Stays Inn Mahabaleshwar 51,Mahabaleshwar,3.7,1113,"Comfortable budget-friendly lodging in Mahabaleshwar. Offers clean rooms, helpful service, and basic amenities perfect for cost-conscious travelers.","Laundry Service, Valet Parking, Restaurant, 24/7 Security, Swimming Pool, Balcony Room, Spa, Free Breakfast",2.0,215
Vista Retreat Mahabaleshwar 52,Mahabaleshwar,3.9,3128,"Modern mid-range hotel in Mahabaleshwar offering excellent value, well-appointed guest rooms, great dining, and a convenient location close to key city highlights.","Room Service, Spa, Balcony Room, Laundry Service, Gym, Valet Parking, Bar, Free Breakfast",5.5,567
Taj Villas Mahabaleshwar 53,Mahabaleshwar,3.9,3779,"Modern mid-range hotel in Mahabaleshwar offering excellent value, well-appointed guest rooms, great dining, and a convenient location close to key city highlights.","AC, 24/7 Security, Bar, Free Parking, WiFi, Free Breakfast",0.3,677
Radisson Stays Mahabaleshwar 54,Mahabaleshwar,3.6,1339,"Comfortable budget-friendly lodging in Mahabaleshwar. Offers clean rooms, helpful service, and basic amenities perfect for cost-conscious travelers.","Laundry Service, Restaurant, Gym, AC, Room Service",4.5,1018
Ginger Chalet Mahabaleshwar 55,Mahabaleshwar,3.2,1640,"Comfortable budget-friendly lodging in Mahabaleshwar. Offers clean rooms, helpful service, and basic amenities perfect for cost-conscious travelers.","Spa, Balcony Room, Valet Parking, WiFi, Free Parking, Restaurant, Laundry Service, Gym",3.9,1954
Treebo Suites Mahabaleshwar 56,Mahabaleshwar,4.4,9889,"Premium luxury accommodation in Mahabaleshwar. Features world-class dining, customized guest services, elegant architecture, and a highly scenic environment.","Bar, Gym, Balcony Room, Free Parking",4.5,265
Capital O Palace Mahabaleshwar 57,Mahabaleshwar,5.0,15878,"Premium luxury accommodation in Mahabaleshwar. Features world-class dining, customized guest services, elegant architecture, and a highly scenic environment.","Swimming Pool, Balcony Room, Bar, Laundry Service",2.5,941
Ritz Haven Mahabaleshwar 58,Mahabaleshwar,4.7,17558,"Premium luxury accommodation in Mahabaleshwar. Features world-class dining, customized guest services, elegant architecture, and a highly scenic environment.","Free Parking, Restaurant, Gym, Laundry Service, Swimming Pool, 24/7 Security",6.6,1000
Whispering Palms Castle Mahabaleshwar 59,Mahabaleshwar,3.3,1521,"Comfortable budget-friendly lodging in Mahabaleshwar. Offers clean rooms, helpful service, and basic amenities perfect for cost-conscious travelers.","Free Breakfast, Room Service, Bar, AC, Restaurant, Swimming Pool",2.2,563
Paradise Resort Mahabaleshwar 60,Mahabaleshwar,4.3,4995,"Modern mid-range hotel in Mahabaleshwar offering excellent value, well-appointed guest rooms, great dining, and a convenient location close to key city highlights.","Restaurant, Swimming Pool, AC, Room Service, Bar, Free Parking, Free Breakfast",2.1,1372
Silver Sands Hotel Mahabaleshwar 61,Mahabaleshwar,3.6,1286,"Comfortable budget-friendly lodging in Mahabaleshwar. Offers clean rooms, helpful service, and basic amenities perfect for cost-conscious travelers.","Room Service, Bar, 24/7 Security, Valet Parking, Balcony Room",0.3,1597
Alpine Lodge Lodge Mahabaleshwar 62,Mahabaleshwar,4.3,4384,"Modern mid-range hotel in Mahabaleshwar offering excellent value, well-appointed guest rooms, great dining, and a convenient location close to key city highlights.","Free Breakfast, Valet Parking, Free Parking, Restaurant, Balcony Room, Bar",8.8,210
Mayfair Manor Mahabaleshwar 63,Mahabaleshwar,4.3,3648,"Modern mid-range hotel in Mahabaleshwar offering excellent value, well-appointed guest rooms, great dining, and a convenient location close to key city highlights.","Spa, 24/7 Security, Room Service, Restaurant",6.0,250
Grand Inn Mahabaleshwar 64,Mahabaleshwar,4.6,11726,"Premium luxury accommodation in Mahabaleshwar. Features world-class dining, customized guest services, elegant architecture, and a highly scenic environment.","Gym, Balcony Room, Valet Parking, Laundry Service, Restaurant",4.3,625
Saffron Stays Retreat Mahabaleshwar 65,Mahabaleshwar,3.0,1008,"Comfortable budget-friendly lodging in Mahabaleshwar. Offers clean rooms, helpful service, and basic amenities perfect for cost-conscious travelers.","AC, 24/7 Security, Free Parking, Free Breakfast, Swimming Pool, Restaurant",7.0,1019
Vista Villas Mahabaleshwar 66,Mahabaleshwar,4.3,4003,"Modern mid-range hotel in Mahabaleshwar offering excellent value, well-appointed guest rooms, great dining, and a convenient location close to key city highlights.","Restaurant, Swimming Pool, Room Service, Bar, Laundry Service",5.5,95
Taj Stays Mahabaleshwar 67,Mahabaleshwar,4.0,2887,"Modern mid-range hotel in Mahabaleshwar offering excellent value, well-appointed guest rooms, great dining, and a convenient location close to key city highlights.","Restaurant, Bar, Valet Parking, AC, WiFi, Swimming Pool, Free Breakfast",0.3,1256
Radisson Chalet Mahabaleshwar 68,Mahabaleshwar,4.6,6651,"Premium luxury accommodation in Mahabaleshwar. Features world-class dining, customized guest services, elegant architecture, and a highly scenic environment.","Swimming Pool, Free Breakfast, Bar, Free Parking",6.5,1359
Ginger Suites Mahabaleshwar 69,Mahabaleshwar,4.7,17418,"Premium luxury accommodation in Mahabaleshwar. Features world-class dining, customized guest services, elegant architecture, and a highly scenic environment.","Free Breakfast, Valet Parking, WiFi, AC",4.4,1629
Treebo Palace Mahabaleshwar 70,Mahabaleshwar,4.3,4353,"Modern mid-range hotel in Mahabaleshwar offering excellent value, well-appointed guest rooms, great dining, and a convenient location close to key city highlights.","Free Breakfast, Room Service, AC, Free Parking",1.8,1093
Grand Castle Lonavala 1,Lonavala,3.6,1000,"Comfortable budget-friendly lodging in Lonavala. Offers clean rooms, helpful service, and basic amenities perfect for cost-conscious travelers.","Valet Parking, Spa, Swimming Pool, Bar, Free Parking, Gym, AC",4.3,1396
Saffron Stays Resort Lonavala 2,Lonavala,3.5,1205,"Comfortable budget-friendly lodging in Lonavala. Offers clean rooms, helpful service, and basic amenities perfect for cost-conscious travelers.","Free Breakfast, Gym, Bar, Laundry Service, Valet Parking, Room Service, AC",0.5,128
Vista Hotel Lonavala 3,Lonavala,3.9,2544,"Modern mid-range hotel in Lonavala offering excellent value, well-appointed guest rooms, great dining, and a convenient location close to key city highlights.","Room Service, Gym, Restaurant, Swimming Pool, 24/7 Security, Free Parking, Bar, AC",1.1,407
Taj Lodge Lonavala 4,Lonavala,4.2,2304,"Modern mid-range hotel in Lonavala offering excellent value, well-appointed guest rooms, great dining, and a convenient location close to key city highlights.","Gym, WiFi, Free Parking, Free Breakfast, Restaurant, Spa",4.7,644
Radisson Manor Lonavala 5,Lonavala,5.0,8714,"Premium luxury accommodation in Lonavala. Features world-class dining, customized guest services, elegant architecture, and a highly scenic environment.","AC, Laundry Service, Gym, Bar, Free Breakfast, Balcony Room, Free Parking",7.3,1821
Ginger Inn Lonavala 6,Lonavala,3.1,1348,"Comfortable budget-friendly lodging in Lonavala. Offers clean rooms, helpful service, and basic amenities perfect for cost-conscious travelers.","WiFi, Gym, Valet Parking, Laundry Service, Balcony Room, Free Parking, Free Breakfast, Bar",6.9,1657
Treebo Retreat Lonavala 7,Lonavala,3.7,1694,"Comfortable budget-friendly lodging in Lonavala. Offers clean rooms, helpful service, and basic amenities perfect for cost-conscious travelers.","Room Service, Spa, AC, WiFi, Balcony Room, 24/7 Security",9.3,711
Capital O Villas Lonavala 8,Lonavala,3.4,1650,"Comfortable budget-friendly lodging in Lonavala. Offers clean rooms, helpful service, and basic amenities perfect for cost-conscious travelers.","Valet Parking, Free Breakfast, Free Parking, Restaurant, Swimming Pool",1.4,1047
Ritz Stays Lonavala 9,Lonavala,4.7,13570,"Premium luxury accommodation in Lonavala. Features world-class dining, customized guest services, elegant architecture, and a highly scenic environment.","AC, Free Parking, Swimming Pool, Valet Parking, Spa, 24/7 Security, Gym",7.6,350
Whispering Palms Chalet Lonavala 10,Lonavala,3.2,1140,"Comfortable budget-friendly lodging in Lonavala. Offers clean rooms, helpful service, and basic amenities perfect for cost-conscious travelers.","Balcony Room, Spa, AC, Swimming Pool, Laundry Service, Free Breakfast",7.5,1129
Paradise Suites Lonavala 11,Lonavala,4.1,2601,"Modern mid-range hotel in Lonavala offering excellent value, well-appointed guest rooms, great dining, and a convenient location close to key city highlights.","24/7 Security, Free Parking, Restaurant, AC, Bar, Free Breakfast",9.2,1298
Silver Sands Palace Lonavala 12,Lonavala,4.3,3546,"Modern mid-range hotel in Lonavala offering excellent value, well-appointed guest rooms, great dining, and a convenient location close to key city highlights.","Valet Parking, Gym, Spa, Bar, Laundry Service, Restaurant",2.8,166
Alpine Lodge Haven Lonavala 13,Lonavala,3.2,999,"Comfortable budget-friendly lodging in Lonavala. Offers clean rooms, helpful service, and basic amenities perfect for cost-conscious travelers.","Laundry Service, 24/7 Security, Valet Parking, Bar, Swimming Pool, Gym, AC, Room Service",1.9,1989
Mayfair Castle Lonavala 14,Lonavala,3.0,1492,"Comfortable budget-friendly lodging in Lonavala. Offers clean rooms, helpful service, and basic amenities perfect for cost-conscious travelers.","WiFi, Gym, Room Service, Laundry Service, Valet Parking",1.0,1224
Grand Resort Lonavala 15,Lonavala,3.4,1678,"Comfortable budget-friendly lodging in Lonavala. Offers clean rooms, helpful service, and basic amenities perfect for cost-conscious travelers.","Restaurant, 24/7 Security, Swimming Pool, Room Service, Balcony Room, Free Breakfast, Valet Parking, Spa",3.7,285
Saffron Stays Hotel Lonavala 16,Lonavala,3.3,952,"Comfortable budget-friendly lodging in Lonavala. Offers clean rooms, helpful service, and basic amenities perfect for cost-conscious travelers.","Laundry Service, Room Service, Gym, Valet Parking, Balcony Room, Bar",2.6,132
Vista Lodge Lonavala 17,Lonavala,4.8,6823,"Premium luxury accommodation in Lonavala. Features world-class dining, customized guest services, elegant architecture, and a highly scenic environment.","Free Breakfast, Spa, Room Service, Gym, AC",0.2,13
Taj Manor Lonavala 18,Lonavala,4.0,3617,"Modern mid-range hotel in Lonavala offering excellent value, well-appointed guest rooms, great dining, and a convenient location close to key city highlights.","Free Breakfast, Balcony Room, WiFi, Free Parking, Valet Parking, AC",6.3,999
Radisson Inn Lonavala 19,Lonavala,3.9,4226,"Modern mid-range hotel in Lonavala offering excellent value, well-appointed guest rooms, great dining, and a convenient location close to key city highlights.","24/7 Security, Free Breakfast, AC, Spa, Free Parking",3.6,999
Ginger Retreat Lonavala 20,Lonavala,3.8,3977,"Modern mid-range hotel in Lonavala offering excellent value, well-appointed guest rooms, great dining, and a convenient location close to key city highlights.","Laundry Service, AC, Spa, Swimming Pool",4.8,95
Treebo Villas Lonavala 21,Lonavala,3.6,1872,"Comfortable budget-friendly lodging in Lonavala. Offers clean rooms, helpful service, and basic amenities perfect for cost-conscious travelers.","AC, Room Service, WiFi, Laundry Service, Restaurant, Swimming Pool, Balcony Room, Free Breakfast",5.5,101
Capital O Stays Lonavala 22,Lonavala,3.5,1131,"Comfortable budget-friendly lodging in Lonavala. Offers clean rooms, helpful service, and basic amenities perfect for cost-conscious travelers.","Balcony Room, Restaurant, Laundry Service, Bar, AC, 24/7 Security, Free Parking",4.5,233
Ritz Chalet Lonavala 23,Lonavala,4.2,2341,"Modern mid-range hotel in Lonavala offering excellent value, well-appointed guest rooms, great dining, and a convenient location close to key city highlights.","WiFi, Bar, Valet Parking, Laundry Service, Gym, Balcony Room, AC",7.5,522
Whispering Palms Suites Lonavala 24,Lonavala,4.6,14324,"Premium luxury accommodation in Lonavala. Features world-class dining, customized guest services, elegant architecture, and a highly scenic environment.","Free Parking, Valet Parking, 24/7 Security, Free Breakfast",6.2,479
Paradise Palace Lonavala 25,Lonavala,3.6,1488,"Comfortable budget-friendly lodging in Lonavala. Offers clean rooms, helpful service, and basic amenities perfect for cost-conscious travelers.","Valet Parking, Free Parking, Free Breakfast, Laundry Service",0.6,1141
Silver Sands Haven Lonavala 26,Lonavala,3.1,1565,"Comfortable budget-friendly lodging in Lonavala. Offers clean rooms, helpful service, and basic amenities perfect for cost-conscious travelers.","Free Parking, Swimming Pool, Gym, AC, Room Service, Spa, Laundry Service, Valet Parking",9.1,956
Alpine Lodge Castle Lonavala 27,Lonavala,3.6,1041,"Comfortable budget-friendly lodging in Lonavala. Offers clean rooms, helpful service, and basic amenities perfect for cost-conscious travelers.","Gym, Swimming Pool, Free Parking, Balcony Room, AC, Spa",7.4,708
Mayfair Resort Lonavala 28,Lonavala,4.9,11578,"Premium luxury accommodation in Lonavala. Features world-class dining, customized guest services, elegant architecture, and a highly scenic environment.","Spa, Balcony Room, Swimming Pool, AC",5.5,1913
Grand Hotel Lonavala 29,Lonavala,4.5,14017,"Premium luxury accommodation in Lonavala. Features world-class dining, customized guest services, elegant architecture, and a highly scenic environment.","Free Breakfast, Bar, Restaurant, Room Service, WiFi, Spa, Gym, Swimming Pool",7.4,763
Saffron Stays Lodge Lonavala 30,Lonavala,4.1,4062,"Modern mid-range hotel in Lonavala offering excellent value, well-appointed guest rooms, great dining, and a convenient location close to key city highlights.","Gym, Laundry Service, Free Parking, 24/7 Security, Swimming Pool, WiFi",3.9,928
Vista Manor Lonavala 31,Lonavala,3.5,1468,"Comfortable budget-friendly lodging in Lonavala. Offers clean rooms, helpful service, and basic amenities perfect for cost-conscious travelers.","Free Breakfast, Restaurant, Bar, 24/7 Security",3.6,455
Taj Inn Lonavala 32,Lonavala,4.5,16567,"Premium luxury accommodation in Lonavala. Features world-class dining, customized guest services, elegant architecture, and a highly scenic environment.","Swimming Pool, WiFi, Spa, Balcony Room, Restaurant, 24/7 Security",8.6,1577
Radisson Retreat Lonavala 33,Lonavala,3.2,1912,"Comfortable budget-friendly lodging in Lonavala. Offers clean rooms, helpful service, and basic amenities perfect for cost-conscious travelers.","Gym, Swimming Pool, Free Parking, Bar, Laundry Service",4.9,1310
Ginger Villas Lonavala 34,Lonavala,4.2,3975,"Modern mid-range hotel in Lonavala offering excellent value, well-appointed guest rooms, great dining, and a convenient location close to key city highlights.","Free Parking, WiFi, Gym, Bar, Balcony Room, Free Breakfast, Swimming Pool, Valet Parking",8.8,176
Treebo Stays Lonavala 35,Lonavala,4.7,16456,"Premium luxury accommodation in Lonavala. Features world-class dining, customized guest services, elegant architecture, and a highly scenic environment.","Gym, WiFi, Bar, AC",4.8,1868
Capital O Chalet Lonavala 36,Lonavala,3.1,1973,"Comfortable budget-friendly lodging in Lonavala. Offers clean rooms, helpful service, and basic amenities perfect for cost-conscious travelers.","Swimming Pool, Spa, Restaurant, AC, WiFi, Bar",1.0,813
Ritz Suites Lonavala 37,Lonavala,3.5,1274,"Comfortable budget-friendly lodging in Lonavala. Offers clean rooms, helpful service, and basic amenities perfect for cost-conscious travelers.","Free Parking, Bar, Gym, Valet Parking, Free Breakfast, AC, Restaurant, WiFi",7.2,938
Whispering Palms Palace Lonavala 38,Lonavala,4.5,11614,"Premium luxury accommodation in Lonavala. Features world-class dining, customized guest services, elegant architecture, and a highly scenic environment.","Free Breakfast, Laundry Service, AC, WiFi, 24/7 Security, Valet Parking, Restaurant",2.2,674
Paradise Haven Lonavala 39,Lonavala,4.9,15748,"Premium luxury accommodation in Lonavala. Features world-class dining, customized guest services, elegant architecture, and a highly scenic environment.","24/7 Security, Valet Parking, Free Breakfast, Laundry Service, Gym, Swimming Pool, Balcony Room, AC",2.3,476
Silver Sands Castle Lonavala 40,Lonavala,3.5,1341,"Comfortable budget-friendly lodging in Lonavala. Offers clean rooms, helpful service, and basic amenities perfect for cost-conscious travelers.","24/7 Security, AC, Valet Parking, Free Breakfast, Bar, Laundry Service, Restaurant, Balcony Room",3.3,1606
Alpine Lodge Resort Lonavala 41,Lonavala,3.0,1911,"Comfortable budget-friendly lodging in Lonavala. Offers clean rooms, helpful service, and basic amenities perfect for cost-conscious travelers.","Room Service, WiFi, Free Parking, Restaurant, Free Breakfast, Gym",8.0,1118
Mayfair Hotel Lonavala 42,Lonavala,3.2,1505,"Comfortable budget-friendly lodging in Lonavala. Offers clean rooms, helpful service, and basic amenities perfect for cost-conscious travelers.","WiFi, Bar, Restaurant, Spa, Free Breakfast, Balcony Room, Free Parking",5.7,1748
Grand Lodge Lonavala 43,Lonavala,4.2,3474,"Modern mid-range hotel in Lonavala offering excellent value, well-appointed guest rooms, great dining, and a convenient location close to key city highlights.","Valet Parking, Restaurant, Free Breakfast, AC, Swimming Pool, Free Parking, Room Service, WiFi",4.7,1189
Saffron Stays Manor Lonavala 44,Lonavala,3.9,3256,"Modern mid-range hotel in Lonavala offering excellent value, well-appointed guest rooms, great dining, and a convenient location close to key city highlights.","Bar, Restaurant, Laundry Service, Balcony Room, AC, Valet Parking, Free Breakfast",1.5,1167
Vista Inn Lonavala 45,Lonavala,4.6,7485,"Premium luxury accommodation in Lonavala. Features world-class dining, customized guest services, elegant architecture, and a highly scenic environment.","AC, Laundry Service, Free Parking, Gym, Restaurant",4.9,559
Taj Retreat Lonavala 46,Lonavala,4.9,16146,"Premium luxury accommodation in Lonavala. Features world-class dining, customized guest services, elegant architecture, and a highly scenic environment.","24/7 Security, Gym, Free Parking, WiFi",5.8,538
Radisson Villas Lonavala 47,Lonavala,4.9,11229,"Premium luxury accommodation in Lonavala. Features world-class dining, customized guest services, elegant architecture, and a highly scenic environment.","Balcony Room, Bar, Valet Parking, AC, WiFi, Laundry Service, Room Service, 24/7 Security",5.6,1233
Ginger Stays Lonavala 48,Lonavala,3.4,1635,"Comfortable budget-friendly lodging in Lonavala. Offers clean rooms, helpful service, and basic amenities perfect for cost-conscious travelers.","Gym, Room Service, Spa, AC",7.4,985
Treebo Chalet Lonavala 49,Lonavala,3.1,1706,"Comfortable budget-friendly lodging in Lonavala. Offers clean rooms, helpful service, and basic amenities perfect for cost-conscious travelers.","Free Breakfast, Balcony Room, Free Parking, Bar, 24/7 Security, WiFi, Gym",5.5,1839
Capital O Suites Lonavala 50,Lonavala,4.7,7364,"Premium luxury accommodation in Lonavala. Features world-class dining, customized guest services, elegant architecture, and a highly scenic environment.","Gym, Free Breakfast, 24/7 Security, Free Parking, Spa, Valet Parking, Swimming Pool",6.4,184
Ritz Palace Lonavala 51,Lonavala,3.1,1696,"Comfortable budget-friendly lodging in Lonavala. Offers clean rooms, helpful service, and basic amenities perfect for cost-conscious travelers.","Bar, Swimming Pool, Spa, Room Service, Free Parking",4.0,393
Whispering Palms Haven Lonavala 52,Lonavala,4.3,2133,"Modern mid-range hotel in Lonavala offering excellent value, well-appointed guest rooms, great dining, and a convenient location close to key city highlights.","Room Service, Laundry Service, Spa, Restaurant, Gym, Valet Parking, Free Parking",1.9,1938
Paradise Castle Lonavala 53,Lonavala,4.6,5850,"Premium luxury accommodation in Lonavala. Features world-class dining, customized guest services, elegant architecture, and a highly scenic environment.","Gym, Free Parking, 24/7 Security, Balcony Room, Restaurant",2.7,56
Silver Sands Resort Lonavala 54,Lonavala,4.6,16605,"Premium luxury accommodation in Lonavala. Features world-class dining, customized guest services, elegant architecture, and a highly scenic environment.","Balcony Room, AC, Free Parking, Restaurant",6.8,1402
Alpine Lodge Hotel Lonavala 55,Lonavala,4.8,11534,"Premium luxury accommodation in Lonavala. Features world-class dining, customized guest services, elegant architecture, and a highly scenic environment.","Bar, Laundry Service, Spa, Gym, Balcony Room, Free Breakfast, AC, Valet Parking",7.4,1236
Mayfair Lodge Lonavala 56,Lonavala,3.6,1079,"Comfortable budget-friendly lodging in Lonavala. Offers clean rooms, helpful service, and basic amenities perfect for cost-conscious travelers.","Bar, Gym, Free Breakfast, WiFi, Laundry Service, AC, Restaurant, Spa",5.1,1705
Grand Manor Lonavala 57,Lonavala,4.1,3176,"Modern mid-range hotel in Lonavala offering excellent value, well-appointed guest rooms, great dining, and a convenient location close to key city highlights.","Free Breakfast, 24/7 Security, Bar, Gym, Swimming Pool, Free Parking, WiFi, Spa",1.7,726
Saffron Stays Inn Lonavala 58,Lonavala,4.9,7345,"Premium luxury accommodation in Lonavala. Features world-class dining, customized guest services, elegant architecture, and a highly scenic environment.","24/7 Security, WiFi, Bar, Gym, Free Breakfast, AC, Restaurant, Swimming Pool",3.5,1649
Vista Retreat Lonavala 59,Lonavala,3.1,1941,"Comfortable budget-friendly lodging in Lonavala. Offers clean rooms, helpful service, and basic amenities perfect for cost-conscious travelers.","Room Service, Balcony Room, Laundry Service, Free Breakfast, 24/7 Security, AC, WiFi",6.5,96
Taj Villas Lonavala 60,Lonavala,3.5,1066,"Comfortable budget-friendly lodging in Lonavala. Offers clean rooms, helpful service, and basic amenities perfect for cost-conscious travelers.","Swimming Pool, Gym, Balcony Room, Free Breakfast, WiFi",8.6,200
Radisson Stays Lonavala 61,Lonavala,4.2,4937,"Modern mid-range hotel in Lonavala offering excellent value, well-appointed guest rooms, great dining, and a convenient location close to key city highlights.","Room Service, AC, 24/7 Security, Gym, Free Parking, Spa",5.2,976
Ginger Chalet Lonavala 62,Lonavala,4.1,3982,"Modern mid-range hotel in Lonavala offering excellent value, well-appointed guest rooms, great dining, and a convenient location close to key city highlights.","Room Service, Free Breakfast, Gym, Swimming Pool, Restaurant",7.6,1659
Treebo Suites Lonavala 63,Lonavala,3.6,1541,"Comfortable budget-friendly lodging in Lonavala. Offers clean rooms, helpful service, and basic amenities perfect for cost-conscious travelers.","Spa, Free Parking, Swimming Pool, Free Breakfast, 24/7 Security, AC, Restaurant",2.9,884
Capital O Palace Lonavala 64,Lonavala,3.0,1198,"Comfortable budget-friendly lodging in Lonavala. Offers clean rooms, helpful service, and basic amenities perfect for cost-conscious travelers.","Room Service, Balcony Room, 24/7 Security, WiFi, Free Breakfast",0.1,673
Ritz Haven Lonavala 65,Lonavala,3.2,884,"Comfortable budget-friendly lodging in Lonavala. Offers clean rooms, helpful service, and basic amenities perfect for cost-conscious travelers.","Room Service, Free Breakfast, Restaurant, Bar, Swimming Pool",1.5,53
Whispering Palms Castle Lonavala 66,Lonavala,3.3,1126,"Comfortable budget-friendly lodging in Lonavala. Offers clean rooms, helpful service, and basic amenities perfect for cost-conscious travelers.","Swimming Pool, Valet Parking, Free Breakfast, Bar",2.9,1949
Paradise Resort Lonavala 67,Lonavala,3.5,1615,"Comfortable budget-friendly lodging in Lonavala. Offers clean rooms, helpful service, and basic amenities perfect for cost-conscious travelers.","Room Service, Free Breakfast, Free Parking, Spa, Swimming Pool, WiFi",8.3,561
Silver Sands Hotel Lonavala 68,Lonavala,3.8,2539,"Modern mid-range hotel in Lonavala offering excellent value, well-appointed guest rooms, great dining, and a convenient location close to key city highlights.","Bar, Laundry Service, Valet Parking, WiFi, Swimming Pool, Balcony Room, Spa",3.9,1403
Alpine Lodge Lodge Lonavala 69,Lonavala,4.1,3035,"Modern mid-range hotel in Lonavala offering excellent value, well-appointed guest rooms, great dining, and a convenient location close to key city highlights.","Spa, WiFi, Gym, AC, 24/7 Security, Free Breakfast",5.1,1580
Mayfair Manor Lonavala 70,Lonavala,3.7,1911,"Comfortable budget-friendly lodging in Lonavala. Offers clean rooms, helpful service, and basic amenities perfect for cost-conscious travelers.","Gym, WiFi, Free Parking, Bar, Room Service",9.1,300
Capital O Retreat Bengaluru 1,Bengaluru,4.8,16285,"Premium luxury accommodation in Bengaluru. Features world-class dining, customized guest services, elegant architecture, and a highly scenic environment.","Gym, AC, Room Service, Laundry Service, WiFi, 24/7 Security, Free Parking, Valet Parking",0.9,541
Ritz Villas Bengaluru 2,Bengaluru,3.7,1114,"Comfortable budget-friendly lodging in Bengaluru. Offers clean rooms, helpful service, and basic amenities perfect for cost-conscious travelers.","Spa, AC, Free Breakfast, Swimming Pool, Restaurant",7.1,1098
Whispering Palms Stays Bengaluru 3,Bengaluru,3.7,1004,"Comfortable budget-friendly lodging in Bengaluru. Offers clean rooms, helpful service, and basic amenities perfect for cost-conscious travelers.","Laundry Service, Free Breakfast, WiFi, Swimming Pool, Bar, Valet Parking, Balcony Room, Restaurant",4.2,1257
Paradise Chalet Bengaluru 4,Bengaluru,5.0,12919,"Premium luxury accommodation in Bengaluru. Features world-class dining, customized guest services, elegant architecture, and a highly scenic environment.","WiFi, Free Parking, Spa, Bar, Swimming Pool",5.5,104
Silver Sands Suites Bengaluru 5,Bengaluru,3.2,1951,"Comfortable budget-friendly lodging in Bengaluru. Offers clean rooms, helpful service, and basic amenities perfect for cost-conscious travelers.","Room Service, Valet Parking, 24/7 Security, Bar, Spa",2.3,1453
Alpine Lodge Palace Bengaluru 6,Bengaluru,3.3,1957,"Comfortable budget-friendly lodging in Bengaluru. Offers clean rooms, helpful service, and basic amenities perfect for cost-conscious travelers.","Balcony Room, WiFi, Restaurant, Free Parking, Gym, Free Breakfast, Bar",4.9,1225
Mayfair Haven Bengaluru 7,Bengaluru,4.8,10630,"Premium luxury accommodation in Bengaluru. Features world-class dining, customized guest services, elegant architecture, and a highly scenic environment.","Laundry Service, Bar, 24/7 Security, Swimming Pool, Balcony Room, AC, Gym, Room Service",5.8,918
Grand Castle Bengaluru 8,Bengaluru,3.2,1137,"Comfortable budget-friendly lodging in Bengaluru. Offers clean rooms, helpful service, and basic amenities perfect for cost-conscious travelers.","24/7 Security, Free Breakfast, Bar, Balcony Room",2.9,1769
Saffron Stays Resort Bengaluru 9,Bengaluru,3.2,1434,"Comfortable budget-friendly lodging in Bengaluru. Offers clean rooms, helpful service, and basic amenities perfect for cost-conscious travelers.","Restaurant, Room Service, Free Breakfast, Gym, Free Parking",4.0,799
Vista Hotel Bengaluru 10,Bengaluru,3.3,963,"Comfortable budget-friendly lodging in Bengaluru. Offers clean rooms, helpful service, and basic amenities perfect for cost-conscious travelers.","Room Service, Gym, Valet Parking, Swimming Pool, Spa, Restaurant, Free Breakfast, Bar",4.3,1565
Taj Lodge Bengaluru 11,Bengaluru,4.8,12114,"Premium luxury accommodation in Bengaluru. Features world-class dining, customized guest services, elegant architecture, and a highly scenic environment.","Free Breakfast, Spa, Restaurant, Valet Parking, Gym, Laundry Service, Free Parking",6.0,711
Radisson Manor Bengaluru 12,Bengaluru,4.7,15201,"Premium luxury accommodation in Bengaluru. Features world-class dining, customized guest services, elegant architecture, and a highly scenic environment.","Room Service, Free Breakfast, Spa, Free Parking, AC, Bar, 24/7 Security",1.1,1861
Ginger Inn Bengaluru 13,Bengaluru,3.8,4912,"Modern mid-range hotel in Bengaluru offering excellent value, well-appointed guest rooms, great dining, and a convenient location close to key city highlights.","Gym, Room Service, Laundry Service, Valet Parking, WiFi, Spa",5.9,1180
Treebo Retreat Bengaluru 14,Bengaluru,3.1,1263,"Comfortable budget-friendly lodging in Bengaluru. Offers clean rooms, helpful service, and basic amenities perfect for cost-conscious travelers.","Room Service, Laundry Service, WiFi, 24/7 Security, Restaurant, Spa",2.9,1200
Capital O Villas Bengaluru 15,Bengaluru,4.7,5828,"Premium luxury accommodation in Bengaluru. Features world-class dining, customized guest services, elegant architecture, and a highly scenic environment.","Valet Parking, WiFi, Free Parking, Restaurant",0.2,144
Ritz Stays Bengaluru 16,Bengaluru,3.8,3451,"Modern mid-range hotel in Bengaluru offering excellent value, well-appointed guest rooms, great dining, and a convenient location close to key city highlights.","Gym, Free Breakfast, AC, Spa, Restaurant, Laundry Service, Valet Parking",3.7,1605
Whispering Palms Chalet Bengaluru 17,Bengaluru,4.9,7267,"Premium luxury accommodation in Bengaluru. Features world-class dining, customized guest services, elegant architecture, and a highly scenic environment.","Bar, Restaurant, Free Parking, Spa, WiFi",2.2,1611
Paradise Suites Bengaluru 18,Bengaluru,4.2,2217,"Modern mid-range hotel in Bengaluru offering excellent value, well-appointed guest rooms, great dining, and a convenient location close to key city highlights.","24/7 Security, Swimming Pool, Valet Parking, Restaurant, WiFi, Balcony Room, Bar, Room Service",4.5,232
Silver Sands Palace Bengaluru 19,Bengaluru,4.9,6862,"Premium luxury accommodation in Bengaluru. Features world-class dining, customized guest services, elegant architecture, and a highly scenic environment.","Spa, Balcony Room, AC, Restaurant, Swimming Pool, Laundry Service, Free Breakfast",9.1,682
Alpine Lodge Haven Bengaluru 20,Bengaluru,3.8,2052,"Modern mid-range hotel in Bengaluru offering excellent value, well-appointed guest rooms, great dining, and a convenient location close to key city highlights.","Laundry Service, Swimming Pool, Room Service, Restaurant",1.3,1260
Mayfair Castle Bengaluru 21,Bengaluru,4.6,8562,"Premium luxury accommodation in Bengaluru. Features world-class dining, customized guest services, elegant architecture, and a highly scenic environment.","Free Parking, Room Service, Valet Parking, Restaurant, Free Breakfast, Laundry Service",1.6,1188
Grand Resort Bengaluru 22,Bengaluru,4.1,2992,"Modern mid-range hotel in Bengaluru offering excellent value, well-appointed guest rooms, great dining, and a convenient location close to key city highlights.","Free Parking, AC, Laundry Service, 24/7 Security, Free Breakfast, Balcony Room",7.6,178
Saffron Stays Hotel Bengaluru 23,Bengaluru,5.0,9082,"Premium luxury accommodation in Bengaluru. Features world-class dining, customized guest services, elegant architecture, and a highly scenic environment.","WiFi, 24/7 Security, Spa, Valet Parking, AC, Laundry Service, Restaurant, Gym",6.9,493
Vista Lodge Bengaluru 24,Bengaluru,3.8,2043,"Modern mid-range hotel in Bengaluru offering excellent value, well-appointed guest rooms, great dining, and a convenient location close to key city highlights.","Valet Parking, Gym, Spa, Free Parking",5.4,1186
Taj Manor Bengaluru 25,Bengaluru,3.1,913,"Comfortable budget-friendly lodging in Bengaluru. Offers clean rooms, helpful service, and basic amenities perfect for cost-conscious travelers.","Restaurant, Free Breakfast, AC, Swimming Pool, Balcony Room, Free Parking, Spa",4.3,1011
Radisson Inn Bengaluru 26,Bengaluru,3.5,1465,"Comfortable budget-friendly lodging in Bengaluru. Offers clean rooms, helpful service, and basic amenities perfect for cost-conscious travelers.","Restaurant, Laundry Service, WiFi, Balcony Room, Spa, Gym",1.3,1278
Ginger Retreat Bengaluru 27,Bengaluru,4.0,2588,"Modern mid-range hotel in Bengaluru offering excellent value, well-appointed guest rooms, great dining, and a convenient location close to key city highlights.","Valet Parking, AC, Free Breakfast, Bar",7.7,558
Treebo Villas Bengaluru 28,Bengaluru,4.9,8680,"Premium luxury accommodation in Bengaluru. Features world-class dining, customized guest services, elegant architecture, and a highly scenic environment.","Gym, Restaurant, Balcony Room, Laundry Service, Free Parking, AC, WiFi, Spa",3.1,444
Capital O Stays Bengaluru 29,Bengaluru,4.5,16007,"Premium luxury accommodation in Bengaluru. Features world-class dining, customized guest services, elegant architecture, and a highly scenic environment.","Balcony Room, Spa, Valet Parking, Bar, 24/7 Security, Room Service, Free Breakfast, Restaurant",6.6,694
Ritz Chalet Bengaluru 30,Bengaluru,3.9,3016,"Modern mid-range hotel in Bengaluru offering excellent value, well-appointed guest rooms, great dining, and a convenient location close to key city highlights.","Swimming Pool, Gym, 24/7 Security, WiFi, Free Breakfast, Valet Parking, Restaurant, Spa",2.4,1849
Whispering Palms Suites Bengaluru 31,Bengaluru,4.7,8411,"Premium luxury accommodation in Bengaluru. Features world-class dining, customized guest services, elegant architecture, and a highly scenic environment.","Spa, Gym, AC, Restaurant",1.1,376
Paradise Palace Bengaluru 32,Bengaluru,3.3,1774,"Comfortable budget-friendly lodging in Bengaluru. Offers clean rooms, helpful service, and basic amenities perfect for cost-conscious travelers.","WiFi, Laundry Service, Free Parking, Room Service, Bar, Gym",6.8,949
Silver Sands Haven Bengaluru 33,Bengaluru,3.3,1295,"Comfortable budget-friendly lodging in Bengaluru. Offers clean rooms, helpful service, and basic amenities perfect for cost-conscious travelers.","Bar, WiFi, Balcony Room, Swimming Pool, AC",0.6,519
Alpine Lodge Castle Bengaluru 34,Bengaluru,4.6,10351,"Premium luxury accommodation in Bengaluru. Features world-class dining, customized guest services, elegant architecture, and a highly scenic environment.","Balcony Room, WiFi, Free Breakfast, Swimming Pool",3.5,740
Mayfair Resort Bengaluru 35,Bengaluru,3.6,1821,"Comfortable budget-friendly lodging in Bengaluru. Offers clean rooms, helpful service, and basic amenities perfect for cost-conscious travelers.","24/7 Security, Free Parking, Restaurant, Laundry Service",9.5,117
Grand Hotel Bengaluru 36,Bengaluru,3.5,1111,"Comfortable budget-friendly lodging in Bengaluru. Offers clean rooms, helpful service, and basic amenities perfect for cost-conscious travelers.","Bar, AC, Restaurant, Swimming Pool, Laundry Service, Spa",3.6,772
Saffron Stays Lodge Bengaluru 37,Bengaluru,4.7,7156,"Premium luxury accommodation in Bengaluru. Features world-class dining, customized guest services, elegant architecture, and a highly scenic environment.","Gym, Room Service, WiFi, Free Breakfast, 24/7 Security, Swimming Pool",5.6,1739
Vista Manor Bengaluru 38,Bengaluru,3.5,1507,"Comfortable budget-friendly lodging in Bengaluru. Offers clean rooms, helpful service, and basic amenities perfect for cost-conscious travelers.","Bar, Valet Parking, 24/7 Security, Gym",7.0,645
Taj Inn Bengaluru 39,Bengaluru,4.2,3040,"Modern mid-range hotel in Bengaluru offering excellent value, well-appointed guest rooms, great dining, and a convenient location close to key city highlights.","Free Parking, Valet Parking, Free Breakfast, Swimming Pool",3.2,1028
Radisson Retreat Bengaluru 40,Bengaluru,4.7,10145,"Premium luxury accommodation in Bengaluru. Features world-class dining, customized guest services, elegant architecture, and a highly scenic environment.","Free Breakfast, Swimming Pool, AC, Valet Parking, Gym, Spa",9.1,1303
Ginger Villas Bengaluru 41,Bengaluru,4.3,3137,"Modern mid-range hotel in Bengaluru offering excellent value, well-appointed guest rooms, great dining, and a convenient location close to key city highlights.","Gym, WiFi, AC, Swimming Pool, Valet Parking, Spa, Laundry Service",6.4,1797
Treebo Stays Bengaluru 42,Bengaluru,4.1,3493,"Modern mid-range hotel in Bengaluru offering excellent value, well-appointed guest rooms, great dining, and a convenient location close to key city highlights.","Gym, Bar, Spa, WiFi, Laundry Service, Free Breakfast, AC",8.9,650
Capital O Chalet Bengaluru 43,Bengaluru,3.1,1115,"Comfortable budget-friendly lodging in Bengaluru. Offers clean rooms, helpful service, and basic amenities perfect for cost-conscious travelers.","Bar, Free Parking, Room Service, Laundry Service",3.7,1666
Ritz Suites Bengaluru 44,Bengaluru,3.7,1660,"Comfortable budget-friendly lodging in Bengaluru. Offers clean rooms, helpful service, and basic amenities perfect for cost-conscious travelers.","Free Breakfast, Balcony Room, Swimming Pool, Restaurant, Gym, Free Parking, AC, WiFi",8.7,1044
Whispering Palms Palace Bengaluru 45,Bengaluru,3.1,877,"Comfortable budget-friendly lodging in Bengaluru. Offers clean rooms, helpful service, and basic amenities perfect for cost-conscious travelers.","WiFi, Swimming Pool, Restaurant, AC",7.0,1749
Paradise Haven Bengaluru 46,Bengaluru,3.1,1243,"Comfortable budget-friendly lodging in Bengaluru. Offers clean rooms, helpful service, and basic amenities perfect for cost-conscious travelers.","Spa, Free Breakfast, Room Service, Valet Parking, Laundry Service, Free Parking, Swimming Pool, Restaurant",5.7,88
Silver Sands Castle Bengaluru 47,Bengaluru,3.6,1600,"Comfortable budget-friendly lodging in Bengaluru. Offers clean rooms, helpful service, and basic amenities perfect for cost-conscious travelers.","AC, Gym, Room Service, Valet Parking",1.2,1990
Alpine Lodge Resort Bengaluru 48,Bengaluru,4.0,4898,"Modern mid-range hotel in Bengaluru offering excellent value, well-appointed guest rooms, great dining, and a convenient location close to key city highlights.","Valet Parking, Bar, Swimming Pool, Room Service, 24/7 Security, AC, WiFi, Spa",6.0,1363
Mayfair Hotel Bengaluru 49,Bengaluru,4.2,3368,"Modern mid-range hotel in Bengaluru offering excellent value, well-appointed guest rooms, great dining, and a convenient location close to key city highlights.","24/7 Security, Room Service, Balcony Room, Spa, AC, Free Breakfast, Laundry Service",5.0,34
Grand Lodge Bengaluru 50,Bengaluru,4.0,2639,"Modern mid-range hotel in Bengaluru offering excellent value, well-appointed guest rooms, great dining, and a convenient location close to key city highlights.","Spa, WiFi, Valet Parking, Laundry Service, Room Service, Swimming Pool, Restaurant",4.3,1304
Saffron Stays Manor Bengaluru 51,Bengaluru,3.4,1231,"Comfortable budget-friendly lodging in Bengaluru. Offers clean rooms, helpful service, and basic amenities perfect for cost-conscious travelers.","AC, Restaurant, WiFi, Free Breakfast, Room Service, Gym",6.9,1468
Vista Inn Bengaluru 52,Bengaluru,4.6,13740,"Premium luxury accommodation in Bengaluru. Features world-class dining, customized guest services, elegant architecture, and a highly scenic environment.","WiFi, 24/7 Security, AC, Free Parking, Free Breakfast",9.1,1075
Taj Retreat Bengaluru 53,Bengaluru,4.5,14568,"Premium luxury accommodation in Bengaluru. Features world-class dining, customized guest services, elegant architecture, and a highly scenic environment.","Bar, Swimming Pool, Laundry Service, Restaurant, Balcony Room, Valet Parking, Gym, Free Breakfast",4.4,172
Radisson Villas Bengaluru 54,Bengaluru,3.5,1784,"Comfortable budget-friendly lodging in Bengaluru. Offers clean rooms, helpful service, and basic amenities perfect for cost-conscious travelers.","Free Parking, WiFi, AC, Valet Parking, Room Service, Balcony Room",6.9,930
Ginger Stays Bengaluru 55,Bengaluru,3.7,1949,"Comfortable budget-friendly lodging in Bengaluru. Offers clean rooms, helpful service, and basic amenities perfect for cost-conscious travelers.","24/7 Security, Free Breakfast, Swimming Pool, Valet Parking, AC, Restaurant",3.4,103
Treebo Chalet Bengaluru 56,Bengaluru,3.7,1548,"Comfortable budget-friendly lodging in Bengaluru. Offers clean rooms, helpful service, and basic amenities perfect for cost-conscious travelers.","Gym, Restaurant, Balcony Room, Swimming Pool, Room Service, WiFi, Free Breakfast",2.1,1918
Capital O Suites Bengaluru 57,Bengaluru,3.3,866,"Comfortable budget-friendly lodging in Bengaluru. Offers clean rooms, helpful service, and basic amenities perfect for cost-conscious travelers.","Bar, Room Service, Balcony Room, AC, Valet Parking",7.2,448
Ritz Palace Bengaluru 58,Bengaluru,3.5,1761,"Comfortable budget-friendly lodging in Bengaluru. Offers clean rooms, helpful service, and basic amenities perfect for cost-conscious travelers.","Free Breakfast, 24/7 Security, Gym, WiFi, Valet Parking, Swimming Pool, AC",4.8,1151
Whispering Palms Haven Bengaluru 59,Bengaluru,4.0,4424,"Modern mid-range hotel in Bengaluru offering excellent value, well-appointed guest rooms, great dining, and a convenient location close to key city highlights.","Balcony Room, AC, Swimming Pool, Bar, Restaurant",5.2,1388
Paradise Castle Bengaluru 60,Bengaluru,3.3,1011,"Comfortable budget-friendly lodging in Bengaluru. Offers clean rooms, helpful service, and basic amenities perfect for cost-conscious travelers.","Restaurant, Laundry Service, WiFi, Spa, Bar",9.1,604
Silver Sands Resort Bengaluru 61,Bengaluru,3.7,848,"Comfortable budget-friendly lodging in Bengaluru. Offers clean rooms, helpful service, and basic amenities perfect for cost-conscious travelers.","Bar, Restaurant, Free Parking, WiFi",4.9,1534
Alpine Lodge Hotel Bengaluru 62,Bengaluru,4.4,15908,"Premium luxury accommodation in Bengaluru. Features world-class dining, customized guest services, elegant architecture, and a highly scenic environment.","Free Parking, Room Service, Gym, Balcony Room, Free Breakfast, AC, Laundry Service, Swimming Pool",5.0,989
Mayfair Lodge Bengaluru 63,Bengaluru,3.3,1573,"Comfortable budget-friendly lodging in Bengaluru. Offers clean rooms, helpful service, and basic amenities perfect for cost-conscious travelers.","AC, Gym, WiFi, 24/7 Security",7.6,1590
Grand Manor Bengaluru 64,Bengaluru,3.6,1877,"Comfortable budget-friendly lodging in Bengaluru. Offers clean rooms, helpful service, and basic amenities perfect for cost-conscious travelers.","24/7 Security, Laundry Service, WiFi, Valet Parking, Balcony Room",5.6,606
Saffron Stays Inn Bengaluru 65,Bengaluru,3.4,1122,"Comfortable budget-friendly lodging in Bengaluru. Offers clean rooms, helpful service, and basic amenities perfect for cost-conscious travelers.","Restaurant, Free Parking, Gym, WiFi, Free Breakfast, Balcony Room, Swimming Pool, Valet Parking",9.4,1169
Vista Retreat Bengaluru 66,Bengaluru,4.9,11762,"Premium luxury accommodation in Bengaluru. Features world-class dining, customized guest services, elegant architecture, and a highly scenic environment.","Restaurant, AC, 24/7 Security, Spa, Room Service, Free Breakfast",6.6,745
Taj Villas Bengaluru 67,Bengaluru,3.2,1573,"Comfortable budget-friendly lodging in Bengaluru. Offers clean rooms, helpful service, and basic amenities perfect for cost-conscious travelers.","Spa, Bar, Balcony Room, Free Breakfast, 24/7 Security",6.0,124
Radisson Stays Bengaluru 68,Bengaluru,3.0,1060,"Comfortable budget-friendly lodging in Bengaluru. Offers clean rooms, helpful service, and basic amenities perfect for cost-conscious travelers.","WiFi, Spa, Gym, Restaurant, Balcony Room",3.6,1532
Ginger Chalet Bengaluru 69,Bengaluru,3.9,2418,"Modern mid-range hotel in Bengaluru offering excellent value, well-appointed guest rooms, great dining, and a convenient location close to key city highlights.","Bar, Swimming Pool, Laundry Service, Balcony Room, Room Service",5.4,99
Treebo Suites Bengaluru 70,Bengaluru,4.7,6675,"Premium luxury accommodation in Bengaluru. Features world-class dining, customized guest services, elegant architecture, and a highly scenic environment.","Balcony Room, Laundry Service, Spa, Room Service, WiFi, Bar, Swimming Pool, Gym",3.9,98
Grand Haven Mysore 1,Mysore,4.4,6880,"Premium luxury accommodation in Mysore. Features world-class dining, customized guest services, elegant architecture, and a highly scenic environment.","Gym, Free Parking, Spa, Free Breakfast, Room Service",5.3,1589
Saffron Stays Castle Mysore 2,Mysore,3.6,868,"Comfortable budget-friendly lodging in Mysore. Offers clean rooms, helpful service, and basic amenities perfect for cost-conscious travelers.","Room Service, AC, Gym, 24/7 Security, Swimming Pool, Bar, Spa, Valet Parking",3.8,671
Vista Resort Mysore 3,Mysore,4.7,9617,"Premium luxury accommodation in Mysore. Features world-class dining, customized guest services, elegant architecture, and a highly scenic environment.","Restaurant, Spa, WiFi, 24/7 Security, Laundry Service, Balcony Room",6.6,315
Taj Hotel Mysore 4,Mysore,3.5,1914,"Comfortable budget-friendly lodging in Mysore. Offers clean rooms, helpful service, and basic amenities perfect for cost-conscious travelers.","Gym, Valet Parking, Swimming Pool, Balcony Room, Free Breakfast, Laundry Service, Free Parking",0.8,761
Radisson Lodge Mysore 5,Mysore,3.1,950,"Comfortable budget-friendly lodging in Mysore. Offers clean rooms, helpful service, and basic amenities perfect for cost-conscious travelers.","Room Service, WiFi, Valet Parking, Spa",3.7,789
Ginger Manor Mysore 6,Mysore,4.3,2498,"Modern mid-range hotel in Mysore offering excellent value, well-appointed guest rooms, great dining, and a convenient location close to key city highlights.","24/7 Security, Swimming Pool, Free Parking, Gym, Valet Parking, AC",0.2,184
Treebo Inn Mysore 7,Mysore,3.0,1730,"Comfortable budget-friendly lodging in Mysore. Offers clean rooms, helpful service, and basic amenities perfect for cost-conscious travelers.","Balcony Room, Room Service, Free Parking, Swimming Pool",7.9,1678
Capital O Retreat Mysore 8,Mysore,4.2,4521,"Modern mid-range hotel in Mysore offering excellent value, well-appointed guest rooms, great dining, and a convenient location close to key city highlights.","Valet Parking, Bar, AC, Laundry Service, Free Parking",1.4,632
Ritz Villas Mysore 9,Mysore,4.5,11704,"Premium luxury accommodation in Mysore. Features world-class dining, customized guest services, elegant architecture, and a highly scenic environment.","Room Service, Laundry Service, Gym, Restaurant, Swimming Pool, WiFi, Valet Parking, Spa",0.8,200
Whispering Palms Stays Mysore 10,Mysore,3.4,942,"Comfortable budget-friendly lodging in Mysore. Offers clean rooms, helpful service, and basic amenities perfect for cost-conscious travelers.","Swimming Pool, Balcony Room, Room Service, Laundry Service, 24/7 Security, Restaurant, WiFi, Spa",8.8,1438
Paradise Chalet Mysore 11,Mysore,4.4,7565,"Premium luxury accommodation in Mysore. Features world-class dining, customized guest services, elegant architecture, and a highly scenic environment.","Laundry Service, Swimming Pool, Free Breakfast, Free Parking, WiFi, Restaurant",3.0,88
Silver Sands Suites Mysore 12,Mysore,4.0,3696,"Modern mid-range hotel in Mysore offering excellent value, well-appointed guest rooms, great dining, and a convenient location close to key city highlights.","Free Parking, Valet Parking, Restaurant, WiFi",7.7,1858
Alpine Lodge Palace Mysore 13,Mysore,3.8,2409,"Modern mid-range hotel in Mysore offering excellent value, well-appointed guest rooms, great dining, and a convenient location close to key city highlights.","Laundry Service, Room Service, Free Breakfast, 24/7 Security, Gym, Swimming Pool",0.3,224
Mayfair Haven Mysore 14,Mysore,3.5,1524,"Comfortable budget-friendly lodging in Mysore. Offers clean rooms, helpful service, and basic amenities perfect for cost-conscious travelers.","Restaurant, Bar, Free Breakfast, Spa, Laundry Service, Valet Parking, 24/7 Security",6.3,977
Grand Castle Mysore 15,Mysore,4.2,2223,"Modern mid-range hotel in Mysore offering excellent value, well-appointed guest rooms, great dining, and a convenient location close to key city highlights.","Valet Parking, Restaurant, WiFi, Gym, Laundry Service, Free Breakfast, 24/7 Security",2.5,1294
Saffron Stays Resort Mysore 16,Mysore,4.2,4151,"Modern mid-range hotel in Mysore offering excellent value, well-appointed guest rooms, great dining, and a convenient location close to key city highlights.","WiFi, Free Parking, Gym, Valet Parking, 24/7 Security, Swimming Pool, Laundry Service",3.8,1995
Vista Hotel Mysore 17,Mysore,5.0,9733,"Premium luxury accommodation in Mysore. Features world-class dining, customized guest services, elegant architecture, and a highly scenic environment.","Spa, Laundry Service, AC, Restaurant",0.8,1716
Taj Lodge Mysore 18,Mysore,3.8,2918,"Modern mid-range hotel in Mysore offering excellent value, well-appointed guest rooms, great dining, and a convenient location close to key city highlights.","AC, 24/7 Security, Free Breakfast, Bar, Gym",8.9,1449
Radisson Manor Mysore 19,Mysore,4.3,2186,"Modern mid-range hotel in Mysore offering excellent value, well-appointed guest rooms, great dining, and a convenient location close to key city highlights.","Free Breakfast, AC, Gym, Swimming Pool, WiFi, Laundry Service",0.4,1103
Ginger Inn Mysore 20,Mysore,4.2,4637,"Modern mid-range hotel in Mysore offering excellent value, well-appointed guest rooms, great dining, and a convenient location close to key city highlights.","Restaurant, AC, Swimming Pool, Spa, Bar, Gym",3.8,805
Treebo Retreat Mysore 21,Mysore,4.9,5349,"Premium luxury accommodation in Mysore. Features world-class dining, customized guest services, elegant architecture, and a highly scenic environment.","Restaurant, Free Breakfast, Balcony Room, Room Service",3.9,1237
Capital O Villas Mysore 22,Mysore,3.6,1949,"Comfortable budget-friendly lodging in Mysore. Offers clean rooms, helpful service, and basic amenities perfect for cost-conscious travelers.","24/7 Security, Laundry Service, Balcony Room, Free Parking, Room Service, Restaurant, Valet Parking",5.0,967
Ritz Stays Mysore 23,Mysore,3.0,1304,"Comfortable budget-friendly lodging in Mysore. Offers clean rooms, helpful service, and basic amenities perfect for cost-conscious travelers.","24/7 Security, Swimming Pool, WiFi, Valet Parking, Free Breakfast, Free Parking, Laundry Service",7.2,920
Whispering Palms Chalet Mysore 24,Mysore,4.0,2908,"Modern mid-range hotel in Mysore offering excellent value, well-appointed guest rooms, great dining, and a convenient location close to key city highlights.","Bar, Free Parking, Restaurant, 24/7 Security, Gym, Laundry Service, WiFi",4.3,221
Paradise Suites Mysore 25,Mysore,3.2,951,"Comfortable budget-friendly lodging in Mysore. Offers clean rooms, helpful service, and basic amenities perfect for cost-conscious travelers.","Swimming Pool, Free Parking, Valet Parking, AC, WiFi, 24/7 Security, Restaurant",5.9,358
Silver Sands Palace Mysore 26,Mysore,4.8,9391,"Premium luxury accommodation in Mysore. Features world-class dining, customized guest services, elegant architecture, and a highly scenic environment.","Restaurant, Swimming Pool, Bar, Valet Parking, Free Parking, AC",4.3,475
Alpine Lodge Haven Mysore 27,Mysore,3.5,1862,"Comfortable budget-friendly lodging in Mysore. Offers clean rooms, helpful service, and basic amenities perfect for cost-conscious travelers.","Laundry Service, Free Parking, Valet Parking, AC, Bar, 24/7 Security",8.9,478
Mayfair Castle Mysore 28,Mysore,4.1,2446,"Modern mid-range hotel in Mysore offering excellent value, well-appointed guest rooms, great dining, and a convenient location close to key city highlights.","24/7 Security, Laundry Service, WiFi, Gym, Balcony Room, Bar, Free Parking",8.6,1804
Grand Resort Mysore 29,Mysore,4.9,5907,"Premium luxury accommodation in Mysore. Features world-class dining, customized guest services, elegant architecture, and a highly scenic environment.","Free Parking, Valet Parking, Balcony Room, 24/7 Security, Spa, AC",6.0,722
Saffron Stays Hotel Mysore 30,Mysore,3.4,1590,"Comfortable budget-friendly lodging in Mysore. Offers clean rooms, helpful service, and basic amenities perfect for cost-conscious travelers.","Valet Parking, Free Parking, Free Breakfast, Laundry Service",7.9,492
Vista Lodge Mysore 31,Mysore,3.2,1730,"Comfortable budget-friendly lodging in Mysore. Offers clean rooms, helpful service, and basic amenities perfect for cost-conscious travelers.","Free Parking, Restaurant, AC, Spa, 24/7 Security",4.9,1479
Taj Manor Mysore 32,Mysore,4.4,8212,"Premium luxury accommodation in Mysore. Features world-class dining, customized guest services, elegant architecture, and a highly scenic environment.","Balcony Room, Bar, Room Service, AC, 24/7 Security, Gym, Spa, Laundry Service",4.6,1673
Radisson Inn Mysore 33,Mysore,3.8,3856,"Modern mid-range hotel in Mysore offering excellent value, well-appointed guest rooms, great dining, and a convenient location close to key city highlights.","Restaurant, Valet Parking, Swimming Pool, Gym",2.7,421
Ginger Retreat Mysore 34,Mysore,4.6,17535,"Premium luxury accommodation in Mysore. Features world-class dining, customized guest services, elegant architecture, and a highly scenic environment.","Free Parking, AC, Free Breakfast, WiFi, 24/7 Security, Laundry Service, Bar",3.5,1322
Treebo Villas Mysore 35,Mysore,3.2,1268,"Comfortable budget-friendly lodging in Mysore. Offers clean rooms, helpful service, and basic amenities perfect for cost-conscious travelers.","Free Breakfast, Free Parking, Spa, Swimming Pool, Laundry Service, AC",1.4,60
Capital O Stays Mysore 36,Mysore,3.8,4406,"Modern mid-range hotel in Mysore offering excellent value, well-appointed guest rooms, great dining, and a convenient location close to key city highlights.","Free Parking, Gym, Bar, Restaurant, AC, Laundry Service, Balcony Room, Swimming Pool",7.8,1105
Ritz Chalet Mysore 37,Mysore,4.4,12337,"Premium luxury accommodation in Mysore. Features world-class dining, customized guest services, elegant architecture, and a highly scenic environment.","Swimming Pool, Restaurant, Laundry Service, Valet Parking",6.2,748
Whispering Palms Suites Mysore 38,Mysore,4.0,2945,"Modern mid-range hotel in Mysore offering excellent value, well-appointed guest rooms, great dining, and a convenient location close to key city highlights.","Valet Parking, Gym, Restaurant, Laundry Service, Spa, Free Breakfast, Swimming Pool, Bar",5.2,819
Paradise Palace Mysore 39,Mysore,3.8,4388,"Modern mid-range hotel in Mysore offering excellent value, well-appointed guest rooms, great dining, and a convenient location close to key city highlights.","Bar, Balcony Room, Spa, Free Parking, WiFi",3.2,1282
Silver Sands Haven Mysore 40,Mysore,4.8,11380,"Premium luxury accommodation in Mysore. Features world-class dining, customized guest services, elegant architecture, and a highly scenic environment.","WiFi, Balcony Room, Laundry Service, Swimming Pool",7.5,1640
Alpine Lodge Castle Mysore 41,Mysore,4.6,15931,"Premium luxury accommodation in Mysore. Features world-class dining, customized guest services, elegant architecture, and a highly scenic environment.","Swimming Pool, Bar, AC, Balcony Room",4.0,1742
Mayfair Resort Mysore 42,Mysore,4.2,2788,"Modern mid-range hotel in Mysore offering excellent value, well-appointed guest rooms, great dining, and a convenient location close to key city highlights.","Restaurant, 24/7 Security, Balcony Room, Free Parking, Room Service, Swimming Pool, Spa, WiFi",8.1,12
Grand Hotel Mysore 43,Mysore,3.1,1938,"Comfortable budget-friendly lodging in Mysore. Offers clean rooms, helpful service, and basic amenities perfect for cost-conscious travelers.","Spa, Laundry Service, Gym, Room Service, Restaurant, AC, WiFi, 24/7 Security",6.5,1955
Saffron Stays Lodge Mysore 44,Mysore,4.8,16614,"Premium luxury accommodation in Mysore. Features world-class dining, customized guest services, elegant architecture, and a highly scenic environment.","Balcony Room, AC, Free Breakfast, Spa, Gym, Free Parking, Swimming Pool, WiFi",2.6,547
Vista Manor Mysore 45,Mysore,4.1,4022,"Modern mid-range hotel in Mysore offering excellent value, well-appointed guest rooms, great dining, and a convenient location close to key city highlights.","Laundry Service, Gym, Balcony Room, AC, Bar, Free Parking, Valet Parking",0.8,293
Taj Inn Mysore 46,Mysore,3.3,947,"Comfortable budget-friendly lodging in Mysore. Offers clean rooms, helpful service, and basic amenities perfect for cost-conscious travelers.","Room Service, Spa, 24/7 Security, WiFi, AC, Gym, Swimming Pool, Restaurant",6.9,824
Radisson Retreat Mysore 47,Mysore,4.6,6991,"Premium luxury accommodation in Mysore. Features world-class dining, customized guest services, elegant architecture, and a highly scenic environment.","AC, Swimming Pool, Laundry Service, Valet Parking, Gym, WiFi, Spa",1.9,546
Ginger Villas Mysore 48,Mysore,4.5,16309,"Premium luxury accommodation in Mysore. Features world-class dining, customized guest services, elegant architecture, and a highly scenic environment.","Free Parking, Gym, AC, Room Service, 24/7 Security, Bar, Swimming Pool",4.0,957
Treebo Stays Mysore 49,Mysore,3.9,2061,"Modern mid-range hotel in Mysore offering excellent value, well-appointed guest rooms, great dining, and a convenient location close to key city highlights.","Spa, Gym, Free Parking, Laundry Service, Swimming Pool",6.8,1513
Capital O Chalet Mysore 50,Mysore,3.5,1167,"Comfortable budget-friendly lodging in Mysore. Offers clean rooms, helpful service, and basic amenities perfect for cost-conscious travelers.","Spa, 24/7 Security, Room Service, Balcony Room, AC, Free Breakfast",8.7,368
Ritz Suites Mysore 51,Mysore,3.8,4467,"Modern mid-range hotel in Mysore offering excellent value, well-appointed guest rooms, great dining, and a convenient location close to key city highlights.","Free Breakfast, Free Parking, Restaurant, 24/7 Security, Laundry Service",5.4,1741
Whispering Palms Palace Mysore 52,Mysore,4.7,8055,"Premium luxury accommodation in Mysore. Features world-class dining, customized guest services, elegant architecture, and a highly scenic environment.","Spa, Free Parking, AC, Restaurant, Laundry Service, 24/7 Security",6.5,580
Paradise Haven Mysore 53,Mysore,4.5,9068,"Premium luxury accommodation in Mysore. Features world-class dining, customized guest services, elegant architecture, and a highly scenic environment.","24/7 Security, Valet Parking, Balcony Room, Room Service, AC, Laundry Service, Swimming Pool",8.3,1820
Silver Sands Castle Mysore 54,Mysore,3.2,1433,"Comfortable budget-friendly lodging in Mysore. Offers clean rooms, helpful service, and basic amenities perfect for cost-conscious travelers.","Gym, WiFi, AC, Restaurant, 24/7 Security",5.8,1074
Alpine Lodge Resort Mysore 55,Mysore,3.0,1950,"Comfortable budget-friendly lodging in Mysore. Offers clean rooms, helpful service, and basic amenities perfect for cost-conscious travelers.","Free Breakfast, Swimming Pool, Bar, Valet Parking, Laundry Service, WiFi, AC",6.7,351
Mayfair Hotel Mysore 56,Mysore,4.6,13694,"Premium luxury accommodation in Mysore. Features world-class dining, customized guest services, elegant architecture, and a highly scenic environment.","Free Parking, WiFi, Spa, Bar, Balcony Room, Swimming Pool, Valet Parking",0.2,1504
Grand Lodge Mysore 57,Mysore,3.5,1599,"Comfortable budget-friendly lodging in Mysore. Offers clean rooms, helpful service, and basic amenities perfect for cost-conscious travelers.","Free Breakfast, Spa, Swimming Pool, AC, 24/7 Security",8.4,1989
Saffron Stays Manor Mysore 58,Mysore,3.8,4968,"Modern mid-range hotel in Mysore offering excellent value, well-appointed guest rooms, great dining, and a convenient location close to key city highlights.","Gym, Spa, Balcony Room, Bar",4.9,158
Vista Inn Mysore 59,Mysore,4.1,2027,"Modern mid-range hotel in Mysore offering excellent value, well-appointed guest rooms, great dining, and a convenient location close to key city highlights.","Free Parking, Bar, 24/7 Security, Laundry Service, Balcony Room",5.6,1958
Taj Retreat Mysore 60,Mysore,4.0,2931,"Modern mid-range hotel in Mysore offering excellent value, well-appointed guest rooms, great dining, and a convenient location close to key city highlights.","24/7 Security, Free Parking, Gym, Balcony Room, Bar, Free Breakfast, Laundry Service",7.3,148
Radisson Villas Mysore 61,Mysore,4.1,4635,"Modern mid-range hotel in Mysore offering excellent value, well-appointed guest rooms, great dining, and a convenient location close to key city highlights.","Restaurant, Valet Parking, Free Breakfast, Balcony Room, Swimming Pool",0.8,991
Ginger Stays Mysore 62,Mysore,4.4,11414,"Premium luxury accommodation in Mysore. Features world-class dining, customized guest services, elegant architecture, and a highly scenic environment.","WiFi, Gym, Valet Parking, Room Service, AC, Spa, Bar",3.8,1347
Treebo Chalet Mysore 63,Mysore,3.9,3765,"Modern mid-range hotel in Mysore offering excellent value, well-appointed guest rooms, great dining, and a convenient location close to key city highlights.","Swimming Pool, Spa, Bar, Room Service",2.8,1751
Capital O Suites Mysore 64,Mysore,3.3,1225,"Comfortable budget-friendly lodging in Mysore. Offers clean rooms, helpful service, and basic amenities perfect for cost-conscious travelers.","24/7 Security, WiFi, Room Service, Balcony Room",3.5,1968
Ritz Palace Mysore 65,Mysore,3.5,1840,"Comfortable budget-friendly lodging in Mysore. Offers clean rooms, helpful service, and basic amenities perfect for cost-conscious travelers.","Free Parking, Spa, Laundry Service, Restaurant, Room Service",1.4,965
Whispering Palms Haven Mysore 66,Mysore,3.4,1150,"Comfortable budget-friendly lodging in Mysore. Offers clean rooms, helpful service, and basic amenities perfect for cost-conscious travelers.","WiFi, Free Breakfast, Laundry Service, Room Service",5.0,180
Paradise Castle Mysore 67,Mysore,3.3,1703,"Comfortable budget-friendly lodging in Mysore. Offers clean rooms, helpful service, and basic amenities perfect for cost-conscious travelers.","Valet Parking, AC, Bar, Restaurant, Room Service",3.4,386
Silver Sands Resort Mysore 68,Mysore,3.0,1073,"Comfortable budget-friendly lodging in Mysore. Offers clean rooms, helpful service, and basic amenities perfect for cost-conscious travelers.","Swimming Pool, Free Parking, Free Breakfast, WiFi",5.3,292
Alpine Lodge Hotel Mysore 69,Mysore,4.1,3037,"Modern mid-range hotel in Mysore offering excellent value, well-appointed guest rooms, great dining, and a convenient location close to key city highlights.","AC, Laundry Service, Valet Parking, Spa",4.7,1439
Mayfair Lodge Mysore 70,Mysore,3.9,2857,"Modern mid-range hotel in Mysore offering excellent value, well-appointed guest rooms, great dining, and a convenient location close to key city highlights.","Bar, Swimming Pool, Spa, Free Parking, Balcony Room, Laundry Service, Room Service",1.0,1462
Capital O Inn Coorg 1,Coorg,3.0,1544,"Comfortable budget-friendly lodging in Coorg. Offers clean rooms, helpful service, and basic amenities perfect for cost-conscious travelers.","WiFi, Room Service, Swimming Pool, Free Parking",3.0,1111
Ritz Retreat Coorg 2,Coorg,4.5,16632,"Premium luxury accommodation in Coorg. Features world-class dining, customized guest services, elegant architecture, and a highly scenic environment.","Spa, AC, Balcony Room, Gym, WiFi",0.2,866
Whispering Palms Villas Coorg 3,Coorg,3.0,1725,"Comfortable budget-friendly lodging in Coorg. Offers clean rooms, helpful service, and basic amenities perfect for cost-conscious travelers.","Spa, Gym, Bar, WiFi, Balcony Room",7.1,1093
Paradise Stays Coorg 4,Coorg,3.5,1189,"Comfortable budget-friendly lodging in Coorg. Offers clean rooms, helpful service, and basic amenities perfect for cost-conscious travelers.","Laundry Service, Spa, Balcony Room, Restaurant, Gym, Free Breakfast",3.2,429
Silver Sands Chalet Coorg 5,Coorg,4.1,3780,"Modern mid-range hotel in Coorg offering excellent value, well-appointed guest rooms, great dining, and a convenient location close to key city highlights.","Spa, Room Service, WiFi, Free Parking, Swimming Pool, AC, 24/7 Security, Laundry Service",1.3,1730
Alpine Lodge Suites Coorg 6,Coorg,4.8,11984,"Premium luxury accommodation in Coorg. Features world-class dining, customized guest services, elegant architecture, and a highly scenic environment.","AC, Room Service, Free Breakfast, Laundry Service, Restaurant, WiFi, Gym, Swimming Pool",8.2,530
Mayfair Palace Coorg 7,Coorg,3.7,1317,"Comfortable budget-friendly lodging in Coorg. Offers clean rooms, helpful service, and basic amenities perfect for cost-conscious travelers.","WiFi, AC, Swimming Pool, 24/7 Security",3.8,1198
Grand Haven Coorg 8,Coorg,3.9,2125,"Modern mid-range hotel in Coorg offering excellent value, well-appointed guest rooms, great dining, and a convenient location close to key city highlights.","Restaurant, Balcony Room, Valet Parking, Bar, Room Service, WiFi, Swimming Pool, Spa",7.0,204
Saffron Stays Castle Coorg 9,Coorg,4.0,3226,"Modern mid-range hotel in Coorg offering excellent value, well-appointed guest rooms, great dining, and a convenient location close to key city highlights.","Free Parking, AC, Valet Parking, Spa, Room Service",0.1,275
Vista Resort Coorg 10,Coorg,3.6,1043,"Comfortable budget-friendly lodging in Coorg. Offers clean rooms, helpful service, and basic amenities perfect for cost-conscious travelers.","WiFi, Bar, Balcony Room, Laundry Service, Free Parking, AC",5.9,1454
Taj Hotel Coorg 11,Coorg,3.8,4993,"Modern mid-range hotel in Coorg offering excellent value, well-appointed guest rooms, great dining, and a convenient location close to key city highlights.","Swimming Pool, Bar, Spa, 24/7 Security, Laundry Service",1.6,510
Radisson Lodge Coorg 12,Coorg,4.4,7181,"Premium luxury accommodation in Coorg. Features world-class dining, customized guest services, elegant architecture, and a highly scenic environment.","WiFi, Bar, Room Service, Valet Parking, Gym, Free Breakfast, Laundry Service, 24/7 Security",3.0,726
Ginger Manor Coorg 13,Coorg,4.8,17126,"Premium luxury accommodation in Coorg. Features world-class dining, customized guest services, elegant architecture, and a highly scenic environment.","Valet Parking, Balcony Room, Restaurant, Free Breakfast",9.5,367
Treebo Inn Coorg 14,Coorg,4.9,17224,"Premium luxury accommodation in Coorg. Features world-class dining, customized guest services, elegant architecture, and a highly scenic environment.","Free Parking, Bar, WiFi, Swimming Pool, Laundry Service",1.2,685
Capital O Retreat Coorg 15,Coorg,4.6,10318,"Premium luxury accommodation in Coorg. Features world-class dining, customized guest services, elegant architecture, and a highly scenic environment.","Room Service, Laundry Service, AC, Spa, Free Breakfast, Free Parking",6.7,1140
Ritz Villas Coorg 16,Coorg,4.1,3646,"Modern mid-range hotel in Coorg offering excellent value, well-appointed guest rooms, great dining, and a convenient location close to key city highlights.","Gym, Swimming Pool, Free Breakfast, Restaurant",5.1,48
Whispering Palms Stays Coorg 17,Coorg,4.9,5325,"Premium luxury accommodation in Coorg. Features world-class dining, customized guest services, elegant architecture, and a highly scenic environment.","Bar, 24/7 Security, Room Service, Valet Parking, WiFi, Free Breakfast",1.2,1123
Paradise Chalet Coorg 18,Coorg,3.9,3267,"Modern mid-range hotel in Coorg offering excellent value, well-appointed guest rooms, great dining, and a convenient location close to key city highlights.","Spa, Free Parking, Gym, Bar, Laundry Service",9.1,1583
Silver Sands Suites Coorg 19,Coorg,3.6,1546,"Comfortable budget-friendly lodging in Coorg. Offers clean rooms, helpful service, and basic amenities perfect for cost-conscious travelers.","Spa, WiFi, Bar, Valet Parking, Free Parking, AC, Free Breakfast, Balcony Room",4.3,1237
Alpine Lodge Palace Coorg 20,Coorg,4.2,2361,"Modern mid-range hotel in Coorg offering excellent value, well-appointed guest rooms, great dining, and a convenient location close to key city highlights.","Laundry Service, Gym, Free Breakfast, Free Parking",7.6,467
Mayfair Haven Coorg 21,Coorg,3.0,1425,"Comfortable budget-friendly lodging in Coorg. Offers clean rooms, helpful service, and basic amenities perfect for cost-conscious travelers.","Free Breakfast, AC, Spa, Balcony Room, Restaurant, Bar",7.3,1408
Grand Castle Coorg 22,Coorg,3.2,1596,"Comfortable budget-friendly lodging in Coorg. Offers clean rooms, helpful service, and basic amenities perfect for cost-conscious travelers.","Room Service, Free Parking, Bar, Balcony Room",5.5,1876
Saffron Stays Resort Coorg 23,Coorg,4.9,17394,"Premium luxury accommodation in Coorg. Features world-class dining, customized guest services, elegant architecture, and a highly scenic environment.","Bar, Laundry Service, Spa, Valet Parking",1.2,430
Vista Hotel Coorg 24,Coorg,3.4,1868,"Comfortable budget-friendly lodging in Coorg. Offers clean rooms, helpful service, and basic amenities perfect for cost-conscious travelers.","24/7 Security, AC, WiFi, Valet Parking, Room Service, Gym, Restaurant, Free Parking",4.2,1542
Taj Lodge Coorg 25,Coorg,3.1,1839,"Comfortable budget-friendly lodging in Coorg. Offers clean rooms, helpful service, and basic amenities perfect for cost-conscious travelers.","Room Service, Free Parking, 24/7 Security, Gym, WiFi, Free Breakfast, Restaurant, Laundry Service",8.6,1526
Radisson Manor Coorg 26,Coorg,3.2,1304,"Comfortable budget-friendly lodging in Coorg. Offers clean rooms, helpful service, and basic amenities perfect for cost-conscious travelers.","Free Parking, 24/7 Security, Laundry Service, Free Breakfast, Balcony Room, Spa, Valet Parking, WiFi",6.1,1912
Ginger Inn Coorg 27,Coorg,3.7,1606,"Comfortable budget-friendly lodging in Coorg. Offers clean rooms, helpful service, and basic amenities perfect for cost-conscious travelers.","24/7 Security, Gym, Balcony Room, Room Service",6.5,1542
Treebo Retreat Coorg 28,Coorg,4.1,4126,"Modern mid-range hotel in Coorg offering excellent value, well-appointed guest rooms, great dining, and a convenient location close to key city highlights.","Balcony Room, Spa, Room Service, Bar, Valet Parking, Free Parking",3.8,1345
Capital O Villas Coorg 29,Coorg,3.2,1328,"Comfortable budget-friendly lodging in Coorg. Offers clean rooms, helpful service, and basic amenities perfect for cost-conscious travelers.","Free Parking, Free Breakfast, AC, Gym, WiFi",6.8,1846
Ritz Stays Coorg 30,Coorg,4.1,4642,"Modern mid-range hotel in Coorg offering excellent value, well-appointed guest rooms, great dining, and a convenient location close to key city highlights.","Free Breakfast, Gym, Balcony Room, Free Parking",2.8,1202
Whispering Palms Chalet Coorg 31,Coorg,5.0,17827,"Premium luxury accommodation in Coorg. Features world-class dining, customized guest services, elegant architecture, and a highly scenic environment.","24/7 Security, Restaurant, Bar, Free Breakfast, Balcony Room, Free Parking",2.7,1750
Paradise Suites Coorg 32,Coorg,4.9,12403,"Premium luxury accommodation in Coorg. Features world-class dining, customized guest services, elegant architecture, and a highly scenic environment.","Free Parking, Spa, Valet Parking, AC, 24/7 Security, Laundry Service, Bar",2.8,485
Silver Sands Palace Coorg 33,Coorg,3.6,1725,"Comfortable budget-friendly lodging in Coorg. Offers clean rooms, helpful service, and basic amenities perfect for cost-conscious travelers.","Free Parking, Swimming Pool, Valet Parking, AC, WiFi, Restaurant",2.4,1197
Alpine Lodge Haven Coorg 34,Coorg,4.3,4111,"Modern mid-range hotel in Coorg offering excellent value, well-appointed guest rooms, great dining, and a convenient location close to key city highlights.","Free Parking, Room Service, Bar, Laundry Service, Balcony Room",7.1,956
Mayfair Castle Coorg 35,Coorg,4.6,16535,"Premium luxury accommodation in Coorg. Features world-class dining, customized guest services, elegant architecture, and a highly scenic environment.","AC, Bar, Room Service, 24/7 Security, Free Breakfast, Valet Parking, Gym, Laundry Service",4.8,863
Grand Resort Coorg 36,Coorg,4.3,4261,"Modern mid-range hotel in Coorg offering excellent value, well-appointed guest rooms, great dining, and a convenient location close to key city highlights.","AC, Free Breakfast, Room Service, Restaurant",9.5,456
Saffron Stays Hotel Coorg 37,Coorg,5.0,16095,"Premium luxury accommodation in Coorg. Features world-class dining, customized guest services, elegant architecture, and a highly scenic environment.","Free Breakfast, Valet Parking, Gym, WiFi",9.5,1345
Vista Lodge Coorg 38,Coorg,4.3,4812,"Modern mid-range hotel in Coorg offering excellent value, well-appointed guest rooms, great dining, and a convenient location close to key city highlights.","Free Breakfast, AC, Swimming Pool, Laundry Service, Gym, Bar, WiFi",6.1,15
Taj Manor Coorg 39,Coorg,4.0,4189,"Modern mid-range hotel in Coorg offering excellent value, well-appointed guest rooms, great dining, and a convenient location close to key city highlights.","AC, Free Parking, Spa, Valet Parking, Gym",2.0,1467
Radisson Inn Coorg 40,Coorg,4.0,3157,"Modern mid-range hotel in Coorg offering excellent value, well-appointed guest rooms, great dining, and a convenient location close to key city highlights.","Gym, Balcony Room, AC, Free Parking",5.6,706
Ginger Retreat Coorg 41,Coorg,3.3,1935,"Comfortable budget-friendly lodging in Coorg. Offers clean rooms, helpful service, and basic amenities perfect for cost-conscious travelers.","Laundry Service, 24/7 Security, WiFi, Spa, Gym, Swimming Pool",7.3,1980
Treebo Villas Coorg 42,Coorg,3.3,1604,"Comfortable budget-friendly lodging in Coorg. Offers clean rooms, helpful service, and basic amenities perfect for cost-conscious travelers.","Gym, Spa, Free Breakfast, Balcony Room, Bar, Free Parking",7.7,593
Capital O Stays Coorg 43,Coorg,4.2,2638,"Modern mid-range hotel in Coorg offering excellent value, well-appointed guest rooms, great dining, and a convenient location close to key city highlights.","Free Parking, Valet Parking, WiFi, Gym, Spa, Balcony Room",2.4,997
Ritz Chalet Coorg 44,Coorg,4.0,3196,"Modern mid-range hotel in Coorg offering excellent value, well-appointed guest rooms, great dining, and a convenient location close to key city highlights.","24/7 Security, Free Parking, Bar, WiFi, Balcony Room, Gym, Valet Parking",3.1,715
Whispering Palms Suites Coorg 45,Coorg,4.4,5686,"Premium luxury accommodation in Coorg. Features world-class dining, customized guest services, elegant architecture, and a highly scenic environment.","WiFi, Balcony Room, AC, Swimming Pool, Free Breakfast",2.5,408
Paradise Palace Coorg 46,Coorg,3.8,3266,"Modern mid-range hotel in Coorg offering excellent value, well-appointed guest rooms, great dining, and a convenient location close to key city highlights.","24/7 Security, Bar, Free Parking, Restaurant, Free Breakfast, AC",1.1,337
Silver Sands Haven Coorg 47,Coorg,3.2,1954,"Comfortable budget-friendly lodging in Coorg. Offers clean rooms, helpful service, and basic amenities perfect for cost-conscious travelers.","Laundry Service, Free Parking, Swimming Pool, Balcony Room, Spa",4.6,1509
Alpine Lodge Castle Coorg 48,Coorg,4.5,5233,"Premium luxury accommodation in Coorg. Features world-class dining, customized guest services, elegant architecture, and a highly scenic environment.","Bar, WiFi, Free Breakfast, AC, Swimming Pool, Spa, Room Service",8.3,1866
Mayfair Resort Coorg 49,Coorg,5.0,15634,"Premium luxury accommodation in Coorg. Features world-class dining, customized guest services, elegant architecture, and a highly scenic environment.","Laundry Service, Valet Parking, Balcony Room, WiFi, Bar",3.7,590
Grand Hotel Coorg 50,Coorg,3.8,4846,"Modern mid-range hotel in Coorg offering excellent value, well-appointed guest rooms, great dining, and a convenient location close to key city highlights.","Gym, Laundry Service, WiFi, Restaurant, Bar, Free Parking",3.1,1934
Saffron Stays Lodge Coorg 51,Coorg,3.7,1481,"Comfortable budget-friendly lodging in Coorg. Offers clean rooms, helpful service, and basic amenities perfect for cost-conscious travelers.","Spa, AC, Gym, Bar",4.1,1033
Vista Manor Coorg 52,Coorg,4.0,4207,"Modern mid-range hotel in Coorg offering excellent value, well-appointed guest rooms, great dining, and a convenient location close to key city highlights.","24/7 Security, Laundry Service, Restaurant, Gym, Balcony Room, Spa, Free Breakfast, Free Parking",8.2,402
Taj Inn Coorg 53,Coorg,4.2,4460,"Modern mid-range hotel in Coorg offering excellent value, well-appointed guest rooms, great dining, and a convenient location close to key city highlights.","Restaurant, Laundry Service, AC, WiFi",0.4,374
Radisson Retreat Coorg 54,Coorg,4.4,9000,"Premium luxury accommodation in Coorg. Features world-class dining, customized guest services, elegant architecture, and a highly scenic environment.","Free Parking, AC, Valet Parking, Laundry Service, Spa, 24/7 Security, WiFi",1.8,1414
Ginger Villas Coorg 55,Coorg,3.4,927,"Comfortable budget-friendly lodging in Coorg. Offers clean rooms, helpful service, and basic amenities perfect for cost-conscious travelers.","Free Breakfast, Bar, 24/7 Security, Laundry Service, WiFi, AC, Swimming Pool, Gym",7.4,86
Treebo Stays Coorg 56,Coorg,3.9,3893,"Modern mid-range hotel in Coorg offering excellent value, well-appointed guest rooms, great dining, and a convenient location close to key city highlights.","Valet Parking, Swimming Pool, Bar, Laundry Service",1.1,89
Capital O Chalet Coorg 57,Coorg,3.1,1996,"Comfortable budget-friendly lodging in Coorg. Offers clean rooms, helpful service, and basic amenities perfect for cost-conscious travelers.","Restaurant, Balcony Room, Free Parking, WiFi, Free Breakfast",4.2,984
Ritz Suites Coorg 58,Coorg,4.8,6876,"Premium luxury accommodation in Coorg. Features world-class dining, customized guest services, elegant architecture, and a highly scenic environment.","Spa, Valet Parking, Swimming Pool, Room Service, Gym, Free Parking, Laundry Service",5.6,1310
Whispering Palms Palace Coorg 59,Coorg,4.7,6188,"Premium luxury accommodation in Coorg. Features world-class dining, customized guest services, elegant architecture, and a highly scenic environment.","Spa, Free Parking, AC, Laundry Service, 24/7 Security, Balcony Room, Swimming Pool, WiFi",8.1,469
Paradise Haven Coorg 60,Coorg,3.0,974,"Comfortable budget-friendly lodging in Coorg. Offers clean rooms, helpful service, and basic amenities perfect for cost-conscious travelers.","Spa, AC, WiFi, Valet Parking, Room Service",1.3,307
Silver Sands Castle Coorg 61,Coorg,4.0,4672,"Modern mid-range hotel in Coorg offering excellent value, well-appointed guest rooms, great dining, and a convenient location close to key city highlights.","Free Breakfast, Valet Parking, Restaurant, Spa, Balcony Room, WiFi, Bar",2.8,1156
Alpine Lodge Resort Coorg 62,Coorg,3.6,1908,"Comfortable budget-friendly lodging in Coorg. Offers clean rooms, helpful service, and basic amenities perfect for cost-conscious travelers.","Free Breakfast, 24/7 Security, Spa, Room Service, Valet Parking, WiFi, AC, Swimming Pool",1.5,1429
Mayfair Hotel Coorg 63,Coorg,4.3,4841,"Modern mid-range hotel in Coorg offering excellent value, well-appointed guest rooms, great dining, and a convenient location close to key city highlights.","Swimming Pool, Spa, AC, Free Parking",5.3,1856
Grand Lodge Coorg 64,Coorg,3.6,1651,"Comfortable budget-friendly lodging in Coorg. Offers clean rooms, helpful service, and basic amenities perfect for cost-conscious travelers.","Bar, Room Service, Free Parking, Balcony Room, Spa, Restaurant, Free Breakfast",3.9,1739
Saffron Stays Manor Coorg 65,Coorg,4.1,4836,"Modern mid-range hotel in Coorg offering excellent value, well-appointed guest rooms, great dining, and a convenient location close to key city highlights.","Laundry Service, AC, Restaurant, Free Breakfast",1.6,1295
Vista Inn Coorg 66,Coorg,3.5,1501,"Comfortable budget-friendly lodging in Coorg. Offers clean rooms, helpful service, and basic amenities perfect for cost-conscious travelers.","Bar, Free Breakfast, Gym, 24/7 Security, Room Service",4.5,523
Taj Retreat Coorg 67,Coorg,3.9,4242,"Modern mid-range hotel in Coorg offering excellent value, well-appointed guest rooms, great dining, and a convenient location close to key city highlights.","Restaurant, WiFi, Free Breakfast, 24/7 Security, Free Parking, Balcony Room, AC, Spa",4.6,948
Radisson Villas Coorg 68,Coorg,4.6,5866,"Premium luxury accommodation in Coorg. Features world-class dining, customized guest services, elegant architecture, and a highly scenic environment.","Swimming Pool, Spa, Free Parking, Room Service, Laundry Service, Free Breakfast, 24/7 Security",5.2,327
Ginger Stays Coorg 69,Coorg,3.8,2251,"Modern mid-range hotel in Coorg offering excellent value, well-appointed guest rooms, great dining, and a convenient location close to key city highlights.","Spa, Room Service, Balcony Room, AC, Swimming Pool, Laundry Service, Restaurant, WiFi",4.2,12
Treebo Chalet Coorg 70,Coorg,3.7,1809,"Comfortable budget-friendly lodging in Coorg. Offers clean rooms, helpful service, and basic amenities perfect for cost-conscious travelers.","Laundry Service, Room Service, AC, WiFi",3.2,1502
Grand Palace Hampi 1,Hampi,4.4,13892,"Premium luxury accommodation in Hampi. Features world-class dining, customized guest services, elegant architecture, and a highly scenic environment.","WiFi, 24/7 Security, Gym, Swimming Pool, AC, Free Parking, Restaurant, Valet Parking",9.2,1192
Saffron Stays Haven Hampi 2,Hampi,4.7,15419,"Premium luxury accommodation in Hampi. Features world-class dining, customized guest services, elegant architecture, and a highly scenic environment.","Spa, Free Breakfast, Free Parking, Room Service",1.9,262
Vista Castle Hampi 3,Hampi,4.8,17467,"Premium luxury accommodation in Hampi. Features world-class dining, customized guest services, elegant architecture, and a highly scenic environment.","Spa, Room Service, Laundry Service, Bar, Gym, Valet Parking",6.4,563
Taj Resort Hampi 4,Hampi,3.2,1616,"Comfortable budget-friendly lodging in Hampi. Offers clean rooms, helpful service, and basic amenities perfect for cost-conscious travelers.","Swimming Pool, Free Parking, 24/7 Security, Balcony Room",9.3,1149
Radisson Hotel Hampi 5,Hampi,4.4,14112,"Premium luxury accommodation in Hampi. Features world-class dining, customized guest services, elegant architecture, and a highly scenic environment.","Room Service, Free Breakfast, WiFi, Swimming Pool",4.5,1427
Ginger Lodge Hampi 6,Hampi,4.0,4965,"Modern mid-range hotel in Hampi offering excellent value, well-appointed guest rooms, great dining, and a convenient location close to key city highlights.","Free Breakfast, Swimming Pool, Bar, Spa, WiFi, Balcony Room, Room Service",6.2,1493
Treebo Manor Hampi 7,Hampi,4.9,12721,"Premium luxury accommodation in Hampi. Features world-class dining, customized guest services, elegant architecture, and a highly scenic environment.","WiFi, Restaurant, Gym, Valet Parking, AC, Room Service",5.5,1509
Capital O Inn Hampi 8,Hampi,3.9,3553,"Modern mid-range hotel in Hampi offering excellent value, well-appointed guest rooms, great dining, and a convenient location close to key city highlights.","Valet Parking, Spa, Laundry Service, Restaurant, AC, Swimming Pool, WiFi",3.2,147
Ritz Retreat Hampi 9,Hampi,3.2,1968,"Comfortable budget-friendly lodging in Hampi. Offers clean rooms, helpful service, and basic amenities perfect for cost-conscious travelers.","WiFi, Laundry Service, Free Breakfast, Balcony Room",7.8,1026
Whispering Palms Villas Hampi 10,Hampi,4.1,3483,"Modern mid-range hotel in Hampi offering excellent value, well-appointed guest rooms, great dining, and a convenient location close to key city highlights.","Valet Parking, Spa, WiFi, Bar",0.6,722
Paradise Stays Hampi 11,Hampi,4.3,4315,"Modern mid-range hotel in Hampi offering excellent value, well-appointed guest rooms, great dining, and a convenient location close to key city highlights.","Spa, Laundry Service, 24/7 Security, Gym, Free Parking, Balcony Room, WiFi",0.9,1391
Silver Sands Chalet Hampi 12,Hampi,3.3,1763,"Comfortable budget-friendly lodging in Hampi. Offers clean rooms, helpful service, and basic amenities perfect for cost-conscious travelers.","Free Parking, 24/7 Security, Balcony Room, Free Breakfast, Restaurant, Laundry Service",6.4,1349
Alpine Lodge Suites Hampi 13,Hampi,4.3,3367,"Modern mid-range hotel in Hampi offering excellent value, well-appointed guest rooms, great dining, and a convenient location close to key city highlights.","Balcony Room, Free Parking, AC, Bar, 24/7 Security",8.3,934
Mayfair Palace Hampi 14,Hampi,4.5,9168,"Premium luxury accommodation in Hampi. Features world-class dining, customized guest services, elegant architecture, and a highly scenic environment.","Bar, Spa, AC, Laundry Service, Free Parking",7.3,538
Grand Haven Hampi 15,Hampi,4.3,2678,"Modern mid-range hotel in Hampi offering excellent value, well-appointed guest rooms, great dining, and a convenient location close to key city highlights.","Restaurant, Swimming Pool, AC, Balcony Room",1.2,1604
Saffron Stays Castle Hampi 16,Hampi,4.4,12222,"Premium luxury accommodation in Hampi. Features world-class dining, customized guest services, elegant architecture, and a highly scenic environment.","WiFi, 24/7 Security, Laundry Service, Bar, Swimming Pool, Gym",2.3,1929
Vista Resort Hampi 17,Hampi,4.6,15036,"Premium luxury accommodation in Hampi. Features world-class dining, customized guest services, elegant architecture, and a highly scenic environment.","Balcony Room, Free Breakfast, AC, Valet Parking, Free Parking",7.4,1416
Taj Hotel Hampi 18,Hampi,4.2,3553,"Modern mid-range hotel in Hampi offering excellent value, well-appointed guest rooms, great dining, and a convenient location close to key city highlights.","Swimming Pool, Valet Parking, Laundry Service, AC, WiFi, Room Service, Bar, Spa",4.8,191
Radisson Lodge Hampi 19,Hampi,4.6,12500,"Premium luxury accommodation in Hampi. Features world-class dining, customized guest services, elegant architecture, and a highly scenic environment.","Free Parking, Laundry Service, WiFi, Bar, Room Service, Restaurant",5.9,810
Ginger Manor Hampi 20,Hampi,4.0,2322,"Modern mid-range hotel in Hampi offering excellent value, well-appointed guest rooms, great dining, and a convenient location close to key city highlights.","Restaurant, Free Parking, 24/7 Security, WiFi, Room Service, Laundry Service",2.1,1688
Treebo Inn Hampi 21,Hampi,4.6,13246,"Premium luxury accommodation in Hampi. Features world-class dining, customized guest services, elegant architecture, and a highly scenic environment.","Spa, Restaurant, Valet Parking, WiFi, Bar, Free Breakfast, 24/7 Security",2.6,64
Capital O Retreat Hampi 22,Hampi,4.1,4365,"Modern mid-range hotel in Hampi offering excellent value, well-appointed guest rooms, great dining, and a convenient location close to key city highlights.","AC, Gym, Spa, Restaurant, Bar, 24/7 Security, Free Parking, Swimming Pool",9.3,1518
Ritz Villas Hampi 23,Hampi,4.2,2398,"Modern mid-range hotel in Hampi offering excellent value, well-appointed guest rooms, great dining, and a convenient location close to key city highlights.","Swimming Pool, Valet Parking, WiFi, Room Service",3.6,1429
Whispering Palms Stays Hampi 24,Hampi,4.7,13752,"Premium luxury accommodation in Hampi. Features world-class dining, customized guest services, elegant architecture, and a highly scenic environment.","AC, Laundry Service, Balcony Room, Room Service, Free Parking, 24/7 Security",6.4,1498
Paradise Chalet Hampi 25,Hampi,3.6,1255,"Comfortable budget-friendly lodging in Hampi. Offers clean rooms, helpful service, and basic amenities perfect for cost-conscious travelers.","Swimming Pool, Gym, Bar, Free Parking, AC",1.2,1373
Silver Sands Suites Hampi 26,Hampi,3.4,1729,"Comfortable budget-friendly lodging in Hampi. Offers clean rooms, helpful service, and basic amenities perfect for cost-conscious travelers.","Laundry Service, Restaurant, Valet Parking, Room Service, WiFi",8.3,91
Alpine Lodge Palace Hampi 27,Hampi,4.8,7421,"Premium luxury accommodation in Hampi. Features world-class dining, customized guest services, elegant architecture, and a highly scenic environment.","Restaurant, Spa, Bar, Free Parking, Free Breakfast, 24/7 Security, WiFi",3.2,689
Mayfair Haven Hampi 28,Hampi,3.6,1135,"Comfortable budget-friendly lodging in Hampi. Offers clean rooms, helpful service, and basic amenities perfect for cost-conscious travelers.","Room Service, Free Breakfast, Balcony Room, Swimming Pool, Free Parking, Spa, Laundry Service, AC",7.2,587
Grand Castle Hampi 29,Hampi,3.9,4797,"Modern mid-range hotel in Hampi offering excellent value, well-appointed guest rooms, great dining, and a convenient location close to key city highlights.","Free Parking, Valet Parking, Room Service, Restaurant, Free Breakfast, Laundry Service",3.7,613
Saffron Stays Resort Hampi 30,Hampi,3.3,1307,"Comfortable budget-friendly lodging in Hampi. Offers clean rooms, helpful service, and basic amenities perfect for cost-conscious travelers.","Swimming Pool, Free Breakfast, Valet Parking, Room Service, Restaurant, 24/7 Security, Spa",0.9,890
Vista Hotel Hampi 31,Hampi,3.2,1175,"Comfortable budget-friendly lodging in Hampi. Offers clean rooms, helpful service, and basic amenities perfect for cost-conscious travelers.","Bar, Room Service, WiFi, Restaurant, Balcony Room, Spa, 24/7 Security",4.1,1780
Taj Lodge Hampi 32,Hampi,4.9,12010,"Premium luxury accommodation in Hampi. Features world-class dining, customized guest services, elegant architecture, and a highly scenic environment.","Room Service, Balcony Room, Laundry Service, Free Parking, Free Breakfast, 24/7 Security, Valet Parking, Gym",3.2,580
Radisson Manor Hampi 33,Hampi,3.7,1328,"Comfortable budget-friendly lodging in Hampi. Offers clean rooms, helpful service, and basic amenities perfect for cost-conscious travelers.","24/7 Security, Restaurant, Swimming Pool, Gym, Balcony Room, WiFi, Valet Parking",8.7,1906
Ginger Inn Hampi 34,Hampi,5.0,16829,"Premium luxury accommodation in Hampi. Features world-class dining, customized guest services, elegant architecture, and a highly scenic environment.","Valet Parking, Gym, AC, WiFi, Bar, Balcony Room, Spa, Free Parking",4.4,1368
Treebo Retreat Hampi 35,Hampi,5.0,16440,"Premium luxury accommodation in Hampi. Features world-class dining, customized guest services, elegant architecture, and a highly scenic environment.","Gym, Restaurant, AC, Balcony Room, Room Service, WiFi, Swimming Pool, Free Breakfast",8.0,1733
Capital O Villas Hampi 36,Hampi,5.0,9691,"Premium luxury accommodation in Hampi. Features world-class dining, customized guest services, elegant architecture, and a highly scenic environment.","Free Breakfast, Free Parking, Gym, AC, Bar, Laundry Service",1.2,1826
Ritz Stays Hampi 37,Hampi,3.1,1537,"Comfortable budget-friendly lodging in Hampi. Offers clean rooms, helpful service, and basic amenities perfect for cost-conscious travelers.","Room Service, 24/7 Security, AC, Spa, Laundry Service, Gym, WiFi",9.2,1671
Whispering Palms Chalet Hampi 38,Hampi,3.9,4692,"Modern mid-range hotel in Hampi offering excellent value, well-appointed guest rooms, great dining, and a convenient location close to key city highlights.","Bar, Free Parking, Restaurant, Room Service, WiFi, Balcony Room, Gym",1.1,81
Paradise Suites Hampi 39,Hampi,3.3,1067,"Comfortable budget-friendly lodging in Hampi. Offers clean rooms, helpful service, and basic amenities perfect for cost-conscious travelers.","Laundry Service, Restaurant, Gym, Valet Parking, WiFi, Balcony Room, Free Breakfast",9.1,370
Silver Sands Palace Hampi 40,Hampi,4.6,15658,"Premium luxury accommodation in Hampi. Features world-class dining, customized guest services, elegant architecture, and a highly scenic environment.","Swimming Pool, Room Service, AC, Laundry Service, Spa, Restaurant, 24/7 Security",4.4,1800
Alpine Lodge Haven Hampi 41,Hampi,3.7,1185,"Comfortable budget-friendly lodging in Hampi. Offers clean rooms, helpful service, and basic amenities perfect for cost-conscious travelers.","24/7 Security, Balcony Room, Swimming Pool, Spa",6.0,439
Mayfair Castle Hampi 42,Hampi,4.1,2058,"Modern mid-range hotel in Hampi offering excellent value, well-appointed guest rooms, great dining, and a convenient location close to key city highlights.","Room Service, Spa, Balcony Room, Free Breakfast, Valet Parking, WiFi, AC",4.0,663
Grand Resort Hampi 43,Hampi,4.4,9895,"Premium luxury accommodation in Hampi. Features world-class dining, customized guest services, elegant architecture, and a highly scenic environment.","Free Parking, Room Service, Bar, 24/7 Security, AC, Balcony Room",2.3,896
Saffron Stays Hotel Hampi 44,Hampi,3.7,1407,"Comfortable budget-friendly lodging in Hampi. Offers clean rooms, helpful service, and basic amenities perfect for cost-conscious travelers.","Room Service, WiFi, Spa, Laundry Service",8.1,1403
Vista Lodge Hampi 45,Hampi,4.0,3386,"Modern mid-range hotel in Hampi offering excellent value, well-appointed guest rooms, great dining, and a convenient location close to key city highlights.","Swimming Pool, Spa, Laundry Service, Room Service, Valet Parking",3.7,1206
Taj Manor Hampi 46,Hampi,3.1,1447,"Comfortable budget-friendly lodging in Hampi. Offers clean rooms, helpful service, and basic amenities perfect for cost-conscious travelers.","Restaurant, AC, Free Parking, Valet Parking, Room Service, Balcony Room, Spa, Laundry Service",4.8,330
Radisson Inn Hampi 47,Hampi,5.0,13726,"Premium luxury accommodation in Hampi. Features world-class dining, customized guest services, elegant architecture, and a highly scenic environment.","Free Breakfast, WiFi, Bar, Spa, 24/7 Security, Gym",0.8,461
Ginger Retreat Hampi 48,Hampi,4.7,7745,"Premium luxury accommodation in Hampi. Features world-class dining, customized guest services, elegant architecture, and a highly scenic environment.","Room Service, Balcony Room, Free Breakfast, Swimming Pool, Spa, Gym, Free Parking, WiFi",2.1,895
Treebo Villas Hampi 49,Hampi,4.9,13568,"Premium luxury accommodation in Hampi. Features world-class dining, customized guest services, elegant architecture, and a highly scenic environment.","Restaurant, Spa, Free Breakfast, Valet Parking, Room Service, AC, 24/7 Security",4.1,1119
Capital O Stays Hampi 50,Hampi,4.4,17743,"Premium luxury accommodation in Hampi. Features world-class dining, customized guest services, elegant architecture, and a highly scenic environment.","Spa, Free Breakfast, Balcony Room, Room Service, 24/7 Security, AC",9.3,1489
Ritz Chalet Hampi 51,Hampi,3.5,812,"Comfortable budget-friendly lodging in Hampi. Offers clean rooms, helpful service, and basic amenities perfect for cost-conscious travelers.","Free Breakfast, Balcony Room, Room Service, Gym, Restaurant, 24/7 Security, Swimming Pool, Bar",0.2,382
Whispering Palms Suites Hampi 52,Hampi,4.3,2932,"Modern mid-range hotel in Hampi offering excellent value, well-appointed guest rooms, great dining, and a convenient location close to key city highlights.","Restaurant, Laundry Service, 24/7 Security, Bar, Valet Parking",4.6,710
Paradise Palace Hampi 53,Hampi,4.8,7842,"Premium luxury accommodation in Hampi. Features world-class dining, customized guest services, elegant architecture, and a highly scenic environment.","Laundry Service, Spa, Free Breakfast, Valet Parking, WiFi",0.6,687
Silver Sands Haven Hampi 54,Hampi,3.4,1886,"Comfortable budget-friendly lodging in Hampi. Offers clean rooms, helpful service, and basic amenities perfect for cost-conscious travelers.","Valet Parking, Free Parking, Free Breakfast, Gym, WiFi, Spa",7.4,461
Alpine Lodge Castle Hampi 55,Hampi,4.5,15964,"Premium luxury accommodation in Hampi. Features world-class dining, customized guest services, elegant architecture, and a highly scenic environment.","Spa, Room Service, Bar, Free Breakfast, WiFi",3.0,344
Mayfair Resort Hampi 56,Hampi,4.6,5684,"Premium luxury accommodation in Hampi. Features world-class dining, customized guest services, elegant architecture, and a highly scenic environment.","Bar, Balcony Room, 24/7 Security, Restaurant, AC",5.0,1497
Grand Hotel Hampi 57,Hampi,4.6,16205,"Premium luxury accommodation in Hampi. Features world-class dining, customized guest services, elegant architecture, and a highly scenic environment.","Free Parking, 24/7 Security, Free Breakfast, Valet Parking, WiFi",2.9,222
Saffron Stays Lodge Hampi 58,Hampi,3.8,4285,"Modern mid-range hotel in Hampi offering excellent value, well-appointed guest rooms, great dining, and a convenient location close to key city highlights.","Balcony Room, Swimming Pool, Bar, Free Parking, AC, Restaurant, Laundry Service, Free Breakfast",6.2,486
Vista Manor Hampi 59,Hampi,4.1,3406,"Modern mid-range hotel in Hampi offering excellent value, well-appointed guest rooms, great dining, and a convenient location close to key city highlights.","Free Parking, WiFi, Restaurant, Valet Parking, Room Service, Laundry Service, AC",4.8,477
Taj Inn Hampi 60,Hampi,3.4,1165,"Comfortable budget-friendly lodging in Hampi. Offers clean rooms, helpful service, and basic amenities perfect for cost-conscious travelers.","Balcony Room, Swimming Pool, Valet Parking, Spa, Restaurant, Room Service, Bar, Laundry Service",5.1,1890
Radisson Retreat Hampi 61,Hampi,4.4,5475,"Premium luxury accommodation in Hampi. Features world-class dining, customized guest services, elegant architecture, and a highly scenic environment.","Laundry Service, AC, Spa, Gym",6.5,546
Ginger Villas Hampi 62,Hampi,4.9,14546,"Premium luxury accommodation in Hampi. Features world-class dining, customized guest services, elegant architecture, and a highly scenic environment.","Laundry Service, Restaurant, Spa, AC, 24/7 Security, WiFi, Free Breakfast, Gym",0.3,1146
Treebo Stays Hampi 63,Hampi,4.2,2845,"Modern mid-range hotel in Hampi offering excellent value, well-appointed guest rooms, great dining, and a convenient location close to key city highlights.","Swimming Pool, Spa, Valet Parking, WiFi",2.2,1966
Capital O Chalet Hampi 64,Hampi,3.5,1847,"Comfortable budget-friendly lodging in Hampi. Offers clean rooms, helpful service, and basic amenities perfect for cost-conscious travelers.","Valet Parking, Swimming Pool, Gym, Room Service",4.8,1785
Ritz Suites Hampi 65,Hampi,4.5,7355,"Premium luxury accommodation in Hampi. Features world-class dining, customized guest services, elegant architecture, and a highly scenic environment.","Gym, Balcony Room, Bar, AC, Room Service, WiFi, Valet Parking, Restaurant",7.4,165
Whispering Palms Palace Hampi 66,Hampi,3.1,834,"Comfortable budget-friendly lodging in Hampi. Offers clean rooms, helpful service, and basic amenities perfect for cost-conscious travelers.","Bar, Gym, 24/7 Security, Free Breakfast",2.7,1665
Paradise Haven Hampi 67,Hampi,3.4,1626,"Comfortable budget-friendly lodging in Hampi. Offers clean rooms, helpful service, and basic amenities perfect for cost-conscious travelers.","WiFi, Spa, Laundry Service, Valet Parking, Free Breakfast, Free Parking, 24/7 Security",4.9,953
Silver Sands Castle Hampi 68,Hampi,3.1,1452,"Comfortable budget-friendly lodging in Hampi. Offers clean rooms, helpful service, and basic amenities perfect for cost-conscious travelers.","Bar, Free Parking, AC, Laundry Service, 24/7 Security, Balcony Room, Free Breakfast",6.7,1200
Alpine Lodge Resort Hampi 69,Hampi,4.3,3211,"Modern mid-range hotel in Hampi offering excellent value, well-appointed guest rooms, great dining, and a convenient location close to key city highlights.","Free Breakfast, Bar, Free Parking, 24/7 Security, Valet Parking, Laundry Service",9.3,62
Mayfair Hotel Hampi 70,Hampi,4.8,10311,"Premium luxury accommodation in Hampi. Features world-class dining, customized guest services, elegant architecture, and a highly scenic environment.","Valet Parking, Laundry Service, AC, Spa, Free Parking",6.8,179
Capital O Manor Kochi 1,Kochi,3.9,3230,"Modern mid-range hotel in Kochi offering excellent value, well-appointed guest rooms, great dining, and a convenient location close to key city highlights.","Bar, Restaurant, Swimming Pool, Room Service, Gym, Balcony Room, Spa, Laundry Service",3.0,1523
Ritz Inn Kochi 2,Kochi,4.7,11012,"Premium luxury accommodation in Kochi. Features world-class dining, customized guest services, elegant architecture, and a highly scenic environment.","24/7 Security, WiFi, Free Breakfast, Laundry Service, Room Service",6.2,1035
Whispering Palms Retreat Kochi 3,Kochi,3.3,952,"Comfortable budget-friendly lodging in Kochi. Offers clean rooms, helpful service, and basic amenities perfect for cost-conscious travelers.","Laundry Service, Bar, Swimming Pool, Valet Parking, Free Parking, Spa, Balcony Room",2.9,1868
Paradise Villas Kochi 4,Kochi,3.7,1404,"Comfortable budget-friendly lodging in Kochi. Offers clean rooms, helpful service, and basic amenities perfect for cost-conscious travelers.","Bar, Spa, WiFi, Gym, Valet Parking, 24/7 Security",4.6,799
Silver Sands Stays Kochi 5,Kochi,4.5,9293,"Premium luxury accommodation in Kochi. Features world-class dining, customized guest services, elegant architecture, and a highly scenic environment.","Gym, WiFi, Room Service, Valet Parking, Spa, Restaurant, 24/7 Security",1.9,1502
Alpine Lodge Chalet Kochi 6,Kochi,3.7,1295,"Comfortable budget-friendly lodging in Kochi. Offers clean rooms, helpful service, and basic amenities perfect for cost-conscious travelers.","Valet Parking, Swimming Pool, Spa, Restaurant, Laundry Service",0.2,1448
Mayfair Suites Kochi 7,Kochi,3.3,1210,"Comfortable budget-friendly lodging in Kochi. Offers clean rooms, helpful service, and basic amenities perfect for cost-conscious travelers.","Gym, Restaurant, Laundry Service, WiFi, Free Parking, 24/7 Security, Swimming Pool",1.8,1477
Grand Palace Kochi 8,Kochi,3.2,1929,"Comfortable budget-friendly lodging in Kochi. Offers clean rooms, helpful service, and basic amenities perfect for cost-conscious travelers.","Bar, Valet Parking, Laundry Service, Spa",3.4,1180
Saffron Stays Haven Kochi 9,Kochi,3.6,1963,"Comfortable budget-friendly lodging in Kochi. Offers clean rooms, helpful service, and basic amenities perfect for cost-conscious travelers.","Valet Parking, WiFi, Restaurant, Free Breakfast",5.8,527
Vista Castle Kochi 10,Kochi,3.2,1284,"Comfortable budget-friendly lodging in Kochi. Offers clean rooms, helpful service, and basic amenities perfect for cost-conscious travelers.","Bar, Restaurant, AC, WiFi, Swimming Pool",5.3,1227
Taj Resort Kochi 11,Kochi,3.2,1033,"Comfortable budget-friendly lodging in Kochi. Offers clean rooms, helpful service, and basic amenities perfect for cost-conscious travelers.","24/7 Security, Restaurant, Valet Parking, Gym, Balcony Room",7.6,1464
Radisson Hotel Kochi 12,Kochi,3.7,940,"Comfortable budget-friendly lodging in Kochi. Offers clean rooms, helpful service, and basic amenities perfect for cost-conscious travelers.","Gym, Free Parking, Laundry Service, 24/7 Security, AC",6.6,1837
Ginger Lodge Kochi 13,Kochi,3.9,4239,"Modern mid-range hotel in Kochi offering excellent value, well-appointed guest rooms, great dining, and a convenient location close to key city highlights.","Swimming Pool, Spa, Free Breakfast, Gym, Restaurant, 24/7 Security, Balcony Room",7.3,318
Treebo Manor Kochi 14,Kochi,3.1,1138,"Comfortable budget-friendly lodging in Kochi. Offers clean rooms, helpful service, and basic amenities perfect for cost-conscious travelers.","Swimming Pool, Valet Parking, 24/7 Security, Gym, Room Service, Balcony Room, Laundry Service, WiFi",1.0,1222
Capital O Inn Kochi 15,Kochi,4.7,14182,"Premium luxury accommodation in Kochi. Features world-class dining, customized guest services, elegant architecture, and a highly scenic environment.","Spa, Free Parking, Room Service, 24/7 Security",0.6,1126
Ritz Retreat Kochi 16,Kochi,4.3,4913,"Modern mid-range hotel in Kochi offering excellent value, well-appointed guest rooms, great dining, and a convenient location close to key city highlights.","Free Parking, AC, Laundry Service, 24/7 Security",2.9,748
Whispering Palms Villas Kochi 17,Kochi,3.3,1039,"Comfortable budget-friendly lodging in Kochi. Offers clean rooms, helpful service, and basic amenities perfect for cost-conscious travelers.","Swimming Pool, Laundry Service, Free Parking, Valet Parking, WiFi, Room Service, Spa, 24/7 Security",6.4,403
Paradise Stays Kochi 18,Kochi,3.6,1950,"Comfortable budget-friendly lodging in Kochi. Offers clean rooms, helpful service, and basic amenities perfect for cost-conscious travelers.","Swimming Pool, Free Breakfast, Spa, Gym, AC",8.4,1292
Silver Sands Chalet Kochi 19,Kochi,3.8,2220,"Modern mid-range hotel in Kochi offering excellent value, well-appointed guest rooms, great dining, and a convenient location close to key city highlights.","Valet Parking, Balcony Room, Swimming Pool, Free Breakfast, 24/7 Security, WiFi",8.2,455
Alpine Lodge Suites Kochi 20,Kochi,4.4,14227,"Premium luxury accommodation in Kochi. Features world-class dining, customized guest services, elegant architecture, and a highly scenic environment.","Free Parking, Swimming Pool, Room Service, Free Breakfast",2.8,667
Mayfair Palace Kochi 21,Kochi,4.6,5494,"Premium luxury accommodation in Kochi. Features world-class dining, customized guest services, elegant architecture, and a highly scenic environment.","Gym, Valet Parking, Balcony Room, Spa",0.3,1827
Grand Haven Kochi 22,Kochi,5.0,9463,"Premium luxury accommodation in Kochi. Features world-class dining, customized guest services, elegant architecture, and a highly scenic environment.","Free Parking, Bar, AC, WiFi, Free Breakfast, Swimming Pool",2.5,1073
Saffron Stays Castle Kochi 23,Kochi,3.9,3600,"Modern mid-range hotel in Kochi offering excellent value, well-appointed guest rooms, great dining, and a convenient location close to key city highlights.","WiFi, Valet Parking, Free Breakfast, 24/7 Security, Bar, Spa",3.5,1770
Vista Resort Kochi 24,Kochi,4.3,2622,"Modern mid-range hotel in Kochi offering excellent value, well-appointed guest rooms, great dining, and a convenient location close to key city highlights.","Swimming Pool, AC, Valet Parking, Gym, Balcony Room",3.8,1720
Taj Hotel Kochi 25,Kochi,3.4,1818,"Comfortable budget-friendly lodging in Kochi. Offers clean rooms, helpful service, and basic amenities perfect for cost-conscious travelers.","Valet Parking, Swimming Pool, 24/7 Security, Laundry Service, WiFi, Bar, Free Breakfast, AC",9.2,1964
Radisson Lodge Kochi 26,Kochi,3.4,1974,"Comfortable budget-friendly lodging in Kochi. Offers clean rooms, helpful service, and basic amenities perfect for cost-conscious travelers.","AC, 24/7 Security, Gym, WiFi, Balcony Room, Free Parking, Free Breakfast, Laundry Service",0.2,1226
Ginger Manor Kochi 27,Kochi,4.2,3649,"Modern mid-range hotel in Kochi offering excellent value, well-appointed guest rooms, great dining, and a convenient location close to key city highlights.","Balcony Room, AC, 24/7 Security, Laundry Service, Free Parking, Gym, Spa, Valet Parking",2.4,1423
Treebo Inn Kochi 28,Kochi,3.9,2119,"Modern mid-range hotel in Kochi offering excellent value, well-appointed guest rooms, great dining, and a convenient location close to key city highlights.","Swimming Pool, Valet Parking, Laundry Service, Bar, Room Service, WiFi, Free Parking",5.6,1784
Capital O Retreat Kochi 29,Kochi,4.8,9494,"Premium luxury accommodation in Kochi. Features world-class dining, customized guest services, elegant architecture, and a highly scenic environment.","Room Service, AC, Gym, Valet Parking",1.8,620
Ritz Villas Kochi 30,Kochi,3.4,862,"Comfortable budget-friendly lodging in Kochi. Offers clean rooms, helpful service, and basic amenities perfect for cost-conscious travelers.","Bar, Room Service, Free Breakfast, Restaurant, Laundry Service, 24/7 Security, Gym",6.0,1343
Whispering Palms Stays Kochi 31,Kochi,3.3,1758,"Comfortable budget-friendly lodging in Kochi. Offers clean rooms, helpful service, and basic amenities perfect for cost-conscious travelers.","Free Parking, Valet Parking, WiFi, Balcony Room, Free Breakfast, Spa",1.4,1752
Paradise Chalet Kochi 32,Kochi,4.8,13875,"Premium luxury accommodation in Kochi. Features world-class dining, customized guest services, elegant architecture, and a highly scenic environment.","Laundry Service, Bar, Room Service, 24/7 Security, Restaurant",3.4,1792
Silver Sands Suites Kochi 33,Kochi,3.2,1034,"Comfortable budget-friendly lodging in Kochi. Offers clean rooms, helpful service, and basic amenities perfect for cost-conscious travelers.","AC, 24/7 Security, WiFi, Gym, Restaurant, Room Service, Spa, Balcony Room",7.2,887
Alpine Lodge Palace Kochi 34,Kochi,4.0,4297,"Modern mid-range hotel in Kochi offering excellent value, well-appointed guest rooms, great dining, and a convenient location close to key city highlights.","Room Service, Valet Parking, Free Breakfast, Gym, AC",8.4,1732
Mayfair Haven Kochi 35,Kochi,4.3,2595,"Modern mid-range hotel in Kochi offering excellent value, well-appointed guest rooms, great dining, and a convenient location close to key city highlights.","Room Service, WiFi, 24/7 Security, Restaurant, Gym",4.0,909
Grand Castle Kochi 36,Kochi,3.7,1437,"Comfortable budget-friendly lodging in Kochi. Offers clean rooms, helpful service, and basic amenities perfect for cost-conscious travelers.","AC, 24/7 Security, Restaurant, Room Service, Balcony Room, Free Breakfast, Valet Parking",1.0,482
Saffron Stays Resort Kochi 37,Kochi,4.0,2361,"Modern mid-range hotel in Kochi offering excellent value, well-appointed guest rooms, great dining, and a convenient location close to key city highlights.","WiFi, AC, Gym, Swimming Pool, Free Breakfast",3.2,1833
Vista Hotel Kochi 38,Kochi,3.3,1705,"Comfortable budget-friendly lodging in Kochi. Offers clean rooms, helpful service, and basic amenities perfect for cost-conscious travelers.","AC, WiFi, Swimming Pool, Restaurant, Bar, Room Service, Laundry Service",0.1,221
Taj Lodge Kochi 39,Kochi,3.2,1351,"Comfortable budget-friendly lodging in Kochi. Offers clean rooms, helpful service, and basic amenities perfect for cost-conscious travelers.","24/7 Security, Swimming Pool, Bar, Free Breakfast, Spa, Room Service",1.2,648
Radisson Manor Kochi 40,Kochi,4.4,16518,"Premium luxury accommodation in Kochi. Features world-class dining, customized guest services, elegant architecture, and a highly scenic environment.","Swimming Pool, Balcony Room, AC, Room Service, Valet Parking, 24/7 Security, Laundry Service",3.0,1888
Ginger Inn Kochi 41,Kochi,3.1,1206,"Comfortable budget-friendly lodging in Kochi. Offers clean rooms, helpful service, and basic amenities perfect for cost-conscious travelers.","Swimming Pool, Balcony Room, Room Service, Free Parking, Spa, AC, WiFi",7.5,709
Treebo Retreat Kochi 42,Kochi,3.7,1352,"Comfortable budget-friendly lodging in Kochi. Offers clean rooms, helpful service, and basic amenities perfect for cost-conscious travelers.","Bar, Restaurant, Spa, AC, Room Service, Gym, Laundry Service",4.9,533
Capital O Villas Kochi 43,Kochi,4.8,17760,"Premium luxury accommodation in Kochi. Features world-class dining, customized guest services, elegant architecture, and a highly scenic environment.","Free Breakfast, Balcony Room, Swimming Pool, Restaurant, WiFi",2.0,1806
Ritz Stays Kochi 44,Kochi,4.6,9467,"Premium luxury accommodation in Kochi. Features world-class dining, customized guest services, elegant architecture, and a highly scenic environment.","Restaurant, Bar, Free Parking, 24/7 Security, AC, Valet Parking",0.4,482
Whispering Palms Chalet Kochi 45,Kochi,5.0,6412,"Premium luxury accommodation in Kochi. Features world-class dining, customized guest services, elegant architecture, and a highly scenic environment.","Free Parking, AC, Laundry Service, Spa",1.5,1598
Paradise Suites Kochi 46,Kochi,3.3,1251,"Comfortable budget-friendly lodging in Kochi. Offers clean rooms, helpful service, and basic amenities perfect for cost-conscious travelers.","AC, 24/7 Security, Free Parking, Free Breakfast, Restaurant, Spa, Swimming Pool, Bar",8.2,1988
Silver Sands Palace Kochi 47,Kochi,4.5,17185,"Premium luxury accommodation in Kochi. Features world-class dining, customized guest services, elegant architecture, and a highly scenic environment.","AC, 24/7 Security, Room Service, Gym, Valet Parking",3.6,1619
Alpine Lodge Haven Kochi 48,Kochi,4.7,14517,"Premium luxury accommodation in Kochi. Features world-class dining, customized guest services, elegant architecture, and a highly scenic environment.","Balcony Room, Laundry Service, 24/7 Security, Free Breakfast, WiFi, Gym",2.5,1609
Mayfair Castle Kochi 49,Kochi,4.4,14397,"Premium luxury accommodation in Kochi. Features world-class dining, customized guest services, elegant architecture, and a highly scenic environment.","AC, Laundry Service, Bar, WiFi",5.2,152
Grand Resort Kochi 50,Kochi,3.4,1331,"Comfortable budget-friendly lodging in Kochi. Offers clean rooms, helpful service, and basic amenities perfect for cost-conscious travelers.","Gym, Restaurant, Room Service, Laundry Service",2.5,567
Saffron Stays Hotel Kochi 51,Kochi,3.4,1770,"Comfortable budget-friendly lodging in Kochi. Offers clean rooms, helpful service, and basic amenities perfect for cost-conscious travelers.","WiFi, Balcony Room, Valet Parking, AC, Spa, Free Breakfast, Bar",6.8,1190
Vista Lodge Kochi 52,Kochi,3.7,1054,"Comfortable budget-friendly lodging in Kochi. Offers clean rooms, helpful service, and basic amenities perfect for cost-conscious travelers.","24/7 Security, Spa, Free Parking, Bar, Restaurant, Valet Parking",5.9,802
Taj Manor Kochi 53,Kochi,3.9,3348,"Modern mid-range hotel in Kochi offering excellent value, well-appointed guest rooms, great dining, and a convenient location close to key city highlights.","Spa, Swimming Pool, Valet Parking, Free Breakfast, Bar, AC",1.3,712
Radisson Inn Kochi 54,Kochi,3.3,815,"Comfortable budget-friendly lodging in Kochi. Offers clean rooms, helpful service, and basic amenities perfect for cost-conscious travelers.","Swimming Pool, AC, Valet Parking, Balcony Room",6.2,925
Ginger Retreat Kochi 55,Kochi,3.4,1426,"Comfortable budget-friendly lodging in Kochi. Offers clean rooms, helpful service, and basic amenities perfect for cost-conscious travelers.","Free Parking, Laundry Service, Restaurant, Bar, Balcony Room, Spa, Gym",3.0,250
Treebo Villas Kochi 56,Kochi,4.6,16658,"Premium luxury accommodation in Kochi. Features world-class dining, customized guest services, elegant architecture, and a highly scenic environment.","Room Service, Gym, Spa, AC, Restaurant",8.6,1063
Capital O Stays Kochi 57,Kochi,4.2,4942,"Modern mid-range hotel in Kochi offering excellent value, well-appointed guest rooms, great dining, and a convenient location close to key city highlights.","Laundry Service, Balcony Room, WiFi, Valet Parking",1.0,36
Ritz Chalet Kochi 58,Kochi,3.9,2423,"Modern mid-range hotel in Kochi offering excellent value, well-appointed guest rooms, great dining, and a convenient location close to key city highlights.","Laundry Service, Valet Parking, Free Parking, Restaurant, Bar",4.3,1959
Whispering Palms Suites Kochi 59,Kochi,3.1,1290,"Comfortable budget-friendly lodging in Kochi. Offers clean rooms, helpful service, and basic amenities perfect for cost-conscious travelers.","Balcony Room, Restaurant, Free Parking, 24/7 Security",5.4,194
Paradise Palace Kochi 60,Kochi,4.4,9725,"Premium luxury accommodation in Kochi. Features world-class dining, customized guest services, elegant architecture, and a highly scenic environment.","Laundry Service, Valet Parking, Balcony Room, Gym, Bar",6.8,1594
Silver Sands Haven Kochi 61,Kochi,3.3,1909,"Comfortable budget-friendly lodging in Kochi. Offers clean rooms, helpful service, and basic amenities perfect for cost-conscious travelers.","Laundry Service, Gym, Free Breakfast, Spa, Room Service",7.7,1470
Alpine Lodge Castle Kochi 62,Kochi,3.7,1630,"Comfortable budget-friendly lodging in Kochi. Offers clean rooms, helpful service, and basic amenities perfect for cost-conscious travelers.","Free Parking, Room Service, Swimming Pool, Laundry Service, Gym, WiFi, Spa",4.0,677
Mayfair Resort Kochi 63,Kochi,3.8,4610,"Modern mid-range hotel in Kochi offering excellent value, well-appointed guest rooms, great dining, and a convenient location close to key city highlights.","Valet Parking, Free Breakfast, Swimming Pool, Balcony Room, Bar, Room Service, Spa",8.4,1502
Grand Hotel Kochi 64,Kochi,5.0,13596,"Premium luxury accommodation in Kochi. Features world-class dining, customized guest services, elegant architecture, and a highly scenic environment.","WiFi, Laundry Service, Room Service, Free Parking, Restaurant, Swimming Pool, Balcony Room",4.7,1191
Saffron Stays Lodge Kochi 65,Kochi,3.2,1653,"Comfortable budget-friendly lodging in Kochi. Offers clean rooms, helpful service, and basic amenities perfect for cost-conscious travelers.","Swimming Pool, Restaurant, AC, 24/7 Security",2.5,1469
Vista Manor Kochi 66,Kochi,4.3,2422,"Modern mid-range hotel in Kochi offering excellent value, well-appointed guest rooms, great dining, and a convenient location close to key city highlights.","Balcony Room, Room Service, Gym, WiFi, Free Parking, Free Breakfast, Bar, AC",3.0,1508
Taj Inn Kochi 67,Kochi,4.5,13019,"Premium luxury accommodation in Kochi. Features world-class dining, customized guest services, elegant architecture, and a highly scenic environment.","Valet Parking, 24/7 Security, Laundry Service, Room Service, Balcony Room",8.2,1577
Radisson Retreat Kochi 68,Kochi,3.7,1178,"Comfortable budget-friendly lodging in Kochi. Offers clean rooms, helpful service, and basic amenities perfect for cost-conscious travelers.","Free Breakfast, Valet Parking, Laundry Service, Balcony Room, Restaurant",5.4,1727
Ginger Villas Kochi 69,Kochi,4.9,13119,"Premium luxury accommodation in Kochi. Features world-class dining, customized guest services, elegant architecture, and a highly scenic environment.","WiFi, Balcony Room, Free Breakfast, Room Service, Laundry Service, Swimming Pool, Spa",3.3,363
Treebo Stays Kochi 70,Kochi,3.7,994,"Comfortable budget-friendly lodging in Kochi. Offers clean rooms, helpful service, and basic amenities perfect for cost-conscious travelers.","Swimming Pool, 24/7 Security, Laundry Service, Room Service, WiFi",5.3,344
Grand Suites Munnar 1,Munnar,4.5,11654,"Premium luxury accommodation in Munnar. Features world-class dining, customized guest services, elegant architecture, and a highly scenic environment.","Free Parking, Balcony Room, WiFi, 24/7 Security, AC, Laundry Service, Room Service",6.9,313
Saffron Stays Palace Munnar 2,Munnar,4.1,3476,"Modern mid-range hotel in Munnar offering excellent value, well-appointed guest rooms, great dining, and a convenient location close to key city highlights.","Room Service, Gym, Free Parking, Laundry Service, Bar",4.4,849
Vista Haven Munnar 3,Munnar,3.6,1884,"Comfortable budget-friendly lodging in Munnar. Offers clean rooms, helpful service, and basic amenities perfect for cost-conscious travelers.","Swimming Pool, 24/7 Security, Valet Parking, WiFi, Laundry Service",1.9,1535
Taj Castle Munnar 4,Munnar,3.9,4431,"Modern mid-range hotel in Munnar offering excellent value, well-appointed guest rooms, great dining, and a convenient location close to key city highlights.","Free Breakfast, WiFi, Gym, Balcony Room",5.0,134
Radisson Resort Munnar 5,Munnar,4.1,4097,"Modern mid-range hotel in Munnar offering excellent value, well-appointed guest rooms, great dining, and a convenient location close to key city highlights.","Valet Parking, Balcony Room, AC, Free Parking, Gym, Spa, WiFi",4.8,1731
Ginger Hotel Munnar 6,Munnar,4.6,16572,"Premium luxury accommodation in Munnar. Features world-class dining, customized guest services, elegant architecture, and a highly scenic environment.","Free Parking, Room Service, Gym, Restaurant",4.8,1226
Treebo Lodge Munnar 7,Munnar,3.3,1691,"Comfortable budget-friendly lodging in Munnar. Offers clean rooms, helpful service, and basic amenities perfect for cost-conscious travelers.","Valet Parking, Restaurant, Room Service, Free Breakfast, AC, Spa, Free Parking",3.4,1755
Capital O Manor Munnar 8,Munnar,3.9,3173,"Modern mid-range hotel in Munnar offering excellent value, well-appointed guest rooms, great dining, and a convenient location close to key city highlights.","24/7 Security, Bar, AC, Balcony Room, Free Breakfast, Spa",4.1,819
Ritz Inn Munnar 9,Munnar,3.7,1365,"Comfortable budget-friendly lodging in Munnar. Offers clean rooms, helpful service, and basic amenities perfect for cost-conscious travelers.","24/7 Security, Free Parking, Room Service, Spa",4.8,924
Whispering Palms Retreat Munnar 10,Munnar,5.0,9447,"Premium luxury accommodation in Munnar. Features world-class dining, customized guest services, elegant architecture, and a highly scenic environment.","Free Breakfast, Free Parking, Bar, WiFi, Laundry Service, Gym, Restaurant",3.2,281
Paradise Villas Munnar 11,Munnar,4.5,5999,"Premium luxury accommodation in Munnar. Features world-class dining, customized guest services, elegant architecture, and a highly scenic environment.","AC, Spa, Balcony Room, Free Parking, Gym",0.6,266
Silver Sands Stays Munnar 12,Munnar,4.7,11372,"Premium luxury accommodation in Munnar. Features world-class dining, customized guest services, elegant architecture, and a highly scenic environment.","Bar, Spa, Balcony Room, Free Breakfast, Gym, Free Parking",0.2,1874
Alpine Lodge Chalet Munnar 13,Munnar,4.4,5540,"Premium luxury accommodation in Munnar. Features world-class dining, customized guest services, elegant architecture, and a highly scenic environment.","24/7 Security, Balcony Room, Restaurant, WiFi, AC, Gym, Bar",0.9,1064
Mayfair Suites Munnar 14,Munnar,3.7,1104,"Comfortable budget-friendly lodging in Munnar. Offers clean rooms, helpful service, and basic amenities perfect for cost-conscious travelers.","Free Breakfast, AC, Valet Parking, Balcony Room, Bar, Swimming Pool",1.3,1460
Grand Palace Munnar 15,Munnar,4.1,3975,"Modern mid-range hotel in Munnar offering excellent value, well-appointed guest rooms, great dining, and a convenient location close to key city highlights.","Free Parking, WiFi, 24/7 Security, Bar, Gym, AC, Room Service, Restaurant",8.8,407
Saffron Stays Haven Munnar 16,Munnar,3.3,1689,"Comfortable budget-friendly lodging in Munnar. Offers clean rooms, helpful service, and basic amenities perfect for cost-conscious travelers.","Gym, Restaurant, Spa, Valet Parking, Room Service",9.0,1437
Vista Castle Munnar 17,Munnar,3.8,4128,"Modern mid-range hotel in Munnar offering excellent value, well-appointed guest rooms, great dining, and a convenient location close to key city highlights.","Free Breakfast, Spa, Gym, Balcony Room, 24/7 Security",1.9,1547
Taj Resort Munnar 18,Munnar,4.2,2417,"Modern mid-range hotel in Munnar offering excellent value, well-appointed guest rooms, great dining, and a convenient location close to key city highlights.","Gym, 24/7 Security, Balcony Room, Free Breakfast",7.9,1511
Radisson Hotel Munnar 19,Munnar,4.4,5871,"Premium luxury accommodation in Munnar. Features world-class dining, customized guest services, elegant architecture, and a highly scenic environment.","Room Service, Valet Parking, Free Parking, Restaurant",1.4,435
Ginger Lodge Munnar 20,Munnar,3.5,869,"Comfortable budget-friendly lodging in Munnar. Offers clean rooms, helpful service, and basic amenities perfect for cost-conscious travelers.","Valet Parking, Free Breakfast, WiFi, Restaurant, Gym",1.9,1826
Treebo Manor Munnar 21,Munnar,4.5,16186,"Premium luxury accommodation in Munnar. Features world-class dining, customized guest services, elegant architecture, and a highly scenic environment.","Laundry Service, Balcony Room, Room Service, Valet Parking",2.1,585
Capital O Inn Munnar 22,Munnar,3.7,968,"Comfortable budget-friendly lodging in Munnar. Offers clean rooms, helpful service, and basic amenities perfect for cost-conscious travelers.","Bar, Laundry Service, Free Breakfast, Room Service, WiFi",2.6,458
Ritz Retreat Munnar 23,Munnar,3.9,4426,"Modern mid-range hotel in Munnar offering excellent value, well-appointed guest rooms, great dining, and a convenient location close to key city highlights.","24/7 Security, Valet Parking, Laundry Service, Balcony Room, Bar, Swimming Pool, Free Breakfast, Gym",5.5,799
Whispering Palms Villas Munnar 24,Munnar,4.1,4672,"Modern mid-range hotel in Munnar offering excellent value, well-appointed guest rooms, great dining, and a convenient location close to key city highlights.","Restaurant, Bar, Valet Parking, 24/7 Security, Balcony Room, Free Parking, Spa",1.0,1012
Paradise Stays Munnar 25,Munnar,4.3,4209,"Modern mid-range hotel in Munnar offering excellent value, well-appointed guest rooms, great dining, and a convenient location close to key city highlights.","Free Breakfast, Free Parking, Laundry Service, Spa, AC",2.8,671
Silver Sands Chalet Munnar 26,Munnar,3.4,1097,"Comfortable budget-friendly lodging in Munnar. Offers clean rooms, helpful service, and basic amenities perfect for cost-conscious travelers.","Gym, Laundry Service, Free Parking, AC, Room Service, Valet Parking, Bar",5.9,548
Alpine Lodge Suites Munnar 27,Munnar,4.5,7175,"Premium luxury accommodation in Munnar. Features world-class dining, customized guest services, elegant architecture, and a highly scenic environment.","Room Service, Gym, Laundry Service, Free Parking, WiFi, 24/7 Security, Free Breakfast, Restaurant",8.7,969
Mayfair Palace Munnar 28,Munnar,4.8,16090,"Premium luxury accommodation in Munnar. Features world-class dining, customized guest services, elegant architecture, and a highly scenic environment.","Balcony Room, Gym, Laundry Service, 24/7 Security, Swimming Pool, Bar, WiFi, Free Parking",1.7,1226
Grand Haven Munnar 29,Munnar,4.0,4382,"Modern mid-range hotel in Munnar offering excellent value, well-appointed guest rooms, great dining, and a convenient location close to key city highlights.","Bar, 24/7 Security, Balcony Room, Swimming Pool, WiFi, Spa, Valet Parking",0.2,902
Saffron Stays Castle Munnar 30,Munnar,3.9,4659,"Modern mid-range hotel in Munnar offering excellent value, well-appointed guest rooms, great dining, and a convenient location close to key city highlights.","AC, Laundry Service, 24/7 Security, WiFi, Balcony Room, Free Breakfast, Gym, Spa",4.7,974
Vista Resort Munnar 31,Munnar,3.2,1409,"Comfortable budget-friendly lodging in Munnar. Offers clean rooms, helpful service, and basic amenities perfect for cost-conscious travelers.","Free Parking, Laundry Service, Room Service, AC, Gym, Spa, Bar, Free Breakfast",5.9,1833
Taj Hotel Munnar 32,Munnar,4.5,8786,"Premium luxury accommodation in Munnar. Features world-class dining, customized guest services, elegant architecture, and a highly scenic environment.","Bar, Spa, Restaurant, 24/7 Security, Free Breakfast, AC, Laundry Service, Swimming Pool",1.1,731
Radisson Lodge Munnar 33,Munnar,4.1,3640,"Modern mid-range hotel in Munnar offering excellent value, well-appointed guest rooms, great dining, and a convenient location close to key city highlights.","Laundry Service, Free Breakfast, Restaurant, Gym, Free Parking",6.5,859
Ginger Manor Munnar 34,Munnar,3.5,1326,"Comfortable budget-friendly lodging in Munnar. Offers clean rooms, helpful service, and basic amenities perfect for cost-conscious travelers.","Bar, Free Parking, Restaurant, WiFi, Gym, Room Service, Balcony Room, Spa",7.5,595
Treebo Inn Munnar 35,Munnar,3.8,3783,"Modern mid-range hotel in Munnar offering excellent value, well-appointed guest rooms, great dining, and a convenient location close to key city highlights.","Gym, Swimming Pool, Free Breakfast, WiFi, Room Service, Valet Parking",2.1,119
Capital O Retreat Munnar 36,Munnar,3.3,986,"Comfortable budget-friendly lodging in Munnar. Offers clean rooms, helpful service, and basic amenities perfect for cost-conscious travelers.","Laundry Service, Spa, Valet Parking, Free Breakfast",8.9,788
Ritz Villas Munnar 37,Munnar,4.3,2907,"Modern mid-range hotel in Munnar offering excellent value, well-appointed guest rooms, great dining, and a convenient location close to key city highlights.","Bar, Valet Parking, AC, Laundry Service, Free Breakfast",2.0,1452
Whispering Palms Stays Munnar 38,Munnar,4.7,7785,"Premium luxury accommodation in Munnar. Features world-class dining, customized guest services, elegant architecture, and a highly scenic environment.","Restaurant, Room Service, Free Breakfast, Balcony Room, Free Parking",2.1,143
Paradise Chalet Munnar 39,Munnar,3.9,3603,"Modern mid-range hotel in Munnar offering excellent value, well-appointed guest rooms, great dining, and a convenient location close to key city highlights.","24/7 Security, Swimming Pool, Free Parking, Balcony Room",0.4,31
Silver Sands Suites Munnar 40,Munnar,3.6,1863,"Comfortable budget-friendly lodging in Munnar. Offers clean rooms, helpful service, and basic amenities perfect for cost-conscious travelers.","AC, Valet Parking, 24/7 Security, WiFi, Free Breakfast, Gym, Spa",4.0,633
Alpine Lodge Palace Munnar 41,Munnar,4.8,12328,"Premium luxury accommodation in Munnar. Features world-class dining, customized guest services, elegant architecture, and a highly scenic environment.","Free Parking, Laundry Service, Valet Parking, Gym, Free Breakfast, Room Service, Bar, Restaurant",3.5,1933
Mayfair Haven Munnar 42,Munnar,3.6,1791,"Comfortable budget-friendly lodging in Munnar. Offers clean rooms, helpful service, and basic amenities perfect for cost-conscious travelers.","24/7 Security, WiFi, Free Parking, Laundry Service, Balcony Room, Gym, Free Breakfast",1.0,859
Grand Castle Munnar 43,Munnar,3.6,1549,"Comfortable budget-friendly lodging in Munnar. Offers clean rooms, helpful service, and basic amenities perfect for cost-conscious travelers.","Swimming Pool, WiFi, Restaurant, Bar, Free Breakfast, Gym, Valet Parking, Room Service",4.2,1186
Saffron Stays Resort Munnar 44,Munnar,4.7,9176,"Premium luxury accommodation in Munnar. Features world-class dining, customized guest services, elegant architecture, and a highly scenic environment.","24/7 Security, Gym, Valet Parking, Balcony Room, Room Service, Free Breakfast, WiFi",7.1,1620
Vista Hotel Munnar 45,Munnar,4.8,16657,"Premium luxury accommodation in Munnar. Features world-class dining, customized guest services, elegant architecture, and a highly scenic environment.","Spa, Room Service, Free Parking, WiFi, Bar, AC",4.2,1890
Taj Lodge Munnar 46,Munnar,5.0,14062,"Premium luxury accommodation in Munnar. Features world-class dining, customized guest services, elegant architecture, and a highly scenic environment.","Free Breakfast, Room Service, Restaurant, Balcony Room, Laundry Service",1.0,1092
Radisson Manor Munnar 47,Munnar,4.8,13843,"Premium luxury accommodation in Munnar. Features world-class dining, customized guest services, elegant architecture, and a highly scenic environment.","Gym, Free Breakfast, Restaurant, Balcony Room, Valet Parking, Bar, WiFi, Free Parking",7.8,1050
Ginger Inn Munnar 48,Munnar,3.6,1238,"Comfortable budget-friendly lodging in Munnar. Offers clean rooms, helpful service, and basic amenities perfect for cost-conscious travelers.","WiFi, AC, Spa, Bar, Balcony Room, Valet Parking, Gym, Free Parking",4.9,1178
Treebo Retreat Munnar 49,Munnar,4.3,4756,"Modern mid-range hotel in Munnar offering excellent value, well-appointed guest rooms, great dining, and a convenient location close to key city highlights.","Restaurant, AC, Free Parking, Laundry Service, Spa, Balcony Room, Gym",2.9,1801
Capital O Villas Munnar 50,Munnar,3.5,1314,"Comfortable budget-friendly lodging in Munnar. Offers clean rooms, helpful service, and basic amenities perfect for cost-conscious travelers.","AC, Free Parking, Bar, Spa, Swimming Pool, Laundry Service, 24/7 Security, Valet Parking",3.4,75
Ritz Stays Munnar 51,Munnar,4.6,13264,"Premium luxury accommodation in Munnar. Features world-class dining, customized guest services, elegant architecture, and a highly scenic environment.","Swimming Pool, WiFi, Room Service, Valet Parking, 24/7 Security, Gym, Bar",8.3,869
Whispering Palms Chalet Munnar 52,Munnar,4.2,3563,"Modern mid-range hotel in Munnar offering excellent value, well-appointed guest rooms, great dining, and a convenient location close to key city highlights.","WiFi, Restaurant, Free Parking, Balcony Room, Gym, Free Breakfast, AC",2.5,575
Paradise Suites Munnar 53,Munnar,3.9,4387,"Modern mid-range hotel in Munnar offering excellent value, well-appointed guest rooms, great dining, and a convenient location close to key city highlights.","Laundry Service, Valet Parking, Swimming Pool, AC",0.9,373
Silver Sands Palace Munnar 54,Munnar,3.2,1492,"Comfortable budget-friendly lodging in Munnar. Offers clean rooms, helpful service, and basic amenities perfect for cost-conscious travelers.","24/7 Security, Gym, Valet Parking, Free Parking",7.8,839
Alpine Lodge Haven Munnar 55,Munnar,4.4,10753,"Premium luxury accommodation in Munnar. Features world-class dining, customized guest services, elegant architecture, and a highly scenic environment.","24/7 Security, AC, Valet Parking, Room Service, Swimming Pool, WiFi, Laundry Service, Balcony Room",7.9,261
Mayfair Castle Munnar 56,Munnar,3.6,1253,"Comfortable budget-friendly lodging in Munnar. Offers clean rooms, helpful service, and basic amenities perfect for cost-conscious travelers.","Gym, Bar, Spa, Room Service, AC",6.8,1364
Grand Resort Munnar 57,Munnar,3.8,2411,"Modern mid-range hotel in Munnar offering excellent value, well-appointed guest rooms, great dining, and a convenient location close to key city highlights.","Room Service, Bar, 24/7 Security, WiFi, Laundry Service",1.7,703
Saffron Stays Hotel Munnar 58,Munnar,4.6,12895,"Premium luxury accommodation in Munnar. Features world-class dining, customized guest services, elegant architecture, and a highly scenic environment.","24/7 Security, Room Service, WiFi, Swimming Pool, Valet Parking",0.7,1762
Vista Lodge Munnar 59,Munnar,3.6,1524,"Comfortable budget-friendly lodging in Munnar. Offers clean rooms, helpful service, and basic amenities perfect for cost-conscious travelers.","Swimming Pool, Room Service, Balcony Room, Bar, 24/7 Security, WiFi, AC",7.1,1349
Taj Manor Munnar 60,Munnar,4.6,14793,"Premium luxury accommodation in Munnar. Features world-class dining, customized guest services, elegant architecture, and a highly scenic environment.","Free Parking, Balcony Room, 24/7 Security, Swimming Pool, Gym, AC",6.0,1492
Radisson Inn Munnar 61,Munnar,3.7,1529,"Comfortable budget-friendly lodging in Munnar. Offers clean rooms, helpful service, and basic amenities perfect for cost-conscious travelers.","Swimming Pool, Free Parking, Balcony Room, Laundry Service, 24/7 Security, Gym",7.9,1190
Ginger Retreat Munnar 62,Munnar,3.8,3794,"Modern mid-range hotel in Munnar offering excellent value, well-appointed guest rooms, great dining, and a convenient location close to key city highlights.","Room Service, AC, Laundry Service, Free Breakfast",0.8,25
Treebo Villas Munnar 63,Munnar,4.1,4629,"Modern mid-range hotel in Munnar offering excellent value, well-appointed guest rooms, great dining, and a convenient location close to key city highlights.","Free Parking, Spa, Balcony Room, Gym, 24/7 Security, Room Service",8.6,1964
Capital O Stays Munnar 64,Munnar,4.6,10990,"Premium luxury accommodation in Munnar. Features world-class dining, customized guest services, elegant architecture, and a highly scenic environment.","Free Breakfast, Valet Parking, Swimming Pool, Free Parking",4.1,324
Ritz Chalet Munnar 65,Munnar,4.9,8604,"Premium luxury accommodation in Munnar. Features world-class dining, customized guest services, elegant architecture, and a highly scenic environment.","Balcony Room, Spa, Swimming Pool, Gym, Restaurant",5.5,344
Whispering Palms Suites Munnar 66,Munnar,4.9,5689,"Premium luxury accommodation in Munnar. Features world-class dining, customized guest services, elegant architecture, and a highly scenic environment.","Balcony Room, 24/7 Security, Restaurant, WiFi, Laundry Service, Gym, Free Breakfast, AC",6.5,1926
Paradise Palace Munnar 67,Munnar,4.9,13126,"Premium luxury accommodation in Munnar. Features world-class dining, customized guest services, elegant architecture, and a highly scenic environment.","Room Service, Balcony Room, Bar, AC, Spa, Free Breakfast",2.5,24
Silver Sands Haven Munnar 68,Munnar,3.8,2435,"Modern mid-range hotel in Munnar offering excellent value, well-appointed guest rooms, great dining, and a convenient location close to key city highlights.","Valet Parking, Spa, AC, 24/7 Security",6.9,1340
Alpine Lodge Castle Munnar 69,Munnar,3.5,921,"Comfortable budget-friendly lodging in Munnar. Offers clean rooms, helpful service, and basic amenities perfect for cost-conscious travelers.","Free Parking, Bar, Swimming Pool, AC, 24/7 Security, Free Breakfast, Valet Parking",1.7,251
Mayfair Resort Munnar 70,Munnar,4.1,2196,"Modern mid-range hotel in Munnar offering excellent value, well-appointed guest rooms, great dining, and a convenient location close to key city highlights.","Room Service, Swimming Pool, 24/7 Security, Laundry Service",7.0,1778
Capital O Lodge Alleppey 1,Alleppey,4.3,4642,"Modern mid-range hotel in Alleppey offering excellent value, well-appointed guest rooms, great dining, and a convenient location close to key city highlights.","Balcony Room, Laundry Service, Free Parking, Valet Parking, Gym",1.9,382
Ritz Manor Alleppey 2,Alleppey,3.6,1995,"Comfortable budget-friendly lodging in Alleppey. Offers clean rooms, helpful service, and basic amenities perfect for cost-conscious travelers.","24/7 Security, Free Breakfast, Free Parking, Spa, WiFi, AC, Laundry Service, Swimming Pool",1.2,592
Whispering Palms Inn Alleppey 3,Alleppey,4.6,10584,"Premium luxury accommodation in Alleppey. Features world-class dining, customized guest services, elegant architecture, and a highly scenic environment.","AC, Room Service, Laundry Service, 24/7 Security, Free Parking, Swimming Pool, WiFi, Restaurant",6.7,1306
Paradise Retreat Alleppey 4,Alleppey,3.2,1628,"Comfortable budget-friendly lodging in Alleppey. Offers clean rooms, helpful service, and basic amenities perfect for cost-conscious travelers.","WiFi, Restaurant, Bar, Balcony Room, Valet Parking, Spa, Swimming Pool, Laundry Service",1.4,110
Silver Sands Villas Alleppey 5,Alleppey,4.7,17986,"Premium luxury accommodation in Alleppey. Features world-class dining, customized guest services, elegant architecture, and a highly scenic environment.","WiFi, Room Service, Swimming Pool, AC, Restaurant, Valet Parking, Balcony Room",2.5,1540
Alpine Lodge Stays Alleppey 6,Alleppey,4.6,11669,"Premium luxury accommodation in Alleppey. Features world-class dining, customized guest services, elegant architecture, and a highly scenic environment.","Room Service, Valet Parking, Swimming Pool, Free Parking",4.8,219
Mayfair Chalet Alleppey 7,Alleppey,3.5,1930,"Comfortable budget-friendly lodging in Alleppey. Offers clean rooms, helpful service, and basic amenities perfect for cost-conscious travelers.","Restaurant, AC, Free Parking, Bar, Balcony Room",2.7,1802
Grand Suites Alleppey 8,Alleppey,3.7,1627,"Comfortable budget-friendly lodging in Alleppey. Offers clean rooms, helpful service, and basic amenities perfect for cost-conscious travelers.","Free Parking, Laundry Service, Valet Parking, Bar",7.9,1877
Saffron Stays Palace Alleppey 9,Alleppey,4.0,3695,"Modern mid-range hotel in Alleppey offering excellent value, well-appointed guest rooms, great dining, and a convenient location close to key city highlights.","Valet Parking, Free Breakfast, Restaurant, Bar, AC",4.2,1151
Vista Haven Alleppey 10,Alleppey,3.4,1918,"Comfortable budget-friendly lodging in Alleppey. Offers clean rooms, helpful service, and basic amenities perfect for cost-conscious travelers.","Free Parking, Laundry Service, WiFi, Free Breakfast, Restaurant, Spa",5.8,571
Taj Castle Alleppey 11,Alleppey,3.2,1093,"Comfortable budget-friendly lodging in Alleppey. Offers clean rooms, helpful service, and basic amenities perfect for cost-conscious travelers.","Laundry Service, WiFi, Restaurant, Free Parking, Bar, Free Breakfast, Room Service, Gym",1.8,1746
Radisson Resort Alleppey 12,Alleppey,3.4,1892,"Comfortable budget-friendly lodging in Alleppey. Offers clean rooms, helpful service, and basic amenities perfect for cost-conscious travelers.","Free Breakfast, AC, 24/7 Security, Free Parking, Swimming Pool, Bar",1.9,206
Ginger Hotel Alleppey 13,Alleppey,3.8,3170,"Modern mid-range hotel in Alleppey offering excellent value, well-appointed guest rooms, great dining, and a convenient location close to key city highlights.","Spa, Room Service, Laundry Service, AC, Swimming Pool, Free Breakfast, Restaurant",6.4,778
Treebo Lodge Alleppey 14,Alleppey,4.8,10245,"Premium luxury accommodation in Alleppey. Features world-class dining, customized guest services, elegant architecture, and a highly scenic environment.","WiFi, Spa, Laundry Service, AC, 24/7 Security, Free Breakfast, Valet Parking, Balcony Room",1.2,809
Capital O Manor Alleppey 15,Alleppey,3.8,4945,"Modern mid-range hotel in Alleppey offering excellent value, well-appointed guest rooms, great dining, and a convenient location close to key city highlights.","AC, Balcony Room, WiFi, Gym, Restaurant, Room Service, Spa, Free Breakfast",7.7,829
Ritz Inn Alleppey 16,Alleppey,4.8,14740,"Premium luxury accommodation in Alleppey. Features world-class dining, customized guest services, elegant architecture, and a highly scenic environment.","Free Breakfast, Laundry Service, WiFi, Swimming Pool, AC, Bar, Free Parking",1.6,1029
Whispering Palms Retreat Alleppey 17,Alleppey,4.5,16203,"Premium luxury accommodation in Alleppey. Features world-class dining, customized guest services, elegant architecture, and a highly scenic environment.","WiFi, Spa, Swimming Pool, Bar, Free Breakfast, 24/7 Security",2.0,1478
Paradise Villas Alleppey 18,Alleppey,4.9,10280,"Premium luxury accommodation in Alleppey. Features world-class dining, customized guest services, elegant architecture, and a highly scenic environment.","Restaurant, Spa, Gym, Bar, 24/7 Security",3.3,1531
Silver Sands Stays Alleppey 19,Alleppey,3.8,2138,"Modern mid-range hotel in Alleppey offering excellent value, well-appointed guest rooms, great dining, and a convenient location close to key city highlights.","Room Service, Bar, Valet Parking, Balcony Room",8.0,642
Alpine Lodge Chalet Alleppey 20,Alleppey,4.2,2256,"Modern mid-range hotel in Alleppey offering excellent value, well-appointed guest rooms, great dining, and a convenient location close to key city highlights.","Spa, Swimming Pool, Bar, WiFi, Valet Parking, Balcony Room, Laundry Service",6.0,1869
Mayfair Suites Alleppey 21,Alleppey,4.5,8730,"Premium luxury accommodation in Alleppey. Features world-class dining, customized guest services, elegant architecture, and a highly scenic environment.","Gym, 24/7 Security, Swimming Pool, Balcony Room, Valet Parking, Room Service",2.7,1891
Grand Palace Alleppey 22,Alleppey,3.8,3349,"Modern mid-range hotel in Alleppey offering excellent value, well-appointed guest rooms, great dining, and a convenient location close to key city highlights.","Balcony Room, Free Parking, Gym, Restaurant, Spa, Valet Parking, 24/7 Security, Swimming Pool",6.9,1466
Saffron Stays Haven Alleppey 23,Alleppey,3.2,974,"Comfortable budget-friendly lodging in Alleppey. Offers clean rooms, helpful service, and basic amenities perfect for cost-conscious travelers.","Free Parking, Restaurant, 24/7 Security, Gym, Swimming Pool",7.6,577
Vista Castle Alleppey 24,Alleppey,4.8,15496,"Premium luxury accommodation in Alleppey. Features world-class dining, customized guest services, elegant architecture, and a highly scenic environment.","Restaurant, WiFi, Room Service, Free Breakfast",4.9,553
Taj Resort Alleppey 25,Alleppey,4.4,8224,"Premium luxury accommodation in Alleppey. Features world-class dining, customized guest services, elegant architecture, and a highly scenic environment.","Balcony Room, Free Breakfast, Free Parking, Room Service, Spa, Restaurant, WiFi",7.2,207
Radisson Hotel Alleppey 26,Alleppey,4.9,11997,"Premium luxury accommodation in Alleppey. Features world-class dining, customized guest services, elegant architecture, and a highly scenic environment.","Spa, Gym, Swimming Pool, 24/7 Security, Free Breakfast, Room Service, Valet Parking, Restaurant",1.1,41
Ginger Lodge Alleppey 27,Alleppey,4.9,16158,"Premium luxury accommodation in Alleppey. Features world-class dining, customized guest services, elegant architecture, and a highly scenic environment.","AC, Spa, Restaurant, 24/7 Security, Balcony Room, Bar, Free Breakfast, Valet Parking",7.4,1555
Treebo Manor Alleppey 28,Alleppey,4.6,8556,"Premium luxury accommodation in Alleppey. Features world-class dining, customized guest services, elegant architecture, and a highly scenic environment.","Bar, Room Service, Free Breakfast, Valet Parking, Restaurant, Balcony Room",8.2,864
Capital O Inn Alleppey 29,Alleppey,3.4,1415,"Comfortable budget-friendly lodging in Alleppey. Offers clean rooms, helpful service, and basic amenities perfect for cost-conscious travelers.","Room Service, Balcony Room, Spa, Gym, Free Breakfast, Valet Parking, Bar, 24/7 Security",2.9,390
Ritz Retreat Alleppey 30,Alleppey,3.3,1459,"Comfortable budget-friendly lodging in Alleppey. Offers clean rooms, helpful service, and basic amenities perfect for cost-conscious travelers.","Bar, Swimming Pool, 24/7 Security, Free Breakfast, Room Service",6.5,1560
Whispering Palms Villas Alleppey 31,Alleppey,3.4,851,"Comfortable budget-friendly lodging in Alleppey. Offers clean rooms, helpful service, and basic amenities perfect for cost-conscious travelers.","WiFi, Gym, Restaurant, Bar, Laundry Service, 24/7 Security",5.3,1089
Paradise Stays Alleppey 32,Alleppey,3.4,1766,"Comfortable budget-friendly lodging in Alleppey. Offers clean rooms, helpful service, and basic amenities perfect for cost-conscious travelers.","WiFi, Restaurant, Free Breakfast, AC, Valet Parking",4.2,1884
Silver Sands Chalet Alleppey 33,Alleppey,3.8,2181,"Modern mid-range hotel in Alleppey offering excellent value, well-appointed guest rooms, great dining, and a convenient location close to key city highlights.","Spa, Room Service, 24/7 Security, Free Breakfast, Restaurant, Bar, Laundry Service, WiFi",6.9,274
Alpine Lodge Suites Alleppey 34,Alleppey,3.1,1767,"Comfortable budget-friendly lodging in Alleppey. Offers clean rooms, helpful service, and basic amenities perfect for cost-conscious travelers.","Gym, Swimming Pool, Laundry Service, Balcony Room, AC, Room Service",3.5,398
Mayfair Palace Alleppey 35,Alleppey,3.2,1079,"Comfortable budget-friendly lodging in Alleppey. Offers clean rooms, helpful service, and basic amenities perfect for cost-conscious travelers.","Spa, Swimming Pool, Laundry Service, Valet Parking, WiFi, Free Breakfast, Restaurant",6.8,1936
Grand Haven Alleppey 36,Alleppey,3.2,1339,"Comfortable budget-friendly lodging in Alleppey. Offers clean rooms, helpful service, and basic amenities perfect for cost-conscious travelers.","WiFi, Laundry Service, Swimming Pool, Balcony Room, AC",0.9,1898
Saffron Stays Castle Alleppey 37,Alleppey,3.6,1091,"Comfortable budget-friendly lodging in Alleppey. Offers clean rooms, helpful service, and basic amenities perfect for cost-conscious travelers.","24/7 Security, Free Parking, AC, Restaurant, Bar, Free Breakfast, Laundry Service, Spa",8.9,447
Vista Resort Alleppey 38,Alleppey,3.1,1780,"Comfortable budget-friendly lodging in Alleppey. Offers clean rooms, helpful service, and basic amenities perfect for cost-conscious travelers.","24/7 Security, Swimming Pool, Laundry Service, Bar",2.2,1686
Taj Hotel Alleppey 39,Alleppey,3.5,1366,"Comfortable budget-friendly lodging in Alleppey. Offers clean rooms, helpful service, and basic amenities perfect for cost-conscious travelers.","Free Breakfast, Spa, Free Parking, AC, Valet Parking, Balcony Room, WiFi, Room Service",0.3,103
Radisson Lodge Alleppey 40,Alleppey,4.5,17973,"Premium luxury accommodation in Alleppey. Features world-class dining, customized guest services, elegant architecture, and a highly scenic environment.","Gym, Restaurant, 24/7 Security, Free Parking, Laundry Service, Free Breakfast",3.5,1467
Ginger Manor Alleppey 41,Alleppey,4.1,3457,"Modern mid-range hotel in Alleppey offering excellent value, well-appointed guest rooms, great dining, and a convenient location close to key city highlights.","Valet Parking, AC, Laundry Service, Swimming Pool, Room Service, Free Parking, Balcony Room, 24/7 Security",8.9,1058
Treebo Inn Alleppey 42,Alleppey,3.8,4910,"Modern mid-range hotel in Alleppey offering excellent value, well-appointed guest rooms, great dining, and a convenient location close to key city highlights.","Swimming Pool, Bar, Free Parking, Valet Parking, Spa",4.8,532
Capital O Retreat Alleppey 43,Alleppey,3.4,1695,"Comfortable budget-friendly lodging in Alleppey. Offers clean rooms, helpful service, and basic amenities perfect for cost-conscious travelers.","Room Service, Spa, Free Breakfast, Restaurant, Free Parking",8.3,1960
Ritz Villas Alleppey 44,Alleppey,4.8,8512,"Premium luxury accommodation in Alleppey. Features world-class dining, customized guest services, elegant architecture, and a highly scenic environment.","Spa, Balcony Room, 24/7 Security, Gym",8.3,668
Whispering Palms Stays Alleppey 45,Alleppey,3.5,883,"Comfortable budget-friendly lodging in Alleppey. Offers clean rooms, helpful service, and basic amenities perfect for cost-conscious travelers.","WiFi, Restaurant, Free Breakfast, Gym, Swimming Pool, 24/7 Security, Laundry Service",7.6,1147
Paradise Chalet Alleppey 46,Alleppey,3.9,3883,"Modern mid-range hotel in Alleppey offering excellent value, well-appointed guest rooms, great dining, and a convenient location close to key city highlights.","Valet Parking, Free Breakfast, Restaurant, WiFi, 24/7 Security, Laundry Service, Gym",3.9,851
Silver Sands Suites Alleppey 47,Alleppey,4.7,17489,"Premium luxury accommodation in Alleppey. Features world-class dining, customized guest services, elegant architecture, and a highly scenic environment.","AC, WiFi, 24/7 Security, Laundry Service, Free Breakfast, Balcony Room",9.1,295
Alpine Lodge Palace Alleppey 48,Alleppey,3.3,1925,"Comfortable budget-friendly lodging in Alleppey. Offers clean rooms, helpful service, and basic amenities perfect for cost-conscious travelers.","Swimming Pool, Spa, Laundry Service, Valet Parking, Room Service",1.3,1199
Mayfair Haven Alleppey 49,Alleppey,4.7,8482,"Premium luxury accommodation in Alleppey. Features world-class dining, customized guest services, elegant architecture, and a highly scenic environment.","AC, Room Service, Spa, Free Breakfast, 24/7 Security, Restaurant, Laundry Service, Swimming Pool",4.1,1460
Grand Castle Alleppey 50,Alleppey,4.6,14809,"Premium luxury accommodation in Alleppey. Features world-class dining, customized guest services, elegant architecture, and a highly scenic environment.","Gym, WiFi, Restaurant, Bar, Free Parking",9.5,892
Saffron Stays Resort Alleppey 51,Alleppey,4.1,4712,"Modern mid-range hotel in Alleppey offering excellent value, well-appointed guest rooms, great dining, and a convenient location close to key city highlights.","AC, Balcony Room, Laundry Service, 24/7 Security",0.4,569
Vista Hotel Alleppey 52,Alleppey,4.1,2948,"Modern mid-range hotel in Alleppey offering excellent value, well-appointed guest rooms, great dining, and a convenient location close to key city highlights.","Spa, Gym, Restaurant, Laundry Service",8.7,431
Taj Lodge Alleppey 53,Alleppey,5.0,13536,"Premium luxury accommodation in Alleppey. Features world-class dining, customized guest services, elegant architecture, and a highly scenic environment.","Free Parking, Room Service, Swimming Pool, Valet Parking, 24/7 Security, Restaurant",9.3,1644
Radisson Manor Alleppey 54,Alleppey,3.9,2401,"Modern mid-range hotel in Alleppey offering excellent value, well-appointed guest rooms, great dining, and a convenient location close to key city highlights.","Restaurant, Spa, Swimming Pool, WiFi, AC",7.1,967
Ginger Inn Alleppey 55,Alleppey,4.1,2361,"Modern mid-range hotel in Alleppey offering excellent value, well-appointed guest rooms, great dining, and a convenient location close to key city highlights.","24/7 Security, Valet Parking, WiFi, Restaurant, Room Service, Gym, AC",2.5,1954
Treebo Retreat Alleppey 56,Alleppey,4.1,2340,"Modern mid-range hotel in Alleppey offering excellent value, well-appointed guest rooms, great dining, and a convenient location close to key city highlights.","Valet Parking, Bar, Free Parking, 24/7 Security, Laundry Service, Room Service, Balcony Room",5.5,538
Capital O Villas Alleppey 57,Alleppey,3.3,1305,"Comfortable budget-friendly lodging in Alleppey. Offers clean rooms, helpful service, and basic amenities perfect for cost-conscious travelers.","Free Parking, 24/7 Security, Gym, Swimming Pool, Valet Parking, AC, Balcony Room",8.7,816
Ritz Stays Alleppey 58,Alleppey,3.7,1816,"Comfortable budget-friendly lodging in Alleppey. Offers clean rooms, helpful service, and basic amenities perfect for cost-conscious travelers.","Free Breakfast, AC, Balcony Room, 24/7 Security, Room Service",4.7,1009
Whispering Palms Chalet Alleppey 59,Alleppey,3.7,1229,"Comfortable budget-friendly lodging in Alleppey. Offers clean rooms, helpful service, and basic amenities perfect for cost-conscious travelers.","24/7 Security, Room Service, AC, Swimming Pool, Gym, Restaurant",0.9,536
Paradise Suites Alleppey 60,Alleppey,5.0,6195,"Premium luxury accommodation in Alleppey. Features world-class dining, customized guest services, elegant architecture, and a highly scenic environment.","Bar, Gym, Room Service, WiFi, Valet Parking, Free Parking, Restaurant, Swimming Pool",4.2,1016
Silver Sands Palace Alleppey 61,Alleppey,4.7,8145,"Premium luxury accommodation in Alleppey. Features world-class dining, customized guest services, elegant architecture, and a highly scenic environment.","Free Parking, Balcony Room, WiFi, Laundry Service, Free Breakfast",8.1,245
Alpine Lodge Haven Alleppey 62,Alleppey,3.7,856,"Comfortable budget-friendly lodging in Alleppey. Offers clean rooms, helpful service, and basic amenities perfect for cost-conscious travelers.","Swimming Pool, Balcony Room, 24/7 Security, Gym",5.8,694
Mayfair Castle Alleppey 63,Alleppey,3.6,800,"Comfortable budget-friendly lodging in Alleppey. Offers clean rooms, helpful service, and basic amenities perfect for cost-conscious travelers.","Restaurant, Spa, Valet Parking, Gym, AC, Balcony Room",4.8,330
Grand Resort Alleppey 64,Alleppey,4.5,9285,"Premium luxury accommodation in Alleppey. Features world-class dining, customized guest services, elegant architecture, and a highly scenic environment.","Free Parking, WiFi, Swimming Pool, 24/7 Security, Room Service, AC, Valet Parking, Balcony Room",8.9,1601
Saffron Stays Hotel Alleppey 65,Alleppey,4.6,9097,"Premium luxury accommodation in Alleppey. Features world-class dining, customized guest services, elegant architecture, and a highly scenic environment.","Valet Parking, Free Parking, WiFi, Restaurant, 24/7 Security, Swimming Pool, Bar",9.3,995
Vista Lodge Alleppey 66,Alleppey,3.4,854,"Comfortable budget-friendly lodging in Alleppey. Offers clean rooms, helpful service, and basic amenities perfect for cost-conscious travelers.","Free Breakfast, Free Parking, 24/7 Security, AC, Balcony Room, Gym, Laundry Service",4.3,84
Taj Manor Alleppey 67,Alleppey,4.2,3615,"Modern mid-range hotel in Alleppey offering excellent value, well-appointed guest rooms, great dining, and a convenient location close to key city highlights.","WiFi, 24/7 Security, Spa, Gym",4.4,895
Radisson Inn Alleppey 68,Alleppey,3.6,1155,"Comfortable budget-friendly lodging in Alleppey. Offers clean rooms, helpful service, and basic amenities perfect for cost-conscious travelers.","Bar, Room Service, AC, Free Parking",5.4,334
Ginger Retreat Alleppey 69,Alleppey,4.8,10948,"Premium luxury accommodation in Alleppey. Features world-class dining, customized guest services, elegant architecture, and a highly scenic environment.","Free Breakfast, Swimming Pool, Laundry Service, Valet Parking, Bar, Free Parking, Balcony Room, Restaurant",1.9,1583
Treebo Villas Alleppey 70,Alleppey,4.8,12649,"Premium luxury accommodation in Alleppey. Features world-class dining, customized guest services, elegant architecture, and a highly scenic environment.","Swimming Pool, Balcony Room, Laundry Service, Bar",3.0,1276
Grand Chalet Wayanad 1,Wayanad,3.2,1755,"Comfortable budget-friendly lodging in Wayanad. Offers clean rooms, helpful service, and basic amenities perfect for cost-conscious travelers.","Gym, Laundry Service, Spa, AC, WiFi, 24/7 Security, Bar",3.9,1140
Saffron Stays Suites Wayanad 2,Wayanad,4.4,15499,"Premium luxury accommodation in Wayanad. Features world-class dining, customized guest services, elegant architecture, and a highly scenic environment.","AC, 24/7 Security, Swimming Pool, WiFi, Room Service, Bar, Free Breakfast, Valet Parking",9.0,1035
Vista Palace Wayanad 3,Wayanad,3.8,3961,"Modern mid-range hotel in Wayanad offering excellent value, well-appointed guest rooms, great dining, and a convenient location close to key city highlights.","Restaurant, Gym, Valet Parking, 24/7 Security, AC, Balcony Room, Room Service, Laundry Service",0.6,793
Taj Haven Wayanad 4,Wayanad,3.4,1803,"Comfortable budget-friendly lodging in Wayanad. Offers clean rooms, helpful service, and basic amenities perfect for cost-conscious travelers.","Balcony Room, Free Breakfast, Laundry Service, AC, Bar, Valet Parking, Restaurant",7.0,1071
Radisson Castle Wayanad 5,Wayanad,3.9,3586,"Modern mid-range hotel in Wayanad offering excellent value, well-appointed guest rooms, great dining, and a convenient location close to key city highlights.","Free Parking, Restaurant, Balcony Room, Laundry Service, 24/7 Security, Free Breakfast, Swimming Pool",3.4,1734
Ginger Resort Wayanad 6,Wayanad,4.3,2977,"Modern mid-range hotel in Wayanad offering excellent value, well-appointed guest rooms, great dining, and a convenient location close to key city highlights.","Balcony Room, Free Breakfast, Restaurant, Bar, WiFi, Spa",2.5,1596
Treebo Hotel Wayanad 7,Wayanad,3.7,1706,"Comfortable budget-friendly lodging in Wayanad. Offers clean rooms, helpful service, and basic amenities perfect for cost-conscious travelers.","Spa, Free Parking, Laundry Service, WiFi, Room Service, Restaurant, AC",3.1,474
Capital O Lodge Wayanad 8,Wayanad,4.3,3059,"Modern mid-range hotel in Wayanad offering excellent value, well-appointed guest rooms, great dining, and a convenient location close to key city highlights.","WiFi, Gym, Free Breakfast, Bar, Restaurant, Room Service",8.2,76
Ritz Manor Wayanad 9,Wayanad,4.5,12897,"Premium luxury accommodation in Wayanad. Features world-class dining, customized guest services, elegant architecture, and a highly scenic environment.","WiFi, Bar, Gym, Room Service, Valet Parking, Free Parking, 24/7 Security, Laundry Service",5.6,392
Whispering Palms Inn Wayanad 10,Wayanad,4.4,6980,"Premium luxury accommodation in Wayanad. Features world-class dining, customized guest services, elegant architecture, and a highly scenic environment.","AC, Free Parking, Balcony Room, Restaurant, Room Service",0.5,1891
Paradise Retreat Wayanad 11,Wayanad,3.6,859,"Comfortable budget-friendly lodging in Wayanad. Offers clean rooms, helpful service, and basic amenities perfect for cost-conscious travelers.","Gym, Free Breakfast, Balcony Room, WiFi, Restaurant, Swimming Pool, Bar",0.1,1812
Silver Sands Villas Wayanad 12,Wayanad,3.8,2723,"Modern mid-range hotel in Wayanad offering excellent value, well-appointed guest rooms, great dining, and a convenient location close to key city highlights.","Balcony Room, WiFi, Bar, Swimming Pool, 24/7 Security, Spa",3.9,1067
Alpine Lodge Stays Wayanad 13,Wayanad,3.5,1891,"Comfortable budget-friendly lodging in Wayanad. Offers clean rooms, helpful service, and basic amenities perfect for cost-conscious travelers.","Laundry Service, Free Parking, AC, Gym, Balcony Room, Restaurant, Valet Parking",4.5,1336
Mayfair Chalet Wayanad 14,Wayanad,3.9,4833,"Modern mid-range hotel in Wayanad offering excellent value, well-appointed guest rooms, great dining, and a convenient location close to key city highlights.","Balcony Room, AC, Valet Parking, WiFi, Gym, Free Parking, Spa",8.6,412
Grand Suites Wayanad 15,Wayanad,4.6,14345,"Premium luxury accommodation in Wayanad. Features world-class dining, customized guest services, elegant architecture, and a highly scenic environment.","Free Breakfast, Restaurant, Swimming Pool, Bar, Free Parking, Spa, WiFi, Laundry Service",9.1,1188
Saffron Stays Palace Wayanad 16,Wayanad,3.6,942,"Comfortable budget-friendly lodging in Wayanad. Offers clean rooms, helpful service, and basic amenities perfect for cost-conscious travelers.","Swimming Pool, WiFi, Spa, Laundry Service",4.7,101
Vista Haven Wayanad 17,Wayanad,4.0,4184,"Modern mid-range hotel in Wayanad offering excellent value, well-appointed guest rooms, great dining, and a convenient location close to key city highlights.","Laundry Service, Free Parking, Bar, Swimming Pool",3.8,1070
Taj Castle Wayanad 18,Wayanad,3.5,1745,"Comfortable budget-friendly lodging in Wayanad. Offers clean rooms, helpful service, and basic amenities perfect for cost-conscious travelers.","Free Parking, Laundry Service, Free Breakfast, Gym, Room Service, 24/7 Security, Balcony Room",8.2,54
Radisson Resort Wayanad 19,Wayanad,3.9,3079,"Modern mid-range hotel in Wayanad offering excellent value, well-appointed guest rooms, great dining, and a convenient location close to key city highlights.","Gym, Bar, Free Breakfast, Laundry Service, 24/7 Security, Restaurant",6.7,978
Ginger Hotel Wayanad 20,Wayanad,4.1,2861,"Modern mid-range hotel in Wayanad offering excellent value, well-appointed guest rooms, great dining, and a convenient location close to key city highlights.","WiFi, 24/7 Security, Bar, Laundry Service, Spa, AC",0.4,1567
Treebo Lodge Wayanad 21,Wayanad,3.9,4974,"Modern mid-range hotel in Wayanad offering excellent value, well-appointed guest rooms, great dining, and a convenient location close to key city highlights.","Balcony Room, Room Service, Free Breakfast, Bar, AC, Valet Parking, WiFi",4.6,1313
Capital O Manor Wayanad 22,Wayanad,4.7,16462,"Premium luxury accommodation in Wayanad. Features world-class dining, customized guest services, elegant architecture, and a highly scenic environment.","Laundry Service, Swimming Pool, Spa, Free Parking, Valet Parking, Gym, AC, WiFi",8.2,1177
Ritz Inn Wayanad 23,Wayanad,3.2,1184,"Comfortable budget-friendly lodging in Wayanad. Offers clean rooms, helpful service, and basic amenities perfect for cost-conscious travelers.","Free Breakfast, Restaurant, Bar, Free Parking, Laundry Service, Room Service, 24/7 Security",9.1,219
Whispering Palms Retreat Wayanad 24,Wayanad,4.4,8393,"Premium luxury accommodation in Wayanad. Features world-class dining, customized guest services, elegant architecture, and a highly scenic environment.","Free Breakfast, AC, Room Service, Balcony Room, WiFi",3.2,1430
Paradise Villas Wayanad 25,Wayanad,4.0,2047,"Modern mid-range hotel in Wayanad offering excellent value, well-appointed guest rooms, great dining, and a convenient location close to key city highlights.","Free Parking, Swimming Pool, WiFi, Laundry Service, AC, Bar, 24/7 Security",8.4,1686
Silver Sands Stays Wayanad 26,Wayanad,3.9,2167,"Modern mid-range hotel in Wayanad offering excellent value, well-appointed guest rooms, great dining, and a convenient location close to key city highlights.","WiFi, Free Breakfast, Room Service, Gym, Valet Parking, Restaurant, 24/7 Security",5.1,560
Alpine Lodge Chalet Wayanad 27,Wayanad,4.0,2803,"Modern mid-range hotel in Wayanad offering excellent value, well-appointed guest rooms, great dining, and a convenient location close to key city highlights.","Gym, Restaurant, Room Service, Bar",4.4,896
Mayfair Suites Wayanad 28,Wayanad,4.9,10383,"Premium luxury accommodation in Wayanad. Features world-class dining, customized guest services, elegant architecture, and a highly scenic environment.","Valet Parking, Laundry Service, WiFi, Restaurant, 24/7 Security, Spa",4.6,1062
Grand Palace Wayanad 29,Wayanad,3.1,820,"Comfortable budget-friendly lodging in Wayanad. Offers clean rooms, helpful service, and basic amenities perfect for cost-conscious travelers.","Swimming Pool, Free Breakfast, Room Service, Valet Parking, Gym",7.5,1619
Saffron Stays Haven Wayanad 30,Wayanad,3.8,3049,"Modern mid-range hotel in Wayanad offering excellent value, well-appointed guest rooms, great dining, and a convenient location close to key city highlights.","Valet Parking, Swimming Pool, AC, Free Breakfast, Room Service",3.2,1288
Vista Castle Wayanad 31,Wayanad,4.0,3093,"Modern mid-range hotel in Wayanad offering excellent value, well-appointed guest rooms, great dining, and a convenient location close to key city highlights.","Restaurant, WiFi, Room Service, Valet Parking, Free Parking, Bar",9.5,1213
Taj Resort Wayanad 32,Wayanad,3.4,1209,"Comfortable budget-friendly lodging in Wayanad. Offers clean rooms, helpful service, and basic amenities perfect for cost-conscious travelers.","Laundry Service, WiFi, Free Breakfast, Balcony Room, Bar",4.2,1740
Radisson Hotel Wayanad 33,Wayanad,4.4,10607,"Premium luxury accommodation in Wayanad. Features world-class dining, customized guest services, elegant architecture, and a highly scenic environment.","AC, Free Parking, 24/7 Security, WiFi, Swimming Pool",7.1,335
Ginger Lodge Wayanad 34,Wayanad,3.4,877,"Comfortable budget-friendly lodging in Wayanad. Offers clean rooms, helpful service, and basic amenities perfect for cost-conscious travelers.","Free Parking, Balcony Room, Laundry Service, 24/7 Security, AC",3.7,458
Treebo Manor Wayanad 35,Wayanad,3.0,1138,"Comfortable budget-friendly lodging in Wayanad. Offers clean rooms, helpful service, and basic amenities perfect for cost-conscious travelers.","Bar, AC, Balcony Room, Restaurant, WiFi",9.3,70
Capital O Inn Wayanad 36,Wayanad,3.9,4632,"Modern mid-range hotel in Wayanad offering excellent value, well-appointed guest rooms, great dining, and a convenient location close to key city highlights.","Swimming Pool, 24/7 Security, Bar, Restaurant, WiFi, Spa, Free Breakfast, Balcony Room",8.8,62
Ritz Retreat Wayanad 37,Wayanad,3.2,1531,"Comfortable budget-friendly lodging in Wayanad. Offers clean rooms, helpful service, and basic amenities perfect for cost-conscious travelers.","Swimming Pool, Room Service, Bar, WiFi, Laundry Service",2.8,420
Whispering Palms Villas Wayanad 38,Wayanad,3.2,1888,"Comfortable budget-friendly lodging in Wayanad. Offers clean rooms, helpful service, and basic amenities perfect for cost-conscious travelers.","Valet Parking, WiFi, Balcony Room, AC, Room Service",1.3,1870
Paradise Stays Wayanad 39,Wayanad,3.1,1882,"Comfortable budget-friendly lodging in Wayanad. Offers clean rooms, helpful service, and basic amenities perfect for cost-conscious travelers.","24/7 Security, Valet Parking, WiFi, Free Parking",2.3,1991
Silver Sands Chalet Wayanad 40,Wayanad,3.1,1509,"Comfortable budget-friendly lodging in Wayanad. Offers clean rooms, helpful service, and basic amenities perfect for cost-conscious travelers.","Room Service, Restaurant, Valet Parking, Free Breakfast, Gym, Balcony Room",3.5,1559
Alpine Lodge Suites Wayanad 41,Wayanad,4.6,14830,"Premium luxury accommodation in Wayanad. Features world-class dining, customized guest services, elegant architecture, and a highly scenic environment.","Gym, Free Parking, Room Service, Spa, Restaurant, Bar, Valet Parking",2.3,1709
Mayfair Palace Wayanad 42,Wayanad,3.2,973,"Comfortable budget-friendly lodging in Wayanad. Offers clean rooms, helpful service, and basic amenities perfect for cost-conscious travelers.","Spa, Free Breakfast, Balcony Room, Laundry Service, Gym, Room Service, Valet Parking, Free Parking",8.9,1754
Grand Haven Wayanad 43,Wayanad,3.3,1527,"Comfortable budget-friendly lodging in Wayanad. Offers clean rooms, helpful service, and basic amenities perfect for cost-conscious travelers.","Room Service, Bar, Spa, 24/7 Security",3.5,966
Saffron Stays Castle Wayanad 44,Wayanad,4.4,17681,"Premium luxury accommodation in Wayanad. Features world-class dining, customized guest services, elegant architecture, and a highly scenic environment.","24/7 Security, Room Service, Laundry Service, Swimming Pool, Bar, Free Parking, WiFi, Valet Parking",0.6,1061
Vista Resort Wayanad 45,Wayanad,3.2,1666,"Comfortable budget-friendly lodging in Wayanad. Offers clean rooms, helpful service, and basic amenities perfect for cost-conscious travelers.","Bar, Restaurant, 24/7 Security, Room Service, Free Breakfast, AC, Swimming Pool, Balcony Room",7.6,40
Taj Hotel Wayanad 46,Wayanad,4.6,17487,"Premium luxury accommodation in Wayanad. Features world-class dining, customized guest services, elegant architecture, and a highly scenic environment.","Room Service, Balcony Room, Restaurant, Free Parking, Swimming Pool, Bar",7.0,1055
Radisson Lodge Wayanad 47,Wayanad,4.1,4680,"Modern mid-range hotel in Wayanad offering excellent value, well-appointed guest rooms, great dining, and a convenient location close to key city highlights.","Restaurant, AC, Valet Parking, Balcony Room, WiFi, Gym",8.7,64
Ginger Manor Wayanad 48,Wayanad,3.9,3691,"Modern mid-range hotel in Wayanad offering excellent value, well-appointed guest rooms, great dining, and a convenient location close to key city highlights.","Bar, Balcony Room, 24/7 Security, Free Parking, Gym, Valet Parking, Room Service, Restaurant",4.9,1768
Treebo Inn Wayanad 49,Wayanad,3.1,1074,"Comfortable budget-friendly lodging in Wayanad. Offers clean rooms, helpful service, and basic amenities perfect for cost-conscious travelers.","Free Breakfast, Balcony Room, Bar, Restaurant, 24/7 Security",7.3,935
Capital O Retreat Wayanad 50,Wayanad,4.3,4019,"Modern mid-range hotel in Wayanad offering excellent value, well-appointed guest rooms, great dining, and a convenient location close to key city highlights.","Bar, Free Parking, Spa, Balcony Room, Restaurant, Swimming Pool",1.3,1063
Ritz Villas Wayanad 51,Wayanad,3.9,3181,"Modern mid-range hotel in Wayanad offering excellent value, well-appointed guest rooms, great dining, and a convenient location close to key city highlights.","24/7 Security, Balcony Room, Gym, Free Breakfast, Free Parking, Laundry Service, WiFi, Room Service",4.7,1465
Whispering Palms Stays Wayanad 52,Wayanad,3.6,1477,"Comfortable budget-friendly lodging in Wayanad. Offers clean rooms, helpful service, and basic amenities perfect for cost-conscious travelers.","Free Parking, Restaurant, Room Service, 24/7 Security, Balcony Room, AC",4.4,553
Paradise Chalet Wayanad 53,Wayanad,4.8,6728,"Premium luxury accommodation in Wayanad. Features world-class dining, customized guest services, elegant architecture, and a highly scenic environment.","AC, Spa, Gym, Laundry Service, Free Parking, Bar, Balcony Room",6.3,1010
Silver Sands Suites Wayanad 54,Wayanad,3.2,1475,"Comfortable budget-friendly lodging in Wayanad. Offers clean rooms, helpful service, and basic amenities perfect for cost-conscious travelers.","Free Parking, Gym, Bar, WiFi, Spa, Free Breakfast",4.2,549
Alpine Lodge Palace Wayanad 55,Wayanad,4.2,2085,"Modern mid-range hotel in Wayanad offering excellent value, well-appointed guest rooms, great dining, and a convenient location close to key city highlights.","Restaurant, Swimming Pool, Spa, Valet Parking, Free Breakfast, Laundry Service, Free Parking",3.8,414
Mayfair Haven Wayanad 56,Wayanad,4.6,9637,"Premium luxury accommodation in Wayanad. Features world-class dining, customized guest services, elegant architecture, and a highly scenic environment.","Swimming Pool, Valet Parking, Laundry Service, Gym, Restaurant, Balcony Room",4.8,1912
Grand Castle Wayanad 57,Wayanad,4.3,2202,"Modern mid-range hotel in Wayanad offering excellent value, well-appointed guest rooms, great dining, and a convenient location close to key city highlights.","Bar, Restaurant, Balcony Room, Valet Parking",5.3,1628
Saffron Stays Resort Wayanad 58,Wayanad,3.6,1528,"Comfortable budget-friendly lodging in Wayanad. Offers clean rooms, helpful service, and basic amenities perfect for cost-conscious travelers.","Bar, Balcony Room, AC, Spa, Swimming Pool, Valet Parking, Gym, Free Parking",3.6,1996
Vista Hotel Wayanad 59,Wayanad,4.9,12924,"Premium luxury accommodation in Wayanad. Features world-class dining, customized guest services, elegant architecture, and a highly scenic environment.","AC, Room Service, WiFi, 24/7 Security, Free Parking, Bar, Valet Parking",2.9,1655
Taj Lodge Wayanad 60,Wayanad,4.5,6501,"Premium luxury accommodation in Wayanad. Features world-class dining, customized guest services, elegant architecture, and a highly scenic environment.","Room Service, AC, Valet Parking, WiFi",2.9,172
Radisson Manor Wayanad 61,Wayanad,3.9,3517,"Modern mid-range hotel in Wayanad offering excellent value, well-appointed guest rooms, great dining, and a convenient location close to key city highlights.","Laundry Service, Free Breakfast, Room Service, Bar, Spa, Swimming Pool",6.0,1195
Ginger Inn Wayanad 62,Wayanad,3.9,2948,"Modern mid-range hotel in Wayanad offering excellent value, well-appointed guest rooms, great dining, and a convenient location close to key city highlights.","AC, Room Service, Balcony Room, WiFi, Free Parking",6.5,506
Treebo Retreat Wayanad 63,Wayanad,4.7,15948,"Premium luxury accommodation in Wayanad. Features world-class dining, customized guest services, elegant architecture, and a highly scenic environment.","WiFi, Room Service, Free Parking, 24/7 Security, Laundry Service, Valet Parking, Bar",6.2,60
Capital O Villas Wayanad 64,Wayanad,5.0,5547,"Premium luxury accommodation in Wayanad. Features world-class dining, customized guest services, elegant architecture, and a highly scenic environment.","Bar, 24/7 Security, Room Service, Gym, Free Parking, Swimming Pool",1.0,766
Ritz Stays Wayanad 65,Wayanad,4.7,7837,"Premium luxury accommodation in Wayanad. Features world-class dining, customized guest services, elegant architecture, and a highly scenic environment.","Spa, AC, Restaurant, WiFi",0.4,1460
Whispering Palms Chalet Wayanad 66,Wayanad,3.4,1286,"Comfortable budget-friendly lodging in Wayanad. Offers clean rooms, helpful service, and basic amenities perfect for cost-conscious travelers.","Free Parking, AC, Gym, Free Breakfast, Balcony Room",0.5,1872
Paradise Suites Wayanad 67,Wayanad,3.0,1283,"Comfortable budget-friendly lodging in Wayanad. Offers clean rooms, helpful service, and basic amenities perfect for cost-conscious travelers.","Room Service, Laundry Service, Free Breakfast, Balcony Room, Spa, Swimming Pool, Gym, Restaurant",2.9,1960
Silver Sands Palace Wayanad 68,Wayanad,4.9,13515,"Premium luxury accommodation in Wayanad. Features world-class dining, customized guest services, elegant architecture, and a highly scenic environment.","24/7 Security, Balcony Room, AC, Free Breakfast",4.2,518
Alpine Lodge Haven Wayanad 69,Wayanad,4.5,9472,"Premium luxury accommodation in Wayanad. Features world-class dining, customized guest services, elegant architecture, and a highly scenic environment.","Valet Parking, WiFi, Room Service, Gym, Restaurant",4.9,199
Mayfair Castle Wayanad 70,Wayanad,3.4,1181,"Comfortable budget-friendly lodging in Wayanad. Offers clean rooms, helpful service, and basic amenities perfect for cost-conscious travelers.","AC, Restaurant, Free Breakfast, 24/7 Security, Spa, Balcony Room, Laundry Service",2.7,71
Capital O Hotel Chennai 1,Chennai,3.5,1944,"Comfortable budget-friendly lodging in Chennai. Offers clean rooms, helpful service, and basic amenities perfect for cost-conscious travelers.","24/7 Security, Laundry Service, Spa, Free Breakfast, Free Parking",7.8,842
Ritz Lodge Chennai 2,Chennai,3.5,1470,"Comfortable budget-friendly lodging in Chennai. Offers clean rooms, helpful service, and basic amenities perfect for cost-conscious travelers.","Swimming Pool, Laundry Service, Valet Parking, Room Service, Free Breakfast, Free Parking, Restaurant, Spa",5.8,355
Whispering Palms Manor Chennai 3,Chennai,3.6,1878,"Comfortable budget-friendly lodging in Chennai. Offers clean rooms, helpful service, and basic amenities perfect for cost-conscious travelers.","Laundry Service, Swimming Pool, Restaurant, Valet Parking, AC, Gym, Bar",2.4,1669
Paradise Inn Chennai 4,Chennai,3.7,1695,"Comfortable budget-friendly lodging in Chennai. Offers clean rooms, helpful service, and basic amenities perfect for cost-conscious travelers.","Restaurant, Laundry Service, Spa, Gym, Free Parking, Balcony Room, WiFi",9.0,1293
Silver Sands Retreat Chennai 5,Chennai,3.8,4389,"Modern mid-range hotel in Chennai offering excellent value, well-appointed guest rooms, great dining, and a convenient location close to key city highlights.","Balcony Room, Room Service, Free Parking, AC",2.6,1966
Alpine Lodge Villas Chennai 6,Chennai,4.2,3599,"Modern mid-range hotel in Chennai offering excellent value, well-appointed guest rooms, great dining, and a convenient location close to key city highlights.","Laundry Service, 24/7 Security, Room Service, Swimming Pool, Balcony Room, Valet Parking, Spa",8.0,1190
Mayfair Stays Chennai 7,Chennai,4.6,7390,"Premium luxury accommodation in Chennai. Features world-class dining, customized guest services, elegant architecture, and a highly scenic environment.","Laundry Service, 24/7 Security, Balcony Room, Valet Parking, Spa",2.6,1157
Grand Chalet Chennai 8,Chennai,4.0,2760,"Modern mid-range hotel in Chennai offering excellent value, well-appointed guest rooms, great dining, and a convenient location close to key city highlights.","Gym, Free Breakfast, Balcony Room, Valet Parking",4.7,1152
Saffron Stays Suites Chennai 9,Chennai,4.5,5872,"Premium luxury accommodation in Chennai. Features world-class dining, customized guest services, elegant architecture, and a highly scenic environment.","Laundry Service, Valet Parking, Swimming Pool, Gym, Room Service, AC, Free Breakfast",8.7,1457
Vista Palace Chennai 10,Chennai,4.8,13533,"Premium luxury accommodation in Chennai. Features world-class dining, customized guest services, elegant architecture, and a highly scenic environment.","Free Breakfast, Room Service, Gym, WiFi, Restaurant, Bar",3.2,798
Taj Haven Chennai 11,Chennai,4.4,10333,"Premium luxury accommodation in Chennai. Features world-class dining, customized guest services, elegant architecture, and a highly scenic environment.","Laundry Service, AC, Balcony Room, Valet Parking, Bar, Free Breakfast, 24/7 Security",5.4,14
Radisson Castle Chennai 12,Chennai,3.1,1522,"Comfortable budget-friendly lodging in Chennai. Offers clean rooms, helpful service, and basic amenities perfect for cost-conscious travelers.","Swimming Pool, Valet Parking, Spa, AC, Free Breakfast, Laundry Service",2.6,533
Ginger Resort Chennai 13,Chennai,4.9,9324,"Premium luxury accommodation in Chennai. Features world-class dining, customized guest services, elegant architecture, and a highly scenic environment.","AC, Gym, Spa, Free Breakfast, WiFi",3.6,229
Treebo Hotel Chennai 14,Chennai,3.5,1689,"Comfortable budget-friendly lodging in Chennai. Offers clean rooms, helpful service, and basic amenities perfect for cost-conscious travelers.","Gym, Restaurant, 24/7 Security, Spa, WiFi, Free Parking",2.8,189
Capital O Lodge Chennai 15,Chennai,5.0,13357,"Premium luxury accommodation in Chennai. Features world-class dining, customized guest services, elegant architecture, and a highly scenic environment.","Free Breakfast, Restaurant, Balcony Room, Swimming Pool, Bar, Spa, WiFi",2.4,179
Ritz Manor Chennai 16,Chennai,4.3,2379,"Modern mid-range hotel in Chennai offering excellent value, well-appointed guest rooms, great dining, and a convenient location close to key city highlights.","Room Service, Bar, Laundry Service, Valet Parking, WiFi, 24/7 Security, AC, Spa",6.0,492
Whispering Palms Inn Chennai 17,Chennai,3.4,1920,"Comfortable budget-friendly lodging in Chennai. Offers clean rooms, helpful service, and basic amenities perfect for cost-conscious travelers.","WiFi, Room Service, Swimming Pool, Laundry Service, Restaurant, Gym",8.7,1715
Paradise Retreat Chennai 18,Chennai,3.4,1952,"Comfortable budget-friendly lodging in Chennai. Offers clean rooms, helpful service, and basic amenities perfect for cost-conscious travelers.","Balcony Room, Free Breakfast, AC, Valet Parking, Gym, Spa, 24/7 Security, Bar",5.7,1477
Silver Sands Villas Chennai 19,Chennai,3.1,1371,"Comfortable budget-friendly lodging in Chennai. Offers clean rooms, helpful service, and basic amenities perfect for cost-conscious travelers.","Gym, Balcony Room, Room Service, Swimming Pool, WiFi",3.9,1894
Alpine Lodge Stays Chennai 20,Chennai,5.0,13280,"Premium luxury accommodation in Chennai. Features world-class dining, customized guest services, elegant architecture, and a highly scenic environment.","Swimming Pool, Valet Parking, Free Breakfast, WiFi, Laundry Service, Bar, Spa, Balcony Room",5.8,1092
Mayfair Chalet Chennai 21,Chennai,3.5,1740,"Comfortable budget-friendly lodging in Chennai. Offers clean rooms, helpful service, and basic amenities perfect for cost-conscious travelers.","Free Parking, 24/7 Security, AC, Bar, Balcony Room, WiFi",3.2,281
Grand Suites Chennai 22,Chennai,3.9,4880,"Modern mid-range hotel in Chennai offering excellent value, well-appointed guest rooms, great dining, and a convenient location close to key city highlights.","Bar, Free Parking, 24/7 Security, AC, Swimming Pool",9.1,1652
Saffron Stays Palace Chennai 23,Chennai,3.6,1448,"Comfortable budget-friendly lodging in Chennai. Offers clean rooms, helpful service, and basic amenities perfect for cost-conscious travelers.","Balcony Room, Gym, WiFi, Restaurant, Valet Parking, Free Breakfast, Room Service, Bar",8.5,1483
Vista Haven Chennai 24,Chennai,3.7,1252,"Comfortable budget-friendly lodging in Chennai. Offers clean rooms, helpful service, and basic amenities perfect for cost-conscious travelers.","AC, Swimming Pool, WiFi, Free Parking",7.2,1847
Taj Castle Chennai 25,Chennai,4.8,7292,"Premium luxury accommodation in Chennai. Features world-class dining, customized guest services, elegant architecture, and a highly scenic environment.","AC, Room Service, Free Parking, Free Breakfast",2.8,1655
Radisson Resort Chennai 26,Chennai,4.9,12535,"Premium luxury accommodation in Chennai. Features world-class dining, customized guest services, elegant architecture, and a highly scenic environment.","Restaurant, Free Breakfast, Gym, Spa",0.5,513
Ginger Hotel Chennai 27,Chennai,3.2,1058,"Comfortable budget-friendly lodging in Chennai. Offers clean rooms, helpful service, and basic amenities perfect for cost-conscious travelers.","Restaurant, Gym, Swimming Pool, Spa, AC, Free Parking, Room Service",3.4,1762
Treebo Lodge Chennai 28,Chennai,3.1,1253,"Comfortable budget-friendly lodging in Chennai. Offers clean rooms, helpful service, and basic amenities perfect for cost-conscious travelers.","AC, Swimming Pool, Balcony Room, Bar, Laundry Service",4.9,867
Capital O Manor Chennai 29,Chennai,4.5,9104,"Premium luxury accommodation in Chennai. Features world-class dining, customized guest services, elegant architecture, and a highly scenic environment.","Bar, Balcony Room, 24/7 Security, Spa, AC, Free Breakfast, Laundry Service",8.5,1391
Ritz Inn Chennai 30,Chennai,3.5,1768,"Comfortable budget-friendly lodging in Chennai. Offers clean rooms, helpful service, and basic amenities perfect for cost-conscious travelers.","Spa, Free Breakfast, Valet Parking, Bar",1.2,25
Whispering Palms Retreat Chennai 31,Chennai,4.8,10836,"Premium luxury accommodation in Chennai. Features world-class dining, customized guest services, elegant architecture, and a highly scenic environment.","Room Service, Free Breakfast, WiFi, AC, Free Parking, Valet Parking, Bar",4.4,165
Paradise Villas Chennai 32,Chennai,4.5,7913,"Premium luxury accommodation in Chennai. Features world-class dining, customized guest services, elegant architecture, and a highly scenic environment.","Valet Parking, Room Service, Swimming Pool, AC",4.4,1419
Silver Sands Stays Chennai 33,Chennai,4.2,2738,"Modern mid-range hotel in Chennai offering excellent value, well-appointed guest rooms, great dining, and a convenient location close to key city highlights.","Bar, 24/7 Security, Gym, Free Parking, Valet Parking",7.2,1892
Alpine Lodge Chalet Chennai 34,Chennai,3.5,1558,"Comfortable budget-friendly lodging in Chennai. Offers clean rooms, helpful service, and basic amenities perfect for cost-conscious travelers.","Room Service, Restaurant, Valet Parking, Free Parking, Bar, Swimming Pool",8.3,867
Mayfair Suites Chennai 35,Chennai,3.7,914,"Comfortable budget-friendly lodging in Chennai. Offers clean rooms, helpful service, and basic amenities perfect for cost-conscious travelers.","Free Parking, Restaurant, Gym, Spa, Swimming Pool, Room Service, Valet Parking",0.4,565
Grand Palace Chennai 36,Chennai,3.4,1342,"Comfortable budget-friendly lodging in Chennai. Offers clean rooms, helpful service, and basic amenities perfect for cost-conscious travelers.","Valet Parking, Room Service, Bar, Laundry Service, Balcony Room, Swimming Pool, WiFi",1.4,80
Saffron Stays Haven Chennai 37,Chennai,3.6,932,"Comfortable budget-friendly lodging in Chennai. Offers clean rooms, helpful service, and basic amenities perfect for cost-conscious travelers.","Valet Parking, Restaurant, Room Service, Balcony Room, WiFi, Bar",1.0,1252
Vista Castle Chennai 38,Chennai,3.4,1382,"Comfortable budget-friendly lodging in Chennai. Offers clean rooms, helpful service, and basic amenities perfect for cost-conscious travelers.","24/7 Security, Bar, Valet Parking, Gym, Laundry Service, AC, Free Parking",7.3,23
Taj Resort Chennai 39,Chennai,3.6,1554,"Comfortable budget-friendly lodging in Chennai. Offers clean rooms, helpful service, and basic amenities perfect for cost-conscious travelers.","Gym, Free Breakfast, Valet Parking, WiFi, Laundry Service, Room Service",8.6,254
Radisson Hotel Chennai 40,Chennai,3.8,3079,"Modern mid-range hotel in Chennai offering excellent value, well-appointed guest rooms, great dining, and a convenient location close to key city highlights.","Free Breakfast, Balcony Room, WiFi, Laundry Service, Spa",1.0,957
Ginger Lodge Chennai 41,Chennai,3.0,1352,"Comfortable budget-friendly lodging in Chennai. Offers clean rooms, helpful service, and basic amenities perfect for cost-conscious travelers.","WiFi, Swimming Pool, Spa, Bar, Free Parking, Valet Parking, Gym",8.2,1895
Treebo Manor Chennai 42,Chennai,4.8,14263,"Premium luxury accommodation in Chennai. Features world-class dining, customized guest services, elegant architecture, and a highly scenic environment.","Swimming Pool, Free Breakfast, Laundry Service, Room Service, Bar, AC, Balcony Room",4.4,1249
Capital O Inn Chennai 43,Chennai,3.9,2150,"Modern mid-range hotel in Chennai offering excellent value, well-appointed guest rooms, great dining, and a convenient location close to key city highlights.","Free Parking, Swimming Pool, Free Breakfast, Gym, Balcony Room, Laundry Service",0.4,1446
Ritz Retreat Chennai 44,Chennai,3.1,917,"Comfortable budget-friendly lodging in Chennai. Offers clean rooms, helpful service, and basic amenities perfect for cost-conscious travelers.","Valet Parking, Bar, Free Parking, Swimming Pool, AC, Room Service",1.9,1479
Whispering Palms Villas Chennai 45,Chennai,4.3,3999,"Modern mid-range hotel in Chennai offering excellent value, well-appointed guest rooms, great dining, and a convenient location close to key city highlights.","Gym, AC, Restaurant, Laundry Service, Free Breakfast, WiFi, Valet Parking, Bar",2.9,799
Paradise Stays Chennai 46,Chennai,3.7,1406,"Comfortable budget-friendly lodging in Chennai. Offers clean rooms, helpful service, and basic amenities perfect for cost-conscious travelers.","Balcony Room, Spa, Valet Parking, Bar, Free Parking, Gym",8.9,764
Silver Sands Chalet Chennai 47,Chennai,3.9,4719,"Modern mid-range hotel in Chennai offering excellent value, well-appointed guest rooms, great dining, and a convenient location close to key city highlights.","Balcony Room, AC, Bar, WiFi, Free Parking, Restaurant, 24/7 Security",1.8,35
Alpine Lodge Suites Chennai 48,Chennai,3.9,4654,"Modern mid-range hotel in Chennai offering excellent value, well-appointed guest rooms, great dining, and a convenient location close to key city highlights.","AC, Spa, Laundry Service, 24/7 Security, Free Breakfast, Swimming Pool",5.6,1686
Mayfair Palace Chennai 49,Chennai,3.3,853,"Comfortable budget-friendly lodging in Chennai. Offers clean rooms, helpful service, and basic amenities perfect for cost-conscious travelers.","Balcony Room, Laundry Service, 24/7 Security, AC, Swimming Pool",1.2,903
Grand Haven Chennai 50,Chennai,4.0,2081,"Modern mid-range hotel in Chennai offering excellent value, well-appointed guest rooms, great dining, and a convenient location close to key city highlights.","WiFi, Free Parking, Gym, AC",8.0,1213
Saffron Stays Castle Chennai 51,Chennai,4.3,4414,"Modern mid-range hotel in Chennai offering excellent value, well-appointed guest rooms, great dining, and a convenient location close to key city highlights.","Balcony Room, Free Parking, WiFi, Room Service, Swimming Pool, Free Breakfast",0.6,1796
Vista Resort Chennai 52,Chennai,3.4,1078,"Comfortable budget-friendly lodging in Chennai. Offers clean rooms, helpful service, and basic amenities perfect for cost-conscious travelers.","Valet Parking, AC, Laundry Service, Spa, Room Service, WiFi, Bar",8.8,1653
Taj Hotel Chennai 53,Chennai,4.3,4827,"Modern mid-range hotel in Chennai offering excellent value, well-appointed guest rooms, great dining, and a convenient location close to key city highlights.","Free Breakfast, Balcony Room, 24/7 Security, Valet Parking, WiFi, Swimming Pool, Restaurant, Bar",5.6,284
Radisson Lodge Chennai 54,Chennai,4.4,13298,"Premium luxury accommodation in Chennai. Features world-class dining, customized guest services, elegant architecture, and a highly scenic environment.","Swimming Pool, Balcony Room, Free Parking, Bar, AC",6.2,1592
Ginger Manor Chennai 55,Chennai,4.5,11573,"Premium luxury accommodation in Chennai. Features world-class dining, customized guest services, elegant architecture, and a highly scenic environment.","AC, WiFi, Free Breakfast, Valet Parking, Gym, Bar",9.1,751
Treebo Inn Chennai 56,Chennai,3.8,4305,"Modern mid-range hotel in Chennai offering excellent value, well-appointed guest rooms, great dining, and a convenient location close to key city highlights.","Free Parking, Spa, 24/7 Security, WiFi",3.4,1681
Capital O Retreat Chennai 57,Chennai,4.8,6968,"Premium luxury accommodation in Chennai. Features world-class dining, customized guest services, elegant architecture, and a highly scenic environment.","Bar, AC, Gym, Free Parking, Free Breakfast",7.6,1506
Ritz Villas Chennai 58,Chennai,4.1,4745,"Modern mid-range hotel in Chennai offering excellent value, well-appointed guest rooms, great dining, and a convenient location close to key city highlights.","Spa, Bar, WiFi, Valet Parking, Free Breakfast, 24/7 Security, Swimming Pool, Gym",4.5,554
Whispering Palms Stays Chennai 59,Chennai,4.8,16837,"Premium luxury accommodation in Chennai. Features world-class dining, customized guest services, elegant architecture, and a highly scenic environment.","AC, Laundry Service, Free Breakfast, Gym, Bar, Room Service, Swimming Pool, Restaurant",1.3,241
Paradise Chalet Chennai 60,Chennai,4.0,4034,"Modern mid-range hotel in Chennai offering excellent value, well-appointed guest rooms, great dining, and a convenient location close to key city highlights.","Room Service, Free Breakfast, Restaurant, 24/7 Security, Laundry Service, Gym",3.6,1267
Silver Sands Suites Chennai 61,Chennai,4.9,15922,"Premium luxury accommodation in Chennai. Features world-class dining, customized guest services, elegant architecture, and a highly scenic environment.","Laundry Service, Room Service, Restaurant, Gym, 24/7 Security, Balcony Room",3.6,1247
Alpine Lodge Palace Chennai 62,Chennai,4.2,3923,"Modern mid-range hotel in Chennai offering excellent value, well-appointed guest rooms, great dining, and a convenient location close to key city highlights.","Spa, Bar, Balcony Room, WiFi",8.0,1262
Mayfair Haven Chennai 63,Chennai,3.4,1578,"Comfortable budget-friendly lodging in Chennai. Offers clean rooms, helpful service, and basic amenities perfect for cost-conscious travelers.","AC, Laundry Service, Free Parking, Swimming Pool, Spa, Balcony Room",7.7,239
Grand Castle Chennai 64,Chennai,4.2,4328,"Modern mid-range hotel in Chennai offering excellent value, well-appointed guest rooms, great dining, and a convenient location close to key city highlights.","Free Parking, Balcony Room, Gym, Valet Parking, Bar, Laundry Service, WiFi",2.1,166
Saffron Stays Resort Chennai 65,Chennai,3.5,1936,"Comfortable budget-friendly lodging in Chennai. Offers clean rooms, helpful service, and basic amenities perfect for cost-conscious travelers.","Room Service, Gym, WiFi, Bar, AC, Balcony Room, Spa",4.9,1521
Vista Hotel Chennai 66,Chennai,4.4,12822,"Premium luxury accommodation in Chennai. Features world-class dining, customized guest services, elegant architecture, and a highly scenic environment.","Gym, Balcony Room, Bar, Valet Parking, Spa, AC",6.6,119
Taj Lodge Chennai 67,Chennai,3.3,1366,"Comfortable budget-friendly lodging in Chennai. Offers clean rooms, helpful service, and basic amenities perfect for cost-conscious travelers.","Free Breakfast, Restaurant, Balcony Room, Room Service, Swimming Pool, Free Parking, Spa, 24/7 Security",1.6,1220
Radisson Manor Chennai 68,Chennai,4.7,14654,"Premium luxury accommodation in Chennai. Features world-class dining, customized guest services, elegant architecture, and a highly scenic environment.","Restaurant, Valet Parking, Bar, Swimming Pool, Free Breakfast",2.3,348
Ginger Inn Chennai 69,Chennai,4.6,7251,"Premium luxury accommodation in Chennai. Features world-class dining, customized guest services, elegant architecture, and a highly scenic environment.","Gym, Swimming Pool, Free Breakfast, Laundry Service, Valet Parking, Room Service, AC, Spa",8.6,26
Treebo Retreat Chennai 70,Chennai,4.6,14300,"Premium luxury accommodation in Chennai. Features world-class dining, customized guest services, elegant architecture, and a highly scenic environment.","Laundry Service, Valet Parking, Free Breakfast, Bar, WiFi, Balcony Room",3.2,997
Grand Stays Ooty 1,Ooty,4.4,13109,"Premium luxury accommodation in Ooty. Features world-class dining, customized guest services, elegant architecture, and a highly scenic environment.","24/7 Security, Free Parking, Swimming Pool, Free Breakfast, Restaurant, Gym, Valet Parking",8.7,1380
Saffron Stays Chalet Ooty 2,Ooty,3.6,1418,"Comfortable budget-friendly lodging in Ooty. Offers clean rooms, helpful service, and basic amenities perfect for cost-conscious travelers.","Gym, Bar, Balcony Room, Room Service, Swimming Pool, Free Parking",6.6,1023
Vista Suites Ooty 3,Ooty,3.7,1088,"Comfortable budget-friendly lodging in Ooty. Offers clean rooms, helpful service, and basic amenities perfect for cost-conscious travelers.","Spa, WiFi, Free Parking, Restaurant, Room Service, 24/7 Security, Gym",3.7,1447
Taj Palace Ooty 4,Ooty,4.7,12384,"Premium luxury accommodation in Ooty. Features world-class dining, customized guest services, elegant architecture, and a highly scenic environment.","AC, Spa, Free Parking, Restaurant, Gym, Valet Parking",5.5,843
Radisson Haven Ooty 5,Ooty,4.1,3886,"Modern mid-range hotel in Ooty offering excellent value, well-appointed guest rooms, great dining, and a convenient location close to key city highlights.","24/7 Security, Room Service, Balcony Room, Bar",3.2,828
Ginger Castle Ooty 6,Ooty,4.1,3115,"Modern mid-range hotel in Ooty offering excellent value, well-appointed guest rooms, great dining, and a convenient location close to key city highlights.","24/7 Security, Free Parking, Laundry Service, Restaurant, Valet Parking",7.6,133
Treebo Resort Ooty 7,Ooty,4.6,6105,"Premium luxury accommodation in Ooty. Features world-class dining, customized guest services, elegant architecture, and a highly scenic environment.","Restaurant, Spa, Free Breakfast, Free Parking",4.6,1284
Capital O Hotel Ooty 8,Ooty,3.4,1370,"Comfortable budget-friendly lodging in Ooty. Offers clean rooms, helpful service, and basic amenities perfect for cost-conscious travelers.","Spa, Swimming Pool, WiFi, 24/7 Security, Room Service, Laundry Service, AC, Restaurant",8.5,1284
Ritz Lodge Ooty 9,Ooty,4.3,2877,"Modern mid-range hotel in Ooty offering excellent value, well-appointed guest rooms, great dining, and a convenient location close to key city highlights.","24/7 Security, Laundry Service, Free Parking, Gym, Bar",4.3,1962
Whispering Palms Manor Ooty 10,Ooty,3.6,1882,"Comfortable budget-friendly lodging in Ooty. Offers clean rooms, helpful service, and basic amenities perfect for cost-conscious travelers.","24/7 Security, Room Service, Laundry Service, Swimming Pool, Valet Parking, Free Parking",3.2,1032
Paradise Inn Ooty 11,Ooty,3.1,1186,"Comfortable budget-friendly lodging in Ooty. Offers clean rooms, helpful service, and basic amenities perfect for cost-conscious travelers.","Free Breakfast, Bar, AC, WiFi, Swimming Pool, Valet Parking",2.8,1920
Silver Sands Retreat Ooty 12,Ooty,4.8,7643,"Premium luxury accommodation in Ooty. Features world-class dining, customized guest services, elegant architecture, and a highly scenic environment.","Spa, Restaurant, Bar, Valet Parking, 24/7 Security, AC, Balcony Room",0.1,374
Alpine Lodge Villas Ooty 13,Ooty,4.9,8776,"Premium luxury accommodation in Ooty. Features world-class dining, customized guest services, elegant architecture, and a highly scenic environment.","Valet Parking, Restaurant, AC, Free Parking, Spa, Laundry Service",6.3,1176
Mayfair Stays Ooty 14,Ooty,3.6,1803,"Comfortable budget-friendly lodging in Ooty. Offers clean rooms, helpful service, and basic amenities perfect for cost-conscious travelers.","24/7 Security, Free Breakfast, Gym, Laundry Service",2.9,575
Grand Chalet Ooty 15,Ooty,3.8,2254,"Modern mid-range hotel in Ooty offering excellent value, well-appointed guest rooms, great dining, and a convenient location close to key city highlights.","Bar, Restaurant, Free Breakfast, Laundry Service, WiFi, Free Parking, AC, Room Service",7.6,521
Saffron Stays Suites Ooty 16,Ooty,4.9,13609,"Premium luxury accommodation in Ooty. Features world-class dining, customized guest services, elegant architecture, and a highly scenic environment.","WiFi, Free Breakfast, Free Parking, Bar",1.1,398
Vista Palace Ooty 17,Ooty,3.7,952,"Comfortable budget-friendly lodging in Ooty. Offers clean rooms, helpful service, and basic amenities perfect for cost-conscious travelers.","Laundry Service, 24/7 Security, Valet Parking, Swimming Pool, Spa, WiFi",8.7,348
Taj Haven Ooty 18,Ooty,3.6,1018,"Comfortable budget-friendly lodging in Ooty. Offers clean rooms, helpful service, and basic amenities perfect for cost-conscious travelers.","Bar, AC, Swimming Pool, 24/7 Security, Room Service, WiFi, Balcony Room",4.2,1370
Radisson Castle Ooty 19,Ooty,4.7,13663,"Premium luxury accommodation in Ooty. Features world-class dining, customized guest services, elegant architecture, and a highly scenic environment.","Restaurant, Swimming Pool, Gym, Valet Parking, Laundry Service, AC",3.8,1506
Ginger Resort Ooty 20,Ooty,4.6,7301,"Premium luxury accommodation in Ooty. Features world-class dining, customized guest services, elegant architecture, and a highly scenic environment.","Bar, Free Parking, Swimming Pool, Balcony Room, AC, Laundry Service, Valet Parking, Gym",6.2,212
Treebo Hotel Ooty 21,Ooty,4.3,4977,"Modern mid-range hotel in Ooty offering excellent value, well-appointed guest rooms, great dining, and a convenient location close to key city highlights.","Room Service, Spa, Free Parking, WiFi, Bar, 24/7 Security, Restaurant",5.7,358
Capital O Lodge Ooty 22,Ooty,3.2,1997,"Comfortable budget-friendly lodging in Ooty. Offers clean rooms, helpful service, and basic amenities perfect for cost-conscious travelers.","Laundry Service, Balcony Room, Swimming Pool, 24/7 Security",2.8,1178
Ritz Manor Ooty 23,Ooty,4.2,4488,"Modern mid-range hotel in Ooty offering excellent value, well-appointed guest rooms, great dining, and a convenient location close to key city highlights.","Room Service, Swimming Pool, Restaurant, 24/7 Security, Valet Parking, WiFi",7.2,453
Whispering Palms Inn Ooty 24,Ooty,4.6,10928,"Premium luxury accommodation in Ooty. Features world-class dining, customized guest services, elegant architecture, and a highly scenic environment.","Free Parking, Balcony Room, Gym, 24/7 Security, Swimming Pool, Restaurant, Spa",4.0,325
Paradise Retreat Ooty 25,Ooty,3.0,1047,"Comfortable budget-friendly lodging in Ooty. Offers clean rooms, helpful service, and basic amenities perfect for cost-conscious travelers.","Balcony Room, Valet Parking, WiFi, Swimming Pool, Free Breakfast",2.9,97
Silver Sands Villas Ooty 26,Ooty,3.3,1836,"Comfortable budget-friendly lodging in Ooty. Offers clean rooms, helpful service, and basic amenities perfect for cost-conscious travelers.","Valet Parking, Restaurant, AC, Free Parking, Room Service, Laundry Service",9.1,810
Alpine Lodge Stays Ooty 27,Ooty,3.8,4556,"Modern mid-range hotel in Ooty offering excellent value, well-appointed guest rooms, great dining, and a convenient location close to key city highlights.","Room Service, Swimming Pool, Valet Parking, Balcony Room, Spa, Free Breakfast",1.9,1646
Mayfair Chalet Ooty 28,Ooty,4.2,3012,"Modern mid-range hotel in Ooty offering excellent value, well-appointed guest rooms, great dining, and a convenient location close to key city highlights.","Free Breakfast, Laundry Service, Bar, Free Parking, Swimming Pool, AC, Restaurant",9.1,1431
Grand Suites Ooty 29,Ooty,4.3,2506,"Modern mid-range hotel in Ooty offering excellent value, well-appointed guest rooms, great dining, and a convenient location close to key city highlights.","Gym, 24/7 Security, Spa, Swimming Pool, Room Service, WiFi",8.5,211
Saffron Stays Palace Ooty 30,Ooty,3.4,1859,"Comfortable budget-friendly lodging in Ooty. Offers clean rooms, helpful service, and basic amenities perfect for cost-conscious travelers.","Spa, Gym, Swimming Pool, Bar, AC, Room Service",7.3,1827
Vista Haven Ooty 31,Ooty,4.9,9748,"Premium luxury accommodation in Ooty. Features world-class dining, customized guest services, elegant architecture, and a highly scenic environment.","Room Service, Restaurant, Valet Parking, WiFi, Spa",1.5,1497
Taj Castle Ooty 32,Ooty,4.8,9125,"Premium luxury accommodation in Ooty. Features world-class dining, customized guest services, elegant architecture, and a highly scenic environment.","Spa, AC, Free Breakfast, Swimming Pool, Gym, Balcony Room, WiFi",9.5,651
Radisson Resort Ooty 33,Ooty,3.5,1318,"Comfortable budget-friendly lodging in Ooty. Offers clean rooms, helpful service, and basic amenities perfect for cost-conscious travelers.","Gym, Room Service, AC, Free Breakfast, WiFi",7.7,980
Ginger Hotel Ooty 34,Ooty,3.8,3273,"Modern mid-range hotel in Ooty offering excellent value, well-appointed guest rooms, great dining, and a convenient location close to key city highlights.","Free Parking, Valet Parking, Gym, Laundry Service, Balcony Room",7.2,1020
Treebo Lodge Ooty 35,Ooty,4.3,3747,"Modern mid-range hotel in Ooty offering excellent value, well-appointed guest rooms, great dining, and a convenient location close to key city highlights.","Free Breakfast, Restaurant, WiFi, Room Service, Balcony Room, Free Parking, Spa",0.8,929
Capital O Manor Ooty 36,Ooty,4.3,2731,"Modern mid-range hotel in Ooty offering excellent value, well-appointed guest rooms, great dining, and a convenient location close to key city highlights.","Balcony Room, Valet Parking, WiFi, 24/7 Security, Gym, Free Parking",6.7,1817
Ritz Inn Ooty 37,Ooty,4.6,6196,"Premium luxury accommodation in Ooty. Features world-class dining, customized guest services, elegant architecture, and a highly scenic environment.","Valet Parking, Laundry Service, Free Parking, Free Breakfast",9.2,306
Whispering Palms Retreat Ooty 38,Ooty,3.6,1746,"Comfortable budget-friendly lodging in Ooty. Offers clean rooms, helpful service, and basic amenities perfect for cost-conscious travelers.","Bar, Restaurant, Spa, AC, Balcony Room",2.8,142
Paradise Villas Ooty 39,Ooty,3.9,4729,"Modern mid-range hotel in Ooty offering excellent value, well-appointed guest rooms, great dining, and a convenient location close to key city highlights.","Free Parking, Laundry Service, Gym, Balcony Room, Spa, Free Breakfast, AC, Room Service",6.9,1553
Silver Sands Stays Ooty 40,Ooty,4.4,8832,"Premium luxury accommodation in Ooty. Features world-class dining, customized guest services, elegant architecture, and a highly scenic environment.","Room Service, Bar, Valet Parking, Spa, Gym, Balcony Room, Swimming Pool, AC",5.3,1638
Alpine Lodge Chalet Ooty 41,Ooty,4.9,14446,"Premium luxury accommodation in Ooty. Features world-class dining, customized guest services, elegant architecture, and a highly scenic environment.","AC, Laundry Service, Gym, 24/7 Security, Spa",7.4,950
Mayfair Suites Ooty 42,Ooty,4.1,3746,"Modern mid-range hotel in Ooty offering excellent value, well-appointed guest rooms, great dining, and a convenient location close to key city highlights.","WiFi, Free Breakfast, Valet Parking, Balcony Room, Restaurant, Spa, Gym, Room Service",8.6,945
Grand Palace Ooty 43,Ooty,4.5,8784,"Premium luxury accommodation in Ooty. Features world-class dining, customized guest services, elegant architecture, and a highly scenic environment.","Room Service, Free Parking, 24/7 Security, Bar",5.5,154
Saffron Stays Haven Ooty 44,Ooty,4.6,16886,"Premium luxury accommodation in Ooty. Features world-class dining, customized guest services, elegant architecture, and a highly scenic environment.","Laundry Service, Free Parking, 24/7 Security, Spa, Swimming Pool, Gym, Bar",2.4,1458
Vista Castle Ooty 45,Ooty,3.9,2233,"Modern mid-range hotel in Ooty offering excellent value, well-appointed guest rooms, great dining, and a convenient location close to key city highlights.","WiFi, Free Breakfast, Laundry Service, Balcony Room, 24/7 Security, Free Parking",3.6,1491
Taj Resort Ooty 46,Ooty,4.1,3218,"Modern mid-range hotel in Ooty offering excellent value, well-appointed guest rooms, great dining, and a convenient location close to key city highlights.","Restaurant, Laundry Service, Free Parking, Valet Parking, 24/7 Security, AC, Gym, Room Service",3.4,783
Radisson Hotel Ooty 47,Ooty,4.0,4885,"Modern mid-range hotel in Ooty offering excellent value, well-appointed guest rooms, great dining, and a convenient location close to key city highlights.","Spa, 24/7 Security, Swimming Pool, Gym, Room Service, WiFi, Bar",8.7,744
Ginger Lodge Ooty 48,Ooty,3.1,1326,"Comfortable budget-friendly lodging in Ooty. Offers clean rooms, helpful service, and basic amenities perfect for cost-conscious travelers.","Restaurant, Valet Parking, Bar, Balcony Room, Spa, Free Parking, 24/7 Security, Laundry Service",3.2,216
Treebo Manor Ooty 49,Ooty,3.4,1186,"Comfortable budget-friendly lodging in Ooty. Offers clean rooms, helpful service, and basic amenities perfect for cost-conscious travelers.","Valet Parking, Bar, Free Parking, Swimming Pool",3.4,207
Capital O Inn Ooty 50,Ooty,4.2,2852,"Modern mid-range hotel in Ooty offering excellent value, well-appointed guest rooms, great dining, and a convenient location close to key city highlights.","Swimming Pool, Valet Parking, 24/7 Security, Balcony Room, WiFi, AC",4.8,711
Ritz Retreat Ooty 51,Ooty,3.2,1271,"Comfortable budget-friendly lodging in Ooty. Offers clean rooms, helpful service, and basic amenities perfect for cost-conscious travelers.","Gym, AC, Bar, Free Parking, WiFi, Valet Parking, Laundry Service",2.5,1016
Whispering Palms Villas Ooty 52,Ooty,3.5,1091,"Comfortable budget-friendly lodging in Ooty. Offers clean rooms, helpful service, and basic amenities perfect for cost-conscious travelers.","Gym, Restaurant, Spa, AC, Free Breakfast",8.0,1621
Paradise Stays Ooty 53,Ooty,4.6,5647,"Premium luxury accommodation in Ooty. Features world-class dining, customized guest services, elegant architecture, and a highly scenic environment.","Balcony Room, Laundry Service, Spa, Gym, Room Service",1.2,1066
Silver Sands Chalet Ooty 54,Ooty,3.2,929,"Comfortable budget-friendly lodging in Ooty. Offers clean rooms, helpful service, and basic amenities perfect for cost-conscious travelers.","Balcony Room, Free Parking, Laundry Service, 24/7 Security, Gym, Bar, Restaurant, Room Service",4.3,1406
Alpine Lodge Suites Ooty 55,Ooty,4.7,10245,"Premium luxury accommodation in Ooty. Features world-class dining, customized guest services, elegant architecture, and a highly scenic environment.","Balcony Room, Swimming Pool, 24/7 Security, Spa, Free Breakfast",7.1,1951
Mayfair Palace Ooty 56,Ooty,4.2,3000,"Modern mid-range hotel in Ooty offering excellent value, well-appointed guest rooms, great dining, and a convenient location close to key city highlights.","Balcony Room, Gym, Swimming Pool, Valet Parking, Restaurant, 24/7 Security, Room Service",9.4,225
Grand Haven Ooty 57,Ooty,4.8,13766,"Premium luxury accommodation in Ooty. Features world-class dining, customized guest services, elegant architecture, and a highly scenic environment.","AC, Spa, Gym, WiFi, Balcony Room, Bar, Restaurant, Room Service",7.9,64
Saffron Stays Castle Ooty 58,Ooty,3.5,1890,"Comfortable budget-friendly lodging in Ooty. Offers clean rooms, helpful service, and basic amenities perfect for cost-conscious travelers.","Room Service, 24/7 Security, WiFi, Gym",6.7,619
Vista Resort Ooty 59,Ooty,4.1,3524,"Modern mid-range hotel in Ooty offering excellent value, well-appointed guest rooms, great dining, and a convenient location close to key city highlights.","Laundry Service, WiFi, 24/7 Security, Spa",0.7,323
Taj Hotel Ooty 60,Ooty,3.6,1317,"Comfortable budget-friendly lodging in Ooty. Offers clean rooms, helpful service, and basic amenities perfect for cost-conscious travelers.","Room Service, Swimming Pool, Free Breakfast, WiFi",1.4,546
Radisson Lodge Ooty 61,Ooty,4.9,6026,"Premium luxury accommodation in Ooty. Features world-class dining, customized guest services, elegant architecture, and a highly scenic environment.","Laundry Service, Room Service, Free Breakfast, 24/7 Security, Valet Parking, Gym, Spa",7.2,586
Ginger Manor Ooty 62,Ooty,4.1,4350,"Modern mid-range hotel in Ooty offering excellent value, well-appointed guest rooms, great dining, and a convenient location close to key city highlights.","Balcony Room, WiFi, Gym, Laundry Service, Spa, 24/7 Security, Restaurant",1.9,647
Treebo Inn Ooty 63,Ooty,4.3,3047,"Modern mid-range hotel in Ooty offering excellent value, well-appointed guest rooms, great dining, and a convenient location close to key city highlights.","Valet Parking, Gym, Restaurant, Balcony Room, Spa",1.1,852
Capital O Retreat Ooty 64,Ooty,3.7,892,"Comfortable budget-friendly lodging in Ooty. Offers clean rooms, helpful service, and basic amenities perfect for cost-conscious travelers.","Restaurant, AC, WiFi, Swimming Pool",0.2,608
Ritz Villas Ooty 65,Ooty,3.2,1049,"Comfortable budget-friendly lodging in Ooty. Offers clean rooms, helpful service, and basic amenities perfect for cost-conscious travelers.","Bar, Balcony Room, 24/7 Security, Free Breakfast, Free Parking",3.0,106
Whispering Palms Stays Ooty 66,Ooty,4.4,17449,"Premium luxury accommodation in Ooty. Features world-class dining, customized guest services, elegant architecture, and a highly scenic environment.","Laundry Service, Balcony Room, Spa, 24/7 Security, Gym",5.7,741
Paradise Chalet Ooty 67,Ooty,3.8,4836,"Modern mid-range hotel in Ooty offering excellent value, well-appointed guest rooms, great dining, and a convenient location close to key city highlights.","Spa, Laundry Service, Swimming Pool, Free Breakfast, AC, Valet Parking, 24/7 Security",6.8,1865
Silver Sands Suites Ooty 68,Ooty,4.7,12437,"Premium luxury accommodation in Ooty. Features world-class dining, customized guest services, elegant architecture, and a highly scenic environment.","AC, Free Breakfast, Valet Parking, 24/7 Security, Bar, Swimming Pool, Gym",4.8,961
Alpine Lodge Palace Ooty 69,Ooty,4.3,2527,"Modern mid-range hotel in Ooty offering excellent value, well-appointed guest rooms, great dining, and a convenient location close to key city highlights.","Free Parking, Room Service, Swimming Pool, 24/7 Security, Balcony Room",2.2,944
Mayfair Haven Ooty 70,Ooty,4.3,2658,"Modern mid-range hotel in Ooty offering excellent value, well-appointed guest rooms, great dining, and a convenient location close to key city highlights.","Restaurant, Room Service, Free Breakfast, Gym",0.5,749
Capital O Resort Kodaikanal 1,Kodaikanal,3.2,1317,"Comfortable budget-friendly lodging in Kodaikanal. Offers clean rooms, helpful service, and basic amenities perfect for cost-conscious travelers.","Bar, Valet Parking, Room Service, AC, 24/7 Security, Swimming Pool",6.2,1628
Ritz Hotel Kodaikanal 2,Kodaikanal,3.9,4966,"Modern mid-range hotel in Kodaikanal offering excellent value, well-appointed guest rooms, great dining, and a convenient location close to key city highlights.","Restaurant, Swimming Pool, Room Service, Valet Parking, WiFi",4.8,1195
Whispering Palms Lodge Kodaikanal 3,Kodaikanal,4.3,3276,"Modern mid-range hotel in Kodaikanal offering excellent value, well-appointed guest rooms, great dining, and a convenient location close to key city highlights.","Gym, Laundry Service, 24/7 Security, Swimming Pool",3.4,1002
Paradise Manor Kodaikanal 4,Kodaikanal,4.6,13355,"Premium luxury accommodation in Kodaikanal. Features world-class dining, customized guest services, elegant architecture, and a highly scenic environment.","Free Parking, Gym, Balcony Room, Swimming Pool, Room Service, Bar",2.3,811
Silver Sands Inn Kodaikanal 5,Kodaikanal,4.4,5540,"Premium luxury accommodation in Kodaikanal. Features world-class dining, customized guest services, elegant architecture, and a highly scenic environment.","Restaurant, Balcony Room, Free Parking, Gym, Laundry Service, Spa",4.3,1390
Alpine Lodge Retreat Kodaikanal 6,Kodaikanal,4.1,3030,"Modern mid-range hotel in Kodaikanal offering excellent value, well-appointed guest rooms, great dining, and a convenient location close to key city highlights.","AC, Gym, Room Service, Bar",8.1,1845
Mayfair Villas Kodaikanal 7,Kodaikanal,3.9,2574,"Modern mid-range hotel in Kodaikanal offering excellent value, well-appointed guest rooms, great dining, and a convenient location close to key city highlights.","Valet Parking, Free Breakfast, Laundry Service, Swimming Pool",7.3,413
Grand Stays Kodaikanal 8,Kodaikanal,3.9,4689,"Modern mid-range hotel in Kodaikanal offering excellent value, well-appointed guest rooms, great dining, and a convenient location close to key city highlights.","Spa, WiFi, Laundry Service, Bar, Valet Parking, Free Parking",6.9,1557
Saffron Stays Chalet Kodaikanal 9,Kodaikanal,3.4,1454,"Comfortable budget-friendly lodging in Kodaikanal. Offers clean rooms, helpful service, and basic amenities perfect for cost-conscious travelers.","Restaurant, 24/7 Security, WiFi, Free Breakfast, Room Service, AC",4.4,1440
Vista Suites Kodaikanal 10,Kodaikanal,4.9,13611,"Premium luxury accommodation in Kodaikanal. Features world-class dining, customized guest services, elegant architecture, and a highly scenic environment.","24/7 Security, Free Parking, Spa, Laundry Service, Valet Parking, Swimming Pool, WiFi, Bar",0.5,1606
Taj Palace Kodaikanal 11,Kodaikanal,3.3,818,"Comfortable budget-friendly lodging in Kodaikanal. Offers clean rooms, helpful service, and basic amenities perfect for cost-conscious travelers.","WiFi, 24/7 Security, Free Parking, Restaurant, Free Breakfast, Swimming Pool",9.4,1612
Radisson Haven Kodaikanal 12,Kodaikanal,3.3,1624,"Comfortable budget-friendly lodging in Kodaikanal. Offers clean rooms, helpful service, and basic amenities perfect for cost-conscious travelers.","Valet Parking, Free Breakfast, Bar, Laundry Service",4.7,1428
Ginger Castle Kodaikanal 13,Kodaikanal,3.0,1372,"Comfortable budget-friendly lodging in Kodaikanal. Offers clean rooms, helpful service, and basic amenities perfect for cost-conscious travelers.","WiFi, Valet Parking, Restaurant, Room Service",4.1,1000
Treebo Resort Kodaikanal 14,Kodaikanal,3.2,1656,"Comfortable budget-friendly lodging in Kodaikanal. Offers clean rooms, helpful service, and basic amenities perfect for cost-conscious travelers.","Restaurant, Spa, AC, 24/7 Security, Balcony Room, Free Parking",7.8,1978
Capital O Hotel Kodaikanal 15,Kodaikanal,4.0,4849,"Modern mid-range hotel in Kodaikanal offering excellent value, well-appointed guest rooms, great dining, and a convenient location close to key city highlights.","Free Parking, Room Service, AC, Free Breakfast, Swimming Pool, Balcony Room",7.7,250
Ritz Lodge Kodaikanal 16,Kodaikanal,4.0,3909,"Modern mid-range hotel in Kodaikanal offering excellent value, well-appointed guest rooms, great dining, and a convenient location close to key city highlights.","Gym, Balcony Room, Spa, Bar",4.5,106
Whispering Palms Manor Kodaikanal 17,Kodaikanal,4.4,15807,"Premium luxury accommodation in Kodaikanal. Features world-class dining, customized guest services, elegant architecture, and a highly scenic environment.","Gym, 24/7 Security, WiFi, Free Breakfast, Balcony Room, Spa",3.0,780
Paradise Inn Kodaikanal 18,Kodaikanal,4.3,4171,"Modern mid-range hotel in Kodaikanal offering excellent value, well-appointed guest rooms, great dining, and a convenient location close to key city highlights.","Free Parking, Free Breakfast, Laundry Service, Restaurant, Balcony Room, WiFi, Gym, Bar",7.4,544
Silver Sands Retreat Kodaikanal 19,Kodaikanal,4.6,8728,"Premium luxury accommodation in Kodaikanal. Features world-class dining, customized guest services, elegant architecture, and a highly scenic environment.","Swimming Pool, 24/7 Security, Free Breakfast, Valet Parking, Free Parking, Room Service, Spa, Laundry Service",3.9,1184
Alpine Lodge Villas Kodaikanal 20,Kodaikanal,3.3,1756,"Comfortable budget-friendly lodging in Kodaikanal. Offers clean rooms, helpful service, and basic amenities perfect for cost-conscious travelers.","Restaurant, Room Service, Swimming Pool, Valet Parking",8.8,1402
Mayfair Stays Kodaikanal 21,Kodaikanal,3.4,990,"Comfortable budget-friendly lodging in Kodaikanal. Offers clean rooms, helpful service, and basic amenities perfect for cost-conscious travelers.","AC, 24/7 Security, Restaurant, Gym, Spa, Laundry Service, Swimming Pool, Balcony Room",2.6,741
Grand Chalet Kodaikanal 22,Kodaikanal,4.4,11088,"Premium luxury accommodation in Kodaikanal. Features world-class dining, customized guest services, elegant architecture, and a highly scenic environment.","Room Service, 24/7 Security, Swimming Pool, Spa",4.5,1227
Saffron Stays Suites Kodaikanal 23,Kodaikanal,3.2,1772,"Comfortable budget-friendly lodging in Kodaikanal. Offers clean rooms, helpful service, and basic amenities perfect for cost-conscious travelers.","WiFi, Gym, Restaurant, 24/7 Security",8.6,952
Vista Palace Kodaikanal 24,Kodaikanal,3.5,1116,"Comfortable budget-friendly lodging in Kodaikanal. Offers clean rooms, helpful service, and basic amenities perfect for cost-conscious travelers.","AC, 24/7 Security, Laundry Service, Free Breakfast, Restaurant, WiFi",9.2,1636
Taj Haven Kodaikanal 25,Kodaikanal,4.9,16285,"Premium luxury accommodation in Kodaikanal. Features world-class dining, customized guest services, elegant architecture, and a highly scenic environment.","Gym, AC, Spa, Bar, Swimming Pool, Valet Parking",2.0,159
Radisson Castle Kodaikanal 26,Kodaikanal,4.6,9224,"Premium luxury accommodation in Kodaikanal. Features world-class dining, customized guest services, elegant architecture, and a highly scenic environment.","Laundry Service, Swimming Pool, 24/7 Security, Free Parking",8.0,1855
Ginger Resort Kodaikanal 27,Kodaikanal,3.1,1081,"Comfortable budget-friendly lodging in Kodaikanal. Offers clean rooms, helpful service, and basic amenities perfect for cost-conscious travelers.","AC, WiFi, Free Breakfast, Swimming Pool",2.4,833
Treebo Hotel Kodaikanal 28,Kodaikanal,4.3,2835,"Modern mid-range hotel in Kodaikanal offering excellent value, well-appointed guest rooms, great dining, and a convenient location close to key city highlights.","24/7 Security, WiFi, Bar, Spa",1.8,1392
Capital O Lodge Kodaikanal 29,Kodaikanal,3.6,1135,"Comfortable budget-friendly lodging in Kodaikanal. Offers clean rooms, helpful service, and basic amenities perfect for cost-conscious travelers.","24/7 Security, Free Breakfast, Laundry Service, Gym, Bar, Valet Parking, Restaurant",6.4,657
Ritz Manor Kodaikanal 30,Kodaikanal,4.5,6964,"Premium luxury accommodation in Kodaikanal. Features world-class dining, customized guest services, elegant architecture, and a highly scenic environment.","Balcony Room, AC, Swimming Pool, Laundry Service",3.0,1575
Whispering Palms Inn Kodaikanal 31,Kodaikanal,4.2,4930,"Modern mid-range hotel in Kodaikanal offering excellent value, well-appointed guest rooms, great dining, and a convenient location close to key city highlights.","Restaurant, Balcony Room, Valet Parking, Spa, AC, Swimming Pool, 24/7 Security, Free Parking",7.9,654
Paradise Retreat Kodaikanal 32,Kodaikanal,3.4,1448,"Comfortable budget-friendly lodging in Kodaikanal. Offers clean rooms, helpful service, and basic amenities perfect for cost-conscious travelers.","Spa, AC, Room Service, Balcony Room, Free Parking, Bar, WiFi, Restaurant",1.1,1753
Silver Sands Villas Kodaikanal 33,Kodaikanal,4.2,4690,"Modern mid-range hotel in Kodaikanal offering excellent value, well-appointed guest rooms, great dining, and a convenient location close to key city highlights.","WiFi, Spa, Gym, 24/7 Security, Valet Parking, Bar",5.3,1224
Alpine Lodge Stays Kodaikanal 34,Kodaikanal,3.5,1512,"Comfortable budget-friendly lodging in Kodaikanal. Offers clean rooms, helpful service, and basic amenities perfect for cost-conscious travelers.","WiFi, Valet Parking, Gym, Laundry Service, Bar, Spa, Balcony Room, Room Service",0.4,1660
Mayfair Chalet Kodaikanal 35,Kodaikanal,4.0,2186,"Modern mid-range hotel in Kodaikanal offering excellent value, well-appointed guest rooms, great dining, and a convenient location close to key city highlights.","Valet Parking, Laundry Service, Room Service, Swimming Pool, Free Parking, Free Breakfast, Gym",3.5,1624
Grand Suites Kodaikanal 36,Kodaikanal,4.6,9828,"Premium luxury accommodation in Kodaikanal. Features world-class dining, customized guest services, elegant architecture, and a highly scenic environment.","Bar, Spa, Restaurant, Free Breakfast, Laundry Service",4.7,528
Saffron Stays Palace Kodaikanal 37,Kodaikanal,3.6,1360,"Comfortable budget-friendly lodging in Kodaikanal. Offers clean rooms, helpful service, and basic amenities perfect for cost-conscious travelers.","AC, Restaurant, Free Parking, Gym, WiFi, 24/7 Security, Balcony Room, Spa",7.7,109
Vista Haven Kodaikanal 38,Kodaikanal,3.9,3583,"Modern mid-range hotel in Kodaikanal offering excellent value, well-appointed guest rooms, great dining, and a convenient location close to key city highlights.","Room Service, Balcony Room, Spa, AC, Restaurant, 24/7 Security, Laundry Service, Swimming Pool",9.1,1385
Taj Castle Kodaikanal 39,Kodaikanal,3.9,3495,"Modern mid-range hotel in Kodaikanal offering excellent value, well-appointed guest rooms, great dining, and a convenient location close to key city highlights.","Free Breakfast, Balcony Room, Free Parking, Gym, Room Service",3.4,1344
Radisson Resort Kodaikanal 40,Kodaikanal,4.7,15702,"Premium luxury accommodation in Kodaikanal. Features world-class dining, customized guest services, elegant architecture, and a highly scenic environment.","WiFi, Free Parking, Swimming Pool, Spa, Valet Parking, Balcony Room, Restaurant",0.3,331
Ginger Hotel Kodaikanal 41,Kodaikanal,4.7,9149,"Premium luxury accommodation in Kodaikanal. Features world-class dining, customized guest services, elegant architecture, and a highly scenic environment.","Valet Parking, Gym, Free Parking, AC, WiFi, Swimming Pool",7.2,133
Treebo Lodge Kodaikanal 42,Kodaikanal,4.1,4516,"Modern mid-range hotel in Kodaikanal offering excellent value, well-appointed guest rooms, great dining, and a convenient location close to key city highlights.","Spa, Laundry Service, Valet Parking, Restaurant, Free Breakfast",0.4,1164
Capital O Manor Kodaikanal 43,Kodaikanal,3.3,1078,"Comfortable budget-friendly lodging in Kodaikanal. Offers clean rooms, helpful service, and basic amenities perfect for cost-conscious travelers.","Laundry Service, 24/7 Security, Swimming Pool, Free Breakfast, Restaurant, Gym",1.3,817
Ritz Inn Kodaikanal 44,Kodaikanal,4.5,8565,"Premium luxury accommodation in Kodaikanal. Features world-class dining, customized guest services, elegant architecture, and a highly scenic environment.","Bar, WiFi, Laundry Service, Gym, Free Parking",2.9,1390
Whispering Palms Retreat Kodaikanal 45,Kodaikanal,4.3,4082,"Modern mid-range hotel in Kodaikanal offering excellent value, well-appointed guest rooms, great dining, and a convenient location close to key city highlights.","Restaurant, Balcony Room, Spa, Free Breakfast, Room Service, Bar, Valet Parking, Free Parking",8.8,885
Paradise Villas Kodaikanal 46,Kodaikanal,3.2,1822,"Comfortable budget-friendly lodging in Kodaikanal. Offers clean rooms, helpful service, and basic amenities perfect for cost-conscious travelers.","Restaurant, Free Parking, AC, Balcony Room, Bar, Laundry Service, 24/7 Security, Free Breakfast",6.0,1735
Silver Sands Stays Kodaikanal 47,Kodaikanal,3.9,4076,"Modern mid-range hotel in Kodaikanal offering excellent value, well-appointed guest rooms, great dining, and a convenient location close to key city highlights.","Spa, Free Breakfast, Valet Parking, Gym",6.9,1019
Alpine Lodge Chalet Kodaikanal 48,Kodaikanal,4.4,9716,"Premium luxury accommodation in Kodaikanal. Features world-class dining, customized guest services, elegant architecture, and a highly scenic environment.","Free Breakfast, Valet Parking, Swimming Pool, Room Service, Gym",1.3,307
Mayfair Suites Kodaikanal 49,Kodaikanal,4.9,9585,"Premium luxury accommodation in Kodaikanal. Features world-class dining, customized guest services, elegant architecture, and a highly scenic environment.","Spa, Gym, Free Parking, 24/7 Security",3.8,1373
Grand Palace Kodaikanal 50,Kodaikanal,4.8,12795,"Premium luxury accommodation in Kodaikanal. Features world-class dining, customized guest services, elegant architecture, and a highly scenic environment.","Swimming Pool, Free Breakfast, AC, Restaurant, WiFi, Laundry Service, Free Parking",2.7,1900
Saffron Stays Haven Kodaikanal 51,Kodaikanal,3.8,4718,"Modern mid-range hotel in Kodaikanal offering excellent value, well-appointed guest rooms, great dining, and a convenient location close to key city highlights.","Swimming Pool, Balcony Room, Spa, Room Service, AC, Gym",4.8,1969
Vista Castle Kodaikanal 52,Kodaikanal,3.2,832,"Comfortable budget-friendly lodging in Kodaikanal. Offers clean rooms, helpful service, and basic amenities perfect for cost-conscious travelers.","WiFi, Spa, Valet Parking, 24/7 Security, Room Service, Laundry Service",0.5,1597
Taj Resort Kodaikanal 53,Kodaikanal,4.3,4781,"Modern mid-range hotel in Kodaikanal offering excellent value, well-appointed guest rooms, great dining, and a convenient location close to key city highlights.","Free Parking, Bar, Spa, Room Service, Valet Parking, Free Breakfast",7.4,1853
Radisson Hotel Kodaikanal 54,Kodaikanal,3.8,3972,"Modern mid-range hotel in Kodaikanal offering excellent value, well-appointed guest rooms, great dining, and a convenient location close to key city highlights.","Spa, Gym, Free Parking, 24/7 Security, Bar, Restaurant",2.1,1550
Ginger Lodge Kodaikanal 55,Kodaikanal,3.5,1735,"Comfortable budget-friendly lodging in Kodaikanal. Offers clean rooms, helpful service, and basic amenities perfect for cost-conscious travelers.","Valet Parking, 24/7 Security, Spa, Free Breakfast, Room Service",9.2,1255
Treebo Manor Kodaikanal 56,Kodaikanal,3.8,4369,"Modern mid-range hotel in Kodaikanal offering excellent value, well-appointed guest rooms, great dining, and a convenient location close to key city highlights.","Swimming Pool, Bar, Balcony Room, WiFi, Laundry Service",1.4,12
Capital O Inn Kodaikanal 57,Kodaikanal,4.0,2676,"Modern mid-range hotel in Kodaikanal offering excellent value, well-appointed guest rooms, great dining, and a convenient location close to key city highlights.","Restaurant, Gym, Laundry Service, Valet Parking",2.5,1437
Ritz Retreat Kodaikanal 58,Kodaikanal,4.0,4331,"Modern mid-range hotel in Kodaikanal offering excellent value, well-appointed guest rooms, great dining, and a convenient location close to key city highlights.","24/7 Security, Bar, Gym, Free Breakfast, Swimming Pool, Balcony Room, Room Service",4.6,238
Whispering Palms Villas Kodaikanal 59,Kodaikanal,4.9,10834,"Premium luxury accommodation in Kodaikanal. Features world-class dining, customized guest services, elegant architecture, and a highly scenic environment.","WiFi, Room Service, Free Parking, 24/7 Security, Gym",0.7,938
Paradise Stays Kodaikanal 60,Kodaikanal,3.4,1963,"Comfortable budget-friendly lodging in Kodaikanal. Offers clean rooms, helpful service, and basic amenities perfect for cost-conscious travelers.","WiFi, Free Breakfast, Free Parking, Gym, Laundry Service, 24/7 Security",4.3,1709
Silver Sands Chalet Kodaikanal 61,Kodaikanal,4.8,6727,"Premium luxury accommodation in Kodaikanal. Features world-class dining, customized guest services, elegant architecture, and a highly scenic environment.","Free Parking, Free Breakfast, Gym, Restaurant, Swimming Pool",7.1,1069
Alpine Lodge Suites Kodaikanal 62,Kodaikanal,3.7,1127,"Comfortable budget-friendly lodging in Kodaikanal. Offers clean rooms, helpful service, and basic amenities perfect for cost-conscious travelers.","Laundry Service, Bar, Free Parking, Balcony Room, WiFi, Room Service, Spa",4.0,1476
Mayfair Palace Kodaikanal 63,Kodaikanal,3.0,920,"Comfortable budget-friendly lodging in Kodaikanal. Offers clean rooms, helpful service, and basic amenities perfect for cost-conscious travelers.","Spa, Balcony Room, WiFi, Room Service, Free Breakfast, Swimming Pool, 24/7 Security",9.0,258
Grand Haven Kodaikanal 64,Kodaikanal,4.0,3143,"Modern mid-range hotel in Kodaikanal offering excellent value, well-appointed guest rooms, great dining, and a convenient location close to key city highlights.","Spa, Gym, Free Parking, Laundry Service, Bar, AC",7.4,279
Saffron Stays Castle Kodaikanal 65,Kodaikanal,3.5,954,"Comfortable budget-friendly lodging in Kodaikanal. Offers clean rooms, helpful service, and basic amenities perfect for cost-conscious travelers.","24/7 Security, Free Parking, Balcony Room, Room Service, Free Breakfast, Bar",1.2,748
Vista Resort Kodaikanal 66,Kodaikanal,3.9,4543,"Modern mid-range hotel in Kodaikanal offering excellent value, well-appointed guest rooms, great dining, and a convenient location close to key city highlights.","Gym, Spa, Balcony Room, WiFi",7.8,1138
Taj Hotel Kodaikanal 67,Kodaikanal,4.1,2232,"Modern mid-range hotel in Kodaikanal offering excellent value, well-appointed guest rooms, great dining, and a convenient location close to key city highlights.","Balcony Room, WiFi, Free Parking, Restaurant, Swimming Pool, Free Breakfast, Bar",0.2,1965
Radisson Lodge Kodaikanal 68,Kodaikanal,4.6,9582,"Premium luxury accommodation in Kodaikanal. Features world-class dining, customized guest services, elegant architecture, and a highly scenic environment.","Gym, WiFi, 24/7 Security, Free Breakfast",4.9,1128
Ginger Manor Kodaikanal 69,Kodaikanal,3.8,4660,"Modern mid-range hotel in Kodaikanal offering excellent value, well-appointed guest rooms, great dining, and a convenient location close to key city highlights.","Room Service, Valet Parking, Free Breakfast, Bar, Laundry Service, Balcony Room",3.3,20
Treebo Inn Kodaikanal 70,Kodaikanal,4.2,4355,"Modern mid-range hotel in Kodaikanal offering excellent value, well-appointed guest rooms, great dining, and a convenient location close to key city highlights.","Restaurant, Bar, WiFi, Balcony Room",5.9,1871
Grand Villas Madurai 1,Madurai,3.9,3016,"Modern mid-range hotel in Madurai offering excellent value, well-appointed guest rooms, great dining, and a convenient location close to key city highlights.","AC, Free Parking, Restaurant, Laundry Service, Balcony Room, Spa, Free Breakfast",1.8,889
Saffron Stays Stays Madurai 2,Madurai,4.9,6710,"Premium luxury accommodation in Madurai. Features world-class dining, customized guest services, elegant architecture, and a highly scenic environment.","Swimming Pool, Restaurant, Valet Parking, Spa, WiFi, 24/7 Security, Gym, Bar",5.3,1577
Vista Chalet Madurai 3,Madurai,4.3,2188,"Modern mid-range hotel in Madurai offering excellent value, well-appointed guest rooms, great dining, and a convenient location close to key city highlights.","AC, Spa, Swimming Pool, Free Breakfast, Balcony Room, Restaurant",6.3,1912
Taj Suites Madurai 4,Madurai,3.6,1212,"Comfortable budget-friendly lodging in Madurai. Offers clean rooms, helpful service, and basic amenities perfect for cost-conscious travelers.","Restaurant, Swimming Pool, AC, Valet Parking, Free Breakfast, Balcony Room, WiFi, Gym",5.3,1400
Radisson Palace Madurai 5,Madurai,4.1,4846,"Modern mid-range hotel in Madurai offering excellent value, well-appointed guest rooms, great dining, and a convenient location close to key city highlights.","Free Parking, Room Service, Valet Parking, Bar, 24/7 Security, Laundry Service, Free Breakfast",2.6,164
Ginger Haven Madurai 6,Madurai,4.9,6409,"Premium luxury accommodation in Madurai. Features world-class dining, customized guest services, elegant architecture, and a highly scenic environment.","AC, Laundry Service, Balcony Room, Free Breakfast",6.1,888
Treebo Castle Madurai 7,Madurai,3.6,987,"Comfortable budget-friendly lodging in Madurai. Offers clean rooms, helpful service, and basic amenities perfect for cost-conscious travelers.","Free Breakfast, Free Parking, Gym, Laundry Service, 24/7 Security, Balcony Room, Bar, Swimming Pool",4.4,117
Capital O Resort Madurai 8,Madurai,3.1,1127,"Comfortable budget-friendly lodging in Madurai. Offers clean rooms, helpful service, and basic amenities perfect for cost-conscious travelers.","Free Parking, Gym, Swimming Pool, AC, Restaurant, Bar",6.5,1233
Ritz Hotel Madurai 9,Madurai,4.0,2603,"Modern mid-range hotel in Madurai offering excellent value, well-appointed guest rooms, great dining, and a convenient location close to key city highlights.","Gym, Free Breakfast, Room Service, WiFi, Restaurant, 24/7 Security",0.1,90
Whispering Palms Lodge Madurai 10,Madurai,4.0,4413,"Modern mid-range hotel in Madurai offering excellent value, well-appointed guest rooms, great dining, and a convenient location close to key city highlights.","AC, Bar, Swimming Pool, Room Service, Free Breakfast",3.6,1620
Paradise Manor Madurai 11,Madurai,4.2,3769,"Modern mid-range hotel in Madurai offering excellent value, well-appointed guest rooms, great dining, and a convenient location close to key city highlights.","Spa, 24/7 Security, WiFi, Gym, Balcony Room, Free Breakfast, Laundry Service, Free Parking",7.4,251
Silver Sands Inn Madurai 12,Madurai,3.3,1597,"Comfortable budget-friendly lodging in Madurai. Offers clean rooms, helpful service, and basic amenities perfect for cost-conscious travelers.","Spa, Swimming Pool, Balcony Room, Gym, WiFi, Free Parking, Bar",4.4,1046
Alpine Lodge Retreat Madurai 13,Madurai,4.7,10716,"Premium luxury accommodation in Madurai. Features world-class dining, customized guest services, elegant architecture, and a highly scenic environment.","Swimming Pool, Bar, Gym, Spa, Restaurant, Laundry Service, 24/7 Security, AC",3.8,50
Mayfair Villas Madurai 14,Madurai,3.0,1905,"Comfortable budget-friendly lodging in Madurai. Offers clean rooms, helpful service, and basic amenities perfect for cost-conscious travelers.","Balcony Room, Bar, Free Breakfast, Room Service",2.1,1348
Grand Stays Madurai 15,Madurai,4.2,4858,"Modern mid-range hotel in Madurai offering excellent value, well-appointed guest rooms, great dining, and a convenient location close to key city highlights.","WiFi, Gym, Restaurant, Swimming Pool, 24/7 Security",7.8,840
Saffron Stays Chalet Madurai 16,Madurai,3.7,1187,"Comfortable budget-friendly lodging in Madurai. Offers clean rooms, helpful service, and basic amenities perfect for cost-conscious travelers.","Free Parking, Room Service, Bar, AC, 24/7 Security",2.6,1832
Vista Suites Madurai 17,Madurai,4.4,12271,"Premium luxury accommodation in Madurai. Features world-class dining, customized guest services, elegant architecture, and a highly scenic environment.","Balcony Room, WiFi, Valet Parking, Free Breakfast, 24/7 Security, AC, Free Parking",0.3,567
Taj Palace Madurai 18,Madurai,4.9,6627,"Premium luxury accommodation in Madurai. Features world-class dining, customized guest services, elegant architecture, and a highly scenic environment.","24/7 Security, Gym, Balcony Room, Free Breakfast, WiFi, Free Parking",7.5,1511
Radisson Haven Madurai 19,Madurai,4.2,4988,"Modern mid-range hotel in Madurai offering excellent value, well-appointed guest rooms, great dining, and a convenient location close to key city highlights.","Restaurant, Balcony Room, Gym, AC, Room Service, Free Breakfast, Swimming Pool",6.3,1314
Ginger Castle Madurai 20,Madurai,4.7,11251,"Premium luxury accommodation in Madurai. Features world-class dining, customized guest services, elegant architecture, and a highly scenic environment.","Room Service, Valet Parking, Free Breakfast, AC, Spa",8.3,1866
Treebo Resort Madurai 21,Madurai,3.7,1778,"Comfortable budget-friendly lodging in Madurai. Offers clean rooms, helpful service, and basic amenities perfect for cost-conscious travelers.","24/7 Security, Restaurant, WiFi, Bar, Balcony Room, Laundry Service, AC",4.1,1082
Capital O Hotel Madurai 22,Madurai,3.3,1904,"Comfortable budget-friendly lodging in Madurai. Offers clean rooms, helpful service, and basic amenities perfect for cost-conscious travelers.","Restaurant, Swimming Pool, Balcony Room, Spa, Free Breakfast, Room Service, Bar",8.4,1295
Ritz Lodge Madurai 23,Madurai,3.1,1022,"Comfortable budget-friendly lodging in Madurai. Offers clean rooms, helpful service, and basic amenities perfect for cost-conscious travelers.","Room Service, Balcony Room, Free Breakfast, Spa, AC, Gym, Restaurant, Bar",5.5,178
Whispering Palms Manor Madurai 24,Madurai,4.3,2558,"Modern mid-range hotel in Madurai offering excellent value, well-appointed guest rooms, great dining, and a convenient location close to key city highlights.","Valet Parking, Gym, Free Parking, Balcony Room, Room Service",8.5,1683
Paradise Inn Madurai 25,Madurai,4.8,7009,"Premium luxury accommodation in Madurai. Features world-class dining, customized guest services, elegant architecture, and a highly scenic environment.","Free Parking, 24/7 Security, WiFi, Valet Parking, Free Breakfast, Swimming Pool",2.1,1996
Silver Sands Retreat Madurai 26,Madurai,3.3,813,"Comfortable budget-friendly lodging in Madurai. Offers clean rooms, helpful service, and basic amenities perfect for cost-conscious travelers.","Valet Parking, Restaurant, Room Service, 24/7 Security, Bar, AC",4.4,1638
Alpine Lodge Villas Madurai 27,Madurai,4.0,3488,"Modern mid-range hotel in Madurai offering excellent value, well-appointed guest rooms, great dining, and a convenient location close to key city highlights.","Swimming Pool, Valet Parking, Free Breakfast, Laundry Service, AC, Free Parking",0.2,656
Mayfair Stays Madurai 28,Madurai,3.8,4412,"Modern mid-range hotel in Madurai offering excellent value, well-appointed guest rooms, great dining, and a convenient location close to key city highlights.","Free Parking, Swimming Pool, 24/7 Security, AC, Restaurant",3.6,1347
Grand Chalet Madurai 29,Madurai,3.8,4733,"Modern mid-range hotel in Madurai offering excellent value, well-appointed guest rooms, great dining, and a convenient location close to key city highlights.","24/7 Security, AC, Bar, Free Breakfast, Balcony Room, Free Parking, Room Service",8.2,994
Saffron Stays Suites Madurai 30,Madurai,4.9,5767,"Premium luxury accommodation in Madurai. Features world-class dining, customized guest services, elegant architecture, and a highly scenic environment.","Bar, Spa, WiFi, Room Service, Balcony Room, 24/7 Security, AC, Laundry Service",3.2,666
Vista Palace Madurai 31,Madurai,4.9,6156,"Premium luxury accommodation in Madurai. Features world-class dining, customized guest services, elegant architecture, and a highly scenic environment.","Bar, WiFi, Restaurant, Free Parking, Laundry Service, Room Service, Free Breakfast",5.1,1225
Taj Haven Madurai 32,Madurai,4.1,3997,"Modern mid-range hotel in Madurai offering excellent value, well-appointed guest rooms, great dining, and a convenient location close to key city highlights.","Free Breakfast, Bar, Restaurant, Valet Parking, Spa",1.7,892
Radisson Castle Madurai 33,Madurai,3.2,1934,"Comfortable budget-friendly lodging in Madurai. Offers clean rooms, helpful service, and basic amenities perfect for cost-conscious travelers.","Valet Parking, WiFi, AC, Free Parking, Spa, Room Service",4.5,1401
Ginger Resort Madurai 34,Madurai,3.5,1877,"Comfortable budget-friendly lodging in Madurai. Offers clean rooms, helpful service, and basic amenities perfect for cost-conscious travelers.","24/7 Security, Laundry Service, Restaurant, WiFi, Balcony Room, AC, Free Breakfast",1.4,859
Treebo Hotel Madurai 35,Madurai,4.7,12074,"Premium luxury accommodation in Madurai. Features world-class dining, customized guest services, elegant architecture, and a highly scenic environment.","Free Parking, WiFi, Gym, Spa, Swimming Pool",2.5,123
Capital O Lodge Madurai 36,Madurai,3.4,1914,"Comfortable budget-friendly lodging in Madurai. Offers clean rooms, helpful service, and basic amenities perfect for cost-conscious travelers.","Free Parking, Gym, 24/7 Security, WiFi, Swimming Pool",1.1,239
Ritz Manor Madurai 37,Madurai,4.6,13328,"Premium luxury accommodation in Madurai. Features world-class dining, customized guest services, elegant architecture, and a highly scenic environment.","Laundry Service, WiFi, AC, Bar, Restaurant, Room Service",5.1,712
Whispering Palms Inn Madurai 38,Madurai,4.0,3309,"Modern mid-range hotel in Madurai offering excellent value, well-appointed guest rooms, great dining, and a convenient location close to key city highlights.","Spa, Valet Parking, Restaurant, Bar, Balcony Room, AC",1.1,163
Paradise Retreat Madurai 39,Madurai,3.6,1643,"Comfortable budget-friendly lodging in Madurai. Offers clean rooms, helpful service, and basic amenities perfect for cost-conscious travelers.","Free Breakfast, Restaurant, Bar, Balcony Room, Room Service, Gym, Valet Parking, WiFi",8.9,1971
Silver Sands Villas Madurai 40,Madurai,4.1,4237,"Modern mid-range hotel in Madurai offering excellent value, well-appointed guest rooms, great dining, and a convenient location close to key city highlights.","Laundry Service, Room Service, Free Breakfast, Swimming Pool, Gym",3.2,1994
Alpine Lodge Stays Madurai 41,Madurai,3.8,3737,"Modern mid-range hotel in Madurai offering excellent value, well-appointed guest rooms, great dining, and a convenient location close to key city highlights.","AC, Gym, Laundry Service, 24/7 Security, Room Service, Bar, Balcony Room, Free Parking",2.5,960
Mayfair Chalet Madurai 42,Madurai,4.3,2576,"Modern mid-range hotel in Madurai offering excellent value, well-appointed guest rooms, great dining, and a convenient location close to key city highlights.","Laundry Service, AC, WiFi, Swimming Pool, Free Parking, Balcony Room",7.4,1886
Grand Suites Madurai 43,Madurai,4.5,7112,"Premium luxury accommodation in Madurai. Features world-class dining, customized guest services, elegant architecture, and a highly scenic environment.","Balcony Room, AC, Free Parking, Restaurant, Free Breakfast, 24/7 Security",6.7,354
Saffron Stays Palace Madurai 44,Madurai,4.2,3611,"Modern mid-range hotel in Madurai offering excellent value, well-appointed guest rooms, great dining, and a convenient location close to key city highlights.","Restaurant, Spa, AC, Room Service, Bar, Swimming Pool, Free Breakfast, Balcony Room",4.4,899
Vista Haven Madurai 45,Madurai,4.0,4977,"Modern mid-range hotel in Madurai offering excellent value, well-appointed guest rooms, great dining, and a convenient location close to key city highlights.","WiFi, Swimming Pool, Balcony Room, Spa, Free Breakfast, 24/7 Security, Valet Parking, Bar",7.5,1280
Taj Castle Madurai 46,Madurai,3.6,1060,"Comfortable budget-friendly lodging in Madurai. Offers clean rooms, helpful service, and basic amenities perfect for cost-conscious travelers.","Gym, Room Service, Laundry Service, Free Breakfast",1.6,1884
Radisson Resort Madurai 47,Madurai,3.3,1548,"Comfortable budget-friendly lodging in Madurai. Offers clean rooms, helpful service, and basic amenities perfect for cost-conscious travelers.","Free Parking, WiFi, Laundry Service, Restaurant",8.6,1507
Ginger Hotel Madurai 48,Madurai,4.6,7810,"Premium luxury accommodation in Madurai. Features world-class dining, customized guest services, elegant architecture, and a highly scenic environment.","Balcony Room, Valet Parking, Restaurant, AC, Spa, Free Parking",0.4,810
Treebo Lodge Madurai 49,Madurai,3.7,1635,"Comfortable budget-friendly lodging in Madurai. Offers clean rooms, helpful service, and basic amenities perfect for cost-conscious travelers.","Laundry Service, 24/7 Security, Gym, Free Parking, Valet Parking",9.4,732
Capital O Manor Madurai 50,Madurai,3.1,1118,"Comfortable budget-friendly lodging in Madurai. Offers clean rooms, helpful service, and basic amenities perfect for cost-conscious travelers.","Gym, Valet Parking, Spa, AC, 24/7 Security, Bar",2.4,1112
Ritz Inn Madurai 51,Madurai,3.2,1366,"Comfortable budget-friendly lodging in Madurai. Offers clean rooms, helpful service, and basic amenities perfect for cost-conscious travelers.","Gym, WiFi, Laundry Service, Free Breakfast",3.1,1944
Whispering Palms Retreat Madurai 52,Madurai,4.7,17398,"Premium luxury accommodation in Madurai. Features world-class dining, customized guest services, elegant architecture, and a highly scenic environment.","Balcony Room, Restaurant, Swimming Pool, Laundry Service, 24/7 Security, Spa, WiFi, Valet Parking",8.4,1093
Paradise Villas Madurai 53,Madurai,3.6,1509,"Comfortable budget-friendly lodging in Madurai. Offers clean rooms, helpful service, and basic amenities perfect for cost-conscious travelers.","Free Breakfast, Restaurant, Bar, WiFi",7.2,1537
Silver Sands Stays Madurai 54,Madurai,4.2,3010,"Modern mid-range hotel in Madurai offering excellent value, well-appointed guest rooms, great dining, and a convenient location close to key city highlights.","Room Service, WiFi, Free Parking, Laundry Service, Valet Parking",5.8,963
Alpine Lodge Chalet Madurai 55,Madurai,3.0,1342,"Comfortable budget-friendly lodging in Madurai. Offers clean rooms, helpful service, and basic amenities perfect for cost-conscious travelers.","WiFi, Restaurant, Gym, Swimming Pool, Balcony Room, Free Parking",4.5,207
Mayfair Suites Madurai 56,Madurai,4.3,2712,"Modern mid-range hotel in Madurai offering excellent value, well-appointed guest rooms, great dining, and a convenient location close to key city highlights.","Laundry Service, Bar, Valet Parking, Gym, Spa",7.2,1011
Grand Palace Madurai 57,Madurai,3.9,4634,"Modern mid-range hotel in Madurai offering excellent value, well-appointed guest rooms, great dining, and a convenient location close to key city highlights.","Free Breakfast, AC, Bar, Valet Parking, Restaurant",4.2,142
Saffron Stays Haven Madurai 58,Madurai,3.9,3817,"Modern mid-range hotel in Madurai offering excellent value, well-appointed guest rooms, great dining, and a convenient location close to key city highlights.","Free Breakfast, Gym, Bar, Valet Parking, Restaurant, Room Service",8.8,600
Vista Castle Madurai 59,Madurai,3.9,2398,"Modern mid-range hotel in Madurai offering excellent value, well-appointed guest rooms, great dining, and a convenient location close to key city highlights.","AC, Balcony Room, 24/7 Security, Swimming Pool, Bar",8.5,515
Taj Resort Madurai 60,Madurai,4.2,4363,"Modern mid-range hotel in Madurai offering excellent value, well-appointed guest rooms, great dining, and a convenient location close to key city highlights.","Free Parking, Restaurant, Spa, Free Breakfast, WiFi",7.9,1979
Radisson Hotel Madurai 61,Madurai,3.1,920,"Comfortable budget-friendly lodging in Madurai. Offers clean rooms, helpful service, and basic amenities perfect for cost-conscious travelers.","Gym, Restaurant, Balcony Room, Laundry Service",2.4,113
Ginger Lodge Madurai 62,Madurai,3.9,3935,"Modern mid-range hotel in Madurai offering excellent value, well-appointed guest rooms, great dining, and a convenient location close to key city highlights.","Balcony Room, Valet Parking, Room Service, Free Parking, Bar, 24/7 Security, Spa, Free Breakfast",7.7,979
Treebo Manor Madurai 63,Madurai,3.4,1957,"Comfortable budget-friendly lodging in Madurai. Offers clean rooms, helpful service, and basic amenities perfect for cost-conscious travelers.","Balcony Room, Spa, Free Parking, Valet Parking",8.2,462
Capital O Inn Madurai 64,Madurai,3.9,2458,"Modern mid-range hotel in Madurai offering excellent value, well-appointed guest rooms, great dining, and a convenient location close to key city highlights.","Swimming Pool, Spa, Free Breakfast, Bar, Free Parking, Gym, Laundry Service, 24/7 Security",4.4,1894
Ritz Retreat Madurai 65,Madurai,3.2,1389,"Comfortable budget-friendly lodging in Madurai. Offers clean rooms, helpful service, and basic amenities perfect for cost-conscious travelers.","Swimming Pool, 24/7 Security, Valet Parking, Balcony Room, AC",8.9,392
Whispering Palms Villas Madurai 66,Madurai,5.0,5550,"Premium luxury accommodation in Madurai. Features world-class dining, customized guest services, elegant architecture, and a highly scenic environment.","Balcony Room, Laundry Service, Valet Parking, 24/7 Security, Bar, Swimming Pool, WiFi",0.1,575
Paradise Stays Madurai 67,Madurai,4.7,8106,"Premium luxury accommodation in Madurai. Features world-class dining, customized guest services, elegant architecture, and a highly scenic environment.","Restaurant, Gym, AC, Balcony Room, Laundry Service, Free Parking, 24/7 Security",7.8,1543
Silver Sands Chalet Madurai 68,Madurai,4.6,11855,"Premium luxury accommodation in Madurai. Features world-class dining, customized guest services, elegant architecture, and a highly scenic environment.","Swimming Pool, Restaurant, Spa, Valet Parking, WiFi, Free Parking, Free Breakfast, Bar",1.5,1893
Alpine Lodge Suites Madurai 69,Madurai,4.8,12232,"Premium luxury accommodation in Madurai. Features world-class dining, customized guest services, elegant architecture, and a highly scenic environment.","Valet Parking, Room Service, Gym, Bar, Spa, Free Breakfast, WiFi",8.1,1048
Mayfair Palace Madurai 70,Madurai,4.8,12307,"Premium luxury accommodation in Madurai. Features world-class dining, customized guest services, elegant architecture, and a highly scenic environment.","Bar, Laundry Service, Free Breakfast, Swimming Pool, WiFi, Gym, Room Service, Restaurant",7.2,456
Capital O Castle New Delhi 1,New Delhi,3.1,889,"Comfortable budget-friendly lodging in New Delhi. Offers clean rooms, helpful service, and basic amenities perfect for cost-conscious travelers.","WiFi, Balcony Room, Laundry Service, AC, Gym, Spa, Bar, Restaurant",7.0,878
Ritz Resort New Delhi 2,New Delhi,4.3,3949,"Modern mid-range hotel in New Delhi offering excellent value, well-appointed guest rooms, great dining, and a convenient location close to key city highlights.","Bar, Restaurant, AC, Balcony Room, Room Service, Valet Parking, Swimming Pool",4.6,1142
Whispering Palms Hotel New Delhi 3,New Delhi,4.3,3894,"Modern mid-range hotel in New Delhi offering excellent value, well-appointed guest rooms, great dining, and a convenient location close to key city highlights.","Gym, Restaurant, 24/7 Security, AC",6.1,461
Paradise Lodge New Delhi 4,New Delhi,3.4,1387,"Comfortable budget-friendly lodging in New Delhi. Offers clean rooms, helpful service, and basic amenities perfect for cost-conscious travelers.","Bar, Laundry Service, 24/7 Security, AC, Room Service, Restaurant, Swimming Pool",3.2,1543
Silver Sands Manor New Delhi 5,New Delhi,3.8,2822,"Modern mid-range hotel in New Delhi offering excellent value, well-appointed guest rooms, great dining, and a convenient location close to key city highlights.","Swimming Pool, Free Breakfast, Bar, 24/7 Security, Gym, Valet Parking",9.2,1558
Alpine Lodge Inn New Delhi 6,New Delhi,3.1,1854,"Comfortable budget-friendly lodging in New Delhi. Offers clean rooms, helpful service, and basic amenities perfect for cost-conscious travelers.","Swimming Pool, 24/7 Security, Valet Parking, Free Breakfast, AC, Free Parking",3.5,1683
Mayfair Retreat New Delhi 7,New Delhi,4.1,4375,"Modern mid-range hotel in New Delhi offering excellent value, well-appointed guest rooms, great dining, and a convenient location close to key city highlights.","Bar, 24/7 Security, AC, WiFi, Laundry Service, Gym, Room Service",4.3,654
Grand Villas New Delhi 8,New Delhi,3.3,1966,"Comfortable budget-friendly lodging in New Delhi. Offers clean rooms, helpful service, and basic amenities perfect for cost-conscious travelers.","Valet Parking, Restaurant, Room Service, 24/7 Security, Spa, Swimming Pool, WiFi",5.4,386
Saffron Stays Stays New Delhi 9,New Delhi,4.9,7095,"Premium luxury accommodation in New Delhi. Features world-class dining, customized guest services, elegant architecture, and a highly scenic environment.","Swimming Pool, Valet Parking, Restaurant, Bar, Laundry Service, Free Breakfast",8.7,1308
Vista Chalet New Delhi 10,New Delhi,3.7,1205,"Comfortable budget-friendly lodging in New Delhi. Offers clean rooms, helpful service, and basic amenities perfect for cost-conscious travelers.","Laundry Service, Spa, Gym, Free Breakfast, AC, Free Parking, WiFi",2.7,593
Taj Suites New Delhi 11,New Delhi,3.3,1679,"Comfortable budget-friendly lodging in New Delhi. Offers clean rooms, helpful service, and basic amenities perfect for cost-conscious travelers.","Gym, WiFi, Spa, Free Parking, Free Breakfast, 24/7 Security",5.2,461
Radisson Palace New Delhi 12,New Delhi,4.6,7543,"Premium luxury accommodation in New Delhi. Features world-class dining, customized guest services, elegant architecture, and a highly scenic environment.","Free Parking, Room Service, Spa, Swimming Pool, WiFi",5.9,420
Ginger Haven New Delhi 13,New Delhi,3.7,1104,"Comfortable budget-friendly lodging in New Delhi. Offers clean rooms, helpful service, and basic amenities perfect for cost-conscious travelers.","Laundry Service, Gym, Free Parking, Spa, Balcony Room, Bar",0.4,1476
Treebo Castle New Delhi 14,New Delhi,5.0,15928,"Premium luxury accommodation in New Delhi. Features world-class dining, customized guest services, elegant architecture, and a highly scenic environment.","Free Parking, AC, Spa, Room Service, Restaurant, WiFi",4.4,895
Capital O Resort New Delhi 15,New Delhi,4.4,15938,"Premium luxury accommodation in New Delhi. Features world-class dining, customized guest services, elegant architecture, and a highly scenic environment.","24/7 Security, Bar, Gym, Free Parking, WiFi, Room Service, Free Breakfast, Restaurant",8.9,1360
Ritz Hotel New Delhi 16,New Delhi,5.0,9817,"Premium luxury accommodation in New Delhi. Features world-class dining, customized guest services, elegant architecture, and a highly scenic environment.","AC, Free Breakfast, Laundry Service, Free Parking, WiFi, Valet Parking, 24/7 Security",4.9,646
Whispering Palms Lodge New Delhi 17,New Delhi,3.6,1682,"Comfortable budget-friendly lodging in New Delhi. Offers clean rooms, helpful service, and basic amenities perfect for cost-conscious travelers.","AC, Free Parking, Restaurant, Room Service, Gym, Balcony Room, WiFi",6.5,1167
Paradise Manor New Delhi 18,New Delhi,4.3,2861,"Modern mid-range hotel in New Delhi offering excellent value, well-appointed guest rooms, great dining, and a convenient location close to key city highlights.","AC, Room Service, Spa, Laundry Service, Bar, WiFi, Free Parking, Valet Parking",5.5,694
Silver Sands Inn New Delhi 19,New Delhi,4.6,11998,"Premium luxury accommodation in New Delhi. Features world-class dining, customized guest services, elegant architecture, and a highly scenic environment.","Free Parking, Free Breakfast, Spa, AC, Laundry Service",5.4,1751
Alpine Lodge Retreat New Delhi 20,New Delhi,3.3,1092,"Comfortable budget-friendly lodging in New Delhi. Offers clean rooms, helpful service, and basic amenities perfect for cost-conscious travelers.","Free Breakfast, Valet Parking, Spa, Balcony Room, Gym, Restaurant",6.8,1816
Mayfair Villas New Delhi 21,New Delhi,3.8,4213,"Modern mid-range hotel in New Delhi offering excellent value, well-appointed guest rooms, great dining, and a convenient location close to key city highlights.","Valet Parking, Spa, Free Breakfast, WiFi, Restaurant, Balcony Room, 24/7 Security, Swimming Pool",7.4,1402
Grand Stays New Delhi 22,New Delhi,3.5,1314,"Comfortable budget-friendly lodging in New Delhi. Offers clean rooms, helpful service, and basic amenities perfect for cost-conscious travelers.","AC, Balcony Room, Swimming Pool, WiFi, Bar, Valet Parking, Restaurant",5.7,1532
Saffron Stays Chalet New Delhi 23,New Delhi,3.8,4239,"Modern mid-range hotel in New Delhi offering excellent value, well-appointed guest rooms, great dining, and a convenient location close to key city highlights.","AC, Room Service, Balcony Room, Spa",4.8,1134
Vista Suites New Delhi 24,New Delhi,3.8,4129,"Modern mid-range hotel in New Delhi offering excellent value, well-appointed guest rooms, great dining, and a convenient location close to key city highlights.","Free Breakfast, Free Parking, Spa, Restaurant, Laundry Service, 24/7 Security, WiFi, AC",2.4,1925
Taj Palace New Delhi 25,New Delhi,4.6,15649,"Premium luxury accommodation in New Delhi. Features world-class dining, customized guest services, elegant architecture, and a highly scenic environment.","Bar, Swimming Pool, Room Service, AC, Free Parking, Balcony Room, Laundry Service, Free Breakfast",0.9,1376
Radisson Haven New Delhi 26,New Delhi,3.6,896,"Comfortable budget-friendly lodging in New Delhi. Offers clean rooms, helpful service, and basic amenities perfect for cost-conscious travelers.","Room Service, Gym, Valet Parking, Laundry Service, 24/7 Security, Swimming Pool, Free Parking, Restaurant",0.4,819
Ginger Castle New Delhi 27,New Delhi,4.2,2780,"Modern mid-range hotel in New Delhi offering excellent value, well-appointed guest rooms, great dining, and a convenient location close to key city highlights.","Free Breakfast, AC, Free Parking, Swimming Pool, Spa, Gym",4.7,1021
Treebo Resort New Delhi 28,New Delhi,4.2,3014,"Modern mid-range hotel in New Delhi offering excellent value, well-appointed guest rooms, great dining, and a convenient location close to key city highlights.","Room Service, 24/7 Security, WiFi, Swimming Pool, Spa, Free Parking, Valet Parking, Free Breakfast",3.7,206
Capital O Hotel New Delhi 29,New Delhi,4.0,3503,"Modern mid-range hotel in New Delhi offering excellent value, well-appointed guest rooms, great dining, and a convenient location close to key city highlights.","WiFi, Balcony Room, Laundry Service, Spa, Gym",5.6,755
Ritz Lodge New Delhi 30,New Delhi,3.3,949,"Comfortable budget-friendly lodging in New Delhi. Offers clean rooms, helpful service, and basic amenities perfect for cost-conscious travelers.","Gym, AC, Laundry Service, Valet Parking, Balcony Room",6.5,606
Whispering Palms Manor New Delhi 31,New Delhi,4.5,14726,"Premium luxury accommodation in New Delhi. Features world-class dining, customized guest services, elegant architecture, and a highly scenic environment.","Spa, Swimming Pool, Balcony Room, Free Breakfast, WiFi, Valet Parking, Gym, Free Parking",5.3,1884
Paradise Inn New Delhi 32,New Delhi,3.9,2767,"Modern mid-range hotel in New Delhi offering excellent value, well-appointed guest rooms, great dining, and a convenient location close to key city highlights.","Balcony Room, Swimming Pool, Spa, Free Parking",3.4,47
Silver Sands Retreat New Delhi 33,New Delhi,4.8,9012,"Premium luxury accommodation in New Delhi. Features world-class dining, customized guest services, elegant architecture, and a highly scenic environment.","Laundry Service, 24/7 Security, Free Breakfast, Valet Parking",6.1,826
Alpine Lodge Villas New Delhi 34,New Delhi,4.8,16427,"Premium luxury accommodation in New Delhi. Features world-class dining, customized guest services, elegant architecture, and a highly scenic environment.","WiFi, Valet Parking, Balcony Room, Swimming Pool",6.3,1318
Mayfair Stays New Delhi 35,New Delhi,5.0,17266,"Premium luxury accommodation in New Delhi. Features world-class dining, customized guest services, elegant architecture, and a highly scenic environment.","Free Breakfast, AC, Bar, Gym",7.8,366
Grand Chalet New Delhi 36,New Delhi,4.9,10061,"Premium luxury accommodation in New Delhi. Features world-class dining, customized guest services, elegant architecture, and a highly scenic environment.","Gym, Restaurant, Balcony Room, Room Service, Free Breakfast, Swimming Pool, Bar, WiFi",3.0,1482
Saffron Stays Suites New Delhi 37,New Delhi,4.0,3783,"Modern mid-range hotel in New Delhi offering excellent value, well-appointed guest rooms, great dining, and a convenient location close to key city highlights.","Swimming Pool, Balcony Room, Free Breakfast, Laundry Service, WiFi, Room Service, Valet Parking, Free Parking",1.4,298
Vista Palace New Delhi 38,New Delhi,4.1,2763,"Modern mid-range hotel in New Delhi offering excellent value, well-appointed guest rooms, great dining, and a convenient location close to key city highlights.","Balcony Room, Restaurant, WiFi, Valet Parking",6.0,1355
Taj Haven New Delhi 39,New Delhi,5.0,16779,"Premium luxury accommodation in New Delhi. Features world-class dining, customized guest services, elegant architecture, and a highly scenic environment.","WiFi, Room Service, Valet Parking, Gym, Restaurant, Swimming Pool, Spa, AC",2.0,241
Radisson Castle New Delhi 40,New Delhi,3.8,4790,"Modern mid-range hotel in New Delhi offering excellent value, well-appointed guest rooms, great dining, and a convenient location close to key city highlights.","WiFi, Bar, Free Parking, Gym",1.8,1439
Ginger Resort New Delhi 41,New Delhi,3.2,1278,"Comfortable budget-friendly lodging in New Delhi. Offers clean rooms, helpful service, and basic amenities perfect for cost-conscious travelers.","Laundry Service, Valet Parking, Bar, Spa, Free Breakfast",3.7,749
Treebo Hotel New Delhi 42,New Delhi,3.3,887,"Comfortable budget-friendly lodging in New Delhi. Offers clean rooms, helpful service, and basic amenities perfect for cost-conscious travelers.","Swimming Pool, Gym, Balcony Room, Valet Parking, AC",4.5,719
Capital O Lodge New Delhi 43,New Delhi,4.5,7713,"Premium luxury accommodation in New Delhi. Features world-class dining, customized guest services, elegant architecture, and a highly scenic environment.","Valet Parking, Gym, Spa, AC, Free Breakfast, WiFi, Swimming Pool, Bar",7.2,831
Ritz Manor New Delhi 44,New Delhi,3.9,2453,"Modern mid-range hotel in New Delhi offering excellent value, well-appointed guest rooms, great dining, and a convenient location close to key city highlights.","24/7 Security, AC, Free Breakfast, Room Service",4.0,287
Whispering Palms Inn New Delhi 45,New Delhi,4.9,5115,"Premium luxury accommodation in New Delhi. Features world-class dining, customized guest services, elegant architecture, and a highly scenic environment.","Bar, Swimming Pool, Balcony Room, Gym, Room Service",3.8,535
Paradise Retreat New Delhi 46,New Delhi,4.5,12082,"Premium luxury accommodation in New Delhi. Features world-class dining, customized guest services, elegant architecture, and a highly scenic environment.","Gym, 24/7 Security, WiFi, Spa, Laundry Service, Valet Parking, Restaurant",0.9,1414
Silver Sands Villas New Delhi 47,New Delhi,4.6,10537,"Premium luxury accommodation in New Delhi. Features world-class dining, customized guest services, elegant architecture, and a highly scenic environment.","Laundry Service, WiFi, Restaurant, Balcony Room, 24/7 Security",3.5,414
Alpine Lodge Stays New Delhi 48,New Delhi,3.2,1868,"Comfortable budget-friendly lodging in New Delhi. Offers clean rooms, helpful service, and basic amenities perfect for cost-conscious travelers.","24/7 Security, Swimming Pool, WiFi, Laundry Service, Bar, Valet Parking",4.3,1638
Mayfair Chalet New Delhi 49,New Delhi,3.6,1880,"Comfortable budget-friendly lodging in New Delhi. Offers clean rooms, helpful service, and basic amenities perfect for cost-conscious travelers.","Room Service, Bar, Spa, Balcony Room, Restaurant, AC",8.8,924
Grand Suites New Delhi 50,New Delhi,3.1,1816,"Comfortable budget-friendly lodging in New Delhi. Offers clean rooms, helpful service, and basic amenities perfect for cost-conscious travelers.","Restaurant, AC, Free Breakfast, Free Parking, Valet Parking, WiFi, Room Service, Balcony Room",6.3,475
Saffron Stays Palace New Delhi 51,New Delhi,5.0,15656,"Premium luxury accommodation in New Delhi. Features world-class dining, customized guest services, elegant architecture, and a highly scenic environment.","AC, Restaurant, Laundry Service, 24/7 Security, WiFi, Bar, Gym",3.1,1480
Vista Haven New Delhi 52,New Delhi,4.8,6379,"Premium luxury accommodation in New Delhi. Features world-class dining, customized guest services, elegant architecture, and a highly scenic environment.","Spa, Free Breakfast, Balcony Room, 24/7 Security, Free Parking, Laundry Service, Gym",8.8,291
Taj Castle New Delhi 53,New Delhi,4.1,4313,"Modern mid-range hotel in New Delhi offering excellent value, well-appointed guest rooms, great dining, and a convenient location close to key city highlights.","Swimming Pool, Valet Parking, Room Service, Gym",1.3,749
Radisson Resort New Delhi 54,New Delhi,3.2,1122,"Comfortable budget-friendly lodging in New Delhi. Offers clean rooms, helpful service, and basic amenities perfect for cost-conscious travelers.","Balcony Room, Gym, Restaurant, WiFi",4.1,410
Ginger Hotel New Delhi 55,New Delhi,4.7,13751,"Premium luxury accommodation in New Delhi. Features world-class dining, customized guest services, elegant architecture, and a highly scenic environment.","Swimming Pool, Free Parking, 24/7 Security, WiFi",3.5,376
Treebo Lodge New Delhi 56,New Delhi,3.6,1621,"Comfortable budget-friendly lodging in New Delhi. Offers clean rooms, helpful service, and basic amenities perfect for cost-conscious travelers.","Swimming Pool, Balcony Room, Laundry Service, Free Breakfast, Restaurant, Valet Parking",7.6,1482
Capital O Manor New Delhi 57,New Delhi,3.2,900,"Comfortable budget-friendly lodging in New Delhi. Offers clean rooms, helpful service, and basic amenities perfect for cost-conscious travelers.","Restaurant, Room Service, Bar, Free Breakfast, Free Parking, AC, 24/7 Security",9.1,1301
Ritz Inn New Delhi 58,New Delhi,4.3,2669,"Modern mid-range hotel in New Delhi offering excellent value, well-appointed guest rooms, great dining, and a convenient location close to key city highlights.","Balcony Room, WiFi, Free Breakfast, Laundry Service, Free Parking, 24/7 Security",3.0,619
Whispering Palms Retreat New Delhi 59,New Delhi,4.1,2328,"Modern mid-range hotel in New Delhi offering excellent value, well-appointed guest rooms, great dining, and a convenient location close to key city highlights.","Room Service, Laundry Service, Balcony Room, Swimming Pool, Free Parking",0.7,264
Paradise Villas New Delhi 60,New Delhi,3.2,1361,"Comfortable budget-friendly lodging in New Delhi. Offers clean rooms, helpful service, and basic amenities perfect for cost-conscious travelers.","Valet Parking, AC, Free Breakfast, 24/7 Security, Balcony Room, Free Parking",4.0,155
Silver Sands Stays New Delhi 61,New Delhi,4.2,3385,"Modern mid-range hotel in New Delhi offering excellent value, well-appointed guest rooms, great dining, and a convenient location close to key city highlights.","Restaurant, Free Parking, AC, WiFi, Swimming Pool",4.6,1173
Alpine Lodge Chalet New Delhi 62,New Delhi,3.3,993,"Comfortable budget-friendly lodging in New Delhi. Offers clean rooms, helpful service, and basic amenities perfect for cost-conscious travelers.","AC, Restaurant, Bar, Swimming Pool, Free Breakfast, Free Parking, WiFi",1.3,322
Mayfair Suites New Delhi 63,New Delhi,4.3,4273,"Modern mid-range hotel in New Delhi offering excellent value, well-appointed guest rooms, great dining, and a convenient location close to key city highlights.","Restaurant, Valet Parking, Bar, Gym",3.0,1043
Grand Palace New Delhi 64,New Delhi,4.7,12215,"Premium luxury accommodation in New Delhi. Features world-class dining, customized guest services, elegant architecture, and a highly scenic environment.","Laundry Service, Spa, Bar, Gym, 24/7 Security, WiFi, Valet Parking",6.1,1329
Saffron Stays Haven New Delhi 65,New Delhi,4.4,13718,"Premium luxury accommodation in New Delhi. Features world-class dining, customized guest services, elegant architecture, and a highly scenic environment.","Room Service, Free Parking, Balcony Room, Free Breakfast, Gym, Bar",6.8,1031
Vista Castle New Delhi 66,New Delhi,3.3,1739,"Comfortable budget-friendly lodging in New Delhi. Offers clean rooms, helpful service, and basic amenities perfect for cost-conscious travelers.","Free Parking, Balcony Room, Gym, Valet Parking, Bar",6.7,1836
Taj Resort New Delhi 67,New Delhi,4.4,5260,"Premium luxury accommodation in New Delhi. Features world-class dining, customized guest services, elegant architecture, and a highly scenic environment.","Valet Parking, Restaurant, WiFi, Free Parking, Gym",5.5,831
Radisson Hotel New Delhi 68,New Delhi,4.3,2800,"Modern mid-range hotel in New Delhi offering excellent value, well-appointed guest rooms, great dining, and a convenient location close to key city highlights.","24/7 Security, Room Service, Restaurant, AC, Valet Parking, Balcony Room, Free Parking, Spa",1.4,941
Ginger Lodge New Delhi 69,New Delhi,3.5,1941,"Comfortable budget-friendly lodging in New Delhi. Offers clean rooms, helpful service, and basic amenities perfect for cost-conscious travelers.","Bar, Valet Parking, AC, Laundry Service, Balcony Room",1.3,501
Treebo Manor New Delhi 70,New Delhi,4.2,4265,"Modern mid-range hotel in New Delhi offering excellent value, well-appointed guest rooms, great dining, and a convenient location close to key city highlights.","AC, Laundry Service, Free Breakfast, Balcony Room, Spa, Free Parking, Valet Parking, Swimming Pool",3.2,1784
Grand Retreat Agra 1,Agra,3.5,1280,"Comfortable budget-friendly lodging in Agra. Offers clean rooms, helpful service, and basic amenities perfect for cost-conscious travelers.","WiFi, AC, Laundry Service, Spa, Balcony Room, Swimming Pool",4.0,408
Saffron Stays Villas Agra 2,Agra,3.5,921,"Comfortable budget-friendly lodging in Agra. Offers clean rooms, helpful service, and basic amenities perfect for cost-conscious travelers.","Restaurant, Valet Parking, Spa, Swimming Pool",3.6,1422
Vista Stays Agra 3,Agra,3.4,1503,"Comfortable budget-friendly lodging in Agra. Offers clean rooms, helpful service, and basic amenities perfect for cost-conscious travelers.","Balcony Room, AC, Gym, 24/7 Security, Spa",7.6,1091
Taj Chalet Agra 4,Agra,4.1,2745,"Modern mid-range hotel in Agra offering excellent value, well-appointed guest rooms, great dining, and a convenient location close to key city highlights.","Gym, Bar, Free Breakfast, WiFi, Restaurant",2.7,755
Radisson Suites Agra 5,Agra,3.7,1040,"Comfortable budget-friendly lodging in Agra. Offers clean rooms, helpful service, and basic amenities perfect for cost-conscious travelers.","Gym, Restaurant, 24/7 Security, Spa, Swimming Pool, Free Parking",1.1,705
Ginger Palace Agra 6,Agra,3.5,1979,"Comfortable budget-friendly lodging in Agra. Offers clean rooms, helpful service, and basic amenities perfect for cost-conscious travelers.","Restaurant, Free Parking, Bar, Free Breakfast, Balcony Room, Spa",7.3,175
Treebo Haven Agra 7,Agra,4.3,4176,"Modern mid-range hotel in Agra offering excellent value, well-appointed guest rooms, great dining, and a convenient location close to key city highlights.","Spa, Laundry Service, Restaurant, AC, Gym, Room Service",1.1,761
Capital O Castle Agra 8,Agra,3.1,1027,"Comfortable budget-friendly lodging in Agra. Offers clean rooms, helpful service, and basic amenities perfect for cost-conscious travelers.","AC, Restaurant, Free Breakfast, Laundry Service",5.8,1857
Ritz Resort Agra 9,Agra,3.5,1593,"Comfortable budget-friendly lodging in Agra. Offers clean rooms, helpful service, and basic amenities perfect for cost-conscious travelers.","Spa, Free Parking, 24/7 Security, Room Service, Free Breakfast, Balcony Room",2.5,1501
Whispering Palms Hotel Agra 10,Agra,3.4,1239,"Comfortable budget-friendly lodging in Agra. Offers clean rooms, helpful service, and basic amenities perfect for cost-conscious travelers.","Free Parking, Room Service, Free Breakfast, Bar, Balcony Room, Swimming Pool, Laundry Service, 24/7 Security",8.1,135
Paradise Lodge Agra 11,Agra,3.9,2488,"Modern mid-range hotel in Agra offering excellent value, well-appointed guest rooms, great dining, and a convenient location close to key city highlights.","Bar, Laundry Service, Swimming Pool, Room Service, Gym, Restaurant",4.6,1174
Silver Sands Manor Agra 12,Agra,3.4,1280,"Comfortable budget-friendly lodging in Agra. Offers clean rooms, helpful service, and basic amenities perfect for cost-conscious travelers.","Bar, Free Breakfast, Room Service, Spa",2.5,1525
Alpine Lodge Inn Agra 13,Agra,3.4,956,"Comfortable budget-friendly lodging in Agra. Offers clean rooms, helpful service, and basic amenities perfect for cost-conscious travelers.","Valet Parking, Room Service, Swimming Pool, Spa",2.5,624
Mayfair Retreat Agra 14,Agra,4.8,8909,"Premium luxury accommodation in Agra. Features world-class dining, customized guest services, elegant architecture, and a highly scenic environment.","Room Service, Laundry Service, 24/7 Security, AC, Spa, Restaurant, Gym",7.1,1685
Grand Villas Agra 15,Agra,4.3,3100,"Modern mid-range hotel in Agra offering excellent value, well-appointed guest rooms, great dining, and a convenient location close to key city highlights.","WiFi, AC, 24/7 Security, Free Parking, Valet Parking, Swimming Pool, Balcony Room",3.6,1781
Saffron Stays Stays Agra 16,Agra,4.2,3692,"Modern mid-range hotel in Agra offering excellent value, well-appointed guest rooms, great dining, and a convenient location close to key city highlights.","Valet Parking, Free Breakfast, Restaurant, Free Parking, Swimming Pool",8.4,311
Vista Chalet Agra 17,Agra,4.6,6046,"Premium luxury accommodation in Agra. Features world-class dining, customized guest services, elegant architecture, and a highly scenic environment.","Free Breakfast, Free Parking, Valet Parking, Laundry Service, WiFi, AC, Bar, 24/7 Security",4.1,1749
Taj Suites Agra 18,Agra,4.5,12172,"Premium luxury accommodation in Agra. Features world-class dining, customized guest services, elegant architecture, and a highly scenic environment.","Bar, Free Parking, WiFi, Swimming Pool",1.1,347
Radisson Palace Agra 19,Agra,3.6,1084,"Comfortable budget-friendly lodging in Agra. Offers clean rooms, helpful service, and basic amenities perfect for cost-conscious travelers.","Swimming Pool, AC, WiFi, Valet Parking, Restaurant",7.3,393
Ginger Haven Agra 20,Agra,4.8,12874,"Premium luxury accommodation in Agra. Features world-class dining, customized guest services, elegant architecture, and a highly scenic environment.","Room Service, 24/7 Security, Free Parking, Balcony Room, AC",7.5,1980
Treebo Castle Agra 21,Agra,4.7,8716,"Premium luxury accommodation in Agra. Features world-class dining, customized guest services, elegant architecture, and a highly scenic environment.","Swimming Pool, Spa, WiFi, Room Service, AC",8.5,551
Capital O Resort Agra 22,Agra,4.5,15110,"Premium luxury accommodation in Agra. Features world-class dining, customized guest services, elegant architecture, and a highly scenic environment.","Restaurant, Spa, Bar, WiFi, Free Breakfast, AC, Room Service, Balcony Room",5.8,1313
Ritz Hotel Agra 23,Agra,4.5,12416,"Premium luxury accommodation in Agra. Features world-class dining, customized guest services, elegant architecture, and a highly scenic environment.","Restaurant, Spa, WiFi, Valet Parking, Swimming Pool, Balcony Room, Free Parking, 24/7 Security",8.0,289
Whispering Palms Lodge Agra 24,Agra,3.5,828,"Comfortable budget-friendly lodging in Agra. Offers clean rooms, helpful service, and basic amenities perfect for cost-conscious travelers.","Gym, Free Breakfast, Spa, Balcony Room, Room Service, AC, Swimming Pool",6.9,734
Paradise Manor Agra 25,Agra,4.2,2694,"Modern mid-range hotel in Agra offering excellent value, well-appointed guest rooms, great dining, and a convenient location close to key city highlights.","Valet Parking, Bar, Balcony Room, Free Parking, Laundry Service, Restaurant, Free Breakfast, Spa",6.3,1438
Silver Sands Inn Agra 26,Agra,3.9,4006,"Modern mid-range hotel in Agra offering excellent value, well-appointed guest rooms, great dining, and a convenient location close to key city highlights.","Room Service, Spa, Free Parking, Gym, WiFi, Bar, Balcony Room, Laundry Service",4.6,970
Alpine Lodge Retreat Agra 27,Agra,4.3,4460,"Modern mid-range hotel in Agra offering excellent value, well-appointed guest rooms, great dining, and a convenient location close to key city highlights.","Balcony Room, Gym, AC, Free Breakfast, Valet Parking, WiFi, Laundry Service, Spa",6.9,214
Mayfair Villas Agra 28,Agra,3.1,1247,"Comfortable budget-friendly lodging in Agra. Offers clean rooms, helpful service, and basic amenities perfect for cost-conscious travelers.","Restaurant, Valet Parking, Laundry Service, Room Service, Swimming Pool, Bar, WiFi, AC",2.7,1744
Grand Stays Agra 29,Agra,3.5,914,"Comfortable budget-friendly lodging in Agra. Offers clean rooms, helpful service, and basic amenities perfect for cost-conscious travelers.","Bar, 24/7 Security, AC, WiFi, Spa",5.1,1581
Saffron Stays Chalet Agra 30,Agra,4.1,3678,"Modern mid-range hotel in Agra offering excellent value, well-appointed guest rooms, great dining, and a convenient location close to key city highlights.","Laundry Service, AC, 24/7 Security, WiFi, Free Parking, Valet Parking, Gym, Spa",3.0,968
Vista Suites Agra 31,Agra,4.8,11435,"Premium luxury accommodation in Agra. Features world-class dining, customized guest services, elegant architecture, and a highly scenic environment.","Free Breakfast, Bar, Swimming Pool, Spa",0.9,191
Taj Palace Agra 32,Agra,4.0,2530,"Modern mid-range hotel in Agra offering excellent value, well-appointed guest rooms, great dining, and a convenient location close to key city highlights.","Spa, Laundry Service, Balcony Room, AC, Restaurant, Free Parking, Swimming Pool",5.0,1804
Radisson Haven Agra 33,Agra,4.6,9545,"Premium luxury accommodation in Agra. Features world-class dining, customized guest services, elegant architecture, and a highly scenic environment.","Free Parking, Restaurant, WiFi, Room Service, Bar, Gym",3.1,774
Ginger Castle Agra 34,Agra,3.5,1122,"Comfortable budget-friendly lodging in Agra. Offers clean rooms, helpful service, and basic amenities perfect for cost-conscious travelers.","Laundry Service, Gym, Free Breakfast, Valet Parking, Free Parking, Bar",0.5,925
Treebo Resort Agra 35,Agra,4.4,11837,"Premium luxury accommodation in Agra. Features world-class dining, customized guest services, elegant architecture, and a highly scenic environment.","24/7 Security, Balcony Room, Bar, Free Breakfast, Gym, Laundry Service",8.3,526
Capital O Hotel Agra 36,Agra,4.1,4976,"Modern mid-range hotel in Agra offering excellent value, well-appointed guest rooms, great dining, and a convenient location close to key city highlights.","Valet Parking, Balcony Room, Spa, Bar, Swimming Pool, 24/7 Security",1.7,687
Ritz Lodge Agra 37,Agra,4.9,17197,"Premium luxury accommodation in Agra. Features world-class dining, customized guest services, elegant architecture, and a highly scenic environment.","Balcony Room, Restaurant, AC, Free Breakfast, Free Parking, WiFi, Swimming Pool, Bar",4.7,674
Whispering Palms Manor Agra 38,Agra,4.5,7585,"Premium luxury accommodation in Agra. Features world-class dining, customized guest services, elegant architecture, and a highly scenic environment.","Free Parking, 24/7 Security, Laundry Service, Spa, Balcony Room, Restaurant, AC",3.2,341
Paradise Inn Agra 39,Agra,3.4,1613,"Comfortable budget-friendly lodging in Agra. Offers clean rooms, helpful service, and basic amenities perfect for cost-conscious travelers.","Restaurant, Laundry Service, Free Parking, Valet Parking, 24/7 Security, WiFi, Spa",0.7,468
Silver Sands Retreat Agra 40,Agra,4.3,3390,"Modern mid-range hotel in Agra offering excellent value, well-appointed guest rooms, great dining, and a convenient location close to key city highlights.","WiFi, Free Breakfast, Balcony Room, Valet Parking, Room Service, Restaurant",7.2,711
Alpine Lodge Villas Agra 41,Agra,4.1,2336,"Modern mid-range hotel in Agra offering excellent value, well-appointed guest rooms, great dining, and a convenient location close to key city highlights.","Restaurant, Spa, AC, Free Parking, Bar",4.5,665
Mayfair Stays Agra 42,Agra,3.4,1912,"Comfortable budget-friendly lodging in Agra. Offers clean rooms, helpful service, and basic amenities perfect for cost-conscious travelers.","Swimming Pool, Valet Parking, Gym, Laundry Service, Free Parking, Free Breakfast",3.6,517
Grand Chalet Agra 43,Agra,3.7,1382,"Comfortable budget-friendly lodging in Agra. Offers clean rooms, helpful service, and basic amenities perfect for cost-conscious travelers.","Swimming Pool, Restaurant, Spa, AC, Valet Parking, WiFi, 24/7 Security",0.7,735
Saffron Stays Suites Agra 44,Agra,3.3,1614,"Comfortable budget-friendly lodging in Agra. Offers clean rooms, helpful service, and basic amenities perfect for cost-conscious travelers.","Gym, Restaurant, AC, Swimming Pool, Laundry Service",5.1,1030
Vista Palace Agra 45,Agra,4.1,2773,"Modern mid-range hotel in Agra offering excellent value, well-appointed guest rooms, great dining, and a convenient location close to key city highlights.","Spa, Room Service, Balcony Room, Laundry Service, AC, Bar, Gym",6.3,1426
Taj Haven Agra 46,Agra,4.0,3174,"Modern mid-range hotel in Agra offering excellent value, well-appointed guest rooms, great dining, and a convenient location close to key city highlights.","Valet Parking, Free Parking, Swimming Pool, Free Breakfast",0.9,1821
Radisson Castle Agra 47,Agra,4.6,5790,"Premium luxury accommodation in Agra. Features world-class dining, customized guest services, elegant architecture, and a highly scenic environment.","Gym, Valet Parking, Laundry Service, Balcony Room, WiFi",4.8,775
Ginger Resort Agra 48,Agra,3.6,977,"Comfortable budget-friendly lodging in Agra. Offers clean rooms, helpful service, and basic amenities perfect for cost-conscious travelers.","Laundry Service, Restaurant, Gym, AC, Balcony Room, WiFi, Spa, Bar",0.2,1248
Treebo Hotel Agra 49,Agra,4.8,6428,"Premium luxury accommodation in Agra. Features world-class dining, customized guest services, elegant architecture, and a highly scenic environment.","Free Breakfast, Room Service, 24/7 Security, WiFi, Spa",6.5,146
Capital O Lodge Agra 50,Agra,3.1,1292,"Comfortable budget-friendly lodging in Agra. Offers clean rooms, helpful service, and basic amenities perfect for cost-conscious travelers.","Free Breakfast, Valet Parking, 24/7 Security, AC, Balcony Room, Free Parking, Room Service",4.4,1757
Ritz Manor Agra 51,Agra,3.8,3868,"Modern mid-range hotel in Agra offering excellent value, well-appointed guest rooms, great dining, and a convenient location close to key city highlights.","Restaurant, Bar, 24/7 Security, Balcony Room, Valet Parking, WiFi, Gym",2.5,1981
Whispering Palms Inn Agra 52,Agra,4.0,4512,"Modern mid-range hotel in Agra offering excellent value, well-appointed guest rooms, great dining, and a convenient location close to key city highlights.","24/7 Security, Valet Parking, Restaurant, Gym, Bar, Swimming Pool",1.1,113
Paradise Retreat Agra 53,Agra,3.3,1218,"Comfortable budget-friendly lodging in Agra. Offers clean rooms, helpful service, and basic amenities perfect for cost-conscious travelers.","Bar, Balcony Room, Gym, Valet Parking, WiFi, Room Service, Spa, Swimming Pool",6.6,396
Silver Sands Villas Agra 54,Agra,4.3,2336,"Modern mid-range hotel in Agra offering excellent value, well-appointed guest rooms, great dining, and a convenient location close to key city highlights.","Bar, Laundry Service, Valet Parking, Swimming Pool, Restaurant",9.3,1075
Alpine Lodge Stays Agra 55,Agra,3.6,858,"Comfortable budget-friendly lodging in Agra. Offers clean rooms, helpful service, and basic amenities perfect for cost-conscious travelers.","WiFi, Spa, AC, Restaurant, Balcony Room, Valet Parking, 24/7 Security",7.6,875
Mayfair Chalet Agra 56,Agra,3.0,1701,"Comfortable budget-friendly lodging in Agra. Offers clean rooms, helpful service, and basic amenities perfect for cost-conscious travelers.","Valet Parking, Swimming Pool, Bar, Laundry Service, 24/7 Security, Restaurant",3.0,1048
Grand Suites Agra 57,Agra,4.0,2643,"Modern mid-range hotel in Agra offering excellent value, well-appointed guest rooms, great dining, and a convenient location close to key city highlights.","AC, Restaurant, Room Service, Gym",7.0,532
Saffron Stays Palace Agra 58,Agra,4.3,3856,"Modern mid-range hotel in Agra offering excellent value, well-appointed guest rooms, great dining, and a convenient location close to key city highlights.","Free Breakfast, Gym, WiFi, Spa, Free Parking, Restaurant, Valet Parking, 24/7 Security",5.4,1699
Vista Haven Agra 59,Agra,4.0,2691,"Modern mid-range hotel in Agra offering excellent value, well-appointed guest rooms, great dining, and a convenient location close to key city highlights.","Spa, Laundry Service, WiFi, Balcony Room, Gym, Bar",4.9,432
Taj Castle Agra 60,Agra,3.9,2457,"Modern mid-range hotel in Agra offering excellent value, well-appointed guest rooms, great dining, and a convenient location close to key city highlights.","Bar, Room Service, Spa, 24/7 Security, Restaurant",5.1,1579
Radisson Resort Agra 61,Agra,4.1,2346,"Modern mid-range hotel in Agra offering excellent value, well-appointed guest rooms, great dining, and a convenient location close to key city highlights.","Laundry Service, Valet Parking, Free Parking, Restaurant, 24/7 Security, Bar, Swimming Pool, Gym",6.5,693
Ginger Hotel Agra 62,Agra,4.2,2275,"Modern mid-range hotel in Agra offering excellent value, well-appointed guest rooms, great dining, and a convenient location close to key city highlights.","Restaurant, Bar, AC, Laundry Service, Balcony Room, Free Parking, Valet Parking, Spa",7.3,305
Treebo Lodge Agra 63,Agra,3.5,1996,"Comfortable budget-friendly lodging in Agra. Offers clean rooms, helpful service, and basic amenities perfect for cost-conscious travelers.","WiFi, Restaurant, Swimming Pool, Bar",1.7,1797
Capital O Manor Agra 64,Agra,3.3,1877,"Comfortable budget-friendly lodging in Agra. Offers clean rooms, helpful service, and basic amenities perfect for cost-conscious travelers.","Free Breakfast, Room Service, Bar, Valet Parking, Restaurant, Balcony Room, WiFi",7.5,1038
Ritz Inn Agra 65,Agra,4.2,3999,"Modern mid-range hotel in Agra offering excellent value, well-appointed guest rooms, great dining, and a convenient location close to key city highlights.","Laundry Service, Bar, WiFi, Swimming Pool, Restaurant, AC, Free Breakfast, Valet Parking",7.1,1271
Whispering Palms Retreat Agra 66,Agra,4.4,8743,"Premium luxury accommodation in Agra. Features world-class dining, customized guest services, elegant architecture, and a highly scenic environment.","Free Breakfast, Spa, Laundry Service, Bar, WiFi, 24/7 Security, Free Parking",0.6,1425
Paradise Villas Agra 67,Agra,3.6,957,"Comfortable budget-friendly lodging in Agra. Offers clean rooms, helpful service, and basic amenities perfect for cost-conscious travelers.","Free Breakfast, Valet Parking, WiFi, Laundry Service, Balcony Room, Gym, Restaurant",6.7,877
Silver Sands Stays Agra 68,Agra,3.1,1308,"Comfortable budget-friendly lodging in Agra. Offers clean rooms, helpful service, and basic amenities perfect for cost-conscious travelers.","AC, Swimming Pool, Gym, Laundry Service",2.9,1538
Alpine Lodge Chalet Agra 69,Agra,4.0,4531,"Modern mid-range hotel in Agra offering excellent value, well-appointed guest rooms, great dining, and a convenient location close to key city highlights.","24/7 Security, Laundry Service, Valet Parking, Swimming Pool, AC",8.4,726
Mayfair Suites Agra 70,Agra,4.0,2726,"Modern mid-range hotel in Agra offering excellent value, well-appointed guest rooms, great dining, and a convenient location close to key city highlights.","Bar, Restaurant, Laundry Service, Spa, Room Service, Gym, Valet Parking",7.2,1555
Capital O Haven Varanasi 1,Varanasi,3.8,4815,"Modern mid-range hotel in Varanasi offering excellent value, well-appointed guest rooms, great dining, and a convenient location close to key city highlights.","Bar, Swimming Pool, Balcony Room, Laundry Service, WiFi, AC, Room Service, Restaurant",8.9,153
Ritz Castle Varanasi 2,Varanasi,3.7,1758,"Comfortable budget-friendly lodging in Varanasi. Offers clean rooms, helpful service, and basic amenities perfect for cost-conscious travelers.","Valet Parking, Bar, 24/7 Security, AC",6.5,175
Whispering Palms Resort Varanasi 3,Varanasi,4.7,11792,"Premium luxury accommodation in Varanasi. Features world-class dining, customized guest services, elegant architecture, and a highly scenic environment.","Free Parking, Restaurant, WiFi, Balcony Room, Gym, AC, Laundry Service, Free Breakfast",2.5,1319
Paradise Hotel Varanasi 4,Varanasi,3.0,1964,"Comfortable budget-friendly lodging in Varanasi. Offers clean rooms, helpful service, and basic amenities perfect for cost-conscious travelers.","Bar, Swimming Pool, Valet Parking, AC, 24/7 Security, Free Parking",2.2,1212
Silver Sands Lodge Varanasi 5,Varanasi,3.7,1184,"Comfortable budget-friendly lodging in Varanasi. Offers clean rooms, helpful service, and basic amenities perfect for cost-conscious travelers.","Spa, Restaurant, Bar, Swimming Pool, Room Service",1.5,818
Alpine Lodge Manor Varanasi 6,Varanasi,4.2,2275,"Modern mid-range hotel in Varanasi offering excellent value, well-appointed guest rooms, great dining, and a convenient location close to key city highlights.","Spa, Swimming Pool, Balcony Room, Laundry Service, AC, Free Breakfast, Restaurant, Room Service",8.0,1443
Mayfair Inn Varanasi 7,Varanasi,4.8,14498,"Premium luxury accommodation in Varanasi. Features world-class dining, customized guest services, elegant architecture, and a highly scenic environment.","Room Service, Restaurant, Balcony Room, Free Breakfast, Free Parking, Valet Parking, AC",7.1,184
Grand Retreat Varanasi 8,Varanasi,4.1,2919,"Modern mid-range hotel in Varanasi offering excellent value, well-appointed guest rooms, great dining, and a convenient location close to key city highlights.","Bar, Spa, Free Breakfast, Laundry Service",0.6,1461
Saffron Stays Villas Varanasi 9,Varanasi,3.4,1968,"Comfortable budget-friendly lodging in Varanasi. Offers clean rooms, helpful service, and basic amenities perfect for cost-conscious travelers.","Spa, 24/7 Security, Bar, Free Parking, Swimming Pool",4.1,282
Vista Stays Varanasi 10,Varanasi,3.5,1046,"Comfortable budget-friendly lodging in Varanasi. Offers clean rooms, helpful service, and basic amenities perfect for cost-conscious travelers.","Free Breakfast, Restaurant, AC, Free Parking, WiFi",1.1,809
Taj Chalet Varanasi 11,Varanasi,3.4,1021,"Comfortable budget-friendly lodging in Varanasi. Offers clean rooms, helpful service, and basic amenities perfect for cost-conscious travelers.","Swimming Pool, Free Parking, Room Service, AC, Gym, Free Breakfast, WiFi, Laundry Service",5.0,1376
Radisson Suites Varanasi 12,Varanasi,3.7,1595,"Comfortable budget-friendly lodging in Varanasi. Offers clean rooms, helpful service, and basic amenities perfect for cost-conscious travelers.","AC, 24/7 Security, Spa, Valet Parking",1.9,856
Ginger Palace Varanasi 13,Varanasi,3.4,1654,"Comfortable budget-friendly lodging in Varanasi. Offers clean rooms, helpful service, and basic amenities perfect for cost-conscious travelers.","Gym, Laundry Service, Valet Parking, Bar, Free Breakfast, Free Parking, 24/7 Security",3.8,1507
Treebo Haven Varanasi 14,Varanasi,3.6,1866,"Comfortable budget-friendly lodging in Varanasi. Offers clean rooms, helpful service, and basic amenities perfect for cost-conscious travelers.","24/7 Security, Swimming Pool, WiFi, Restaurant, Valet Parking, Free Parking",2.1,1534
Capital O Castle Varanasi 15,Varanasi,3.3,1216,"Comfortable budget-friendly lodging in Varanasi. Offers clean rooms, helpful service, and basic amenities perfect for cost-conscious travelers.","Gym, 24/7 Security, Spa, Restaurant",7.3,366
Ritz Resort Varanasi 16,Varanasi,4.4,9990,"Premium luxury accommodation in Varanasi. Features world-class dining, customized guest services, elegant architecture, and a highly scenic environment.","Gym, Valet Parking, Bar, Spa, Balcony Room, 24/7 Security, AC",0.9,1150
Whispering Palms Hotel Varanasi 17,Varanasi,4.0,2619,"Modern mid-range hotel in Varanasi offering excellent value, well-appointed guest rooms, great dining, and a convenient location close to key city highlights.","Gym, Room Service, WiFi, Laundry Service",8.0,1765
Paradise Lodge Varanasi 18,Varanasi,4.6,16527,"Premium luxury accommodation in Varanasi. Features world-class dining, customized guest services, elegant architecture, and a highly scenic environment.","Bar, Room Service, Laundry Service, AC, Spa, Swimming Pool, Balcony Room, 24/7 Security",8.7,1991
Silver Sands Manor Varanasi 19,Varanasi,4.3,2262,"Modern mid-range hotel in Varanasi offering excellent value, well-appointed guest rooms, great dining, and a convenient location close to key city highlights.","Swimming Pool, Laundry Service, Spa, Room Service",7.3,965
Alpine Lodge Inn Varanasi 20,Varanasi,4.0,4469,"Modern mid-range hotel in Varanasi offering excellent value, well-appointed guest rooms, great dining, and a convenient location close to key city highlights.","24/7 Security, Gym, Laundry Service, AC",4.1,815
Mayfair Retreat Varanasi 21,Varanasi,3.5,1422,"Comfortable budget-friendly lodging in Varanasi. Offers clean rooms, helpful service, and basic amenities perfect for cost-conscious travelers.","Spa, Room Service, Swimming Pool, Laundry Service, Gym, Balcony Room, AC",9.0,678
Grand Villas Varanasi 22,Varanasi,4.2,3146,"Modern mid-range hotel in Varanasi offering excellent value, well-appointed guest rooms, great dining, and a convenient location close to key city highlights.","WiFi, Gym, 24/7 Security, Laundry Service, Free Breakfast, Balcony Room",6.8,1377
Saffron Stays Stays Varanasi 23,Varanasi,4.3,3139,"Modern mid-range hotel in Varanasi offering excellent value, well-appointed guest rooms, great dining, and a convenient location close to key city highlights.","Balcony Room, Gym, Free Breakfast, Bar",2.2,1306
Vista Chalet Varanasi 24,Varanasi,4.4,15916,"Premium luxury accommodation in Varanasi. Features world-class dining, customized guest services, elegant architecture, and a highly scenic environment.","Laundry Service, Gym, Spa, Restaurant",7.1,268
Taj Suites Varanasi 25,Varanasi,4.7,12343,"Premium luxury accommodation in Varanasi. Features world-class dining, customized guest services, elegant architecture, and a highly scenic environment.","AC, Free Breakfast, Swimming Pool, Free Parking, Bar, WiFi",7.7,1706
Radisson Palace Varanasi 26,Varanasi,4.6,9088,"Premium luxury accommodation in Varanasi. Features world-class dining, customized guest services, elegant architecture, and a highly scenic environment.","Bar, AC, Room Service, Free Breakfast",5.3,944
Ginger Haven Varanasi 27,Varanasi,4.6,7061,"Premium luxury accommodation in Varanasi. Features world-class dining, customized guest services, elegant architecture, and a highly scenic environment.","Bar, Spa, Restaurant, Free Parking, Valet Parking, Room Service, Swimming Pool",4.8,337
Treebo Castle Varanasi 28,Varanasi,4.6,14820,"Premium luxury accommodation in Varanasi. Features world-class dining, customized guest services, elegant architecture, and a highly scenic environment.","Gym, Room Service, 24/7 Security, Spa, WiFi, Swimming Pool, Bar, Free Parking",2.7,966
Capital O Resort Varanasi 29,Varanasi,3.9,3694,"Modern mid-range hotel in Varanasi offering excellent value, well-appointed guest rooms, great dining, and a convenient location close to key city highlights.","Free Parking, Swimming Pool, Gym, AC, 24/7 Security, Laundry Service",8.2,912
Ritz Hotel Varanasi 30,Varanasi,3.8,3418,"Modern mid-range hotel in Varanasi offering excellent value, well-appointed guest rooms, great dining, and a convenient location close to key city highlights.","Room Service, Spa, 24/7 Security, AC, Swimming Pool",8.0,1352
Whispering Palms Lodge Varanasi 31,Varanasi,3.7,1350,"Comfortable budget-friendly lodging in Varanasi. Offers clean rooms, helpful service, and basic amenities perfect for cost-conscious travelers.","Laundry Service, WiFi, Spa, Free Parking, Restaurant, Room Service, Balcony Room, Free Breakfast",7.4,398
Paradise Manor Varanasi 32,Varanasi,4.3,3048,"Modern mid-range hotel in Varanasi offering excellent value, well-appointed guest rooms, great dining, and a convenient location close to key city highlights.","Free Breakfast, Balcony Room, AC, Valet Parking, Swimming Pool, Gym",8.7,1107
Silver Sands Inn Varanasi 33,Varanasi,4.7,10623,"Premium luxury accommodation in Varanasi. Features world-class dining, customized guest services, elegant architecture, and a highly scenic environment.","WiFi, 24/7 Security, Valet Parking, Balcony Room, Free Parking, Swimming Pool",6.7,1227
Alpine Lodge Retreat Varanasi 34,Varanasi,3.7,1619,"Comfortable budget-friendly lodging in Varanasi. Offers clean rooms, helpful service, and basic amenities perfect for cost-conscious travelers.","Room Service, Gym, Spa, 24/7 Security, Free Parking, Bar, Laundry Service",3.7,41
Mayfair Villas Varanasi 35,Varanasi,4.8,14489,"Premium luxury accommodation in Varanasi. Features world-class dining, customized guest services, elegant architecture, and a highly scenic environment.","Swimming Pool, Spa, Laundry Service, Free Breakfast, WiFi, AC",3.7,1160
Grand Stays Varanasi 36,Varanasi,4.6,15999,"Premium luxury accommodation in Varanasi. Features world-class dining, customized guest services, elegant architecture, and a highly scenic environment.","AC, WiFi, Valet Parking, Room Service, Free Breakfast",5.1,1927
Saffron Stays Chalet Varanasi 37,Varanasi,3.9,2002,"Modern mid-range hotel in Varanasi offering excellent value, well-appointed guest rooms, great dining, and a convenient location close to key city highlights.","WiFi, Gym, Laundry Service, 24/7 Security, Room Service",8.9,215
Vista Suites Varanasi 38,Varanasi,4.9,7587,"Premium luxury accommodation in Varanasi. Features world-class dining, customized guest services, elegant architecture, and a highly scenic environment.","24/7 Security, Free Parking, Balcony Room, AC",3.8,986
Taj Palace Varanasi 39,Varanasi,3.9,2900,"Modern mid-range hotel in Varanasi offering excellent value, well-appointed guest rooms, great dining, and a convenient location close to key city highlights.","Spa, WiFi, Gym, Laundry Service, Free Breakfast, Valet Parking, Restaurant",7.4,1040
Radisson Haven Varanasi 40,Varanasi,3.4,1568,"Comfortable budget-friendly lodging in Varanasi. Offers clean rooms, helpful service, and basic amenities perfect for cost-conscious travelers.","AC, Free Breakfast, WiFi, 24/7 Security, Swimming Pool, Valet Parking",3.4,1360
Ginger Castle Varanasi 41,Varanasi,4.7,13034,"Premium luxury accommodation in Varanasi. Features world-class dining, customized guest services, elegant architecture, and a highly scenic environment.","Balcony Room, Gym, Free Parking, AC, Free Breakfast, Valet Parking",0.4,543
Treebo Resort Varanasi 42,Varanasi,3.8,3845,"Modern mid-range hotel in Varanasi offering excellent value, well-appointed guest rooms, great dining, and a convenient location close to key city highlights.","Free Parking, Gym, Swimming Pool, AC, Restaurant",6.9,21
Capital O Hotel Varanasi 43,Varanasi,4.2,3399,"Modern mid-range hotel in Varanasi offering excellent value, well-appointed guest rooms, great dining, and a convenient location close to key city highlights.","AC, Room Service, Laundry Service, 24/7 Security, Free Breakfast, Gym",6.9,112
Ritz Lodge Varanasi 44,Varanasi,4.5,13478,"Premium luxury accommodation in Varanasi. Features world-class dining, customized guest services, elegant architecture, and a highly scenic environment.","AC, Room Service, Swimming Pool, WiFi, Spa, Bar, Gym, Laundry Service",1.4,1217
Whispering Palms Manor Varanasi 45,Varanasi,4.6,11920,"Premium luxury accommodation in Varanasi. Features world-class dining, customized guest services, elegant architecture, and a highly scenic environment.","Spa, Bar, Restaurant, Free Breakfast, Room Service, WiFi, Free Parking",5.4,1066
Paradise Inn Varanasi 46,Varanasi,3.1,828,"Comfortable budget-friendly lodging in Varanasi. Offers clean rooms, helpful service, and basic amenities perfect for cost-conscious travelers.","24/7 Security, Restaurant, AC, Swimming Pool",7.9,1255
Silver Sands Retreat Varanasi 47,Varanasi,4.6,17592,"Premium luxury accommodation in Varanasi. Features world-class dining, customized guest services, elegant architecture, and a highly scenic environment.","WiFi, Balcony Room, Swimming Pool, Free Parking",6.4,1988
Alpine Lodge Villas Varanasi 48,Varanasi,4.8,5572,"Premium luxury accommodation in Varanasi. Features world-class dining, customized guest services, elegant architecture, and a highly scenic environment.","Gym, Room Service, 24/7 Security, Bar, Restaurant, AC, Free Breakfast",8.7,1462
Mayfair Stays Varanasi 49,Varanasi,3.5,1432,"Comfortable budget-friendly lodging in Varanasi. Offers clean rooms, helpful service, and basic amenities perfect for cost-conscious travelers.","Restaurant, Gym, AC, Free Parking, 24/7 Security, WiFi, Balcony Room",1.1,229
Grand Chalet Varanasi 50,Varanasi,4.1,3302,"Modern mid-range hotel in Varanasi offering excellent value, well-appointed guest rooms, great dining, and a convenient location close to key city highlights.","AC, Free Breakfast, Swimming Pool, Room Service, Gym, Spa, Valet Parking, 24/7 Security",9.1,727
Saffron Stays Suites Varanasi 51,Varanasi,3.6,1909,"Comfortable budget-friendly lodging in Varanasi. Offers clean rooms, helpful service, and basic amenities perfect for cost-conscious travelers.","Laundry Service, 24/7 Security, Valet Parking, Spa, Bar, Swimming Pool",1.1,1989
Vista Palace Varanasi 52,Varanasi,4.8,15751,"Premium luxury accommodation in Varanasi. Features world-class dining, customized guest services, elegant architecture, and a highly scenic environment.","Gym, 24/7 Security, Bar, Free Parking",2.9,1541
Taj Haven Varanasi 53,Varanasi,3.0,1401,"Comfortable budget-friendly lodging in Varanasi. Offers clean rooms, helpful service, and basic amenities perfect for cost-conscious travelers.","Laundry Service, Free Parking, Restaurant, Swimming Pool, Spa",3.0,928
Radisson Castle Varanasi 54,Varanasi,4.2,4415,"Modern mid-range hotel in Varanasi offering excellent value, well-appointed guest rooms, great dining, and a convenient location close to key city highlights.","Valet Parking, Laundry Service, Gym, Spa",2.4,1120
Ginger Resort Varanasi 55,Varanasi,4.4,16130,"Premium luxury accommodation in Varanasi. Features world-class dining, customized guest services, elegant architecture, and a highly scenic environment.","Free Breakfast, AC, 24/7 Security, WiFi, Valet Parking, Spa, Bar",8.5,1725
Treebo Hotel Varanasi 56,Varanasi,3.1,1213,"Comfortable budget-friendly lodging in Varanasi. Offers clean rooms, helpful service, and basic amenities perfect for cost-conscious travelers.","WiFi, Laundry Service, Gym, Free Parking, 24/7 Security, Free Breakfast",5.3,1103
Capital O Lodge Varanasi 57,Varanasi,3.9,3188,"Modern mid-range hotel in Varanasi offering excellent value, well-appointed guest rooms, great dining, and a convenient location close to key city highlights.","WiFi, Room Service, Swimming Pool, 24/7 Security, Gym",3.9,339
Ritz Manor Varanasi 58,Varanasi,4.4,14313,"Premium luxury accommodation in Varanasi. Features world-class dining, customized guest services, elegant architecture, and a highly scenic environment.","Laundry Service, Free Parking, Balcony Room, Free Breakfast, WiFi",1.8,1550
Whispering Palms Inn Varanasi 59,Varanasi,3.8,4088,"Modern mid-range hotel in Varanasi offering excellent value, well-appointed guest rooms, great dining, and a convenient location close to key city highlights.","WiFi, Free Breakfast, Swimming Pool, Bar, Restaurant",5.4,1138
Paradise Retreat Varanasi 60,Varanasi,3.7,1255,"Comfortable budget-friendly lodging in Varanasi. Offers clean rooms, helpful service, and basic amenities perfect for cost-conscious travelers.","Balcony Room, Swimming Pool, 24/7 Security, Free Breakfast, Room Service",4.0,708
Silver Sands Villas Varanasi 61,Varanasi,3.9,3839,"Modern mid-range hotel in Varanasi offering excellent value, well-appointed guest rooms, great dining, and a convenient location close to key city highlights.","Balcony Room, Free Breakfast, 24/7 Security, Swimming Pool, Free Parking, Spa, Room Service",7.3,1801
Alpine Lodge Stays Varanasi 62,Varanasi,3.5,1119,"Comfortable budget-friendly lodging in Varanasi. Offers clean rooms, helpful service, and basic amenities perfect for cost-conscious travelers.","Free Breakfast, Bar, Balcony Room, Restaurant, WiFi, 24/7 Security, Spa, Swimming Pool",6.5,36
Mayfair Chalet Varanasi 63,Varanasi,3.4,826,"Comfortable budget-friendly lodging in Varanasi. Offers clean rooms, helpful service, and basic amenities perfect for cost-conscious travelers.","Free Breakfast, Balcony Room, Room Service, 24/7 Security, Swimming Pool, Spa, Restaurant",7.2,976
Grand Suites Varanasi 64,Varanasi,4.3,2716,"Modern mid-range hotel in Varanasi offering excellent value, well-appointed guest rooms, great dining, and a convenient location close to key city highlights.","Bar, Balcony Room, Free Breakfast, Swimming Pool, Gym, AC, Restaurant",5.5,858
Saffron Stays Palace Varanasi 65,Varanasi,4.0,3059,"Modern mid-range hotel in Varanasi offering excellent value, well-appointed guest rooms, great dining, and a convenient location close to key city highlights.","Swimming Pool, Valet Parking, 24/7 Security, Restaurant, Bar, Gym",4.4,1577
Vista Haven Varanasi 66,Varanasi,3.4,1708,"Comfortable budget-friendly lodging in Varanasi. Offers clean rooms, helpful service, and basic amenities perfect for cost-conscious travelers.","24/7 Security, Restaurant, Laundry Service, Room Service, Valet Parking, Spa",9.3,671
Taj Castle Varanasi 67,Varanasi,3.3,1658,"Comfortable budget-friendly lodging in Varanasi. Offers clean rooms, helpful service, and basic amenities perfect for cost-conscious travelers.","Free Parking, WiFi, Valet Parking, Swimming Pool, Room Service, Bar, Laundry Service, AC",8.8,1687
Radisson Resort Varanasi 68,Varanasi,3.2,1686,"Comfortable budget-friendly lodging in Varanasi. Offers clean rooms, helpful service, and basic amenities perfect for cost-conscious travelers.","Gym, 24/7 Security, Balcony Room, Room Service, Bar, Swimming Pool, Free Parking",4.4,597
Ginger Hotel Varanasi 69,Varanasi,4.5,13100,"Premium luxury accommodation in Varanasi. Features world-class dining, customized guest services, elegant architecture, and a highly scenic environment.","Laundry Service, Bar, WiFi, Balcony Room",4.0,1782
Treebo Lodge Varanasi 70,Varanasi,4.7,13717,"Premium luxury accommodation in Varanasi. Features world-class dining, customized guest services, elegant architecture, and a highly scenic environment.","Free Parking, Room Service, Gym, 24/7 Security",7.0,148
Grand Inn Lucknow 1,Lucknow,4.7,8659,"Premium luxury accommodation in Lucknow. Features world-class dining, customized guest services, elegant architecture, and a highly scenic environment.","AC, Bar, Valet Parking, WiFi, Spa, Free Breakfast",3.1,1961
Saffron Stays Retreat Lucknow 2,Lucknow,3.9,3018,"Modern mid-range hotel in Lucknow offering excellent value, well-appointed guest rooms, great dining, and a convenient location close to key city highlights.","Valet Parking, Balcony Room, Bar, AC, Gym, Free Parking",8.1,1602
Vista Villas Lucknow 3,Lucknow,4.1,2617,"Modern mid-range hotel in Lucknow offering excellent value, well-appointed guest rooms, great dining, and a convenient location close to key city highlights.","Restaurant, Free Parking, Bar, Spa, Balcony Room",7.3,935
Taj Stays Lucknow 4,Lucknow,3.1,957,"Comfortable budget-friendly lodging in Lucknow. Offers clean rooms, helpful service, and basic amenities perfect for cost-conscious travelers.","Balcony Room, Bar, Valet Parking, Free Breakfast, Room Service, Spa",3.9,1106
Radisson Chalet Lucknow 5,Lucknow,4.1,4620,"Modern mid-range hotel in Lucknow offering excellent value, well-appointed guest rooms, great dining, and a convenient location close to key city highlights.","24/7 Security, Spa, Restaurant, Laundry Service, Balcony Room",4.5,783
Ginger Suites Lucknow 6,Lucknow,3.2,1875,"Comfortable budget-friendly lodging in Lucknow. Offers clean rooms, helpful service, and basic amenities perfect for cost-conscious travelers.","24/7 Security, Spa, Valet Parking, Room Service, AC, Free Breakfast, Restaurant",4.6,1491
Treebo Palace Lucknow 7,Lucknow,4.6,8532,"Premium luxury accommodation in Lucknow. Features world-class dining, customized guest services, elegant architecture, and a highly scenic environment.","WiFi, Gym, Laundry Service, Room Service, Bar, Restaurant, Free Breakfast",5.4,919
Capital O Haven Lucknow 8,Lucknow,4.5,16387,"Premium luxury accommodation in Lucknow. Features world-class dining, customized guest services, elegant architecture, and a highly scenic environment.","AC, Room Service, Swimming Pool, Free Parking, Gym",8.7,1641
Ritz Castle Lucknow 9,Lucknow,4.2,2732,"Modern mid-range hotel in Lucknow offering excellent value, well-appointed guest rooms, great dining, and a convenient location close to key city highlights.","Restaurant, Swimming Pool, Valet Parking, Spa, Gym, Laundry Service, WiFi, AC",8.9,1761
Whispering Palms Resort Lucknow 10,Lucknow,3.8,3427,"Modern mid-range hotel in Lucknow offering excellent value, well-appointed guest rooms, great dining, and a convenient location close to key city highlights.","Laundry Service, Free Parking, Restaurant, Swimming Pool, Room Service",3.5,709
Paradise Hotel Lucknow 11,Lucknow,3.7,931,"Comfortable budget-friendly lodging in Lucknow. Offers clean rooms, helpful service, and basic amenities perfect for cost-conscious travelers.","Free Parking, Spa, Bar, Room Service, Laundry Service, Gym, Swimming Pool, 24/7 Security",7.3,114
Silver Sands Lodge Lucknow 12,Lucknow,4.8,10687,"Premium luxury accommodation in Lucknow. Features world-class dining, customized guest services, elegant architecture, and a highly scenic environment.","Gym, WiFi, Balcony Room, Spa, Room Service, Laundry Service, AC",4.6,678
Alpine Lodge Manor Lucknow 13,Lucknow,4.3,4508,"Modern mid-range hotel in Lucknow offering excellent value, well-appointed guest rooms, great dining, and a convenient location close to key city highlights.","Restaurant, Free Breakfast, Free Parking, Room Service",9.0,747
Mayfair Inn Lucknow 14,Lucknow,3.9,3747,"Modern mid-range hotel in Lucknow offering excellent value, well-appointed guest rooms, great dining, and a convenient location close to key city highlights.","Free Parking, Valet Parking, AC, Laundry Service, Spa, Swimming Pool, Gym, Room Service",7.4,1635
Grand Retreat Lucknow 15,Lucknow,3.7,1874,"Comfortable budget-friendly lodging in Lucknow. Offers clean rooms, helpful service, and basic amenities perfect for cost-conscious travelers.","Spa, Room Service, AC, 24/7 Security, Bar, Valet Parking, Restaurant",9.1,440
Saffron Stays Villas Lucknow 16,Lucknow,3.6,1591,"Comfortable budget-friendly lodging in Lucknow. Offers clean rooms, helpful service, and basic amenities perfect for cost-conscious travelers.","Laundry Service, Balcony Room, Room Service, Valet Parking",1.7,51
Vista Stays Lucknow 17,Lucknow,4.2,3480,"Modern mid-range hotel in Lucknow offering excellent value, well-appointed guest rooms, great dining, and a convenient location close to key city highlights.","Free Breakfast, Spa, Room Service, Free Parking, Restaurant, AC, Balcony Room, Bar",2.1,438
Taj Chalet Lucknow 18,Lucknow,3.2,1214,"Comfortable budget-friendly lodging in Lucknow. Offers clean rooms, helpful service, and basic amenities perfect for cost-conscious travelers.","WiFi, Room Service, Restaurant, AC, Balcony Room",1.1,332
Radisson Suites Lucknow 19,Lucknow,4.5,7494,"Premium luxury accommodation in Lucknow. Features world-class dining, customized guest services, elegant architecture, and a highly scenic environment.","24/7 Security, WiFi, Gym, Valet Parking, AC, Restaurant, Balcony Room, Room Service",7.9,591
Ginger Palace Lucknow 20,Lucknow,4.6,15936,"Premium luxury accommodation in Lucknow. Features world-class dining, customized guest services, elegant architecture, and a highly scenic environment.","Restaurant, Free Parking, Swimming Pool, Laundry Service, Valet Parking, AC, Gym",2.5,1345
Treebo Haven Lucknow 21,Lucknow,4.4,16138,"Premium luxury accommodation in Lucknow. Features world-class dining, customized guest services, elegant architecture, and a highly scenic environment.","Gym, Swimming Pool, WiFi, 24/7 Security",3.7,491
Capital O Castle Lucknow 22,Lucknow,4.5,12070,"Premium luxury accommodation in Lucknow. Features world-class dining, customized guest services, elegant architecture, and a highly scenic environment.","24/7 Security, Spa, Room Service, Restaurant, Bar",8.0,636
Ritz Resort Lucknow 23,Lucknow,3.1,805,"Comfortable budget-friendly lodging in Lucknow. Offers clean rooms, helpful service, and basic amenities perfect for cost-conscious travelers.","Laundry Service, Bar, Free Breakfast, Free Parking, AC, Spa, Room Service, Restaurant",3.4,1574
Whispering Palms Hotel Lucknow 24,Lucknow,4.7,15385,"Premium luxury accommodation in Lucknow. Features world-class dining, customized guest services, elegant architecture, and a highly scenic environment.","Room Service, Restaurant, Balcony Room, AC",0.9,793
Paradise Lodge Lucknow 25,Lucknow,4.5,17683,"Premium luxury accommodation in Lucknow. Features world-class dining, customized guest services, elegant architecture, and a highly scenic environment.","Valet Parking, WiFi, Balcony Room, Laundry Service, 24/7 Security, Spa, AC",8.5,616
Silver Sands Manor Lucknow 26,Lucknow,3.8,2072,"Modern mid-range hotel in Lucknow offering excellent value, well-appointed guest rooms, great dining, and a convenient location close to key city highlights.","Free Breakfast, Restaurant, Free Parking, Laundry Service",3.3,1056
Alpine Lodge Inn Lucknow 27,Lucknow,4.7,15227,"Premium luxury accommodation in Lucknow. Features world-class dining, customized guest services, elegant architecture, and a highly scenic environment.","Balcony Room, Valet Parking, AC, Spa",8.6,578
Mayfair Retreat Lucknow 28,Lucknow,3.1,848,"Comfortable budget-friendly lodging in Lucknow. Offers clean rooms, helpful service, and basic amenities perfect for cost-conscious travelers.","AC, Laundry Service, Free Breakfast, Room Service, 24/7 Security, Restaurant, Bar",9.4,1799
Grand Villas Lucknow 29,Lucknow,4.9,7416,"Premium luxury accommodation in Lucknow. Features world-class dining, customized guest services, elegant architecture, and a highly scenic environment.","AC, Bar, WiFi, Spa",8.7,570
Saffron Stays Stays Lucknow 30,Lucknow,3.3,1233,"Comfortable budget-friendly lodging in Lucknow. Offers clean rooms, helpful service, and basic amenities perfect for cost-conscious travelers.","Free Parking, Gym, Bar, Restaurant, Laundry Service, WiFi, Free Breakfast, Room Service",7.6,1325
Vista Chalet Lucknow 31,Lucknow,4.9,16256,"Premium luxury accommodation in Lucknow. Features world-class dining, customized guest services, elegant architecture, and a highly scenic environment.","24/7 Security, Spa, Free Parking, Room Service, Bar, WiFi, Balcony Room",2.4,1359
Taj Suites Lucknow 32,Lucknow,3.1,1508,"Comfortable budget-friendly lodging in Lucknow. Offers clean rooms, helpful service, and basic amenities perfect for cost-conscious travelers.","Balcony Room, AC, 24/7 Security, Free Breakfast",1.0,1117
Radisson Palace Lucknow 33,Lucknow,3.7,1255,"Comfortable budget-friendly lodging in Lucknow. Offers clean rooms, helpful service, and basic amenities perfect for cost-conscious travelers.","24/7 Security, Swimming Pool, Free Breakfast, Balcony Room, Restaurant",4.4,1567
Ginger Haven Lucknow 34,Lucknow,3.6,1323,"Comfortable budget-friendly lodging in Lucknow. Offers clean rooms, helpful service, and basic amenities perfect for cost-conscious travelers.","Spa, Free Parking, Room Service, Balcony Room",2.9,1563
Treebo Castle Lucknow 35,Lucknow,4.2,2641,"Modern mid-range hotel in Lucknow offering excellent value, well-appointed guest rooms, great dining, and a convenient location close to key city highlights.","Balcony Room, 24/7 Security, Spa, Room Service",9.1,1854
Capital O Resort Lucknow 36,Lucknow,4.1,3460,"Modern mid-range hotel in Lucknow offering excellent value, well-appointed guest rooms, great dining, and a convenient location close to key city highlights.","WiFi, Room Service, Free Parking, Laundry Service, Bar",1.4,1740
Ritz Hotel Lucknow 37,Lucknow,3.9,3607,"Modern mid-range hotel in Lucknow offering excellent value, well-appointed guest rooms, great dining, and a convenient location close to key city highlights.","WiFi, Swimming Pool, Spa, AC, Free Parking, Laundry Service, Valet Parking, Free Breakfast",9.2,1752
Whispering Palms Lodge Lucknow 38,Lucknow,3.7,916,"Comfortable budget-friendly lodging in Lucknow. Offers clean rooms, helpful service, and basic amenities perfect for cost-conscious travelers.","Valet Parking, Gym, Balcony Room, Spa, Restaurant, Swimming Pool, 24/7 Security",8.4,614
Paradise Manor Lucknow 39,Lucknow,3.5,1305,"Comfortable budget-friendly lodging in Lucknow. Offers clean rooms, helpful service, and basic amenities perfect for cost-conscious travelers.","Bar, WiFi, Valet Parking, Spa, Free Breakfast",2.5,823
Silver Sands Inn Lucknow 40,Lucknow,4.6,17915,"Premium luxury accommodation in Lucknow. Features world-class dining, customized guest services, elegant architecture, and a highly scenic environment.","Room Service, Gym, Balcony Room, Restaurant, Laundry Service",0.5,1878
Alpine Lodge Retreat Lucknow 41,Lucknow,4.9,16127,"Premium luxury accommodation in Lucknow. Features world-class dining, customized guest services, elegant architecture, and a highly scenic environment.","Free Breakfast, Laundry Service, AC, Bar, Restaurant",2.1,1206
Mayfair Villas Lucknow 42,Lucknow,4.2,2632,"Modern mid-range hotel in Lucknow offering excellent value, well-appointed guest rooms, great dining, and a convenient location close to key city highlights.","24/7 Security, Bar, Valet Parking, Room Service, WiFi, Gym, Laundry Service, Free Parking",5.0,1321
Grand Stays Lucknow 43,Lucknow,3.5,996,"Comfortable budget-friendly lodging in Lucknow. Offers clean rooms, helpful service, and basic amenities perfect for cost-conscious travelers.","Room Service, AC, Laundry Service, Gym, Spa, WiFi",4.9,1673
Saffron Stays Chalet Lucknow 44,Lucknow,3.0,917,"Comfortable budget-friendly lodging in Lucknow. Offers clean rooms, helpful service, and basic amenities perfect for cost-conscious travelers.","Laundry Service, Room Service, Free Breakfast, Balcony Room, Swimming Pool, Bar",5.6,1722
Vista Suites Lucknow 45,Lucknow,3.6,1940,"Comfortable budget-friendly lodging in Lucknow. Offers clean rooms, helpful service, and basic amenities perfect for cost-conscious travelers.","Gym, Free Breakfast, 24/7 Security, Spa, Swimming Pool",0.7,116
Taj Palace Lucknow 46,Lucknow,4.0,3183,"Modern mid-range hotel in Lucknow offering excellent value, well-appointed guest rooms, great dining, and a convenient location close to key city highlights.","Free Breakfast, Free Parking, Valet Parking, Gym, 24/7 Security, Swimming Pool",6.6,975
Radisson Haven Lucknow 47,Lucknow,3.2,1314,"Comfortable budget-friendly lodging in Lucknow. Offers clean rooms, helpful service, and basic amenities perfect for cost-conscious travelers.","WiFi, Gym, Valet Parking, Restaurant",3.5,1091
Ginger Castle Lucknow 48,Lucknow,4.4,13259,"Premium luxury accommodation in Lucknow. Features world-class dining, customized guest services, elegant architecture, and a highly scenic environment.","Room Service, AC, Bar, Laundry Service, Free Breakfast, Gym",4.6,1608
Treebo Resort Lucknow 49,Lucknow,3.6,1574,"Comfortable budget-friendly lodging in Lucknow. Offers clean rooms, helpful service, and basic amenities perfect for cost-conscious travelers.","AC, WiFi, Free Breakfast, Spa, Gym, Balcony Room, Room Service",7.0,1581
Capital O Hotel Lucknow 50,Lucknow,3.6,1762,"Comfortable budget-friendly lodging in Lucknow. Offers clean rooms, helpful service, and basic amenities perfect for cost-conscious travelers.","Swimming Pool, Spa, WiFi, Room Service, Balcony Room, Laundry Service",0.1,903
Ritz Lodge Lucknow 51,Lucknow,4.0,2863,"Modern mid-range hotel in Lucknow offering excellent value, well-appointed guest rooms, great dining, and a convenient location close to key city highlights.","Laundry Service, Spa, Bar, 24/7 Security, Room Service, Restaurant, WiFi, Balcony Room",2.1,515
Whispering Palms Manor Lucknow 52,Lucknow,4.5,6916,"Premium luxury accommodation in Lucknow. Features world-class dining, customized guest services, elegant architecture, and a highly scenic environment.","WiFi, Spa, AC, Free Parking, Bar, Free Breakfast, Room Service",3.6,1422
Paradise Inn Lucknow 53,Lucknow,4.8,11860,"Premium luxury accommodation in Lucknow. Features world-class dining, customized guest services, elegant architecture, and a highly scenic environment.","Restaurant, Room Service, WiFi, Gym, Swimming Pool, AC, Laundry Service, Free Breakfast",4.5,152
Silver Sands Retreat Lucknow 54,Lucknow,3.9,2612,"Modern mid-range hotel in Lucknow offering excellent value, well-appointed guest rooms, great dining, and a convenient location close to key city highlights.","Balcony Room, Laundry Service, Room Service, Swimming Pool, Gym, Bar",2.4,799
Alpine Lodge Villas Lucknow 55,Lucknow,4.8,7567,"Premium luxury accommodation in Lucknow. Features world-class dining, customized guest services, elegant architecture, and a highly scenic environment.","Balcony Room, Room Service, Gym, Free Parking, Valet Parking, WiFi, Laundry Service, Restaurant",7.3,742
Mayfair Stays Lucknow 56,Lucknow,3.5,1550,"Comfortable budget-friendly lodging in Lucknow. Offers clean rooms, helpful service, and basic amenities perfect for cost-conscious travelers.","Valet Parking, Balcony Room, AC, WiFi, Room Service",6.2,718
Grand Chalet Lucknow 57,Lucknow,3.4,1944,"Comfortable budget-friendly lodging in Lucknow. Offers clean rooms, helpful service, and basic amenities perfect for cost-conscious travelers.","Gym, Restaurant, Valet Parking, WiFi, Swimming Pool, Free Parking, 24/7 Security",5.9,1243
Saffron Stays Suites Lucknow 58,Lucknow,4.0,4948,"Modern mid-range hotel in Lucknow offering excellent value, well-appointed guest rooms, great dining, and a convenient location close to key city highlights.","Free Breakfast, Bar, Restaurant, Balcony Room, Gym, Laundry Service",8.1,85
Vista Palace Lucknow 59,Lucknow,3.6,881,"Comfortable budget-friendly lodging in Lucknow. Offers clean rooms, helpful service, and basic amenities perfect for cost-conscious travelers.","AC, Free Breakfast, Room Service, Swimming Pool, Free Parking, Restaurant, Bar, Balcony Room",7.5,1771
Taj Haven Lucknow 60,Lucknow,3.7,1781,"Comfortable budget-friendly lodging in Lucknow. Offers clean rooms, helpful service, and basic amenities perfect for cost-conscious travelers.","Gym, Free Parking, AC, Swimming Pool, WiFi, Balcony Room, Restaurant",0.3,972
Radisson Castle Lucknow 61,Lucknow,3.4,1622,"Comfortable budget-friendly lodging in Lucknow. Offers clean rooms, helpful service, and basic amenities perfect for cost-conscious travelers.","Balcony Room, Valet Parking, Free Parking, Swimming Pool, WiFi, Room Service, 24/7 Security, Spa",7.7,1455
Ginger Resort Lucknow 62,Lucknow,4.3,3285,"Modern mid-range hotel in Lucknow offering excellent value, well-appointed guest rooms, great dining, and a convenient location close to key city highlights.","Free Parking, Laundry Service, Restaurant, Gym, WiFi, Free Breakfast, Spa",7.7,1848
Treebo Hotel Lucknow 63,Lucknow,4.4,15817,"Premium luxury accommodation in Lucknow. Features world-class dining, customized guest services, elegant architecture, and a highly scenic environment.","Free Breakfast, Laundry Service, Balcony Room, Swimming Pool, AC, 24/7 Security, Free Parking, Spa",4.9,380
Capital O Lodge Lucknow 64,Lucknow,3.5,1306,"Comfortable budget-friendly lodging in Lucknow. Offers clean rooms, helpful service, and basic amenities perfect for cost-conscious travelers.","24/7 Security, Swimming Pool, Balcony Room, WiFi, Restaurant, Room Service",8.2,910
Ritz Manor Lucknow 65,Lucknow,5.0,16696,"Premium luxury accommodation in Lucknow. Features world-class dining, customized guest services, elegant architecture, and a highly scenic environment.","Free Breakfast, Swimming Pool, Spa, AC, Bar, Balcony Room, Valet Parking",5.3,146
Whispering Palms Inn Lucknow 66,Lucknow,4.1,2588,"Modern mid-range hotel in Lucknow offering excellent value, well-appointed guest rooms, great dining, and a convenient location close to key city highlights.","Balcony Room, Swimming Pool, Spa, Free Breakfast, Room Service, Free Parking, Bar, Laundry Service",1.6,1192
Paradise Retreat Lucknow 67,Lucknow,4.9,14543,"Premium luxury accommodation in Lucknow. Features world-class dining, customized guest services, elegant architecture, and a highly scenic environment.","Free Parking, AC, WiFi, Laundry Service",5.1,214
Silver Sands Villas Lucknow 68,Lucknow,4.4,10696,"Premium luxury accommodation in Lucknow. Features world-class dining, customized guest services, elegant architecture, and a highly scenic environment.","24/7 Security, Bar, Balcony Room, Gym, Free Breakfast, Laundry Service, WiFi, Valet Parking",7.6,449
Alpine Lodge Stays Lucknow 69,Lucknow,3.9,3705,"Modern mid-range hotel in Lucknow offering excellent value, well-appointed guest rooms, great dining, and a convenient location close to key city highlights.","Swimming Pool, Room Service, Bar, Valet Parking, Free Parking",3.9,1021
Mayfair Chalet Lucknow 70,Lucknow,3.0,1052,"Comfortable budget-friendly lodging in Lucknow. Offers clean rooms, helpful service, and basic amenities perfect for cost-conscious travelers.","24/7 Security, Free Parking, Restaurant, Valet Parking, Room Service, Swimming Pool, Laundry Service",7.1,14
Capital O Palace Srinagar 1,Srinagar,3.0,1356,"Comfortable budget-friendly lodging in Srinagar. Offers clean rooms, helpful service, and basic amenities perfect for cost-conscious travelers.","24/7 Security, Free Breakfast, Bar, AC",0.5,498
Ritz Haven Srinagar 2,Srinagar,4.5,7015,"Premium luxury accommodation in Srinagar. Features world-class dining, customized guest services, elegant architecture, and a highly scenic environment.","Valet Parking, AC, Restaurant, WiFi",4.3,1253
Whispering Palms Castle Srinagar 3,Srinagar,4.0,4393,"Modern mid-range hotel in Srinagar offering excellent value, well-appointed guest rooms, great dining, and a convenient location close to key city highlights.","Room Service, Valet Parking, Spa, 24/7 Security, Balcony Room, Free Parking, Bar",7.1,635
Paradise Resort Srinagar 4,Srinagar,3.3,1222,"Comfortable budget-friendly lodging in Srinagar. Offers clean rooms, helpful service, and basic amenities perfect for cost-conscious travelers.","Restaurant, Free Parking, Valet Parking, Free Breakfast, 24/7 Security, Spa",8.5,777
Silver Sands Hotel Srinagar 5,Srinagar,3.2,1783,"Comfortable budget-friendly lodging in Srinagar. Offers clean rooms, helpful service, and basic amenities perfect for cost-conscious travelers.","24/7 Security, AC, Balcony Room, Laundry Service, Bar",9.4,922
Alpine Lodge Lodge Srinagar 6,Srinagar,4.5,11000,"Premium luxury accommodation in Srinagar. Features world-class dining, customized guest services, elegant architecture, and a highly scenic environment.","Balcony Room, Free Breakfast, Room Service, Laundry Service, Gym, 24/7 Security, Swimming Pool, WiFi",8.0,670
Mayfair Manor Srinagar 7,Srinagar,3.4,1092,"Comfortable budget-friendly lodging in Srinagar. Offers clean rooms, helpful service, and basic amenities perfect for cost-conscious travelers.","Laundry Service, Valet Parking, Free Parking, WiFi, AC, Free Breakfast",4.4,1153
Grand Inn Srinagar 8,Srinagar,3.6,1621,"Comfortable budget-friendly lodging in Srinagar. Offers clean rooms, helpful service, and basic amenities perfect for cost-conscious travelers.","24/7 Security, Laundry Service, Swimming Pool, Free Breakfast",2.8,469
Saffron Stays Retreat Srinagar 9,Srinagar,4.4,9213,"Premium luxury accommodation in Srinagar. Features world-class dining, customized guest services, elegant architecture, and a highly scenic environment.","Spa, Bar, AC, WiFi",0.5,257
Vista Villas Srinagar 10,Srinagar,3.4,1003,"Comfortable budget-friendly lodging in Srinagar. Offers clean rooms, helpful service, and basic amenities perfect for cost-conscious travelers.","Laundry Service, AC, Free Breakfast, Valet Parking, Bar, Spa, Balcony Room",7.4,11
Taj Stays Srinagar 11,Srinagar,3.9,2637,"Modern mid-range hotel in Srinagar offering excellent value, well-appointed guest rooms, great dining, and a convenient location close to key city highlights.","Free Parking, Valet Parking, 24/7 Security, Free Breakfast, Swimming Pool, Laundry Service, AC",2.1,1970
Radisson Chalet Srinagar 12,Srinagar,3.7,1640,"Comfortable budget-friendly lodging in Srinagar. Offers clean rooms, helpful service, and basic amenities perfect for cost-conscious travelers.","Spa, Valet Parking, Free Breakfast, Balcony Room, Free Parking, WiFi",6.6,441
Ginger Suites Srinagar 13,Srinagar,4.0,4576,"Modern mid-range hotel in Srinagar offering excellent value, well-appointed guest rooms, great dining, and a convenient location close to key city highlights.","Free Breakfast, Valet Parking, AC, Balcony Room",3.8,1920
Treebo Palace Srinagar 14,Srinagar,4.7,12182,"Premium luxury accommodation in Srinagar. Features world-class dining, customized guest services, elegant architecture, and a highly scenic environment.","Spa, Valet Parking, Bar, Restaurant",2.4,157
Capital O Haven Srinagar 15,Srinagar,3.8,2950,"Modern mid-range hotel in Srinagar offering excellent value, well-appointed guest rooms, great dining, and a convenient location close to key city highlights.","Swimming Pool, Bar, Room Service, Restaurant, AC, Laundry Service, Free Breakfast, Balcony Room",3.3,120
Ritz Castle Srinagar 16,Srinagar,4.7,11290,"Premium luxury accommodation in Srinagar. Features world-class dining, customized guest services, elegant architecture, and a highly scenic environment.","Room Service, Spa, Laundry Service, WiFi, Gym, AC, Valet Parking",3.8,1869
Whispering Palms Resort Srinagar 17,Srinagar,3.2,1518,"Comfortable budget-friendly lodging in Srinagar. Offers clean rooms, helpful service, and basic amenities perfect for cost-conscious travelers.","Laundry Service, Spa, AC, Swimming Pool",2.3,70
Paradise Hotel Srinagar 18,Srinagar,4.4,12721,"Premium luxury accommodation in Srinagar. Features world-class dining, customized guest services, elegant architecture, and a highly scenic environment.","Swimming Pool, Spa, 24/7 Security, Laundry Service, WiFi",7.8,1468
Silver Sands Lodge Srinagar 19,Srinagar,3.9,3798,"Modern mid-range hotel in Srinagar offering excellent value, well-appointed guest rooms, great dining, and a convenient location close to key city highlights.","AC, Bar, Restaurant, Laundry Service, WiFi, 24/7 Security, Gym",7.0,376
Alpine Lodge Manor Srinagar 20,Srinagar,3.6,1033,"Comfortable budget-friendly lodging in Srinagar. Offers clean rooms, helpful service, and basic amenities perfect for cost-conscious travelers.","Free Parking, Restaurant, Gym, Bar, Valet Parking, Spa, AC",8.7,965
Mayfair Inn Srinagar 21,Srinagar,4.1,2049,"Modern mid-range hotel in Srinagar offering excellent value, well-appointed guest rooms, great dining, and a convenient location close to key city highlights.","Room Service, Swimming Pool, Gym, Balcony Room, WiFi, Bar",4.4,392
Grand Retreat Srinagar 22,Srinagar,3.2,1574,"Comfortable budget-friendly lodging in Srinagar. Offers clean rooms, helpful service, and basic amenities perfect for cost-conscious travelers.","Balcony Room, Room Service, Laundry Service, 24/7 Security, AC, Restaurant, Bar",3.2,772
Saffron Stays Villas Srinagar 23,Srinagar,3.3,1025,"Comfortable budget-friendly lodging in Srinagar. Offers clean rooms, helpful service, and basic amenities perfect for cost-conscious travelers.","Swimming Pool, WiFi, Free Breakfast, 24/7 Security, Bar, Free Parking",9.3,27
Vista Stays Srinagar 24,Srinagar,3.7,1120,"Comfortable budget-friendly lodging in Srinagar. Offers clean rooms, helpful service, and basic amenities perfect for cost-conscious travelers.","Bar, WiFi, Room Service, AC, Valet Parking, Free Breakfast, Restaurant, Spa",1.0,1591
Taj Chalet Srinagar 25,Srinagar,3.4,1993,"Comfortable budget-friendly lodging in Srinagar. Offers clean rooms, helpful service, and basic amenities perfect for cost-conscious travelers.","Free Parking, AC, Laundry Service, Spa, Bar, Room Service, 24/7 Security, Restaurant",1.5,827
Radisson Suites Srinagar 26,Srinagar,3.5,1682,"Comfortable budget-friendly lodging in Srinagar. Offers clean rooms, helpful service, and basic amenities perfect for cost-conscious travelers.","WiFi, AC, Laundry Service, Spa",3.2,718
Ginger Palace Srinagar 27,Srinagar,3.1,978,"Comfortable budget-friendly lodging in Srinagar. Offers clean rooms, helpful service, and basic amenities perfect for cost-conscious travelers.","24/7 Security, Balcony Room, Free Parking, Free Breakfast, Bar, Swimming Pool, Gym",4.6,1076
Treebo Haven Srinagar 28,Srinagar,3.5,1485,"Comfortable budget-friendly lodging in Srinagar. Offers clean rooms, helpful service, and basic amenities perfect for cost-conscious travelers.","Swimming Pool, Spa, Free Breakfast, Gym, Restaurant",7.3,524
Capital O Castle Srinagar 29,Srinagar,4.6,10476,"Premium luxury accommodation in Srinagar. Features world-class dining, customized guest services, elegant architecture, and a highly scenic environment.","Laundry Service, WiFi, Balcony Room, Swimming Pool, Free Parking, Free Breakfast, AC, Bar",1.6,414
Ritz Resort Srinagar 30,Srinagar,4.9,11830,"Premium luxury accommodation in Srinagar. Features world-class dining, customized guest services, elegant architecture, and a highly scenic environment.","AC, Restaurant, Laundry Service, Balcony Room",0.8,314
Whispering Palms Hotel Srinagar 31,Srinagar,4.9,12070,"Premium luxury accommodation in Srinagar. Features world-class dining, customized guest services, elegant architecture, and a highly scenic environment.","Gym, Spa, 24/7 Security, Valet Parking, Restaurant, Free Breakfast",0.5,1395
Paradise Lodge Srinagar 32,Srinagar,4.0,2009,"Modern mid-range hotel in Srinagar offering excellent value, well-appointed guest rooms, great dining, and a convenient location close to key city highlights.","Restaurant, Room Service, Valet Parking, Swimming Pool",1.7,1485
Silver Sands Manor Srinagar 33,Srinagar,3.9,4520,"Modern mid-range hotel in Srinagar offering excellent value, well-appointed guest rooms, great dining, and a convenient location close to key city highlights.","Room Service, Restaurant, WiFi, Balcony Room, Free Parking, 24/7 Security, Gym, Free Breakfast",7.3,1952
Alpine Lodge Inn Srinagar 34,Srinagar,3.6,1044,"Comfortable budget-friendly lodging in Srinagar. Offers clean rooms, helpful service, and basic amenities perfect for cost-conscious travelers.","AC, Room Service, Swimming Pool, Free Breakfast, Free Parking",2.4,1500
Mayfair Retreat Srinagar 35,Srinagar,3.0,837,"Comfortable budget-friendly lodging in Srinagar. Offers clean rooms, helpful service, and basic amenities perfect for cost-conscious travelers.","Room Service, Balcony Room, Free Parking, Valet Parking, WiFi, Bar",8.1,1871
Grand Villas Srinagar 36,Srinagar,5.0,5684,"Premium luxury accommodation in Srinagar. Features world-class dining, customized guest services, elegant architecture, and a highly scenic environment.","Swimming Pool, Restaurant, WiFi, Gym, Laundry Service, 24/7 Security, Valet Parking, Spa",9.4,1142
Saffron Stays Stays Srinagar 37,Srinagar,4.7,6840,"Premium luxury accommodation in Srinagar. Features world-class dining, customized guest services, elegant architecture, and a highly scenic environment.","Bar, AC, Valet Parking, Gym",3.3,1323
Vista Chalet Srinagar 38,Srinagar,4.0,4692,"Modern mid-range hotel in Srinagar offering excellent value, well-appointed guest rooms, great dining, and a convenient location close to key city highlights.","24/7 Security, Balcony Room, Free Parking, Valet Parking, WiFi, Spa, Swimming Pool",7.4,150
Taj Suites Srinagar 39,Srinagar,3.2,1649,"Comfortable budget-friendly lodging in Srinagar. Offers clean rooms, helpful service, and basic amenities perfect for cost-conscious travelers.","Restaurant, AC, WiFi, Spa, Swimming Pool, Laundry Service, Balcony Room, Gym",9.2,1708
Radisson Palace Srinagar 40,Srinagar,3.8,3057,"Modern mid-range hotel in Srinagar offering excellent value, well-appointed guest rooms, great dining, and a convenient location close to key city highlights.","Room Service, Swimming Pool, Spa, Laundry Service, Bar",5.4,1779
Ginger Haven Srinagar 41,Srinagar,3.4,1125,"Comfortable budget-friendly lodging in Srinagar. Offers clean rooms, helpful service, and basic amenities perfect for cost-conscious travelers.","Free Breakfast, 24/7 Security, Restaurant, Free Parking",4.9,1156
Treebo Castle Srinagar 42,Srinagar,4.6,9316,"Premium luxury accommodation in Srinagar. Features world-class dining, customized guest services, elegant architecture, and a highly scenic environment.","Valet Parking, Balcony Room, Bar, Free Parking, Swimming Pool, Spa, AC, WiFi",8.2,314
Capital O Resort Srinagar 43,Srinagar,3.0,1258,"Comfortable budget-friendly lodging in Srinagar. Offers clean rooms, helpful service, and basic amenities perfect for cost-conscious travelers.","Valet Parking, Restaurant, Balcony Room, AC",3.6,1993
Ritz Hotel Srinagar 44,Srinagar,4.4,13117,"Premium luxury accommodation in Srinagar. Features world-class dining, customized guest services, elegant architecture, and a highly scenic environment.","24/7 Security, AC, Balcony Room, Bar",4.7,1772
Whispering Palms Lodge Srinagar 45,Srinagar,4.8,15350,"Premium luxury accommodation in Srinagar. Features world-class dining, customized guest services, elegant architecture, and a highly scenic environment.","Gym, WiFi, Restaurant, Free Parking",6.0,1749
Paradise Manor Srinagar 46,Srinagar,3.1,1281,"Comfortable budget-friendly lodging in Srinagar. Offers clean rooms, helpful service, and basic amenities perfect for cost-conscious travelers.","Free Parking, Laundry Service, AC, Restaurant, Swimming Pool, Valet Parking, 24/7 Security, Spa",0.5,799
Silver Sands Inn Srinagar 47,Srinagar,3.3,1954,"Comfortable budget-friendly lodging in Srinagar. Offers clean rooms, helpful service, and basic amenities perfect for cost-conscious travelers.","Gym, 24/7 Security, Spa, Valet Parking, Balcony Room, WiFi",4.5,312
Alpine Lodge Retreat Srinagar 48,Srinagar,5.0,16918,"Premium luxury accommodation in Srinagar. Features world-class dining, customized guest services, elegant architecture, and a highly scenic environment.","Free Breakfast, AC, Restaurant, Swimming Pool, Spa, 24/7 Security, Laundry Service, Balcony Room",6.4,1174
Mayfair Villas Srinagar 49,Srinagar,3.7,1543,"Comfortable budget-friendly lodging in Srinagar. Offers clean rooms, helpful service, and basic amenities perfect for cost-conscious travelers.","Restaurant, Bar, Room Service, AC, Swimming Pool, Valet Parking, WiFi",6.6,1761
Grand Stays Srinagar 50,Srinagar,4.0,4361,"Modern mid-range hotel in Srinagar offering excellent value, well-appointed guest rooms, great dining, and a convenient location close to key city highlights.","Restaurant, WiFi, Room Service, Gym, Bar",2.7,1680
Saffron Stays Chalet Srinagar 51,Srinagar,4.9,7306,"Premium luxury accommodation in Srinagar. Features world-class dining, customized guest services, elegant architecture, and a highly scenic environment.","Room Service, Balcony Room, Bar, Free Parking, 24/7 Security, Laundry Service, Swimming Pool",5.6,41
Vista Suites Srinagar 52,Srinagar,3.9,3569,"Modern mid-range hotel in Srinagar offering excellent value, well-appointed guest rooms, great dining, and a convenient location close to key city highlights.","AC, Free Parking, Gym, Spa, Bar, Balcony Room",7.7,1959
Taj Palace Srinagar 53,Srinagar,3.9,4819,"Modern mid-range hotel in Srinagar offering excellent value, well-appointed guest rooms, great dining, and a convenient location close to key city highlights.","Spa, Gym, AC, Room Service, 24/7 Security",0.9,366
Radisson Haven Srinagar 54,Srinagar,3.9,2944,"Modern mid-range hotel in Srinagar offering excellent value, well-appointed guest rooms, great dining, and a convenient location close to key city highlights.","Swimming Pool, Room Service, Gym, Free Parking, Laundry Service, Bar",9.2,1310
Ginger Castle Srinagar 55,Srinagar,5.0,14191,"Premium luxury accommodation in Srinagar. Features world-class dining, customized guest services, elegant architecture, and a highly scenic environment.","Spa, 24/7 Security, Balcony Room, Room Service",0.3,1773
Treebo Resort Srinagar 56,Srinagar,3.9,2330,"Modern mid-range hotel in Srinagar offering excellent value, well-appointed guest rooms, great dining, and a convenient location close to key city highlights.","AC, Spa, Free Parking, Restaurant",3.5,1882
Capital O Hotel Srinagar 57,Srinagar,3.0,1591,"Comfortable budget-friendly lodging in Srinagar. Offers clean rooms, helpful service, and basic amenities perfect for cost-conscious travelers.","Restaurant, Balcony Room, Free Breakfast, Gym, Bar, Laundry Service, 24/7 Security, WiFi",9.4,1728
Ritz Lodge Srinagar 58,Srinagar,4.3,4852,"Modern mid-range hotel in Srinagar offering excellent value, well-appointed guest rooms, great dining, and a convenient location close to key city highlights.","Free Parking, Swimming Pool, WiFi, Gym, Spa",9.0,1517
Whispering Palms Manor Srinagar 59,Srinagar,4.4,13660,"Premium luxury accommodation in Srinagar. Features world-class dining, customized guest services, elegant architecture, and a highly scenic environment.","Balcony Room, Laundry Service, Valet Parking, AC, Free Breakfast, WiFi, 24/7 Security",4.1,1006
Paradise Inn Srinagar 60,Srinagar,4.9,9210,"Premium luxury accommodation in Srinagar. Features world-class dining, customized guest services, elegant architecture, and a highly scenic environment.","Free Breakfast, Laundry Service, 24/7 Security, Spa, WiFi, Swimming Pool, Room Service",6.3,135
Silver Sands Retreat Srinagar 61,Srinagar,3.6,1929,"Comfortable budget-friendly lodging in Srinagar. Offers clean rooms, helpful service, and basic amenities perfect for cost-conscious travelers.","Room Service, Restaurant, Gym, Free Breakfast, Balcony Room",1.7,46
Alpine Lodge Villas Srinagar 62,Srinagar,4.6,15525,"Premium luxury accommodation in Srinagar. Features world-class dining, customized guest services, elegant architecture, and a highly scenic environment.","Free Breakfast, Balcony Room, Valet Parking, 24/7 Security, Free Parking, Bar, Gym, Swimming Pool",8.2,1539
Mayfair Stays Srinagar 63,Srinagar,4.9,7334,"Premium luxury accommodation in Srinagar. Features world-class dining, customized guest services, elegant architecture, and a highly scenic environment.","Bar, Gym, Free Parking, 24/7 Security, Valet Parking",1.3,550
Grand Chalet Srinagar 64,Srinagar,3.3,1808,"Comfortable budget-friendly lodging in Srinagar. Offers clean rooms, helpful service, and basic amenities perfect for cost-conscious travelers.","Free Breakfast, 24/7 Security, Spa, Balcony Room, Laundry Service, Restaurant, Bar",4.3,704
Saffron Stays Suites Srinagar 65,Srinagar,3.1,1018,"Comfortable budget-friendly lodging in Srinagar. Offers clean rooms, helpful service, and basic amenities perfect for cost-conscious travelers.","Room Service, Bar, Spa, Swimming Pool, Laundry Service, Restaurant, Balcony Room, Gym",9.5,475
Vista Palace Srinagar 66,Srinagar,4.4,8106,"Premium luxury accommodation in Srinagar. Features world-class dining, customized guest services, elegant architecture, and a highly scenic environment.","Gym, Free Parking, AC, Room Service, Free Breakfast, Laundry Service, Restaurant, Swimming Pool",7.7,42
Taj Haven Srinagar 67,Srinagar,4.5,15930,"Premium luxury accommodation in Srinagar. Features world-class dining, customized guest services, elegant architecture, and a highly scenic environment.","Free Breakfast, Bar, Valet Parking, Laundry Service, Free Parking, Room Service",2.4,1368
Radisson Castle Srinagar 68,Srinagar,4.0,4433,"Modern mid-range hotel in Srinagar offering excellent value, well-appointed guest rooms, great dining, and a convenient location close to key city highlights.","Free Breakfast, 24/7 Security, Balcony Room, WiFi, AC, Gym",6.5,373
Ginger Resort Srinagar 69,Srinagar,4.1,2988,"Modern mid-range hotel in Srinagar offering excellent value, well-appointed guest rooms, great dining, and a convenient location close to key city highlights.","Laundry Service, Balcony Room, WiFi, Spa, Bar",3.0,176
Treebo Hotel Srinagar 70,Srinagar,4.7,16676,"Premium luxury accommodation in Srinagar. Features world-class dining, customized guest services, elegant architecture, and a highly scenic environment.","Free Parking, Restaurant, AC, Free Breakfast, Laundry Service, Room Service, Swimming Pool",5.0,1569
Grand Manor Gulmarg 1,Gulmarg,4.1,3779,"Modern mid-range hotel in Gulmarg offering excellent value, well-appointed guest rooms, great dining, and a convenient location close to key city highlights.","Valet Parking, AC, Balcony Room, Swimming Pool, Gym",8.3,676
Saffron Stays Inn Gulmarg 2,Gulmarg,4.2,3190,"Modern mid-range hotel in Gulmarg offering excellent value, well-appointed guest rooms, great dining, and a convenient location close to key city highlights.","24/7 Security, Free Parking, Spa, Swimming Pool, Laundry Service, Room Service",3.3,907
Vista Retreat Gulmarg 3,Gulmarg,3.3,1480,"Comfortable budget-friendly lodging in Gulmarg. Offers clean rooms, helpful service, and basic amenities perfect for cost-conscious travelers.","Swimming Pool, Free Parking, Restaurant, Free Breakfast",2.1,1008
Taj Villas Gulmarg 4,Gulmarg,4.1,2563,"Modern mid-range hotel in Gulmarg offering excellent value, well-appointed guest rooms, great dining, and a convenient location close to key city highlights.","Laundry Service, Gym, Room Service, Free Parking, AC, Bar, Restaurant",7.3,1162
Radisson Stays Gulmarg 5,Gulmarg,4.9,13084,"Premium luxury accommodation in Gulmarg. Features world-class dining, customized guest services, elegant architecture, and a highly scenic environment.","Free Parking, Swimming Pool, Valet Parking, Free Breakfast, Room Service, Spa, Balcony Room",0.3,1136
Ginger Chalet Gulmarg 6,Gulmarg,4.4,7020,"Premium luxury accommodation in Gulmarg. Features world-class dining, customized guest services, elegant architecture, and a highly scenic environment.","24/7 Security, WiFi, Swimming Pool, Restaurant",1.8,1683
Treebo Suites Gulmarg 7,Gulmarg,3.8,3704,"Modern mid-range hotel in Gulmarg offering excellent value, well-appointed guest rooms, great dining, and a convenient location close to key city highlights.","WiFi, AC, Spa, Bar, Swimming Pool, Laundry Service, Free Breakfast, Valet Parking",5.6,230
Capital O Palace Gulmarg 8,Gulmarg,3.5,1993,"Comfortable budget-friendly lodging in Gulmarg. Offers clean rooms, helpful service, and basic amenities perfect for cost-conscious travelers.","Free Parking, Valet Parking, AC, Free Breakfast",1.0,1438
Ritz Haven Gulmarg 9,Gulmarg,4.6,5229,"Premium luxury accommodation in Gulmarg. Features world-class dining, customized guest services, elegant architecture, and a highly scenic environment.","WiFi, Balcony Room, Valet Parking, Restaurant, Bar, Room Service, Free Breakfast, Swimming Pool",2.7,1359
Whispering Palms Castle Gulmarg 10,Gulmarg,3.3,1400,"Comfortable budget-friendly lodging in Gulmarg. Offers clean rooms, helpful service, and basic amenities perfect for cost-conscious travelers.","AC, Balcony Room, Bar, Laundry Service, Spa, Restaurant, Gym, 24/7 Security",0.5,717
Paradise Resort Gulmarg 11,Gulmarg,3.2,1054,"Comfortable budget-friendly lodging in Gulmarg. Offers clean rooms, helpful service, and basic amenities perfect for cost-conscious travelers.","Free Breakfast, Spa, Valet Parking, Bar, Swimming Pool, 24/7 Security, Gym, AC",8.7,431
Silver Sands Hotel Gulmarg 12,Gulmarg,4.5,8850,"Premium luxury accommodation in Gulmarg. Features world-class dining, customized guest services, elegant architecture, and a highly scenic environment.","Gym, AC, Free Breakfast, Bar, Valet Parking, Free Parking",4.8,445
Alpine Lodge Lodge Gulmarg 13,Gulmarg,3.5,1066,"Comfortable budget-friendly lodging in Gulmarg. Offers clean rooms, helpful service, and basic amenities perfect for cost-conscious travelers.","24/7 Security, Balcony Room, Bar, Room Service, Free Breakfast, Valet Parking, WiFi",2.0,152
Mayfair Manor Gulmarg 14,Gulmarg,3.0,1696,"Comfortable budget-friendly lodging in Gulmarg. Offers clean rooms, helpful service, and basic amenities perfect for cost-conscious travelers.","Swimming Pool, Restaurant, WiFi, Free Breakfast, Laundry Service, Balcony Room, Spa, AC",4.9,1967
Grand Inn Gulmarg 15,Gulmarg,4.6,6398,"Premium luxury accommodation in Gulmarg. Features world-class dining, customized guest services, elegant architecture, and a highly scenic environment.","Free Parking, WiFi, Free Breakfast, Restaurant, AC, Balcony Room, Room Service, Laundry Service",7.3,1715
Saffron Stays Retreat Gulmarg 16,Gulmarg,4.3,3943,"Modern mid-range hotel in Gulmarg offering excellent value, well-appointed guest rooms, great dining, and a convenient location close to key city highlights.","24/7 Security, Valet Parking, Swimming Pool, Free Breakfast, Balcony Room",7.2,358
Vista Villas Gulmarg 17,Gulmarg,3.6,1271,"Comfortable budget-friendly lodging in Gulmarg. Offers clean rooms, helpful service, and basic amenities perfect for cost-conscious travelers.","AC, Balcony Room, Room Service, Laundry Service, Gym, WiFi",2.1,723
Taj Stays Gulmarg 18,Gulmarg,4.5,11338,"Premium luxury accommodation in Gulmarg. Features world-class dining, customized guest services, elegant architecture, and a highly scenic environment.","Bar, Valet Parking, Spa, Balcony Room, Laundry Service, Room Service, Free Breakfast, Free Parking",7.0,787
Radisson Chalet Gulmarg 19,Gulmarg,4.0,3311,"Modern mid-range hotel in Gulmarg offering excellent value, well-appointed guest rooms, great dining, and a convenient location close to key city highlights.","Free Breakfast, Room Service, Swimming Pool, WiFi",6.3,370
Ginger Suites Gulmarg 20,Gulmarg,4.0,2917,"Modern mid-range hotel in Gulmarg offering excellent value, well-appointed guest rooms, great dining, and a convenient location close to key city highlights.","Restaurant, 24/7 Security, Free Breakfast, AC, Balcony Room, Laundry Service, Swimming Pool, Valet Parking",6.5,190
Treebo Palace Gulmarg 21,Gulmarg,3.5,1219,"Comfortable budget-friendly lodging in Gulmarg. Offers clean rooms, helpful service, and basic amenities perfect for cost-conscious travelers.","Laundry Service, Gym, Swimming Pool, Free Parking, AC, Spa, Free Breakfast",3.2,1439
Capital O Haven Gulmarg 22,Gulmarg,3.6,1256,"Comfortable budget-friendly lodging in Gulmarg. Offers clean rooms, helpful service, and basic amenities perfect for cost-conscious travelers.","Balcony Room, 24/7 Security, WiFi, Free Parking, Bar, Swimming Pool, Laundry Service, Gym",8.5,831
Ritz Castle Gulmarg 23,Gulmarg,3.4,833,"Comfortable budget-friendly lodging in Gulmarg. Offers clean rooms, helpful service, and basic amenities perfect for cost-conscious travelers.","Laundry Service, AC, Gym, 24/7 Security",1.5,1905
Whispering Palms Resort Gulmarg 24,Gulmarg,3.2,910,"Comfortable budget-friendly lodging in Gulmarg. Offers clean rooms, helpful service, and basic amenities perfect for cost-conscious travelers.","Laundry Service, Swimming Pool, AC, Restaurant, WiFi, Free Breakfast",4.9,1792
Paradise Hotel Gulmarg 25,Gulmarg,4.5,16670,"Premium luxury accommodation in Gulmarg. Features world-class dining, customized guest services, elegant architecture, and a highly scenic environment.","Balcony Room, Restaurant, Room Service, Swimming Pool",0.9,1527
Silver Sands Lodge Gulmarg 26,Gulmarg,4.3,2800,"Modern mid-range hotel in Gulmarg offering excellent value, well-appointed guest rooms, great dining, and a convenient location close to key city highlights.","Valet Parking, Laundry Service, 24/7 Security, Balcony Room, Gym, AC, Bar",8.9,998
Alpine Lodge Manor Gulmarg 27,Gulmarg,4.8,7673,"Premium luxury accommodation in Gulmarg. Features world-class dining, customized guest services, elegant architecture, and a highly scenic environment.","Bar, Free Parking, Valet Parking, Room Service, AC, Free Breakfast, Laundry Service, Gym",6.7,695
Mayfair Inn Gulmarg 28,Gulmarg,3.7,1858,"Comfortable budget-friendly lodging in Gulmarg. Offers clean rooms, helpful service, and basic amenities perfect for cost-conscious travelers.","Free Parking, Valet Parking, WiFi, Free Breakfast, Swimming Pool, Spa, AC, Restaurant",7.3,1915
Grand Retreat Gulmarg 29,Gulmarg,3.2,1398,"Comfortable budget-friendly lodging in Gulmarg. Offers clean rooms, helpful service, and basic amenities perfect for cost-conscious travelers.","Spa, Free Breakfast, WiFi, Valet Parking, Balcony Room, Gym, Room Service, AC",6.6,224
Saffron Stays Villas Gulmarg 30,Gulmarg,3.4,1063,"Comfortable budget-friendly lodging in Gulmarg. Offers clean rooms, helpful service, and basic amenities perfect for cost-conscious travelers.","Room Service, Free Parking, Gym, Free Breakfast, Restaurant, AC, WiFi",1.6,521
Vista Stays Gulmarg 31,Gulmarg,3.9,4232,"Modern mid-range hotel in Gulmarg offering excellent value, well-appointed guest rooms, great dining, and a convenient location close to key city highlights.","Restaurant, Swimming Pool, Bar, Free Breakfast, Laundry Service, 24/7 Security, Spa, Valet Parking",5.8,148
Taj Chalet Gulmarg 32,Gulmarg,4.1,2707,"Modern mid-range hotel in Gulmarg offering excellent value, well-appointed guest rooms, great dining, and a convenient location close to key city highlights.","Swimming Pool, Valet Parking, Free Parking, Bar, AC, Balcony Room",4.5,1374
Radisson Suites Gulmarg 33,Gulmarg,5.0,10973,"Premium luxury accommodation in Gulmarg. Features world-class dining, customized guest services, elegant architecture, and a highly scenic environment.","Room Service, Free Parking, Spa, Valet Parking, Gym, Bar",3.5,275
Ginger Palace Gulmarg 34,Gulmarg,4.4,10294,"Premium luxury accommodation in Gulmarg. Features world-class dining, customized guest services, elegant architecture, and a highly scenic environment.","Free Breakfast, Laundry Service, WiFi, AC, Gym, Valet Parking, Spa, 24/7 Security",1.5,1603
Treebo Haven Gulmarg 35,Gulmarg,4.7,7905,"Premium luxury accommodation in Gulmarg. Features world-class dining, customized guest services, elegant architecture, and a highly scenic environment.","Gym, 24/7 Security, Balcony Room, Bar, Spa, Room Service, Free Breakfast, Restaurant",5.9,222
Capital O Castle Gulmarg 36,Gulmarg,3.7,1197,"Comfortable budget-friendly lodging in Gulmarg. Offers clean rooms, helpful service, and basic amenities perfect for cost-conscious travelers.","24/7 Security, Free Parking, Laundry Service, AC, Restaurant, Free Breakfast",9.0,850
Ritz Resort Gulmarg 37,Gulmarg,4.1,3268,"Modern mid-range hotel in Gulmarg offering excellent value, well-appointed guest rooms, great dining, and a convenient location close to key city highlights.","Restaurant, AC, Balcony Room, Laundry Service, Bar, Free Parking, WiFi",4.4,319
Whispering Palms Hotel Gulmarg 38,Gulmarg,4.8,9020,"Premium luxury accommodation in Gulmarg. Features world-class dining, customized guest services, elegant architecture, and a highly scenic environment.","24/7 Security, WiFi, Swimming Pool, Room Service",9.0,1496
Paradise Lodge Gulmarg 39,Gulmarg,4.4,13623,"Premium luxury accommodation in Gulmarg. Features world-class dining, customized guest services, elegant architecture, and a highly scenic environment.","WiFi, Room Service, Free Breakfast, Bar, AC, Restaurant, Laundry Service, Free Parking",0.3,1397
Silver Sands Manor Gulmarg 40,Gulmarg,3.7,1027,"Comfortable budget-friendly lodging in Gulmarg. Offers clean rooms, helpful service, and basic amenities perfect for cost-conscious travelers.","Bar, Room Service, WiFi, Swimming Pool",0.1,1862
Alpine Lodge Inn Gulmarg 41,Gulmarg,4.3,4787,"Modern mid-range hotel in Gulmarg offering excellent value, well-appointed guest rooms, great dining, and a convenient location close to key city highlights.","Free Breakfast, Free Parking, Balcony Room, Restaurant, Laundry Service, Valet Parking, AC",0.8,444
Mayfair Retreat Gulmarg 42,Gulmarg,3.9,4989,"Modern mid-range hotel in Gulmarg offering excellent value, well-appointed guest rooms, great dining, and a convenient location close to key city highlights.","AC, Balcony Room, Gym, 24/7 Security, Restaurant, Laundry Service, Bar, Swimming Pool",8.9,489
Grand Villas Gulmarg 43,Gulmarg,3.6,1709,"Comfortable budget-friendly lodging in Gulmarg. Offers clean rooms, helpful service, and basic amenities perfect for cost-conscious travelers.","Restaurant, Valet Parking, Free Parking, AC, Gym, 24/7 Security, Free Breakfast",5.5,1772
Saffron Stays Stays Gulmarg 44,Gulmarg,3.3,1681,"Comfortable budget-friendly lodging in Gulmarg. Offers clean rooms, helpful service, and basic amenities perfect for cost-conscious travelers.","Room Service, Swimming Pool, Free Parking, 24/7 Security, Bar",0.1,457
Vista Chalet Gulmarg 45,Gulmarg,4.0,2846,"Modern mid-range hotel in Gulmarg offering excellent value, well-appointed guest rooms, great dining, and a convenient location close to key city highlights.","Laundry Service, Free Breakfast, Gym, Restaurant, Bar, WiFi, Free Parking, Swimming Pool",1.2,603
Taj Suites Gulmarg 46,Gulmarg,3.0,807,"Comfortable budget-friendly lodging in Gulmarg. Offers clean rooms, helpful service, and basic amenities perfect for cost-conscious travelers.","Free Breakfast, Spa, AC, WiFi, Free Parking, Balcony Room",8.2,1323
Radisson Palace Gulmarg 47,Gulmarg,4.1,2671,"Modern mid-range hotel in Gulmarg offering excellent value, well-appointed guest rooms, great dining, and a convenient location close to key city highlights.","Swimming Pool, Restaurant, Bar, Free Parking, Free Breakfast, Laundry Service, Gym, Room Service",3.6,1181
Ginger Haven Gulmarg 48,Gulmarg,4.1,3298,"Modern mid-range hotel in Gulmarg offering excellent value, well-appointed guest rooms, great dining, and a convenient location close to key city highlights.","Swimming Pool, Free Parking, Room Service, Balcony Room, Free Breakfast, Restaurant, 24/7 Security, Bar",2.3,902
Treebo Castle Gulmarg 49,Gulmarg,3.7,1703,"Comfortable budget-friendly lodging in Gulmarg. Offers clean rooms, helpful service, and basic amenities perfect for cost-conscious travelers.","Room Service, Bar, Balcony Room, Free Breakfast, Restaurant, Valet Parking, 24/7 Security, Laundry Service",8.3,937
Capital O Resort Gulmarg 50,Gulmarg,3.2,1031,"Comfortable budget-friendly lodging in Gulmarg. Offers clean rooms, helpful service, and basic amenities perfect for cost-conscious travelers.","Room Service, Restaurant, 24/7 Security, Valet Parking, Free Parking, AC, Swimming Pool, Gym",2.4,1166
Ritz Hotel Gulmarg 51,Gulmarg,3.6,1494,"Comfortable budget-friendly lodging in Gulmarg. Offers clean rooms, helpful service, and basic amenities perfect for cost-conscious travelers.","Restaurant, Free Breakfast, 24/7 Security, Valet Parking, Balcony Room, Gym, Laundry Service",6.1,172
Whispering Palms Lodge Gulmarg 52,Gulmarg,3.3,1839,"Comfortable budget-friendly lodging in Gulmarg. Offers clean rooms, helpful service, and basic amenities perfect for cost-conscious travelers.","Room Service, Free Breakfast, 24/7 Security, Bar, AC, Swimming Pool",7.5,1888
Paradise Manor Gulmarg 53,Gulmarg,4.2,4245,"Modern mid-range hotel in Gulmarg offering excellent value, well-appointed guest rooms, great dining, and a convenient location close to key city highlights.","Balcony Room, Room Service, Free Breakfast, Bar, Laundry Service, Valet Parking, Gym, Swimming Pool",7.0,1677
Silver Sands Inn Gulmarg 54,Gulmarg,4.2,4618,"Modern mid-range hotel in Gulmarg offering excellent value, well-appointed guest rooms, great dining, and a convenient location close to key city highlights.","WiFi, Bar, Free Parking, Balcony Room",3.1,728
Alpine Lodge Retreat Gulmarg 55,Gulmarg,4.5,12178,"Premium luxury accommodation in Gulmarg. Features world-class dining, customized guest services, elegant architecture, and a highly scenic environment.","AC, Bar, Room Service, 24/7 Security, Restaurant",0.4,1503
Mayfair Villas Gulmarg 56,Gulmarg,4.1,4341,"Modern mid-range hotel in Gulmarg offering excellent value, well-appointed guest rooms, great dining, and a convenient location close to key city highlights.","Restaurant, Balcony Room, Spa, 24/7 Security, AC",1.3,1356
Grand Stays Gulmarg 57,Gulmarg,4.5,12689,"Premium luxury accommodation in Gulmarg. Features world-class dining, customized guest services, elegant architecture, and a highly scenic environment.","Spa, Gym, Free Parking, 24/7 Security",2.4,1819
Saffron Stays Chalet Gulmarg 58,Gulmarg,4.8,17693,"Premium luxury accommodation in Gulmarg. Features world-class dining, customized guest services, elegant architecture, and a highly scenic environment.","Bar, Gym, 24/7 Security, Balcony Room, Valet Parking, Laundry Service, Free Breakfast",3.0,1867
Vista Suites Gulmarg 59,Gulmarg,4.6,15986,"Premium luxury accommodation in Gulmarg. Features world-class dining, customized guest services, elegant architecture, and a highly scenic environment.","WiFi, Free Parking, AC, Spa, Room Service, Laundry Service, Swimming Pool, Restaurant",3.9,10
Taj Palace Gulmarg 60,Gulmarg,4.1,4294,"Modern mid-range hotel in Gulmarg offering excellent value, well-appointed guest rooms, great dining, and a convenient location close to key city highlights.","24/7 Security, Laundry Service, Bar, Balcony Room, Free Breakfast, Room Service, Spa",7.4,1621
Radisson Haven Gulmarg 61,Gulmarg,4.0,2779,"Modern mid-range hotel in Gulmarg offering excellent value, well-appointed guest rooms, great dining, and a convenient location close to key city highlights.","Balcony Room, AC, Gym, WiFi, Free Parking, Free Breakfast, Room Service",2.2,1323
Ginger Castle Gulmarg 62,Gulmarg,4.6,16874,"Premium luxury accommodation in Gulmarg. Features world-class dining, customized guest services, elegant architecture, and a highly scenic environment.","Balcony Room, AC, 24/7 Security, Valet Parking, WiFi",5.5,1356
Treebo Resort Gulmarg 63,Gulmarg,4.1,4042,"Modern mid-range hotel in Gulmarg offering excellent value, well-appointed guest rooms, great dining, and a convenient location close to key city highlights.","24/7 Security, Bar, Balcony Room, WiFi, Laundry Service, Restaurant, Room Service, Spa",6.3,918
Capital O Hotel Gulmarg 64,Gulmarg,4.4,14840,"Premium luxury accommodation in Gulmarg. Features world-class dining, customized guest services, elegant architecture, and a highly scenic environment.","Spa, Free Parking, Valet Parking, WiFi, Swimming Pool, Laundry Service, Free Breakfast",5.9,1465
Ritz Lodge Gulmarg 65,Gulmarg,3.4,1102,"Comfortable budget-friendly lodging in Gulmarg. Offers clean rooms, helpful service, and basic amenities perfect for cost-conscious travelers.","Bar, Spa, Free Breakfast, Room Service, 24/7 Security, Balcony Room, Restaurant",3.7,42
Whispering Palms Manor Gulmarg 66,Gulmarg,3.7,1423,"Comfortable budget-friendly lodging in Gulmarg. Offers clean rooms, helpful service, and basic amenities perfect for cost-conscious travelers.","Valet Parking, Bar, AC, Free Breakfast",1.2,949
Paradise Inn Gulmarg 67,Gulmarg,3.9,2832,"Modern mid-range hotel in Gulmarg offering excellent value, well-appointed guest rooms, great dining, and a convenient location close to key city highlights.","Room Service, 24/7 Security, Valet Parking, Free Breakfast, Spa, Restaurant, Bar, Balcony Room",1.0,1810
Silver Sands Retreat Gulmarg 68,Gulmarg,4.2,4265,"Modern mid-range hotel in Gulmarg offering excellent value, well-appointed guest rooms, great dining, and a convenient location close to key city highlights.","Laundry Service, WiFi, Room Service, Balcony Room, Valet Parking, Restaurant, 24/7 Security",4.8,1467
Alpine Lodge Villas Gulmarg 69,Gulmarg,3.6,1210,"Comfortable budget-friendly lodging in Gulmarg. Offers clean rooms, helpful service, and basic amenities perfect for cost-conscious travelers.","24/7 Security, WiFi, Bar, Gym, AC, Valet Parking, Free Breakfast, Swimming Pool",4.2,454
Mayfair Stays Gulmarg 70,Gulmarg,4.7,11077,"Premium luxury accommodation in Gulmarg. Features world-class dining, customized guest services, elegant architecture, and a highly scenic environment.","24/7 Security, Free Breakfast, Valet Parking, WiFi",3.4,1643
Capital O Suites Leh 1,Leh,3.4,893,"Comfortable budget-friendly lodging in Leh. Offers clean rooms, helpful service, and basic amenities perfect for cost-conscious travelers.","Free Parking, AC, Free Breakfast, Spa, Swimming Pool, Laundry Service, Balcony Room",3.1,1131
Ritz Palace Leh 2,Leh,3.5,1721,"Comfortable budget-friendly lodging in Leh. Offers clean rooms, helpful service, and basic amenities perfect for cost-conscious travelers.","Balcony Room, Spa, Free Breakfast, Room Service",8.9,469
Whispering Palms Haven Leh 3,Leh,3.9,4280,"Modern mid-range hotel in Leh offering excellent value, well-appointed guest rooms, great dining, and a convenient location close to key city highlights.","Swimming Pool, Restaurant, Valet Parking, Free Parking, Spa",3.0,466
Paradise Castle Leh 4,Leh,3.9,3963,"Modern mid-range hotel in Leh offering excellent value, well-appointed guest rooms, great dining, and a convenient location close to key city highlights.","WiFi, AC, Valet Parking, Gym, Free Parking",0.4,1970
Silver Sands Resort Leh 5,Leh,4.1,4173,"Modern mid-range hotel in Leh offering excellent value, well-appointed guest rooms, great dining, and a convenient location close to key city highlights.","WiFi, AC, Room Service, Restaurant, Valet Parking",2.0,1772
Alpine Lodge Hotel Leh 6,Leh,3.9,4113,"Modern mid-range hotel in Leh offering excellent value, well-appointed guest rooms, great dining, and a convenient location close to key city highlights.","AC, Free Breakfast, Spa, Gym",5.1,881
Mayfair Lodge Leh 7,Leh,3.7,1647,"Comfortable budget-friendly lodging in Leh. Offers clean rooms, helpful service, and basic amenities perfect for cost-conscious travelers.","AC, Free Breakfast, 24/7 Security, Bar",9.5,726
Grand Manor Leh 8,Leh,4.1,3838,"Modern mid-range hotel in Leh offering excellent value, well-appointed guest rooms, great dining, and a convenient location close to key city highlights.","Valet Parking, 24/7 Security, Bar, Restaurant, Swimming Pool",7.7,662
Saffron Stays Inn Leh 9,Leh,4.9,17406,"Premium luxury accommodation in Leh. Features world-class dining, customized guest services, elegant architecture, and a highly scenic environment.","Free Breakfast, Laundry Service, Spa, Bar, WiFi, Restaurant, Free Parking",1.8,1419
Vista Retreat Leh 10,Leh,4.7,17267,"Premium luxury accommodation in Leh. Features world-class dining, customized guest services, elegant architecture, and a highly scenic environment.","Laundry Service, Free Parking, Valet Parking, Room Service, Balcony Room, Swimming Pool, WiFi, Bar",5.2,665
Taj Villas Leh 11,Leh,4.6,13660,"Premium luxury accommodation in Leh. Features world-class dining, customized guest services, elegant architecture, and a highly scenic environment.","Spa, Gym, Bar, Free Breakfast, Room Service, Restaurant, Valet Parking",7.5,1298
Radisson Stays Leh 12,Leh,3.3,1878,"Comfortable budget-friendly lodging in Leh. Offers clean rooms, helpful service, and basic amenities perfect for cost-conscious travelers.","Spa, Restaurant, Swimming Pool, WiFi",7.6,185
Ginger Chalet Leh 13,Leh,3.7,1756,"Comfortable budget-friendly lodging in Leh. Offers clean rooms, helpful service, and basic amenities perfect for cost-conscious travelers.","Free Parking, Gym, Swimming Pool, AC, Laundry Service, WiFi",5.0,253
Treebo Suites Leh 14,Leh,3.9,4787,"Modern mid-range hotel in Leh offering excellent value, well-appointed guest rooms, great dining, and a convenient location close to key city highlights.","Swimming Pool, Bar, Laundry Service, 24/7 Security",6.0,1994
Capital O Palace Leh 15,Leh,3.9,2946,"Modern mid-range hotel in Leh offering excellent value, well-appointed guest rooms, great dining, and a convenient location close to key city highlights.","WiFi, Valet Parking, Restaurant, Free Breakfast, Bar, Balcony Room",0.5,1795
Ritz Haven Leh 16,Leh,4.7,10500,"Premium luxury accommodation in Leh. Features world-class dining, customized guest services, elegant architecture, and a highly scenic environment.","Restaurant, WiFi, Laundry Service, Room Service, Free Parking, Spa, Valet Parking, Bar",4.6,841
Whispering Palms Castle Leh 17,Leh,4.7,14350,"Premium luxury accommodation in Leh. Features world-class dining, customized guest services, elegant architecture, and a highly scenic environment.","Laundry Service, WiFi, Balcony Room, AC, Restaurant, Free Parking, Gym, Spa",4.2,723
Paradise Resort Leh 18,Leh,4.5,15641,"Premium luxury accommodation in Leh. Features world-class dining, customized guest services, elegant architecture, and a highly scenic environment.","WiFi, Laundry Service, Gym, 24/7 Security, AC, Valet Parking, Room Service, Free Breakfast",2.9,296
Silver Sands Hotel Leh 19,Leh,4.7,9987,"Premium luxury accommodation in Leh. Features world-class dining, customized guest services, elegant architecture, and a highly scenic environment.","Bar, 24/7 Security, Room Service, Swimming Pool, Free Breakfast, WiFi",5.0,462
Alpine Lodge Lodge Leh 20,Leh,3.5,932,"Comfortable budget-friendly lodging in Leh. Offers clean rooms, helpful service, and basic amenities perfect for cost-conscious travelers.","Balcony Room, Laundry Service, 24/7 Security, Spa, Restaurant, Free Parking",6.2,1795
Mayfair Manor Leh 21,Leh,4.6,15332,"Premium luxury accommodation in Leh. Features world-class dining, customized guest services, elegant architecture, and a highly scenic environment.","AC, Valet Parking, Gym, Laundry Service, Free Parking, WiFi, Room Service",7.0,542
Grand Inn Leh 22,Leh,3.7,1923,"Comfortable budget-friendly lodging in Leh. Offers clean rooms, helpful service, and basic amenities perfect for cost-conscious travelers.","Restaurant, Valet Parking, 24/7 Security, Room Service",8.3,1123
Saffron Stays Retreat Leh 23,Leh,4.6,11834,"Premium luxury accommodation in Leh. Features world-class dining, customized guest services, elegant architecture, and a highly scenic environment.","Laundry Service, Spa, Bar, Swimming Pool, Restaurant, WiFi, AC",1.1,906
Vista Villas Leh 24,Leh,3.1,1986,"Comfortable budget-friendly lodging in Leh. Offers clean rooms, helpful service, and basic amenities perfect for cost-conscious travelers.","Free Breakfast, Gym, Swimming Pool, Balcony Room, WiFi, Room Service, Valet Parking, 24/7 Security",9.2,1974
Taj Stays Leh 25,Leh,4.1,4297,"Modern mid-range hotel in Leh offering excellent value, well-appointed guest rooms, great dining, and a convenient location close to key city highlights.","Gym, WiFi, Balcony Room, Laundry Service",5.2,787
Radisson Chalet Leh 26,Leh,4.2,4782,"Modern mid-range hotel in Leh offering excellent value, well-appointed guest rooms, great dining, and a convenient location close to key city highlights.","Room Service, Swimming Pool, Bar, WiFi, 24/7 Security",3.7,676
Ginger Suites Leh 27,Leh,3.5,1637,"Comfortable budget-friendly lodging in Leh. Offers clean rooms, helpful service, and basic amenities perfect for cost-conscious travelers.","Spa, Bar, Free Breakfast, Gym, Swimming Pool, Balcony Room, 24/7 Security",2.2,231
Treebo Palace Leh 28,Leh,3.3,1624,"Comfortable budget-friendly lodging in Leh. Offers clean rooms, helpful service, and basic amenities perfect for cost-conscious travelers.","Room Service, Free Breakfast, AC, Spa, Laundry Service, Bar, 24/7 Security, Valet Parking",7.1,1206
Capital O Haven Leh 29,Leh,4.9,13000,"Premium luxury accommodation in Leh. Features world-class dining, customized guest services, elegant architecture, and a highly scenic environment.","Bar, WiFi, Room Service, 24/7 Security, Free Parking, Valet Parking",5.9,934
Ritz Castle Leh 30,Leh,3.2,1274,"Comfortable budget-friendly lodging in Leh. Offers clean rooms, helpful service, and basic amenities perfect for cost-conscious travelers.","Swimming Pool, 24/7 Security, Bar, Free Breakfast, Balcony Room",8.9,85
Whispering Palms Resort Leh 31,Leh,4.8,7826,"Premium luxury accommodation in Leh. Features world-class dining, customized guest services, elegant architecture, and a highly scenic environment.","Balcony Room, Swimming Pool, Restaurant, Valet Parking, Free Breakfast, 24/7 Security, AC",3.2,1747
Paradise Hotel Leh 32,Leh,3.5,1014,"Comfortable budget-friendly lodging in Leh. Offers clean rooms, helpful service, and basic amenities perfect for cost-conscious travelers.","Spa, AC, Restaurant, Valet Parking, Bar, Room Service",7.1,303
Silver Sands Lodge Leh 33,Leh,4.2,3696,"Modern mid-range hotel in Leh offering excellent value, well-appointed guest rooms, great dining, and a convenient location close to key city highlights.","Restaurant, Valet Parking, Bar, Balcony Room, Swimming Pool, Free Parking, Gym, 24/7 Security",7.8,1152
Alpine Lodge Manor Leh 34,Leh,3.1,1836,"Comfortable budget-friendly lodging in Leh. Offers clean rooms, helpful service, and basic amenities perfect for cost-conscious travelers.","Balcony Room, AC, Spa, WiFi, Free Parking, Gym, Room Service",4.3,1226
Mayfair Inn Leh 35,Leh,3.8,3332,"Modern mid-range hotel in Leh offering excellent value, well-appointed guest rooms, great dining, and a convenient location close to key city highlights.","Restaurant, Spa, Free Breakfast, Laundry Service, AC",0.1,1651
Grand Retreat Leh 36,Leh,4.0,4702,"Modern mid-range hotel in Leh offering excellent value, well-appointed guest rooms, great dining, and a convenient location close to key city highlights.","Restaurant, AC, Balcony Room, Valet Parking",0.1,358
Saffron Stays Villas Leh 37,Leh,3.9,2507,"Modern mid-range hotel in Leh offering excellent value, well-appointed guest rooms, great dining, and a convenient location close to key city highlights.","Bar, Gym, Restaurant, Spa, Balcony Room",3.4,799
Vista Stays Leh 38,Leh,3.2,1204,"Comfortable budget-friendly lodging in Leh. Offers clean rooms, helpful service, and basic amenities perfect for cost-conscious travelers.","Balcony Room, AC, Valet Parking, Spa, Swimming Pool",2.1,533
Taj Chalet Leh 39,Leh,4.9,16271,"Premium luxury accommodation in Leh. Features world-class dining, customized guest services, elegant architecture, and a highly scenic environment.","Bar, Swimming Pool, WiFi, Free Parking, Balcony Room, Restaurant",8.8,1793
Radisson Suites Leh 40,Leh,4.9,10931,"Premium luxury accommodation in Leh. Features world-class dining, customized guest services, elegant architecture, and a highly scenic environment.","Balcony Room, Free Breakfast, Bar, WiFi, Valet Parking",3.9,1118
Ginger Palace Leh 41,Leh,4.0,2252,"Modern mid-range hotel in Leh offering excellent value, well-appointed guest rooms, great dining, and a convenient location close to key city highlights.","Restaurant, Laundry Service, Room Service, Spa, WiFi, Free Breakfast, 24/7 Security, Gym",0.8,811
Treebo Haven Leh 42,Leh,3.4,1428,"Comfortable budget-friendly lodging in Leh. Offers clean rooms, helpful service, and basic amenities perfect for cost-conscious travelers.","Valet Parking, Laundry Service, Spa, 24/7 Security",5.9,1010
Capital O Castle Leh 43,Leh,4.1,2431,"Modern mid-range hotel in Leh offering excellent value, well-appointed guest rooms, great dining, and a convenient location close to key city highlights.","Spa, AC, Free Breakfast, Balcony Room, Valet Parking",2.4,326
Ritz Resort Leh 44,Leh,4.8,7054,"Premium luxury accommodation in Leh. Features world-class dining, customized guest services, elegant architecture, and a highly scenic environment.","Free Breakfast, Valet Parking, AC, Balcony Room, Restaurant, 24/7 Security, Bar",8.7,1635
Whispering Palms Hotel Leh 45,Leh,4.0,2506,"Modern mid-range hotel in Leh offering excellent value, well-appointed guest rooms, great dining, and a convenient location close to key city highlights.","Laundry Service, Restaurant, AC, Room Service, Free Breakfast, Free Parking, 24/7 Security, Balcony Room",6.5,1187
Paradise Lodge Leh 46,Leh,3.6,1197,"Comfortable budget-friendly lodging in Leh. Offers clean rooms, helpful service, and basic amenities perfect for cost-conscious travelers.","Gym, AC, Free Breakfast, Bar",6.1,1023
Silver Sands Manor Leh 47,Leh,3.3,1625,"Comfortable budget-friendly lodging in Leh. Offers clean rooms, helpful service, and basic amenities perfect for cost-conscious travelers.","Room Service, Restaurant, Valet Parking, Free Parking, WiFi, Bar, Gym",3.9,875
Alpine Lodge Inn Leh 48,Leh,4.8,15586,"Premium luxury accommodation in Leh. Features world-class dining, customized guest services, elegant architecture, and a highly scenic environment.","Gym, 24/7 Security, Spa, WiFi, Balcony Room, Swimming Pool, AC, Laundry Service",8.6,1466
Mayfair Retreat Leh 49,Leh,4.6,6758,"Premium luxury accommodation in Leh. Features world-class dining, customized guest services, elegant architecture, and a highly scenic environment.","Free Breakfast, Free Parking, WiFi, Bar, Gym, Restaurant, Valet Parking",8.7,1145
Grand Villas Leh 50,Leh,4.4,8630,"Premium luxury accommodation in Leh. Features world-class dining, customized guest services, elegant architecture, and a highly scenic environment.","Gym, Swimming Pool, Laundry Service, Bar, 24/7 Security",4.9,225
Saffron Stays Stays Leh 51,Leh,3.8,3145,"Modern mid-range hotel in Leh offering excellent value, well-appointed guest rooms, great dining, and a convenient location close to key city highlights.","Balcony Room, WiFi, Spa, Gym, AC, Valet Parking, 24/7 Security, Free Parking",1.2,1232
Vista Chalet Leh 52,Leh,3.4,1882,"Comfortable budget-friendly lodging in Leh. Offers clean rooms, helpful service, and basic amenities perfect for cost-conscious travelers.","Laundry Service, Bar, Gym, Swimming Pool, Balcony Room, 24/7 Security, Restaurant, AC",8.4,1841
Taj Suites Leh 53,Leh,3.5,1791,"Comfortable budget-friendly lodging in Leh. Offers clean rooms, helpful service, and basic amenities perfect for cost-conscious travelers.","Swimming Pool, Bar, Free Breakfast, Gym, Restaurant, Balcony Room, 24/7 Security, Free Parking",7.7,54
Radisson Palace Leh 54,Leh,4.3,3746,"Modern mid-range hotel in Leh offering excellent value, well-appointed guest rooms, great dining, and a convenient location close to key city highlights.","Room Service, AC, Spa, Gym",6.8,733
Ginger Haven Leh 55,Leh,3.1,1613,"Comfortable budget-friendly lodging in Leh. Offers clean rooms, helpful service, and basic amenities perfect for cost-conscious travelers.","Spa, AC, Laundry Service, Balcony Room",7.7,646
Treebo Castle Leh 56,Leh,4.7,13101,"Premium luxury accommodation in Leh. Features world-class dining, customized guest services, elegant architecture, and a highly scenic environment.","Laundry Service, Free Parking, Spa, Valet Parking, Bar, Swimming Pool, Balcony Room, AC",9.1,882
Capital O Resort Leh 57,Leh,4.9,6626,"Premium luxury accommodation in Leh. Features world-class dining, customized guest services, elegant architecture, and a highly scenic environment.","Bar, WiFi, AC, Spa, Swimming Pool",0.7,602
Ritz Hotel Leh 58,Leh,3.1,1461,"Comfortable budget-friendly lodging in Leh. Offers clean rooms, helpful service, and basic amenities perfect for cost-conscious travelers.","Balcony Room, Free Parking, 24/7 Security, Free Breakfast, WiFi, AC, Spa",6.8,1820
Whispering Palms Lodge Leh 59,Leh,4.0,2152,"Modern mid-range hotel in Leh offering excellent value, well-appointed guest rooms, great dining, and a convenient location close to key city highlights.","Free Parking, Free Breakfast, Laundry Service, Bar, Spa, AC, Room Service, Gym",8.9,111
Paradise Manor Leh 60,Leh,5.0,8513,"Premium luxury accommodation in Leh. Features world-class dining, customized guest services, elegant architecture, and a highly scenic environment.","Room Service, Swimming Pool, AC, Balcony Room, Spa, 24/7 Security, Restaurant",0.5,1963
Silver Sands Inn Leh 61,Leh,3.5,1201,"Comfortable budget-friendly lodging in Leh. Offers clean rooms, helpful service, and basic amenities perfect for cost-conscious travelers.","Room Service, Laundry Service, Free Breakfast, Swimming Pool",8.8,1555
Alpine Lodge Retreat Leh 62,Leh,3.4,836,"Comfortable budget-friendly lodging in Leh. Offers clean rooms, helpful service, and basic amenities perfect for cost-conscious travelers.","Free Parking, WiFi, Balcony Room, Spa, 24/7 Security",8.7,708
Mayfair Villas Leh 63,Leh,4.7,17106,"Premium luxury accommodation in Leh. Features world-class dining, customized guest services, elegant architecture, and a highly scenic environment.","Spa, AC, WiFi, Free Breakfast, Valet Parking, Balcony Room, Restaurant",4.7,1061
Grand Stays Leh 64,Leh,4.7,15703,"Premium luxury accommodation in Leh. Features world-class dining, customized guest services, elegant architecture, and a highly scenic environment.","Free Parking, Room Service, Valet Parking, 24/7 Security, Laundry Service, Spa, Swimming Pool",2.3,955
Saffron Stays Chalet Leh 65,Leh,3.5,1040,"Comfortable budget-friendly lodging in Leh. Offers clean rooms, helpful service, and basic amenities perfect for cost-conscious travelers.","Spa, Balcony Room, Free Parking, Gym, 24/7 Security, Valet Parking",5.5,1383
Vista Suites Leh 66,Leh,4.4,17629,"Premium luxury accommodation in Leh. Features world-class dining, customized guest services, elegant architecture, and a highly scenic environment.","Restaurant, WiFi, Swimming Pool, Balcony Room, Free Parking, Gym",5.3,1957
Taj Palace Leh 67,Leh,4.7,9845,"Premium luxury accommodation in Leh. Features world-class dining, customized guest services, elegant architecture, and a highly scenic environment.","24/7 Security, Bar, Restaurant, Gym, Swimming Pool, Room Service, AC",7.5,749
Radisson Haven Leh 68,Leh,4.2,3861,"Modern mid-range hotel in Leh offering excellent value, well-appointed guest rooms, great dining, and a convenient location close to key city highlights.","WiFi, Balcony Room, Free Breakfast, Laundry Service, Free Parking, Spa, Restaurant, AC",4.1,828
Ginger Castle Leh 69,Leh,3.8,4452,"Modern mid-range hotel in Leh offering excellent value, well-appointed guest rooms, great dining, and a convenient location close to key city highlights.","Gym, Free Breakfast, Bar, Valet Parking, Laundry Service, WiFi, Restaurant, AC",8.7,1124
Treebo Resort Leh 70,Leh,3.5,1809,"Comfortable budget-friendly lodging in Leh. Offers clean rooms, helpful service, and basic amenities perfect for cost-conscious travelers.","WiFi, Balcony Room, Valet Parking, Free Breakfast, Laundry Service, 24/7 Security",5.9,121
Grand Lodge Kolkata 1,Kolkata,4.5,6893,"Premium luxury accommodation in Kolkata. Features world-class dining, customized guest services, elegant architecture, and a highly scenic environment.","24/7 Security, Spa, Swimming Pool, Laundry Service, Valet Parking, Gym, Bar",9.4,1457
Saffron Stays Manor Kolkata 2,Kolkata,4.0,3158,"Modern mid-range hotel in Kolkata offering excellent value, well-appointed guest rooms, great dining, and a convenient location close to key city highlights.","Gym, Balcony Room, Swimming Pool, Bar, AC",5.6,551
Vista Inn Kolkata 3,Kolkata,3.0,899,"Comfortable budget-friendly lodging in Kolkata. Offers clean rooms, helpful service, and basic amenities perfect for cost-conscious travelers.","Restaurant, AC, WiFi, Swimming Pool",8.4,1396
Taj Retreat Kolkata 4,Kolkata,3.4,1227,"Comfortable budget-friendly lodging in Kolkata. Offers clean rooms, helpful service, and basic amenities perfect for cost-conscious travelers.","Spa, WiFi, AC, Balcony Room, Laundry Service, Valet Parking",0.6,1171
Radisson Villas Kolkata 5,Kolkata,3.4,1594,"Comfortable budget-friendly lodging in Kolkata. Offers clean rooms, helpful service, and basic amenities perfect for cost-conscious travelers.","Spa, 24/7 Security, AC, Valet Parking, Gym, Free Parking",1.2,203
Ginger Stays Kolkata 6,Kolkata,3.6,1925,"Comfortable budget-friendly lodging in Kolkata. Offers clean rooms, helpful service, and basic amenities perfect for cost-conscious travelers.","Gym, Swimming Pool, WiFi, 24/7 Security, Free Breakfast",0.9,929
Treebo Chalet Kolkata 7,Kolkata,3.2,1992,"Comfortable budget-friendly lodging in Kolkata. Offers clean rooms, helpful service, and basic amenities perfect for cost-conscious travelers.","Bar, Free Breakfast, Valet Parking, Restaurant, WiFi, Balcony Room",7.3,1246
Capital O Suites Kolkata 8,Kolkata,4.3,4345,"Modern mid-range hotel in Kolkata offering excellent value, well-appointed guest rooms, great dining, and a convenient location close to key city highlights.","WiFi, Room Service, Swimming Pool, Free Parking, Balcony Room, Laundry Service",8.0,1560
Ritz Palace Kolkata 9,Kolkata,4.6,11767,"Premium luxury accommodation in Kolkata. Features world-class dining, customized guest services, elegant architecture, and a highly scenic environment.","24/7 Security, Balcony Room, Gym, Laundry Service, Bar, Spa, AC",9.5,757
Whispering Palms Haven Kolkata 10,Kolkata,4.2,2356,"Modern mid-range hotel in Kolkata offering excellent value, well-appointed guest rooms, great dining, and a convenient location close to key city highlights.","24/7 Security, AC, Gym, Bar, Spa, Restaurant, Swimming Pool",2.4,1945
Paradise Castle Kolkata 11,Kolkata,3.1,1180,"Comfortable budget-friendly lodging in Kolkata. Offers clean rooms, helpful service, and basic amenities perfect for cost-conscious travelers.","24/7 Security, Balcony Room, AC, Free Breakfast, Swimming Pool, WiFi, Valet Parking, Gym",3.2,877
Silver Sands Resort Kolkata 12,Kolkata,3.0,1403,"Comfortable budget-friendly lodging in Kolkata. Offers clean rooms, helpful service, and basic amenities perfect for cost-conscious travelers.","Spa, Gym, Bar, Free Breakfast, Laundry Service, Free Parking, Restaurant, WiFi",6.3,1197
Alpine Lodge Hotel Kolkata 13,Kolkata,3.1,1764,"Comfortable budget-friendly lodging in Kolkata. Offers clean rooms, helpful service, and basic amenities perfect for cost-conscious travelers.","Free Breakfast, Bar, Gym, Spa",1.3,1025
Mayfair Lodge Kolkata 14,Kolkata,4.7,15224,"Premium luxury accommodation in Kolkata. Features world-class dining, customized guest services, elegant architecture, and a highly scenic environment.","Balcony Room, Free Breakfast, Valet Parking, Laundry Service, Bar, Spa, AC, WiFi",3.1,961
Grand Manor Kolkata 15,Kolkata,4.9,13562,"Premium luxury accommodation in Kolkata. Features world-class dining, customized guest services, elegant architecture, and a highly scenic environment.","Valet Parking, Room Service, Free Parking, Swimming Pool, AC, 24/7 Security, Gym, WiFi",4.6,226
Saffron Stays Inn Kolkata 16,Kolkata,3.6,1032,"Comfortable budget-friendly lodging in Kolkata. Offers clean rooms, helpful service, and basic amenities perfect for cost-conscious travelers.","Swimming Pool, Restaurant, Spa, 24/7 Security",1.2,609
Vista Retreat Kolkata 17,Kolkata,4.4,13204,"Premium luxury accommodation in Kolkata. Features world-class dining, customized guest services, elegant architecture, and a highly scenic environment.","Bar, Restaurant, AC, Free Breakfast, Gym, Swimming Pool",8.7,1925
Taj Villas Kolkata 18,Kolkata,3.4,952,"Comfortable budget-friendly lodging in Kolkata. Offers clean rooms, helpful service, and basic amenities perfect for cost-conscious travelers.","Balcony Room, Valet Parking, Restaurant, Swimming Pool, Free Parking, WiFi, AC",3.9,667
Radisson Stays Kolkata 19,Kolkata,3.6,1450,"Comfortable budget-friendly lodging in Kolkata. Offers clean rooms, helpful service, and basic amenities perfect for cost-conscious travelers.","Room Service, Bar, Free Breakfast, WiFi",1.9,25
Ginger Chalet Kolkata 20,Kolkata,4.8,15641,"Premium luxury accommodation in Kolkata. Features world-class dining, customized guest services, elegant architecture, and a highly scenic environment.","Free Breakfast, AC, Swimming Pool, Balcony Room",0.4,223
Treebo Suites Kolkata 21,Kolkata,3.4,875,"Comfortable budget-friendly lodging in Kolkata. Offers clean rooms, helpful service, and basic amenities perfect for cost-conscious travelers.","Swimming Pool, Laundry Service, Spa, Free Breakfast",2.1,463
Capital O Palace Kolkata 22,Kolkata,4.7,15889,"Premium luxury accommodation in Kolkata. Features world-class dining, customized guest services, elegant architecture, and a highly scenic environment.","Laundry Service, Balcony Room, Swimming Pool, Free Breakfast, Spa, WiFi, Gym, Free Parking",4.5,789
Ritz Haven Kolkata 23,Kolkata,3.7,1664,"Comfortable budget-friendly lodging in Kolkata. Offers clean rooms, helpful service, and basic amenities perfect for cost-conscious travelers.","WiFi, Balcony Room, Swimming Pool, Free Parking, Valet Parking, Bar",2.8,275
Whispering Palms Castle Kolkata 24,Kolkata,4.6,16842,"Premium luxury accommodation in Kolkata. Features world-class dining, customized guest services, elegant architecture, and a highly scenic environment.","Valet Parking, Free Breakfast, Room Service, Spa",8.1,163
Paradise Resort Kolkata 25,Kolkata,3.2,1373,"Comfortable budget-friendly lodging in Kolkata. Offers clean rooms, helpful service, and basic amenities perfect for cost-conscious travelers.","Restaurant, 24/7 Security, Valet Parking, Spa, Balcony Room",9.1,1458
Silver Sands Hotel Kolkata 26,Kolkata,5.0,6142,"Premium luxury accommodation in Kolkata. Features world-class dining, customized guest services, elegant architecture, and a highly scenic environment.","Restaurant, Free Breakfast, Bar, Balcony Room",6.3,1940
Alpine Lodge Lodge Kolkata 27,Kolkata,3.9,3125,"Modern mid-range hotel in Kolkata offering excellent value, well-appointed guest rooms, great dining, and a convenient location close to key city highlights.","Spa, Balcony Room, Gym, WiFi, AC, Restaurant, 24/7 Security, Bar",0.8,172
Mayfair Manor Kolkata 28,Kolkata,3.8,4093,"Modern mid-range hotel in Kolkata offering excellent value, well-appointed guest rooms, great dining, and a convenient location close to key city highlights.","AC, WiFi, Gym, Room Service, Free Parking, Bar",1.0,1447
Grand Inn Kolkata 29,Kolkata,3.7,1104,"Comfortable budget-friendly lodging in Kolkata. Offers clean rooms, helpful service, and basic amenities perfect for cost-conscious travelers.","Restaurant, Valet Parking, AC, 24/7 Security, Bar",1.5,1741
Saffron Stays Retreat Kolkata 30,Kolkata,4.5,9696,"Premium luxury accommodation in Kolkata. Features world-class dining, customized guest services, elegant architecture, and a highly scenic environment.","Restaurant, Bar, Gym, Valet Parking, Swimming Pool, AC, Balcony Room",5.6,654
Vista Villas Kolkata 31,Kolkata,3.0,869,"Comfortable budget-friendly lodging in Kolkata. Offers clean rooms, helpful service, and basic amenities perfect for cost-conscious travelers.","Laundry Service, Restaurant, Swimming Pool, Valet Parking, Gym, Free Breakfast",9.3,1911
Taj Stays Kolkata 32,Kolkata,4.3,2916,"Modern mid-range hotel in Kolkata offering excellent value, well-appointed guest rooms, great dining, and a convenient location close to key city highlights.","Laundry Service, AC, Valet Parking, Gym, Swimming Pool, WiFi",9.0,1122
Radisson Chalet Kolkata 33,Kolkata,4.2,4801,"Modern mid-range hotel in Kolkata offering excellent value, well-appointed guest rooms, great dining, and a convenient location close to key city highlights.","Laundry Service, Free Breakfast, Room Service, AC",5.5,1411
Ginger Suites Kolkata 34,Kolkata,4.5,12419,"Premium luxury accommodation in Kolkata. Features world-class dining, customized guest services, elegant architecture, and a highly scenic environment.","WiFi, Swimming Pool, Room Service, Valet Parking, Gym, Balcony Room, Restaurant",1.1,1389
Treebo Palace Kolkata 35,Kolkata,3.6,1369,"Comfortable budget-friendly lodging in Kolkata. Offers clean rooms, helpful service, and basic amenities perfect for cost-conscious travelers.","Free Breakfast, Restaurant, Balcony Room, Gym, Laundry Service, 24/7 Security",6.7,770
Capital O Haven Kolkata 36,Kolkata,5.0,15699,"Premium luxury accommodation in Kolkata. Features world-class dining, customized guest services, elegant architecture, and a highly scenic environment.","Free Breakfast, Gym, AC, Free Parking, Balcony Room, WiFi, Swimming Pool, Bar",4.1,1590
Ritz Castle Kolkata 37,Kolkata,3.7,1543,"Comfortable budget-friendly lodging in Kolkata. Offers clean rooms, helpful service, and basic amenities perfect for cost-conscious travelers.","Swimming Pool, Laundry Service, Valet Parking, Free Breakfast, Bar",0.6,18
Whispering Palms Resort Kolkata 38,Kolkata,4.6,8510,"Premium luxury accommodation in Kolkata. Features world-class dining, customized guest services, elegant architecture, and a highly scenic environment.","WiFi, Swimming Pool, Valet Parking, 24/7 Security, Room Service, Bar, AC",5.3,1436
Paradise Hotel Kolkata 39,Kolkata,3.9,4638,"Modern mid-range hotel in Kolkata offering excellent value, well-appointed guest rooms, great dining, and a convenient location close to key city highlights.","Valet Parking, Free Parking, Bar, Spa",5.4,680
Silver Sands Lodge Kolkata 40,Kolkata,4.4,15767,"Premium luxury accommodation in Kolkata. Features world-class dining, customized guest services, elegant architecture, and a highly scenic environment.","WiFi, Free Parking, Bar, Free Breakfast, 24/7 Security, Spa",4.8,1096
Alpine Lodge Manor Kolkata 41,Kolkata,3.5,1113,"Comfortable budget-friendly lodging in Kolkata. Offers clean rooms, helpful service, and basic amenities perfect for cost-conscious travelers.","AC, Room Service, WiFi, Balcony Room, Gym, Spa, Restaurant",0.8,1934
Mayfair Inn Kolkata 42,Kolkata,4.3,2370,"Modern mid-range hotel in Kolkata offering excellent value, well-appointed guest rooms, great dining, and a convenient location close to key city highlights.","Bar, Restaurant, WiFi, Laundry Service, AC, Spa, Free Breakfast, 24/7 Security",6.2,1837
Grand Retreat Kolkata 43,Kolkata,4.2,4091,"Modern mid-range hotel in Kolkata offering excellent value, well-appointed guest rooms, great dining, and a convenient location close to key city highlights.","Valet Parking, Balcony Room, Laundry Service, WiFi, AC, Room Service, Gym, 24/7 Security",7.3,317
Saffron Stays Villas Kolkata 44,Kolkata,4.9,6929,"Premium luxury accommodation in Kolkata. Features world-class dining, customized guest services, elegant architecture, and a highly scenic environment.","Free Parking, Bar, Balcony Room, Spa, Room Service, Laundry Service, Valet Parking",2.1,1967
Vista Stays Kolkata 45,Kolkata,3.2,1474,"Comfortable budget-friendly lodging in Kolkata. Offers clean rooms, helpful service, and basic amenities perfect for cost-conscious travelers.","Free Breakfast, Balcony Room, Spa, Bar, WiFi, Gym, Laundry Service",9.0,1836
Taj Chalet Kolkata 46,Kolkata,3.9,3739,"Modern mid-range hotel in Kolkata offering excellent value, well-appointed guest rooms, great dining, and a convenient location close to key city highlights.","Valet Parking, Free Breakfast, Balcony Room, Swimming Pool, Restaurant",1.0,581
Radisson Suites Kolkata 47,Kolkata,4.6,13139,"Premium luxury accommodation in Kolkata. Features world-class dining, customized guest services, elegant architecture, and a highly scenic environment.","Gym, Spa, Balcony Room, Bar, Free Breakfast, Valet Parking, Free Parking",8.2,378
Ginger Palace Kolkata 48,Kolkata,4.8,6658,"Premium luxury accommodation in Kolkata. Features world-class dining, customized guest services, elegant architecture, and a highly scenic environment.","Valet Parking, Spa, WiFi, Free Parking, Restaurant, 24/7 Security",0.4,1226
Treebo Haven Kolkata 49,Kolkata,3.5,1785,"Comfortable budget-friendly lodging in Kolkata. Offers clean rooms, helpful service, and basic amenities perfect for cost-conscious travelers.","Swimming Pool, Bar, Laundry Service, Room Service, Free Breakfast, Balcony Room",5.9,1272
Capital O Castle Kolkata 50,Kolkata,3.6,1501,"Comfortable budget-friendly lodging in Kolkata. Offers clean rooms, helpful service, and basic amenities perfect for cost-conscious travelers.","Balcony Room, Laundry Service, Bar, Free Parking",1.4,1974
Ritz Resort Kolkata 51,Kolkata,4.7,10406,"Premium luxury accommodation in Kolkata. Features world-class dining, customized guest services, elegant architecture, and a highly scenic environment.","Balcony Room, Laundry Service, WiFi, Free Parking, Bar",3.5,1747
Whispering Palms Hotel Kolkata 52,Kolkata,4.5,13968,"Premium luxury accommodation in Kolkata. Features world-class dining, customized guest services, elegant architecture, and a highly scenic environment.","Free Breakfast, Free Parking, Valet Parking, 24/7 Security, Gym, AC, Restaurant",6.4,383
Paradise Lodge Kolkata 53,Kolkata,4.0,3885,"Modern mid-range hotel in Kolkata offering excellent value, well-appointed guest rooms, great dining, and a convenient location close to key city highlights.","Bar, Free Breakfast, Spa, Gym, Room Service, Swimming Pool, AC, Balcony Room",7.5,156
Silver Sands Manor Kolkata 54,Kolkata,3.3,1104,"Comfortable budget-friendly lodging in Kolkata. Offers clean rooms, helpful service, and basic amenities perfect for cost-conscious travelers.","Gym, Bar, Swimming Pool, Valet Parking",6.3,1313
Alpine Lodge Inn Kolkata 55,Kolkata,3.1,1224,"Comfortable budget-friendly lodging in Kolkata. Offers clean rooms, helpful service, and basic amenities perfect for cost-conscious travelers.","Swimming Pool, WiFi, Free Breakfast, Bar",1.9,1946
Mayfair Retreat Kolkata 56,Kolkata,4.5,5726,"Premium luxury accommodation in Kolkata. Features world-class dining, customized guest services, elegant architecture, and a highly scenic environment.","Balcony Room, Restaurant, AC, Free Parking, 24/7 Security",9.1,1714
Grand Villas Kolkata 57,Kolkata,4.6,9724,"Premium luxury accommodation in Kolkata. Features world-class dining, customized guest services, elegant architecture, and a highly scenic environment.","Spa, Gym, Balcony Room, Valet Parking",1.8,1763
Saffron Stays Stays Kolkata 58,Kolkata,3.3,868,"Comfortable budget-friendly lodging in Kolkata. Offers clean rooms, helpful service, and basic amenities perfect for cost-conscious travelers.","Free Breakfast, 24/7 Security, Gym, Room Service, Bar, Balcony Room, WiFi, AC",7.2,1483
Vista Chalet Kolkata 59,Kolkata,4.2,2848,"Modern mid-range hotel in Kolkata offering excellent value, well-appointed guest rooms, great dining, and a convenient location close to key city highlights.","Balcony Room, Swimming Pool, Gym, Free Breakfast, WiFi, Room Service, Bar, Restaurant",8.4,1973
Taj Suites Kolkata 60,Kolkata,4.0,3964,"Modern mid-range hotel in Kolkata offering excellent value, well-appointed guest rooms, great dining, and a convenient location close to key city highlights.","Spa, Swimming Pool, Gym, 24/7 Security, AC, Room Service, Balcony Room, Laundry Service",3.6,120
Radisson Palace Kolkata 61,Kolkata,4.0,4528,"Modern mid-range hotel in Kolkata offering excellent value, well-appointed guest rooms, great dining, and a convenient location close to key city highlights.","Gym, Free Breakfast, Swimming Pool, Bar, Valet Parking, Balcony Room, Free Parking, Room Service",8.0,627
Ginger Haven Kolkata 62,Kolkata,3.5,1915,"Comfortable budget-friendly lodging in Kolkata. Offers clean rooms, helpful service, and basic amenities perfect for cost-conscious travelers.","24/7 Security, Balcony Room, Gym, Room Service, WiFi, Valet Parking, Free Breakfast, Bar",2.7,1341
Treebo Castle Kolkata 63,Kolkata,3.9,2947,"Modern mid-range hotel in Kolkata offering excellent value, well-appointed guest rooms, great dining, and a convenient location close to key city highlights.","Swimming Pool, Balcony Room, Gym, Valet Parking, Free Breakfast, WiFi, Restaurant, Free Parking",2.6,356
Capital O Resort Kolkata 64,Kolkata,3.6,1550,"Comfortable budget-friendly lodging in Kolkata. Offers clean rooms, helpful service, and basic amenities perfect for cost-conscious travelers.","Restaurant, WiFi, Free Breakfast, Valet Parking, 24/7 Security, Free Parking",3.1,486
Ritz Hotel Kolkata 65,Kolkata,4.8,10274,"Premium luxury accommodation in Kolkata. Features world-class dining, customized guest services, elegant architecture, and a highly scenic environment.","Room Service, Spa, Gym, Restaurant, Balcony Room, Swimming Pool, Free Parking, AC",4.9,1377
Whispering Palms Lodge Kolkata 66,Kolkata,4.1,2733,"Modern mid-range hotel in Kolkata offering excellent value, well-appointed guest rooms, great dining, and a convenient location close to key city highlights.","Laundry Service, Valet Parking, Gym, Room Service, Bar, WiFi, Spa, Free Parking",8.7,584
Paradise Manor Kolkata 67,Kolkata,4.0,4423,"Modern mid-range hotel in Kolkata offering excellent value, well-appointed guest rooms, great dining, and a convenient location close to key city highlights.","24/7 Security, Spa, Bar, Room Service, Free Breakfast, Valet Parking, Gym, Free Parking",0.8,770
Silver Sands Inn Kolkata 68,Kolkata,3.9,3207,"Modern mid-range hotel in Kolkata offering excellent value, well-appointed guest rooms, great dining, and a convenient location close to key city highlights.","Bar, 24/7 Security, Gym, Valet Parking",7.1,923
Alpine Lodge Retreat Kolkata 69,Kolkata,4.5,11247,"Premium luxury accommodation in Kolkata. Features world-class dining, customized guest services, elegant architecture, and a highly scenic environment.","AC, Laundry Service, Free Breakfast, WiFi, Balcony Room, Gym, Room Service",1.0,1183
Mayfair Villas Kolkata 70,Kolkata,4.6,6131,"Premium luxury accommodation in Kolkata. Features world-class dining, customized guest services, elegant architecture, and a highly scenic environment.","Valet Parking, Swimming Pool, 24/7 Security, Free Parking, Bar, Laundry Service, Gym",0.3,511
Capital O Chalet Darjeeling 1,Darjeeling,4.0,4975,"Modern mid-range hotel in Darjeeling offering excellent value, well-appointed guest rooms, great dining, and a convenient location close to key city highlights.","Balcony Room, Gym, Restaurant, Laundry Service",0.6,1008
Ritz Suites Darjeeling 2,Darjeeling,4.0,2316,"Modern mid-range hotel in Darjeeling offering excellent value, well-appointed guest rooms, great dining, and a convenient location close to key city highlights.","WiFi, 24/7 Security, Gym, Free Breakfast, Free Parking, Valet Parking, Balcony Room",4.0,1670
Whispering Palms Palace Darjeeling 3,Darjeeling,4.1,2561,"Modern mid-range hotel in Darjeeling offering excellent value, well-appointed guest rooms, great dining, and a convenient location close to key city highlights.","WiFi, Restaurant, Bar, Room Service",1.3,986
Paradise Haven Darjeeling 4,Darjeeling,3.3,997,"Comfortable budget-friendly lodging in Darjeeling. Offers clean rooms, helpful service, and basic amenities perfect for cost-conscious travelers.","Spa, Restaurant, Free Breakfast, 24/7 Security, Balcony Room, Laundry Service, AC",5.4,1918
Silver Sands Castle Darjeeling 5,Darjeeling,4.0,2603,"Modern mid-range hotel in Darjeeling offering excellent value, well-appointed guest rooms, great dining, and a convenient location close to key city highlights.","24/7 Security, Bar, WiFi, AC, Balcony Room, Spa",5.5,1250
Alpine Lodge Resort Darjeeling 6,Darjeeling,3.0,1248,"Comfortable budget-friendly lodging in Darjeeling. Offers clean rooms, helpful service, and basic amenities perfect for cost-conscious travelers.","24/7 Security, Free Breakfast, Free Parking, Laundry Service, Swimming Pool, Spa, WiFi",7.8,335
Mayfair Hotel Darjeeling 7,Darjeeling,4.8,17255,"Premium luxury accommodation in Darjeeling. Features world-class dining, customized guest services, elegant architecture, and a highly scenic environment.","Free Parking, Bar, Free Breakfast, Room Service",7.7,1995
Grand Lodge Darjeeling 8,Darjeeling,4.2,2959,"Modern mid-range hotel in Darjeeling offering excellent value, well-appointed guest rooms, great dining, and a convenient location close to key city highlights.","Valet Parking, Balcony Room, Bar, WiFi, Room Service, Swimming Pool",5.4,1553
Saffron Stays Manor Darjeeling 9,Darjeeling,4.6,11789,"Premium luxury accommodation in Darjeeling. Features world-class dining, customized guest services, elegant architecture, and a highly scenic environment.","Balcony Room, 24/7 Security, Valet Parking, Restaurant, Laundry Service, Bar, AC, Spa",9.0,924
Vista Inn Darjeeling 10,Darjeeling,5.0,17191,"Premium luxury accommodation in Darjeeling. Features world-class dining, customized guest services, elegant architecture, and a highly scenic environment.","24/7 Security, Swimming Pool, Valet Parking, Free Breakfast, Restaurant, Free Parking, Spa, WiFi",9.2,543
Taj Retreat Darjeeling 11,Darjeeling,3.1,1540,"Comfortable budget-friendly lodging in Darjeeling. Offers clean rooms, helpful service, and basic amenities perfect for cost-conscious travelers.","Bar, Valet Parking, Laundry Service, Balcony Room",4.0,1643
Radisson Villas Darjeeling 12,Darjeeling,5.0,5157,"Premium luxury accommodation in Darjeeling. Features world-class dining, customized guest services, elegant architecture, and a highly scenic environment.","24/7 Security, Spa, WiFi, Swimming Pool, AC, Free Breakfast, Bar, Restaurant",7.0,1401
Ginger Stays Darjeeling 13,Darjeeling,3.5,849,"Comfortable budget-friendly lodging in Darjeeling. Offers clean rooms, helpful service, and basic amenities perfect for cost-conscious travelers.","Gym, Restaurant, Laundry Service, Swimming Pool",3.0,78
Treebo Chalet Darjeeling 14,Darjeeling,3.7,1903,"Comfortable budget-friendly lodging in Darjeeling. Offers clean rooms, helpful service, and basic amenities perfect for cost-conscious travelers.","AC, Laundry Service, Free Breakfast, WiFi",5.5,1736
Capital O Suites Darjeeling 15,Darjeeling,3.5,1356,"Comfortable budget-friendly lodging in Darjeeling. Offers clean rooms, helpful service, and basic amenities perfect for cost-conscious travelers.","Bar, Restaurant, Room Service, 24/7 Security, WiFi, Free Parking, Valet Parking",0.5,611
Ritz Palace Darjeeling 16,Darjeeling,3.1,1399,"Comfortable budget-friendly lodging in Darjeeling. Offers clean rooms, helpful service, and basic amenities perfect for cost-conscious travelers.","Restaurant, Bar, Balcony Room, Free Parking, Free Breakfast, AC, Gym",2.9,1991
Whispering Palms Haven Darjeeling 17,Darjeeling,4.1,3805,"Modern mid-range hotel in Darjeeling offering excellent value, well-appointed guest rooms, great dining, and a convenient location close to key city highlights.","Spa, Bar, AC, WiFi, Restaurant, Room Service",5.6,300
Paradise Castle Darjeeling 18,Darjeeling,4.7,11493,"Premium luxury accommodation in Darjeeling. Features world-class dining, customized guest services, elegant architecture, and a highly scenic environment.","Spa, Bar, Free Breakfast, AC, WiFi, Swimming Pool, Gym",5.1,1436
Silver Sands Resort Darjeeling 19,Darjeeling,3.9,3357,"Modern mid-range hotel in Darjeeling offering excellent value, well-appointed guest rooms, great dining, and a convenient location close to key city highlights.","Swimming Pool, Room Service, Balcony Room, Spa",6.4,228
Alpine Lodge Hotel Darjeeling 20,Darjeeling,4.6,11292,"Premium luxury accommodation in Darjeeling. Features world-class dining, customized guest services, elegant architecture, and a highly scenic environment.","Spa, Laundry Service, 24/7 Security, Bar, WiFi, Room Service",6.4,763
Mayfair Lodge Darjeeling 21,Darjeeling,4.1,4464,"Modern mid-range hotel in Darjeeling offering excellent value, well-appointed guest rooms, great dining, and a convenient location close to key city highlights.","Restaurant, Gym, Swimming Pool, Bar",8.9,909
Grand Manor Darjeeling 22,Darjeeling,4.7,6157,"Premium luxury accommodation in Darjeeling. Features world-class dining, customized guest services, elegant architecture, and a highly scenic environment.","Restaurant, Swimming Pool, Laundry Service, AC, Balcony Room, Free Breakfast, Room Service",8.2,1997
Saffron Stays Inn Darjeeling 23,Darjeeling,4.4,11345,"Premium luxury accommodation in Darjeeling. Features world-class dining, customized guest services, elegant architecture, and a highly scenic environment.","Balcony Room, 24/7 Security, Swimming Pool, Laundry Service, WiFi",6.6,1838
Vista Retreat Darjeeling 24,Darjeeling,3.5,1120,"Comfortable budget-friendly lodging in Darjeeling. Offers clean rooms, helpful service, and basic amenities perfect for cost-conscious travelers.","Swimming Pool, Free Parking, Free Breakfast, AC, Valet Parking",0.6,751
Taj Villas Darjeeling 25,Darjeeling,3.6,1569,"Comfortable budget-friendly lodging in Darjeeling. Offers clean rooms, helpful service, and basic amenities perfect for cost-conscious travelers.","AC, Room Service, Restaurant, Valet Parking",2.7,1225
Radisson Stays Darjeeling 26,Darjeeling,3.8,3496,"Modern mid-range hotel in Darjeeling offering excellent value, well-appointed guest rooms, great dining, and a convenient location close to key city highlights.","Free Parking, 24/7 Security, Spa, Restaurant, Laundry Service, Swimming Pool, Gym, Room Service",4.9,1592
Ginger Chalet Darjeeling 27,Darjeeling,3.1,980,"Comfortable budget-friendly lodging in Darjeeling. Offers clean rooms, helpful service, and basic amenities perfect for cost-conscious travelers.","Balcony Room, Free Breakfast, Laundry Service, Spa, Restaurant",9.0,1408
Treebo Suites Darjeeling 28,Darjeeling,4.4,17573,"Premium luxury accommodation in Darjeeling. Features world-class dining, customized guest services, elegant architecture, and a highly scenic environment.","Valet Parking, Free Parking, Balcony Room, Spa, 24/7 Security, Free Breakfast, Bar",9.3,199
Capital O Palace Darjeeling 29,Darjeeling,4.4,9360,"Premium luxury accommodation in Darjeeling. Features world-class dining, customized guest services, elegant architecture, and a highly scenic environment.","Room Service, Free Parking, Restaurant, WiFi, Laundry Service, Valet Parking",3.7,1752
Ritz Haven Darjeeling 30,Darjeeling,4.5,13919,"Premium luxury accommodation in Darjeeling. Features world-class dining, customized guest services, elegant architecture, and a highly scenic environment.","AC, Gym, Free Parking, Spa, Restaurant, Room Service",7.1,1649
Whispering Palms Castle Darjeeling 31,Darjeeling,4.0,4294,"Modern mid-range hotel in Darjeeling offering excellent value, well-appointed guest rooms, great dining, and a convenient location close to key city highlights.","Laundry Service, Free Breakfast, Gym, 24/7 Security",3.8,1317
Paradise Resort Darjeeling 32,Darjeeling,4.3,3955,"Modern mid-range hotel in Darjeeling offering excellent value, well-appointed guest rooms, great dining, and a convenient location close to key city highlights.","24/7 Security, Restaurant, Free Parking, Free Breakfast, Gym, Laundry Service, WiFi",3.1,571
Silver Sands Hotel Darjeeling 33,Darjeeling,4.7,10744,"Premium luxury accommodation in Darjeeling. Features world-class dining, customized guest services, elegant architecture, and a highly scenic environment.","Free Parking, Swimming Pool, Room Service, Free Breakfast",1.3,269
Alpine Lodge Lodge Darjeeling 34,Darjeeling,4.7,14365,"Premium luxury accommodation in Darjeeling. Features world-class dining, customized guest services, elegant architecture, and a highly scenic environment.","Restaurant, Free Breakfast, AC, 24/7 Security, Valet Parking, Free Parking, Room Service",7.2,1427
Mayfair Manor Darjeeling 35,Darjeeling,4.2,4409,"Modern mid-range hotel in Darjeeling offering excellent value, well-appointed guest rooms, great dining, and a convenient location close to key city highlights.","Free Parking, Gym, Bar, Spa",3.7,528
Grand Inn Darjeeling 36,Darjeeling,3.3,1981,"Comfortable budget-friendly lodging in Darjeeling. Offers clean rooms, helpful service, and basic amenities perfect for cost-conscious travelers.","Gym, Swimming Pool, Free Breakfast, AC, Free Parking, Valet Parking, WiFi, Restaurant",7.6,871
Saffron Stays Retreat Darjeeling 37,Darjeeling,4.5,12331,"Premium luxury accommodation in Darjeeling. Features world-class dining, customized guest services, elegant architecture, and a highly scenic environment.","Free Parking, Swimming Pool, WiFi, Laundry Service, Bar, AC",7.0,445
Vista Villas Darjeeling 38,Darjeeling,4.6,17020,"Premium luxury accommodation in Darjeeling. Features world-class dining, customized guest services, elegant architecture, and a highly scenic environment.","Laundry Service, Balcony Room, AC, Free Breakfast, WiFi, Restaurant, Room Service, Valet Parking",4.3,1988
Taj Stays Darjeeling 39,Darjeeling,4.0,2454,"Modern mid-range hotel in Darjeeling offering excellent value, well-appointed guest rooms, great dining, and a convenient location close to key city highlights.","WiFi, Bar, Free Breakfast, Valet Parking, Balcony Room, Spa",9.2,1958
Radisson Chalet Darjeeling 40,Darjeeling,4.5,16423,"Premium luxury accommodation in Darjeeling. Features world-class dining, customized guest services, elegant architecture, and a highly scenic environment.","Bar, Balcony Room, Restaurant, Valet Parking",5.9,83
Ginger Suites Darjeeling 41,Darjeeling,4.3,4543,"Modern mid-range hotel in Darjeeling offering excellent value, well-appointed guest rooms, great dining, and a convenient location close to key city highlights.","Room Service, Bar, Free Breakfast, 24/7 Security, Spa, Laundry Service, AC, Balcony Room",2.1,539
Treebo Palace Darjeeling 42,Darjeeling,4.9,9376,"Premium luxury accommodation in Darjeeling. Features world-class dining, customized guest services, elegant architecture, and a highly scenic environment.","Restaurant, Bar, 24/7 Security, Valet Parking, Free Breakfast, AC, Room Service, Swimming Pool",2.4,702
Capital O Haven Darjeeling 43,Darjeeling,4.4,8010,"Premium luxury accommodation in Darjeeling. Features world-class dining, customized guest services, elegant architecture, and a highly scenic environment.","Valet Parking, Bar, WiFi, Free Parking",8.5,1959
Ritz Castle Darjeeling 44,Darjeeling,3.4,820,"Comfortable budget-friendly lodging in Darjeeling. Offers clean rooms, helpful service, and basic amenities perfect for cost-conscious travelers.","Spa, Free Breakfast, Valet Parking, 24/7 Security, Balcony Room, Room Service, Free Parking",4.6,1181
Whispering Palms Resort Darjeeling 45,Darjeeling,3.7,1839,"Comfortable budget-friendly lodging in Darjeeling. Offers clean rooms, helpful service, and basic amenities perfect for cost-conscious travelers.","Free Breakfast, WiFi, Valet Parking, Room Service, Free Parking, Restaurant, Spa, Bar",8.4,883
Paradise Hotel Darjeeling 46,Darjeeling,4.6,5374,"Premium luxury accommodation in Darjeeling. Features world-class dining, customized guest services, elegant architecture, and a highly scenic environment.","AC, Balcony Room, Free Parking, Room Service, WiFi",7.5,393
Silver Sands Lodge Darjeeling 47,Darjeeling,4.6,12129,"Premium luxury accommodation in Darjeeling. Features world-class dining, customized guest services, elegant architecture, and a highly scenic environment.","Restaurant, Room Service, Spa, Laundry Service, Free Parking, Balcony Room",1.9,748
Alpine Lodge Manor Darjeeling 48,Darjeeling,3.1,1787,"Comfortable budget-friendly lodging in Darjeeling. Offers clean rooms, helpful service, and basic amenities perfect for cost-conscious travelers.","Balcony Room, AC, Swimming Pool, 24/7 Security, Bar, Gym, Free Breakfast, Room Service",8.3,966
Mayfair Inn Darjeeling 49,Darjeeling,4.4,9195,"Premium luxury accommodation in Darjeeling. Features world-class dining, customized guest services, elegant architecture, and a highly scenic environment.","Restaurant, Free Breakfast, Swimming Pool, AC, Balcony Room",5.4,142
Grand Retreat Darjeeling 50,Darjeeling,4.2,3595,"Modern mid-range hotel in Darjeeling offering excellent value, well-appointed guest rooms, great dining, and a convenient location close to key city highlights.","Laundry Service, AC, Free Parking, Bar, WiFi",8.1,1416
Saffron Stays Villas Darjeeling 51,Darjeeling,3.9,2711,"Modern mid-range hotel in Darjeeling offering excellent value, well-appointed guest rooms, great dining, and a convenient location close to key city highlights.","Free Parking, Spa, Bar, WiFi, Swimming Pool, AC",5.8,724
Vista Stays Darjeeling 52,Darjeeling,3.9,3951,"Modern mid-range hotel in Darjeeling offering excellent value, well-appointed guest rooms, great dining, and a convenient location close to key city highlights.","WiFi, Free Breakfast, Free Parking, Room Service, Spa, Gym, Balcony Room, Laundry Service",6.4,53
Taj Chalet Darjeeling 53,Darjeeling,4.0,2805,"Modern mid-range hotel in Darjeeling offering excellent value, well-appointed guest rooms, great dining, and a convenient location close to key city highlights.","24/7 Security, Valet Parking, Restaurant, Free Parking, WiFi",1.4,1949
Radisson Suites Darjeeling 54,Darjeeling,4.5,9909,"Premium luxury accommodation in Darjeeling. Features world-class dining, customized guest services, elegant architecture, and a highly scenic environment.","Spa, AC, Free Parking, Balcony Room, Restaurant",6.0,210
Ginger Palace Darjeeling 55,Darjeeling,4.1,2369,"Modern mid-range hotel in Darjeeling offering excellent value, well-appointed guest rooms, great dining, and a convenient location close to key city highlights.","Laundry Service, Free Parking, Balcony Room, Bar, 24/7 Security, Swimming Pool, Room Service",6.2,367
Treebo Haven Darjeeling 56,Darjeeling,4.1,3230,"Modern mid-range hotel in Darjeeling offering excellent value, well-appointed guest rooms, great dining, and a convenient location close to key city highlights.","Restaurant, WiFi, Gym, Swimming Pool, Laundry Service, Room Service, Spa",5.3,1237
Capital O Castle Darjeeling 57,Darjeeling,4.8,9311,"Premium luxury accommodation in Darjeeling. Features world-class dining, customized guest services, elegant architecture, and a highly scenic environment.","Bar, Free Parking, Balcony Room, Swimming Pool, Laundry Service, Spa, WiFi",7.7,1702
Ritz Resort Darjeeling 58,Darjeeling,3.5,921,"Comfortable budget-friendly lodging in Darjeeling. Offers clean rooms, helpful service, and basic amenities perfect for cost-conscious travelers.","Free Parking, AC, 24/7 Security, Laundry Service, Valet Parking, Restaurant",1.5,1185
Whispering Palms Hotel Darjeeling 59,Darjeeling,4.9,9752,"Premium luxury accommodation in Darjeeling. Features world-class dining, customized guest services, elegant architecture, and a highly scenic environment.","Room Service, Laundry Service, Gym, Free Breakfast, Bar",8.4,1394
Paradise Lodge Darjeeling 60,Darjeeling,4.5,9702,"Premium luxury accommodation in Darjeeling. Features world-class dining, customized guest services, elegant architecture, and a highly scenic environment.","Room Service, Balcony Room, Restaurant, AC, Gym",4.6,991
Silver Sands Manor Darjeeling 61,Darjeeling,3.5,1926,"Comfortable budget-friendly lodging in Darjeeling. Offers clean rooms, helpful service, and basic amenities perfect for cost-conscious travelers.","WiFi, Valet Parking, Gym, Balcony Room, Spa, Free Breakfast",4.6,289
Alpine Lodge Inn Darjeeling 62,Darjeeling,4.4,6299,"Premium luxury accommodation in Darjeeling. Features world-class dining, customized guest services, elegant architecture, and a highly scenic environment.","Free Parking, Gym, Swimming Pool, AC, Spa, Bar, WiFi",9.0,685
Mayfair Retreat Darjeeling 63,Darjeeling,3.7,1123,"Comfortable budget-friendly lodging in Darjeeling. Offers clean rooms, helpful service, and basic amenities perfect for cost-conscious travelers.","Free Breakfast, Free Parking, 24/7 Security, Spa, Restaurant, Valet Parking, Gym",6.6,304
Grand Villas Darjeeling 64,Darjeeling,3.8,4287,"Modern mid-range hotel in Darjeeling offering excellent value, well-appointed guest rooms, great dining, and a convenient location close to key city highlights.","24/7 Security, Valet Parking, Free Breakfast, Free Parking, Gym, Room Service, Restaurant",8.2,172
Saffron Stays Stays Darjeeling 65,Darjeeling,4.6,13627,"Premium luxury accommodation in Darjeeling. Features world-class dining, customized guest services, elegant architecture, and a highly scenic environment.","Free Breakfast, Spa, Room Service, Balcony Room, Laundry Service, Restaurant, Free Parking",7.5,795
Vista Chalet Darjeeling 66,Darjeeling,4.8,6367,"Premium luxury accommodation in Darjeeling. Features world-class dining, customized guest services, elegant architecture, and a highly scenic environment.","Restaurant, WiFi, Free Breakfast, AC",6.7,1764
Taj Suites Darjeeling 67,Darjeeling,4.6,14778,"Premium luxury accommodation in Darjeeling. Features world-class dining, customized guest services, elegant architecture, and a highly scenic environment.","Balcony Room, Free Parking, AC, Bar, Spa, Restaurant, Swimming Pool",7.1,1005
Radisson Palace Darjeeling 68,Darjeeling,3.4,1852,"Comfortable budget-friendly lodging in Darjeeling. Offers clean rooms, helpful service, and basic amenities perfect for cost-conscious travelers.","Spa, WiFi, Restaurant, 24/7 Security",2.6,1452
Ginger Haven Darjeeling 69,Darjeeling,4.8,12539,"Premium luxury accommodation in Darjeeling. Features world-class dining, customized guest services, elegant architecture, and a highly scenic environment.","Free Parking, Swimming Pool, Spa, Balcony Room",7.4,583
Treebo Castle Darjeeling 70,Darjeeling,3.5,1308,"Comfortable budget-friendly lodging in Darjeeling. Offers clean rooms, helpful service, and basic amenities perfect for cost-conscious travelers.","WiFi, Spa, AC, Bar, Free Breakfast, Room Service, Swimming Pool",2.8,820
Grand Hotel Shimla 1,Shimla,3.4,1532,"Comfortable budget-friendly lodging in Shimla. Offers clean rooms, helpful service, and basic amenities perfect for cost-conscious travelers.","WiFi, Swimming Pool, Free Parking, Gym, Bar, Laundry Service",8.6,1365
Saffron Stays Lodge Shimla 2,Shimla,3.2,1033,"Comfortable budget-friendly lodging in Shimla. Offers clean rooms, helpful service, and basic amenities perfect for cost-conscious travelers.","Room Service, Restaurant, Bar, AC, Free Breakfast, Gym",9.1,197
Vista Manor Shimla 3,Shimla,4.6,12817,"Premium luxury accommodation in Shimla. Features world-class dining, customized guest services, elegant architecture, and a highly scenic environment.","Valet Parking, WiFi, Balcony Room, Swimming Pool",9.4,1429
Taj Inn Shimla 4,Shimla,3.9,4323,"Modern mid-range hotel in Shimla offering excellent value, well-appointed guest rooms, great dining, and a convenient location close to key city highlights.","Swimming Pool, Free Breakfast, Bar, AC, WiFi",7.6,487
Radisson Retreat Shimla 5,Shimla,3.0,1012,"Comfortable budget-friendly lodging in Shimla. Offers clean rooms, helpful service, and basic amenities perfect for cost-conscious travelers.","Gym, Free Breakfast, Balcony Room, Valet Parking, Free Parking, 24/7 Security, WiFi",0.9,1823
Ginger Villas Shimla 6,Shimla,4.7,6600,"Premium luxury accommodation in Shimla. Features world-class dining, customized guest services, elegant architecture, and a highly scenic environment.","Free Parking, Spa, AC, 24/7 Security, Swimming Pool, Room Service",5.9,333
Treebo Stays Shimla 7,Shimla,4.8,7609,"Premium luxury accommodation in Shimla. Features world-class dining, customized guest services, elegant architecture, and a highly scenic environment.","WiFi, Balcony Room, AC, Swimming Pool, Gym, Room Service",3.7,562
Capital O Chalet Shimla 8,Shimla,4.7,14724,"Premium luxury accommodation in Shimla. Features world-class dining, customized guest services, elegant architecture, and a highly scenic environment.","AC, WiFi, Spa, Laundry Service, Bar, Swimming Pool, Restaurant",2.4,1121
Ritz Suites Shimla 9,Shimla,4.4,9534,"Premium luxury accommodation in Shimla. Features world-class dining, customized guest services, elegant architecture, and a highly scenic environment.","Swimming Pool, Balcony Room, Room Service, WiFi, Laundry Service, Restaurant, Bar",0.6,1841
Whispering Palms Palace Shimla 10,Shimla,3.6,1296,"Comfortable budget-friendly lodging in Shimla. Offers clean rooms, helpful service, and basic amenities perfect for cost-conscious travelers.","Valet Parking, Swimming Pool, Free Parking, Bar",5.8,1876
Paradise Haven Shimla 11,Shimla,4.8,15275,"Premium luxury accommodation in Shimla. Features world-class dining, customized guest services, elegant architecture, and a highly scenic environment.","WiFi, Spa, Free Breakfast, AC, Free Parking, Gym, Restaurant",7.6,1559
Silver Sands Castle Shimla 12,Shimla,4.0,3985,"Modern mid-range hotel in Shimla offering excellent value, well-appointed guest rooms, great dining, and a convenient location close to key city highlights.","AC, Balcony Room, WiFi, Bar, Restaurant, Room Service, Laundry Service, Gym",1.5,977
Alpine Lodge Resort Shimla 13,Shimla,3.7,1359,"Comfortable budget-friendly lodging in Shimla. Offers clean rooms, helpful service, and basic amenities perfect for cost-conscious travelers.","Spa, Restaurant, AC, 24/7 Security, WiFi",3.7,1805
Mayfair Hotel Shimla 14,Shimla,3.5,1824,"Comfortable budget-friendly lodging in Shimla. Offers clean rooms, helpful service, and basic amenities perfect for cost-conscious travelers.","24/7 Security, Swimming Pool, Valet Parking, Free Breakfast, Bar, Restaurant, Balcony Room",7.0,336
Grand Lodge Shimla 15,Shimla,4.0,4043,"Modern mid-range hotel in Shimla offering excellent value, well-appointed guest rooms, great dining, and a convenient location close to key city highlights.","24/7 Security, Swimming Pool, Restaurant, Room Service",5.3,1625
Saffron Stays Manor Shimla 16,Shimla,3.2,913,"Comfortable budget-friendly lodging in Shimla. Offers clean rooms, helpful service, and basic amenities perfect for cost-conscious travelers.","Room Service, WiFi, Swimming Pool, Free Parking, Free Breakfast, Bar",3.4,1013
Vista Inn Shimla 17,Shimla,3.1,1148,"Comfortable budget-friendly lodging in Shimla. Offers clean rooms, helpful service, and basic amenities perfect for cost-conscious travelers.","Free Breakfast, Valet Parking, Room Service, AC, Bar, WiFi, Restaurant",2.6,603
Taj Retreat Shimla 18,Shimla,3.2,1412,"Comfortable budget-friendly lodging in Shimla. Offers clean rooms, helpful service, and basic amenities perfect for cost-conscious travelers.","Valet Parking, Spa, Free Parking, Restaurant, 24/7 Security, AC",4.7,1298
Radisson Villas Shimla 19,Shimla,3.0,1903,"Comfortable budget-friendly lodging in Shimla. Offers clean rooms, helpful service, and basic amenities perfect for cost-conscious travelers.","Valet Parking, Bar, WiFi, Swimming Pool",3.2,263
Ginger Stays Shimla 20,Shimla,3.5,1848,"Comfortable budget-friendly lodging in Shimla. Offers clean rooms, helpful service, and basic amenities perfect for cost-conscious travelers.","24/7 Security, Spa, AC, Room Service, Restaurant, Free Breakfast, WiFi",2.9,531
Treebo Chalet Shimla 21,Shimla,3.1,1953,"Comfortable budget-friendly lodging in Shimla. Offers clean rooms, helpful service, and basic amenities perfect for cost-conscious travelers.","Swimming Pool, Restaurant, Spa, WiFi, Free Breakfast, AC, Balcony Room, Gym",6.2,100
Capital O Suites Shimla 22,Shimla,3.9,2318,"Modern mid-range hotel in Shimla offering excellent value, well-appointed guest rooms, great dining, and a convenient location close to key city highlights.","Gym, AC, Bar, Free Parking, Free Breakfast, Spa",6.4,472
Ritz Palace Shimla 23,Shimla,4.2,4664,"Modern mid-range hotel in Shimla offering excellent value, well-appointed guest rooms, great dining, and a convenient location close to key city highlights.","AC, Balcony Room, Valet Parking, Swimming Pool, WiFi, Bar, Restaurant",1.2,950
Whispering Palms Haven Shimla 24,Shimla,4.6,10282,"Premium luxury accommodation in Shimla. Features world-class dining, customized guest services, elegant architecture, and a highly scenic environment.","WiFi, 24/7 Security, Free Breakfast, AC",0.2,1418
Paradise Castle Shimla 25,Shimla,4.7,12490,"Premium luxury accommodation in Shimla. Features world-class dining, customized guest services, elegant architecture, and a highly scenic environment.","24/7 Security, Swimming Pool, Valet Parking, Room Service, WiFi, Free Parking",8.6,1878
Silver Sands Resort Shimla 26,Shimla,3.9,3025,"Modern mid-range hotel in Shimla offering excellent value, well-appointed guest rooms, great dining, and a convenient location close to key city highlights.","Room Service, Restaurant, Bar, Valet Parking, Free Breakfast",4.2,1094
Alpine Lodge Hotel Shimla 27,Shimla,4.3,3979,"Modern mid-range hotel in Shimla offering excellent value, well-appointed guest rooms, great dining, and a convenient location close to key city highlights.","24/7 Security, WiFi, AC, Valet Parking, Free Breakfast, Spa, Swimming Pool",5.8,336
Mayfair Lodge Shimla 28,Shimla,4.6,7897,"Premium luxury accommodation in Shimla. Features world-class dining, customized guest services, elegant architecture, and a highly scenic environment.","24/7 Security, Gym, Restaurant, Free Parking, Swimming Pool, Valet Parking, Balcony Room, WiFi",9.0,1222
Grand Manor Shimla 29,Shimla,4.6,6814,"Premium luxury accommodation in Shimla. Features world-class dining, customized guest services, elegant architecture, and a highly scenic environment.","Spa, Free Breakfast, Balcony Room, Bar, Free Parking, 24/7 Security",5.1,411
Saffron Stays Inn Shimla 30,Shimla,3.8,3899,"Modern mid-range hotel in Shimla offering excellent value, well-appointed guest rooms, great dining, and a convenient location close to key city highlights.","24/7 Security, Valet Parking, WiFi, Room Service, Free Parking, Swimming Pool",1.7,1587
Vista Retreat Shimla 31,Shimla,3.1,1996,"Comfortable budget-friendly lodging in Shimla. Offers clean rooms, helpful service, and basic amenities perfect for cost-conscious travelers.","24/7 Security, Restaurant, Valet Parking, Free Breakfast, AC, Room Service",9.4,1114
Taj Villas Shimla 32,Shimla,3.1,1161,"Comfortable budget-friendly lodging in Shimla. Offers clean rooms, helpful service, and basic amenities perfect for cost-conscious travelers.","Bar, 24/7 Security, AC, Spa, WiFi",5.1,859
Radisson Stays Shimla 33,Shimla,3.2,829,"Comfortable budget-friendly lodging in Shimla. Offers clean rooms, helpful service, and basic amenities perfect for cost-conscious travelers.","Room Service, WiFi, Spa, Bar, Free Breakfast, 24/7 Security, Swimming Pool, AC",3.9,1339
Ginger Chalet Shimla 34,Shimla,3.3,896,"Comfortable budget-friendly lodging in Shimla. Offers clean rooms, helpful service, and basic amenities perfect for cost-conscious travelers.","Valet Parking, Gym, Free Breakfast, WiFi, 24/7 Security, Bar, Room Service",5.9,1822
Treebo Suites Shimla 35,Shimla,4.8,6730,"Premium luxury accommodation in Shimla. Features world-class dining, customized guest services, elegant architecture, and a highly scenic environment.","Swimming Pool, AC, Free Breakfast, 24/7 Security, Balcony Room, Laundry Service",6.7,320
Capital O Palace Shimla 36,Shimla,5.0,11649,"Premium luxury accommodation in Shimla. Features world-class dining, customized guest services, elegant architecture, and a highly scenic environment.","Room Service, AC, Valet Parking, Gym, 24/7 Security, WiFi",1.3,746
Ritz Haven Shimla 37,Shimla,3.5,1569,"Comfortable budget-friendly lodging in Shimla. Offers clean rooms, helpful service, and basic amenities perfect for cost-conscious travelers.","Free Breakfast, Gym, Spa, WiFi, Free Parking, Valet Parking, Room Service, Balcony Room",8.3,746
Whispering Palms Castle Shimla 38,Shimla,3.1,1925,"Comfortable budget-friendly lodging in Shimla. Offers clean rooms, helpful service, and basic amenities perfect for cost-conscious travelers.","AC, Free Parking, Restaurant, WiFi",5.9,1155
Paradise Resort Shimla 39,Shimla,4.6,12587,"Premium luxury accommodation in Shimla. Features world-class dining, customized guest services, elegant architecture, and a highly scenic environment.","Balcony Room, Laundry Service, Room Service, Free Breakfast, Swimming Pool",7.8,1107
Silver Sands Hotel Shimla 40,Shimla,4.8,15420,"Premium luxury accommodation in Shimla. Features world-class dining, customized guest services, elegant architecture, and a highly scenic environment.","Swimming Pool, 24/7 Security, WiFi, Valet Parking, Laundry Service, AC",3.8,1115
Alpine Lodge Lodge Shimla 41,Shimla,3.6,1388,"Comfortable budget-friendly lodging in Shimla. Offers clean rooms, helpful service, and basic amenities perfect for cost-conscious travelers.","Balcony Room, Valet Parking, Free Parking, Gym, WiFi",7.2,576
Mayfair Manor Shimla 42,Shimla,3.9,2922,"Modern mid-range hotel in Shimla offering excellent value, well-appointed guest rooms, great dining, and a convenient location close to key city highlights.","Balcony Room, Laundry Service, Valet Parking, AC, WiFi, Room Service",5.8,1756
Grand Inn Shimla 43,Shimla,4.9,13134,"Premium luxury accommodation in Shimla. Features world-class dining, customized guest services, elegant architecture, and a highly scenic environment.","AC, Restaurant, Free Parking, Laundry Service",2.4,773
Saffron Stays Retreat Shimla 44,Shimla,4.2,2021,"Modern mid-range hotel in Shimla offering excellent value, well-appointed guest rooms, great dining, and a convenient location close to key city highlights.","Restaurant, Free Breakfast, Free Parking, WiFi, Bar, Room Service",7.8,128
Vista Villas Shimla 45,Shimla,3.5,830,"Comfortable budget-friendly lodging in Shimla. Offers clean rooms, helpful service, and basic amenities perfect for cost-conscious travelers.","Free Breakfast, Laundry Service, Room Service, Free Parking, WiFi",1.6,942
Taj Stays Shimla 46,Shimla,3.9,3508,"Modern mid-range hotel in Shimla offering excellent value, well-appointed guest rooms, great dining, and a convenient location close to key city highlights.","Gym, WiFi, Laundry Service, 24/7 Security",3.1,1301
Radisson Chalet Shimla 47,Shimla,4.6,6937,"Premium luxury accommodation in Shimla. Features world-class dining, customized guest services, elegant architecture, and a highly scenic environment.","Room Service, Bar, Free Breakfast, 24/7 Security, Restaurant, Valet Parking, Gym, Free Parking",4.9,10
Ginger Suites Shimla 48,Shimla,4.1,2737,"Modern mid-range hotel in Shimla offering excellent value, well-appointed guest rooms, great dining, and a convenient location close to key city highlights.","Restaurant, WiFi, AC, Spa, Room Service, Laundry Service, Bar",7.5,920
Treebo Palace Shimla 49,Shimla,3.3,1444,"Comfortable budget-friendly lodging in Shimla. Offers clean rooms, helpful service, and basic amenities perfect for cost-conscious travelers.","Spa, WiFi, Bar, Balcony Room, Room Service",3.5,664
Capital O Haven Shimla 50,Shimla,4.7,5918,"Premium luxury accommodation in Shimla. Features world-class dining, customized guest services, elegant architecture, and a highly scenic environment.","Gym, Bar, Spa, Restaurant",4.5,198
Ritz Castle Shimla 51,Shimla,4.6,14058,"Premium luxury accommodation in Shimla. Features world-class dining, customized guest services, elegant architecture, and a highly scenic environment.","Free Breakfast, Laundry Service, Bar, WiFi, Valet Parking, Swimming Pool, Gym, AC",6.0,1426
Whispering Palms Resort Shimla 52,Shimla,3.2,1886,"Comfortable budget-friendly lodging in Shimla. Offers clean rooms, helpful service, and basic amenities perfect for cost-conscious travelers.","Swimming Pool, Room Service, WiFi, Bar, Balcony Room, Restaurant",1.1,55
Paradise Hotel Shimla 53,Shimla,4.9,5053,"Premium luxury accommodation in Shimla. Features world-class dining, customized guest services, elegant architecture, and a highly scenic environment.","Restaurant, Laundry Service, WiFi, Balcony Room, Bar, Swimming Pool, Free Parking",4.1,1246
Silver Sands Lodge Shimla 54,Shimla,4.8,8487,"Premium luxury accommodation in Shimla. Features world-class dining, customized guest services, elegant architecture, and a highly scenic environment.","24/7 Security, Balcony Room, Spa, Free Breakfast, AC",6.7,307
Alpine Lodge Manor Shimla 55,Shimla,4.6,11269,"Premium luxury accommodation in Shimla. Features world-class dining, customized guest services, elegant architecture, and a highly scenic environment.","Free Parking, Balcony Room, Restaurant, Free Breakfast, Gym, Room Service, Laundry Service, AC",5.9,96
Mayfair Inn Shimla 56,Shimla,4.1,2617,"Modern mid-range hotel in Shimla offering excellent value, well-appointed guest rooms, great dining, and a convenient location close to key city highlights.","Spa, Gym, Free Parking, WiFi, AC, Laundry Service",3.5,416
Grand Retreat Shimla 57,Shimla,3.8,2185,"Modern mid-range hotel in Shimla offering excellent value, well-appointed guest rooms, great dining, and a convenient location close to key city highlights.","Swimming Pool, Spa, Restaurant, Balcony Room, Gym, Free Breakfast, Free Parking",5.8,618
Saffron Stays Villas Shimla 58,Shimla,4.2,2560,"Modern mid-range hotel in Shimla offering excellent value, well-appointed guest rooms, great dining, and a convenient location close to key city highlights.","Room Service, Swimming Pool, Free Parking, Gym, AC, Valet Parking",5.5,1791
Vista Stays Shimla 59,Shimla,3.4,1409,"Comfortable budget-friendly lodging in Shimla. Offers clean rooms, helpful service, and basic amenities perfect for cost-conscious travelers.","AC, Bar, Laundry Service, Gym, Swimming Pool",6.3,1855
Taj Chalet Shimla 60,Shimla,4.5,10162,"Premium luxury accommodation in Shimla. Features world-class dining, customized guest services, elegant architecture, and a highly scenic environment.","24/7 Security, Restaurant, Bar, AC, Room Service, Swimming Pool, Valet Parking, WiFi",7.2,1205
Radisson Suites Shimla 61,Shimla,3.6,1022,"Comfortable budget-friendly lodging in Shimla. Offers clean rooms, helpful service, and basic amenities perfect for cost-conscious travelers.","AC, Valet Parking, Gym, Laundry Service, Swimming Pool, Room Service",4.3,1137
Ginger Palace Shimla 62,Shimla,4.2,3682,"Modern mid-range hotel in Shimla offering excellent value, well-appointed guest rooms, great dining, and a convenient location close to key city highlights.","Gym, Laundry Service, WiFi, Spa, Balcony Room",0.2,328
Treebo Haven Shimla 63,Shimla,4.6,8443,"Premium luxury accommodation in Shimla. Features world-class dining, customized guest services, elegant architecture, and a highly scenic environment.","Balcony Room, Gym, Valet Parking, Room Service, Laundry Service",6.0,500
Capital O Castle Shimla 64,Shimla,3.2,1967,"Comfortable budget-friendly lodging in Shimla. Offers clean rooms, helpful service, and basic amenities perfect for cost-conscious travelers.","WiFi, 24/7 Security, Spa, Bar, Balcony Room, Valet Parking, Free Breakfast",0.3,21
Ritz Resort Shimla 65,Shimla,3.0,1435,"Comfortable budget-friendly lodging in Shimla. Offers clean rooms, helpful service, and basic amenities perfect for cost-conscious travelers.","24/7 Security, Room Service, AC, Valet Parking, Laundry Service",4.9,967
Whispering Palms Hotel Shimla 66,Shimla,3.1,1823,"Comfortable budget-friendly lodging in Shimla. Offers clean rooms, helpful service, and basic amenities perfect for cost-conscious travelers.","AC, WiFi, Valet Parking, Spa, Free Breakfast",3.1,1512
Paradise Lodge Shimla 67,Shimla,4.0,3714,"Modern mid-range hotel in Shimla offering excellent value, well-appointed guest rooms, great dining, and a convenient location close to key city highlights.","Gym, AC, Room Service, WiFi, Bar, Balcony Room, Free Breakfast",1.9,128
Silver Sands Manor Shimla 68,Shimla,4.7,17691,"Premium luxury accommodation in Shimla. Features world-class dining, customized guest services, elegant architecture, and a highly scenic environment.","Spa, Gym, 24/7 Security, WiFi, Free Parking, Free Breakfast, Laundry Service, Room Service",5.8,1199
Alpine Lodge Inn Shimla 69,Shimla,4.1,3206,"Modern mid-range hotel in Shimla offering excellent value, well-appointed guest rooms, great dining, and a convenient location close to key city highlights.","Free Breakfast, WiFi, Laundry Service, Valet Parking, Balcony Room, Bar, Swimming Pool",5.0,1898
Mayfair Retreat Shimla 70,Shimla,3.8,2427,"Modern mid-range hotel in Shimla offering excellent value, well-appointed guest rooms, great dining, and a convenient location close to key city highlights.","Free Parking, Room Service, Laundry Service, Valet Parking",8.3,1353
Capital O Stays Manali 1,Manali,4.7,11783,"Premium luxury accommodation in Manali. Features world-class dining, customized guest services, elegant architecture, and a highly scenic environment.","AC, Free Breakfast, Room Service, Laundry Service, Spa",4.9,1341
Ritz Chalet Manali 2,Manali,3.1,1667,"Comfortable budget-friendly lodging in Manali. Offers clean rooms, helpful service, and basic amenities perfect for cost-conscious travelers.","Free Parking, AC, WiFi, Valet Parking, 24/7 Security, Balcony Room, Swimming Pool, Free Breakfast",4.7,106
Whispering Palms Suites Manali 3,Manali,3.6,1134,"Comfortable budget-friendly lodging in Manali. Offers clean rooms, helpful service, and basic amenities perfect for cost-conscious travelers.","Spa, Room Service, Laundry Service, Restaurant, AC, Bar",4.8,57
Paradise Palace Manali 4,Manali,3.8,2307,"Modern mid-range hotel in Manali offering excellent value, well-appointed guest rooms, great dining, and a convenient location close to key city highlights.","Free Parking, Spa, 24/7 Security, Laundry Service, Restaurant, Swimming Pool, Free Breakfast",9.4,916
Silver Sands Haven Manali 5,Manali,3.0,1052,"Comfortable budget-friendly lodging in Manali. Offers clean rooms, helpful service, and basic amenities perfect for cost-conscious travelers.","Room Service, WiFi, Balcony Room, Gym",2.6,1494
Alpine Lodge Castle Manali 6,Manali,3.0,1918,"Comfortable budget-friendly lodging in Manali. Offers clean rooms, helpful service, and basic amenities perfect for cost-conscious travelers.","Valet Parking, Restaurant, 24/7 Security, Room Service, Free Breakfast, Laundry Service",5.5,1943
Mayfair Resort Manali 7,Manali,4.6,9451,"Premium luxury accommodation in Manali. Features world-class dining, customized guest services, elegant architecture, and a highly scenic environment.","Gym, Balcony Room, Restaurant, AC, Bar, Room Service, Laundry Service, Free Parking",4.4,1517
Grand Hotel Manali 8,Manali,4.3,3584,"Modern mid-range hotel in Manali offering excellent value, well-appointed guest rooms, great dining, and a convenient location close to key city highlights.","Spa, Swimming Pool, Gym, 24/7 Security",6.4,1042
Saffron Stays Lodge Manali 9,Manali,4.4,11919,"Premium luxury accommodation in Manali. Features world-class dining, customized guest services, elegant architecture, and a highly scenic environment.","Valet Parking, Balcony Room, AC, Restaurant, WiFi, Bar, Free Breakfast",6.1,631
Vista Manor Manali 10,Manali,3.4,849,"Comfortable budget-friendly lodging in Manali. Offers clean rooms, helpful service, and basic amenities perfect for cost-conscious travelers.","Free Breakfast, Valet Parking, Room Service, WiFi, Gym, Balcony Room, Spa, Bar",7.4,1455
Taj Inn Manali 11,Manali,4.8,8951,"Premium luxury accommodation in Manali. Features world-class dining, customized guest services, elegant architecture, and a highly scenic environment.","Swimming Pool, Spa, AC, Room Service, Laundry Service, Free Breakfast, WiFi",2.8,1843
Radisson Retreat Manali 12,Manali,3.2,1455,"Comfortable budget-friendly lodging in Manali. Offers clean rooms, helpful service, and basic amenities perfect for cost-conscious travelers.","Room Service, Laundry Service, Swimming Pool, Gym, Free Breakfast, 24/7 Security, Valet Parking",2.8,352
Ginger Villas Manali 13,Manali,4.9,6956,"Premium luxury accommodation in Manali. Features world-class dining, customized guest services, elegant architecture, and a highly scenic environment.","Laundry Service, Bar, AC, Spa, Restaurant, Free Breakfast, Free Parking",9.2,526
Treebo Stays Manali 14,Manali,3.5,1027,"Comfortable budget-friendly lodging in Manali. Offers clean rooms, helpful service, and basic amenities perfect for cost-conscious travelers.","Room Service, Spa, Free Breakfast, Gym, WiFi, Bar, Valet Parking",3.9,286
Capital O Chalet Manali 15,Manali,3.1,1432,"Comfortable budget-friendly lodging in Manali. Offers clean rooms, helpful service, and basic amenities perfect for cost-conscious travelers.","Free Breakfast, Room Service, Restaurant, AC",2.5,37
Ritz Suites Manali 16,Manali,4.5,10440,"Premium luxury accommodation in Manali. Features world-class dining, customized guest services, elegant architecture, and a highly scenic environment.","Free Breakfast, Restaurant, AC, Valet Parking, Spa, Swimming Pool, Balcony Room",4.9,658
Whispering Palms Palace Manali 17,Manali,4.7,10618,"Premium luxury accommodation in Manali. Features world-class dining, customized guest services, elegant architecture, and a highly scenic environment.","Bar, Balcony Room, Laundry Service, Restaurant, Spa",2.6,1161
Paradise Haven Manali 18,Manali,4.6,11584,"Premium luxury accommodation in Manali. Features world-class dining, customized guest services, elegant architecture, and a highly scenic environment.","Spa, Free Parking, Balcony Room, 24/7 Security, Laundry Service, WiFi, Free Breakfast",1.6,1481
Silver Sands Castle Manali 19,Manali,3.8,4522,"Modern mid-range hotel in Manali offering excellent value, well-appointed guest rooms, great dining, and a convenient location close to key city highlights.","WiFi, AC, Laundry Service, Balcony Room, Swimming Pool, Bar",9.4,542
Alpine Lodge Resort Manali 20,Manali,3.2,1858,"Comfortable budget-friendly lodging in Manali. Offers clean rooms, helpful service, and basic amenities perfect for cost-conscious travelers.","Free Breakfast, Valet Parking, Gym, Room Service, AC",6.4,1086
Mayfair Hotel Manali 21,Manali,3.4,1284,"Comfortable budget-friendly lodging in Manali. Offers clean rooms, helpful service, and basic amenities perfect for cost-conscious travelers.","Spa, 24/7 Security, Gym, Room Service, Free Parking, Laundry Service, AC, Swimming Pool",1.6,1334
Grand Lodge Manali 22,Manali,4.8,11933,"Premium luxury accommodation in Manali. Features world-class dining, customized guest services, elegant architecture, and a highly scenic environment.","Valet Parking, AC, Spa, Free Parking, 24/7 Security, Laundry Service, Swimming Pool, WiFi",2.2,832
Saffron Stays Manor Manali 23,Manali,3.7,1350,"Comfortable budget-friendly lodging in Manali. Offers clean rooms, helpful service, and basic amenities perfect for cost-conscious travelers.","WiFi, Room Service, Restaurant, Gym, Free Breakfast, Swimming Pool, Valet Parking, AC",7.4,339
Vista Inn Manali 24,Manali,3.8,3970,"Modern mid-range hotel in Manali offering excellent value, well-appointed guest rooms, great dining, and a convenient location close to key city highlights.","Laundry Service, Bar, WiFi, Balcony Room, AC",0.4,1504
Taj Retreat Manali 25,Manali,3.2,1676,"Comfortable budget-friendly lodging in Manali. Offers clean rooms, helpful service, and basic amenities perfect for cost-conscious travelers.","Balcony Room, Restaurant, AC, Laundry Service, WiFi, Valet Parking, Swimming Pool",2.8,1613
Radisson Villas Manali 26,Manali,3.1,971,"Comfortable budget-friendly lodging in Manali. Offers clean rooms, helpful service, and basic amenities perfect for cost-conscious travelers.","WiFi, Free Parking, Swimming Pool, AC",3.8,1719
Ginger Stays Manali 27,Manali,4.3,3323,"Modern mid-range hotel in Manali offering excellent value, well-appointed guest rooms, great dining, and a convenient location close to key city highlights.","Bar, Restaurant, Valet Parking, Gym, WiFi, Free Parking",1.0,1822
Treebo Chalet Manali 28,Manali,4.0,3100,"Modern mid-range hotel in Manali offering excellent value, well-appointed guest rooms, great dining, and a convenient location close to key city highlights.","Spa, Laundry Service, Valet Parking, Free Breakfast, Restaurant, Balcony Room, WiFi",8.7,654
Capital O Suites Manali 29,Manali,3.4,1067,"Comfortable budget-friendly lodging in Manali. Offers clean rooms, helpful service, and basic amenities perfect for cost-conscious travelers.","Laundry Service, Balcony Room, Room Service, Free Parking, Valet Parking, Free Breakfast",6.6,1698
Ritz Palace Manali 30,Manali,3.4,1822,"Comfortable budget-friendly lodging in Manali. Offers clean rooms, helpful service, and basic amenities perfect for cost-conscious travelers.","Spa, Swimming Pool, AC, Valet Parking, Bar",7.8,1855
Whispering Palms Haven Manali 31,Manali,3.8,2434,"Modern mid-range hotel in Manali offering excellent value, well-appointed guest rooms, great dining, and a convenient location close to key city highlights.","Valet Parking, Free Breakfast, WiFi, Laundry Service",5.1,1377
Paradise Castle Manali 32,Manali,3.8,2269,"Modern mid-range hotel in Manali offering excellent value, well-appointed guest rooms, great dining, and a convenient location close to key city highlights.","Balcony Room, Free Breakfast, Swimming Pool, Gym",6.4,527
Silver Sands Resort Manali 33,Manali,3.0,1100,"Comfortable budget-friendly lodging in Manali. Offers clean rooms, helpful service, and basic amenities perfect for cost-conscious travelers.","WiFi, Balcony Room, AC, Restaurant, Spa, Free Parking",9.3,871
Alpine Lodge Hotel Manali 34,Manali,4.8,9214,"Premium luxury accommodation in Manali. Features world-class dining, customized guest services, elegant architecture, and a highly scenic environment.","Restaurant, Free Parking, Laundry Service, Balcony Room, AC",3.3,1889
Mayfair Lodge Manali 35,Manali,3.9,4809,"Modern mid-range hotel in Manali offering excellent value, well-appointed guest rooms, great dining, and a convenient location close to key city highlights.","WiFi, Bar, Gym, Restaurant, Free Breakfast, Free Parking",6.4,549
Grand Manor Manali 36,Manali,3.2,1642,"Comfortable budget-friendly lodging in Manali. Offers clean rooms, helpful service, and basic amenities perfect for cost-conscious travelers.","Spa, Room Service, Bar, Free Parking",8.3,403
Saffron Stays Inn Manali 37,Manali,4.4,14001,"Premium luxury accommodation in Manali. Features world-class dining, customized guest services, elegant architecture, and a highly scenic environment.","Valet Parking, Free Breakfast, Bar, Balcony Room, Free Parking, Room Service, 24/7 Security, Spa",5.4,1523
Vista Retreat Manali 38,Manali,3.4,1333,"Comfortable budget-friendly lodging in Manali. Offers clean rooms, helpful service, and basic amenities perfect for cost-conscious travelers.","Laundry Service, Bar, 24/7 Security, Spa",9.1,1985
Taj Villas Manali 39,Manali,4.1,2674,"Modern mid-range hotel in Manali offering excellent value, well-appointed guest rooms, great dining, and a convenient location close to key city highlights.","WiFi, 24/7 Security, Swimming Pool, AC, Restaurant",6.9,51
Radisson Stays Manali 40,Manali,4.8,9032,"Premium luxury accommodation in Manali. Features world-class dining, customized guest services, elegant architecture, and a highly scenic environment.","Free Parking, Free Breakfast, 24/7 Security, Restaurant, Laundry Service",6.1,598
Ginger Chalet Manali 41,Manali,3.5,1097,"Comfortable budget-friendly lodging in Manali. Offers clean rooms, helpful service, and basic amenities perfect for cost-conscious travelers.","Valet Parking, Restaurant, Bar, Laundry Service, Free Breakfast, Room Service, AC, Gym",6.6,1508
Treebo Suites Manali 42,Manali,3.6,910,"Comfortable budget-friendly lodging in Manali. Offers clean rooms, helpful service, and basic amenities perfect for cost-conscious travelers.","Balcony Room, Free Breakfast, 24/7 Security, Spa, Restaurant, AC",6.9,1880
Capital O Palace Manali 43,Manali,4.2,2615,"Modern mid-range hotel in Manali offering excellent value, well-appointed guest rooms, great dining, and a convenient location close to key city highlights.","Gym, Laundry Service, Restaurant, Swimming Pool, Free Parking, WiFi, AC, Balcony Room",6.0,1632
Ritz Haven Manali 44,Manali,4.3,2305,"Modern mid-range hotel in Manali offering excellent value, well-appointed guest rooms, great dining, and a convenient location close to key city highlights.","WiFi, Free Parking, 24/7 Security, Free Breakfast",5.4,607
Whispering Palms Castle Manali 45,Manali,5.0,15053,"Premium luxury accommodation in Manali. Features world-class dining, customized guest services, elegant architecture, and a highly scenic environment.","Spa, Free Parking, 24/7 Security, Gym, Swimming Pool, AC, Restaurant, Valet Parking",1.2,1039
Paradise Resort Manali 46,Manali,3.3,1528,"Comfortable budget-friendly lodging in Manali. Offers clean rooms, helpful service, and basic amenities perfect for cost-conscious travelers.","Bar, Free Parking, Free Breakfast, WiFi, Spa, Restaurant, Swimming Pool, Laundry Service",3.3,754
Silver Sands Hotel Manali 47,Manali,3.9,4346,"Modern mid-range hotel in Manali offering excellent value, well-appointed guest rooms, great dining, and a convenient location close to key city highlights.","Swimming Pool, Bar, Room Service, Restaurant, Gym, Laundry Service, 24/7 Security, Free Parking",3.4,249
Alpine Lodge Lodge Manali 48,Manali,4.3,2913,"Modern mid-range hotel in Manali offering excellent value, well-appointed guest rooms, great dining, and a convenient location close to key city highlights.","Gym, Restaurant, 24/7 Security, WiFi, Free Breakfast, Laundry Service",4.9,51
Mayfair Manor Manali 49,Manali,3.8,4671,"Modern mid-range hotel in Manali offering excellent value, well-appointed guest rooms, great dining, and a convenient location close to key city highlights.","Swimming Pool, Valet Parking, Gym, Free Parking, Bar",5.8,608
Grand Inn Manali 50,Manali,3.5,1721,"Comfortable budget-friendly lodging in Manali. Offers clean rooms, helpful service, and basic amenities perfect for cost-conscious travelers.","Valet Parking, 24/7 Security, Laundry Service, Restaurant, Bar, WiFi, Free Breakfast, Swimming Pool",9.5,1501
Saffron Stays Retreat Manali 51,Manali,4.7,7556,"Premium luxury accommodation in Manali. Features world-class dining, customized guest services, elegant architecture, and a highly scenic environment.","Spa, Swimming Pool, Laundry Service, 24/7 Security, Valet Parking, Balcony Room, AC, Room Service",6.1,203
Vista Villas Manali 52,Manali,4.9,13370,"Premium luxury accommodation in Manali. Features world-class dining, customized guest services, elegant architecture, and a highly scenic environment.","Bar, Restaurant, 24/7 Security, Free Breakfast",9.3,1044
Taj Stays Manali 53,Manali,4.2,3902,"Modern mid-range hotel in Manali offering excellent value, well-appointed guest rooms, great dining, and a convenient location close to key city highlights.","WiFi, Free Breakfast, Balcony Room, Bar, Valet Parking, 24/7 Security, Free Parking",5.9,1949
Radisson Chalet Manali 54,Manali,4.3,2081,"Modern mid-range hotel in Manali offering excellent value, well-appointed guest rooms, great dining, and a convenient location close to key city highlights.","Spa, AC, Laundry Service, Gym, Balcony Room, Free Breakfast, 24/7 Security",1.8,532
Ginger Suites Manali 55,Manali,4.4,17500,"Premium luxury accommodation in Manali. Features world-class dining, customized guest services, elegant architecture, and a highly scenic environment.","Spa, AC, Bar, Free Breakfast, Balcony Room",0.1,1584
Treebo Palace Manali 56,Manali,4.0,4151,"Modern mid-range hotel in Manali offering excellent value, well-appointed guest rooms, great dining, and a convenient location close to key city highlights.","Restaurant, Valet Parking, Free Breakfast, WiFi",4.6,1282
Capital O Haven Manali 57,Manali,5.0,17165,"Premium luxury accommodation in Manali. Features world-class dining, customized guest services, elegant architecture, and a highly scenic environment.","Free Breakfast, Free Parking, Room Service, Balcony Room, Laundry Service",6.3,343
Ritz Castle Manali 58,Manali,4.4,15678,"Premium luxury accommodation in Manali. Features world-class dining, customized guest services, elegant architecture, and a highly scenic environment.","Free Parking, Balcony Room, 24/7 Security, AC, Gym",3.8,1659
Whispering Palms Resort Manali 59,Manali,3.2,1863,"Comfortable budget-friendly lodging in Manali. Offers clean rooms, helpful service, and basic amenities perfect for cost-conscious travelers.","Bar, Restaurant, 24/7 Security, Swimming Pool, Free Parking, Room Service",6.4,1048
Paradise Hotel Manali 60,Manali,4.8,12411,"Premium luxury accommodation in Manali. Features world-class dining, customized guest services, elegant architecture, and a highly scenic environment.","Spa, Room Service, Balcony Room, AC, Valet Parking, WiFi, Swimming Pool, Gym",7.7,730
Silver Sands Lodge Manali 61,Manali,3.2,1982,"Comfortable budget-friendly lodging in Manali. Offers clean rooms, helpful service, and basic amenities perfect for cost-conscious travelers.","Spa, Free Breakfast, Restaurant, 24/7 Security, Room Service, Laundry Service",9.1,749
Alpine Lodge Manor Manali 62,Manali,4.3,2917,"Modern mid-range hotel in Manali offering excellent value, well-appointed guest rooms, great dining, and a convenient location close to key city highlights.","Gym, Swimming Pool, Laundry Service, Free Breakfast, Free Parking",8.9,476
Mayfair Inn Manali 63,Manali,3.1,1236,"Comfortable budget-friendly lodging in Manali. Offers clean rooms, helpful service, and basic amenities perfect for cost-conscious travelers.","Balcony Room, Free Breakfast, Bar, AC, Swimming Pool, Laundry Service",7.1,1769
Grand Retreat Manali 64,Manali,3.9,3477,"Modern mid-range hotel in Manali offering excellent value, well-appointed guest rooms, great dining, and a convenient location close to key city highlights.","Spa, Swimming Pool, WiFi, Valet Parking",7.5,361
Saffron Stays Villas Manali 65,Manali,4.0,3737,"Modern mid-range hotel in Manali offering excellent value, well-appointed guest rooms, great dining, and a convenient location close to key city highlights.","Laundry Service, Free Parking, 24/7 Security, Bar, Room Service, Free Breakfast",0.6,20
Vista Stays Manali 66,Manali,3.7,1056,"Comfortable budget-friendly lodging in Manali. Offers clean rooms, helpful service, and basic amenities perfect for cost-conscious travelers.","Gym, Room Service, Laundry Service, WiFi, AC, Balcony Room",1.0,1443
Taj Chalet Manali 67,Manali,3.0,1241,"Comfortable budget-friendly lodging in Manali. Offers clean rooms, helpful service, and basic amenities perfect for cost-conscious travelers.","Balcony Room, AC, Free Parking, Gym, Spa, Room Service, Free Breakfast",6.1,1867
Radisson Suites Manali 68,Manali,4.7,7748,"Premium luxury accommodation in Manali. Features world-class dining, customized guest services, elegant architecture, and a highly scenic environment.","Restaurant, Laundry Service, AC, Spa, 24/7 Security, Valet Parking, Free Breakfast",3.1,191
Ginger Palace Manali 69,Manali,3.2,1512,"Comfortable budget-friendly lodging in Manali. Offers clean rooms, helpful service, and basic amenities perfect for cost-conscious travelers.","Laundry Service, Restaurant, Gym, Room Service, Free Breakfast",1.4,1354
Treebo Haven Manali 70,Manali,3.1,1465,"Comfortable budget-friendly lodging in Manali. Offers clean rooms, helpful service, and basic amenities perfect for cost-conscious travelers.","Free Parking, Gym, Valet Parking, Swimming Pool, Restaurant, Balcony Room, Room Service",6.2,558
Grand Resort Dharamshala 1,Dharamshala,4.6,6884,"Premium luxury accommodation in Dharamshala. Features world-class dining, customized guest services, elegant architecture, and a highly scenic environment.","Valet Parking, Free Parking, AC, Laundry Service, Restaurant, Bar, Balcony Room, Swimming Pool",6.1,1380
Saffron Stays Hotel Dharamshala 2,Dharamshala,3.4,1369,"Comfortable budget-friendly lodging in Dharamshala. Offers clean rooms, helpful service, and basic amenities perfect for cost-conscious travelers.","Free Parking, Valet Parking, Spa, Free Breakfast",4.3,1371
Vista Lodge Dharamshala 3,Dharamshala,3.1,1526,"Comfortable budget-friendly lodging in Dharamshala. Offers clean rooms, helpful service, and basic amenities perfect for cost-conscious travelers.","Balcony Room, Gym, Laundry Service, Valet Parking, AC, Room Service, Bar",0.2,920
Taj Manor Dharamshala 4,Dharamshala,3.1,1024,"Comfortable budget-friendly lodging in Dharamshala. Offers clean rooms, helpful service, and basic amenities perfect for cost-conscious travelers.","Spa, Bar, Swimming Pool, Laundry Service, Valet Parking, WiFi, Gym, Room Service",6.2,899
Radisson Inn Dharamshala 5,Dharamshala,3.9,2077,"Modern mid-range hotel in Dharamshala offering excellent value, well-appointed guest rooms, great dining, and a convenient location close to key city highlights.","Bar, Free Parking, Swimming Pool, Restaurant, Laundry Service, Balcony Room, AC",4.1,1877
Ginger Retreat Dharamshala 6,Dharamshala,3.2,1635,"Comfortable budget-friendly lodging in Dharamshala. Offers clean rooms, helpful service, and basic amenities perfect for cost-conscious travelers.","Valet Parking, Free Breakfast, Laundry Service, AC, WiFi, Swimming Pool, Bar",0.6,563
Treebo Villas Dharamshala 7,Dharamshala,3.5,803,"Comfortable budget-friendly lodging in Dharamshala. Offers clean rooms, helpful service, and basic amenities perfect for cost-conscious travelers.","WiFi, Spa, AC, Laundry Service",3.6,938
Capital O Stays Dharamshala 8,Dharamshala,3.8,3245,"Modern mid-range hotel in Dharamshala offering excellent value, well-appointed guest rooms, great dining, and a convenient location close to key city highlights.","Bar, AC, Laundry Service, 24/7 Security, Balcony Room, Free Breakfast, Gym",6.9,1214
Ritz Chalet Dharamshala 9,Dharamshala,4.3,3964,"Modern mid-range hotel in Dharamshala offering excellent value, well-appointed guest rooms, great dining, and a convenient location close to key city highlights.","Swimming Pool, 24/7 Security, WiFi, Bar, Valet Parking, AC",5.0,1268
Whispering Palms Suites Dharamshala 10,Dharamshala,3.0,1111,"Comfortable budget-friendly lodging in Dharamshala. Offers clean rooms, helpful service, and basic amenities perfect for cost-conscious travelers.","Gym, WiFi, Free Parking, Restaurant, AC",7.3,390
Paradise Palace Dharamshala 11,Dharamshala,3.2,1793,"Comfortable budget-friendly lodging in Dharamshala. Offers clean rooms, helpful service, and basic amenities perfect for cost-conscious travelers.","Balcony Room, AC, Swimming Pool, 24/7 Security",9.0,694
Silver Sands Haven Dharamshala 12,Dharamshala,3.4,1747,"Comfortable budget-friendly lodging in Dharamshala. Offers clean rooms, helpful service, and basic amenities perfect for cost-conscious travelers.","Balcony Room, 24/7 Security, WiFi, Bar, Gym",7.4,1799
Alpine Lodge Castle Dharamshala 13,Dharamshala,3.6,1912,"Comfortable budget-friendly lodging in Dharamshala. Offers clean rooms, helpful service, and basic amenities perfect for cost-conscious travelers.","WiFi, Free Breakfast, Valet Parking, Room Service, Swimming Pool, AC, Spa, Restaurant",2.0,1923
Mayfair Resort Dharamshala 14,Dharamshala,4.2,4659,"Modern mid-range hotel in Dharamshala offering excellent value, well-appointed guest rooms, great dining, and a convenient location close to key city highlights.","Swimming Pool, Bar, WiFi, Free Breakfast, Balcony Room, Valet Parking, AC",3.8,823
Grand Hotel Dharamshala 15,Dharamshala,4.2,2902,"Modern mid-range hotel in Dharamshala offering excellent value, well-appointed guest rooms, great dining, and a convenient location close to key city highlights.","Balcony Room, Free Breakfast, WiFi, Bar, Free Parking, Valet Parking, Restaurant",1.2,952
Saffron Stays Lodge Dharamshala 16,Dharamshala,4.3,4351,"Modern mid-range hotel in Dharamshala offering excellent value, well-appointed guest rooms, great dining, and a convenient location close to key city highlights.","Free Breakfast, Free Parking, AC, Laundry Service, Gym, Swimming Pool, Restaurant",4.0,76
Vista Manor Dharamshala 17,Dharamshala,4.1,4547,"Modern mid-range hotel in Dharamshala offering excellent value, well-appointed guest rooms, great dining, and a convenient location close to key city highlights.","Laundry Service, WiFi, Room Service, Free Breakfast, Restaurant, AC, Swimming Pool",8.2,316
Taj Inn Dharamshala 18,Dharamshala,4.2,4094,"Modern mid-range hotel in Dharamshala offering excellent value, well-appointed guest rooms, great dining, and a convenient location close to key city highlights.","WiFi, Room Service, Laundry Service, Free Breakfast, 24/7 Security",5.0,1468
Radisson Retreat Dharamshala 19,Dharamshala,3.9,4306,"Modern mid-range hotel in Dharamshala offering excellent value, well-appointed guest rooms, great dining, and a convenient location close to key city highlights.","Room Service, Balcony Room, Spa, Restaurant, Gym, Free Breakfast, Bar, Laundry Service",3.9,1097
Ginger Villas Dharamshala 20,Dharamshala,4.5,13812,"Premium luxury accommodation in Dharamshala. Features world-class dining, customized guest services, elegant architecture, and a highly scenic environment.","Spa, Free Breakfast, Restaurant, Room Service, Balcony Room, Gym, WiFi",8.3,1945
Treebo Stays Dharamshala 21,Dharamshala,3.1,1701,"Comfortable budget-friendly lodging in Dharamshala. Offers clean rooms, helpful service, and basic amenities perfect for cost-conscious travelers.","Bar, Restaurant, Free Breakfast, Balcony Room",5.6,736
Capital O Chalet Dharamshala 22,Dharamshala,3.0,1198,"Comfortable budget-friendly lodging in Dharamshala. Offers clean rooms, helpful service, and basic amenities perfect for cost-conscious travelers.","AC, Free Breakfast, Spa, Laundry Service, Swimming Pool",0.7,680
Ritz Suites Dharamshala 23,Dharamshala,3.8,4997,"Modern mid-range hotel in Dharamshala offering excellent value, well-appointed guest rooms, great dining, and a convenient location close to key city highlights.","Swimming Pool, Restaurant, WiFi, Room Service, Spa, Laundry Service, Free Parking, Free Breakfast",7.2,840
Whispering Palms Palace Dharamshala 24,Dharamshala,3.6,1043,"Comfortable budget-friendly lodging in Dharamshala. Offers clean rooms, helpful service, and basic amenities perfect for cost-conscious travelers.","Free Breakfast, Swimming Pool, AC, Bar, WiFi",5.4,1382
Paradise Haven Dharamshala 25,Dharamshala,4.3,4719,"Modern mid-range hotel in Dharamshala offering excellent value, well-appointed guest rooms, great dining, and a convenient location close to key city highlights.","Laundry Service, Swimming Pool, Bar, Free Parking, AC",6.1,970
Silver Sands Castle Dharamshala 26,Dharamshala,5.0,6405,"Premium luxury accommodation in Dharamshala. Features world-class dining, customized guest services, elegant architecture, and a highly scenic environment.","Swimming Pool, Laundry Service, Free Parking, Balcony Room, Bar",1.1,1499
Alpine Lodge Resort Dharamshala 27,Dharamshala,3.1,1294,"Comfortable budget-friendly lodging in Dharamshala. Offers clean rooms, helpful service, and basic amenities perfect for cost-conscious travelers.","24/7 Security, Free Parking, WiFi, Valet Parking, Restaurant, Free Breakfast, Laundry Service",3.0,1512
Mayfair Hotel Dharamshala 28,Dharamshala,3.6,1336,"Comfortable budget-friendly lodging in Dharamshala. Offers clean rooms, helpful service, and basic amenities perfect for cost-conscious travelers.","24/7 Security, Bar, Laundry Service, Room Service",0.7,211
Grand Lodge Dharamshala 29,Dharamshala,4.2,2912,"Modern mid-range hotel in Dharamshala offering excellent value, well-appointed guest rooms, great dining, and a convenient location close to key city highlights.","Restaurant, Spa, Free Breakfast, Room Service, Free Parking, Swimming Pool, Laundry Service, Balcony Room",9.3,338
Saffron Stays Manor Dharamshala 30,Dharamshala,3.9,4190,"Modern mid-range hotel in Dharamshala offering excellent value, well-appointed guest rooms, great dining, and a convenient location close to key city highlights.","WiFi, Balcony Room, Free Parking, Room Service, AC, 24/7 Security, Valet Parking, Free Breakfast",8.8,158
Vista Inn Dharamshala 31,Dharamshala,4.8,9775,"Premium luxury accommodation in Dharamshala. Features world-class dining, customized guest services, elegant architecture, and a highly scenic environment.","Balcony Room, Swimming Pool, AC, Laundry Service, Valet Parking, Free Parking",1.0,986
Taj Retreat Dharamshala 32,Dharamshala,4.5,16220,"Premium luxury accommodation in Dharamshala. Features world-class dining, customized guest services, elegant architecture, and a highly scenic environment.","Balcony Room, Free Parking, Restaurant, Spa, WiFi",3.9,1782
Radisson Villas Dharamshala 33,Dharamshala,3.9,4281,"Modern mid-range hotel in Dharamshala offering excellent value, well-appointed guest rooms, great dining, and a convenient location close to key city highlights.","Bar, Valet Parking, Room Service, Balcony Room",5.3,583
Ginger Stays Dharamshala 34,Dharamshala,5.0,5190,"Premium luxury accommodation in Dharamshala. Features world-class dining, customized guest services, elegant architecture, and a highly scenic environment.","Free Parking, Laundry Service, Free Breakfast, Valet Parking, Balcony Room, Bar",6.7,371
Treebo Chalet Dharamshala 35,Dharamshala,3.6,813,"Comfortable budget-friendly lodging in Dharamshala. Offers clean rooms, helpful service, and basic amenities perfect for cost-conscious travelers.","Gym, WiFi, Balcony Room, Swimming Pool",3.5,1538
Capital O Suites Dharamshala 36,Dharamshala,4.6,11776,"Premium luxury accommodation in Dharamshala. Features world-class dining, customized guest services, elegant architecture, and a highly scenic environment.","Free Breakfast, Bar, Free Parking, Room Service",5.8,374
Ritz Palace Dharamshala 37,Dharamshala,4.5,16243,"Premium luxury accommodation in Dharamshala. Features world-class dining, customized guest services, elegant architecture, and a highly scenic environment.","Free Parking, Restaurant, Laundry Service, Free Breakfast, AC, 24/7 Security",6.2,215
Whispering Palms Haven Dharamshala 38,Dharamshala,4.2,4415,"Modern mid-range hotel in Dharamshala offering excellent value, well-appointed guest rooms, great dining, and a convenient location close to key city highlights.","Balcony Room, Room Service, Gym, Spa, Bar, Swimming Pool",5.7,87
Paradise Castle Dharamshala 39,Dharamshala,3.2,1079,"Comfortable budget-friendly lodging in Dharamshala. Offers clean rooms, helpful service, and basic amenities perfect for cost-conscious travelers.","Gym, Balcony Room, Restaurant, Free Parking, Spa, Laundry Service, Free Breakfast",8.7,1005
Silver Sands Resort Dharamshala 40,Dharamshala,4.4,12757,"Premium luxury accommodation in Dharamshala. Features world-class dining, customized guest services, elegant architecture, and a highly scenic environment.","Room Service, Bar, Free Parking, Restaurant",8.1,348
Alpine Lodge Hotel Dharamshala 41,Dharamshala,3.8,2705,"Modern mid-range hotel in Dharamshala offering excellent value, well-appointed guest rooms, great dining, and a convenient location close to key city highlights.","Free Parking, Laundry Service, Valet Parking, Bar, 24/7 Security",2.6,1431
Mayfair Lodge Dharamshala 42,Dharamshala,3.6,1902,"Comfortable budget-friendly lodging in Dharamshala. Offers clean rooms, helpful service, and basic amenities perfect for cost-conscious travelers.","Swimming Pool, Gym, Room Service, Laundry Service, WiFi",1.2,651
Grand Manor Dharamshala 43,Dharamshala,4.3,3388,"Modern mid-range hotel in Dharamshala offering excellent value, well-appointed guest rooms, great dining, and a convenient location close to key city highlights.","AC, Free Parking, Restaurant, Swimming Pool, Bar, Laundry Service, Gym",6.0,1572
Saffron Stays Inn Dharamshala 44,Dharamshala,4.8,11036,"Premium luxury accommodation in Dharamshala. Features world-class dining, customized guest services, elegant architecture, and a highly scenic environment.","Spa, Gym, Free Breakfast, Bar, WiFi",4.8,451
Vista Retreat Dharamshala 45,Dharamshala,4.2,2992,"Modern mid-range hotel in Dharamshala offering excellent value, well-appointed guest rooms, great dining, and a convenient location close to key city highlights.","Free Breakfast, Bar, Spa, 24/7 Security",1.5,1479
Taj Villas Dharamshala 46,Dharamshala,3.4,1370,"Comfortable budget-friendly lodging in Dharamshala. Offers clean rooms, helpful service, and basic amenities perfect for cost-conscious travelers.","Restaurant, Valet Parking, Spa, Swimming Pool, Gym",5.4,1643
Radisson Stays Dharamshala 47,Dharamshala,4.5,17969,"Premium luxury accommodation in Dharamshala. Features world-class dining, customized guest services, elegant architecture, and a highly scenic environment.","AC, Bar, Balcony Room, Spa, Room Service, WiFi, Free Breakfast, Swimming Pool",8.4,775
Ginger Chalet Dharamshala 48,Dharamshala,3.0,1660,"Comfortable budget-friendly lodging in Dharamshala. Offers clean rooms, helpful service, and basic amenities perfect for cost-conscious travelers.","Balcony Room, Valet Parking, Bar, 24/7 Security, Room Service, WiFi",9.5,634
Treebo Suites Dharamshala 49,Dharamshala,4.6,7796,"Premium luxury accommodation in Dharamshala. Features world-class dining, customized guest services, elegant architecture, and a highly scenic environment.","Restaurant, WiFi, Free Breakfast, Laundry Service, Room Service, Spa, AC, Swimming Pool",3.5,721
Capital O Palace Dharamshala 50,Dharamshala,4.0,2736,"Modern mid-range hotel in Dharamshala offering excellent value, well-appointed guest rooms, great dining, and a convenient location close to key city highlights.","Gym, Valet Parking, 24/7 Security, Free Breakfast, WiFi, AC, Spa, Bar",6.1,1789
Ritz Haven Dharamshala 51,Dharamshala,4.0,3896,"Modern mid-range hotel in Dharamshala offering excellent value, well-appointed guest rooms, great dining, and a convenient location close to key city highlights.","AC, WiFi, Room Service, 24/7 Security, Bar",3.4,282
Whispering Palms Castle Dharamshala 52,Dharamshala,4.7,7226,"Premium luxury accommodation in Dharamshala. Features world-class dining, customized guest services, elegant architecture, and a highly scenic environment.","Spa, 24/7 Security, Gym, Laundry Service, Swimming Pool, AC, Free Breakfast",3.6,51
Paradise Resort Dharamshala 53,Dharamshala,3.1,1557,"Comfortable budget-friendly lodging in Dharamshala. Offers clean rooms, helpful service, and basic amenities perfect for cost-conscious travelers.","Balcony Room, Spa, Laundry Service, Free Breakfast, WiFi",9.4,450
Silver Sands Hotel Dharamshala 54,Dharamshala,4.7,17566,"Premium luxury accommodation in Dharamshala. Features world-class dining, customized guest services, elegant architecture, and a highly scenic environment.","Balcony Room, Restaurant, Free Breakfast, Valet Parking",8.8,1560
Alpine Lodge Lodge Dharamshala 55,Dharamshala,3.8,4858,"Modern mid-range hotel in Dharamshala offering excellent value, well-appointed guest rooms, great dining, and a convenient location close to key city highlights.","Room Service, Valet Parking, Laundry Service, AC, Gym, Free Breakfast, Swimming Pool, Balcony Room",9.4,1218
Mayfair Manor Dharamshala 56,Dharamshala,4.2,3935,"Modern mid-range hotel in Dharamshala offering excellent value, well-appointed guest rooms, great dining, and a convenient location close to key city highlights.","Room Service, WiFi, Valet Parking, Bar",2.4,387
Grand Inn Dharamshala 57,Dharamshala,4.1,4389,"Modern mid-range hotel in Dharamshala offering excellent value, well-appointed guest rooms, great dining, and a convenient location close to key city highlights.","Valet Parking, Swimming Pool, Spa, Balcony Room, Gym, AC, Bar, Free Parking",6.6,754
Saffron Stays Retreat Dharamshala 58,Dharamshala,4.7,17443,"Premium luxury accommodation in Dharamshala. Features world-class dining, customized guest services, elegant architecture, and a highly scenic environment.","24/7 Security, Balcony Room, AC, Restaurant, Laundry Service, Bar, Swimming Pool",1.6,681
Vista Villas Dharamshala 59,Dharamshala,4.9,7534,"Premium luxury accommodation in Dharamshala. Features world-class dining, customized guest services, elegant architecture, and a highly scenic environment.","Spa, WiFi, Room Service, Laundry Service, Gym",7.5,1590
Taj Stays Dharamshala 60,Dharamshala,3.8,3050,"Modern mid-range hotel in Dharamshala offering excellent value, well-appointed guest rooms, great dining, and a convenient location close to key city highlights.","24/7 Security, Spa, Free Parking, Valet Parking, AC, Swimming Pool",2.1,126
Radisson Chalet Dharamshala 61,Dharamshala,3.9,4289,"Modern mid-range hotel in Dharamshala offering excellent value, well-appointed guest rooms, great dining, and a convenient location close to key city highlights.","WiFi, Valet Parking, AC, Free Parking, Laundry Service, Gym, Restaurant",3.3,85
Ginger Suites Dharamshala 62,Dharamshala,4.9,15781,"Premium luxury accommodation in Dharamshala. Features world-class dining, customized guest services, elegant architecture, and a highly scenic environment.","Gym, Room Service, Valet Parking, Spa, Free Parking, Laundry Service, Swimming Pool, Balcony Room",1.5,1202
Treebo Palace Dharamshala 63,Dharamshala,4.0,4992,"Modern mid-range hotel in Dharamshala offering excellent value, well-appointed guest rooms, great dining, and a convenient location close to key city highlights.","WiFi, Restaurant, Valet Parking, Spa, Free Breakfast, Room Service, Bar",6.7,1638
Capital O Haven Dharamshala 64,Dharamshala,4.6,17291,"Premium luxury accommodation in Dharamshala. Features world-class dining, customized guest services, elegant architecture, and a highly scenic environment.","Gym, AC, Laundry Service, Balcony Room",6.1,747
Ritz Castle Dharamshala 65,Dharamshala,3.8,3364,"Modern mid-range hotel in Dharamshala offering excellent value, well-appointed guest rooms, great dining, and a convenient location close to key city highlights.","Spa, Bar, Laundry Service, WiFi, Free Parking, AC, Restaurant",0.8,448
Whispering Palms Resort Dharamshala 66,Dharamshala,3.6,1920,"Comfortable budget-friendly lodging in Dharamshala. Offers clean rooms, helpful service, and basic amenities perfect for cost-conscious travelers.","Room Service, Free Parking, 24/7 Security, Laundry Service, WiFi, Balcony Room, AC, Free Breakfast",0.4,150
Paradise Hotel Dharamshala 67,Dharamshala,3.2,807,"Comfortable budget-friendly lodging in Dharamshala. Offers clean rooms, helpful service, and basic amenities perfect for cost-conscious travelers.","Swimming Pool, Restaurant, Free Parking, Spa, Gym, AC, WiFi",2.4,857
Silver Sands Lodge Dharamshala 68,Dharamshala,4.0,4079,"Modern mid-range hotel in Dharamshala offering excellent value, well-appointed guest rooms, great dining, and a convenient location close to key city highlights.","Room Service, Laundry Service, Balcony Room, Restaurant, 24/7 Security, Free Parking",2.1,1715
Alpine Lodge Manor Dharamshala 69,Dharamshala,4.0,2462,"Modern mid-range hotel in Dharamshala offering excellent value, well-appointed guest rooms, great dining, and a convenient location close to key city highlights.","Spa, AC, Valet Parking, Free Breakfast, Laundry Service",8.1,445
Mayfair Inn Dharamshala 70,Dharamshala,4.7,17801,"Premium luxury accommodation in Dharamshala. Features world-class dining, customized guest services, elegant architecture, and a highly scenic environment.","24/7 Security, Swimming Pool, Valet Parking, Free Parking, Balcony Room",6.5,1042
Capital O Villas Rishikesh 1,Rishikesh,3.1,1423,"Comfortable budget-friendly lodging in Rishikesh. Offers clean rooms, helpful service, and basic amenities perfect for cost-conscious travelers.","Room Service, Restaurant, Valet Parking, Gym, WiFi",7.3,970
Ritz Stays Rishikesh 2,Rishikesh,4.1,3999,"Modern mid-range hotel in Rishikesh offering excellent value, well-appointed guest rooms, great dining, and a convenient location close to key city highlights.","24/7 Security, AC, Room Service, Restaurant, Spa, Swimming Pool",5.3,1148
Whispering Palms Chalet Rishikesh 3,Rishikesh,4.5,5539,"Premium luxury accommodation in Rishikesh. Features world-class dining, customized guest services, elegant architecture, and a highly scenic environment.","24/7 Security, Room Service, Valet Parking, Free Breakfast",2.7,350
Paradise Suites Rishikesh 4,Rishikesh,4.2,4922,"Modern mid-range hotel in Rishikesh offering excellent value, well-appointed guest rooms, great dining, and a convenient location close to key city highlights.","Swimming Pool, Balcony Room, Spa, AC, Bar",5.9,912
Silver Sands Palace Rishikesh 5,Rishikesh,3.6,815,"Comfortable budget-friendly lodging in Rishikesh. Offers clean rooms, helpful service, and basic amenities perfect for cost-conscious travelers.","WiFi, Spa, Laundry Service, Gym, Swimming Pool",1.3,1012
Alpine Lodge Haven Rishikesh 6,Rishikesh,4.1,3834,"Modern mid-range hotel in Rishikesh offering excellent value, well-appointed guest rooms, great dining, and a convenient location close to key city highlights.","Restaurant, Spa, Valet Parking, Gym",8.3,1021
Mayfair Castle Rishikesh 7,Rishikesh,4.7,13616,"Premium luxury accommodation in Rishikesh. Features world-class dining, customized guest services, elegant architecture, and a highly scenic environment.","Room Service, Swimming Pool, 24/7 Security, Balcony Room, Bar, Spa, WiFi, Gym",2.2,1765
Grand Resort Rishikesh 8,Rishikesh,3.5,1580,"Comfortable budget-friendly lodging in Rishikesh. Offers clean rooms, helpful service, and basic amenities perfect for cost-conscious travelers.","Spa, Free Breakfast, Balcony Room, AC, Swimming Pool, Room Service",8.4,220
Saffron Stays Hotel Rishikesh 9,Rishikesh,3.0,1504,"Comfortable budget-friendly lodging in Rishikesh. Offers clean rooms, helpful service, and basic amenities perfect for cost-conscious travelers.","Swimming Pool, WiFi, 24/7 Security, Balcony Room, Free Breakfast",5.8,1728
Vista Lodge Rishikesh 10,Rishikesh,3.4,1463,"Comfortable budget-friendly lodging in Rishikesh. Offers clean rooms, helpful service, and basic amenities perfect for cost-conscious travelers.","Gym, AC, Laundry Service, Spa",1.6,1122
Taj Manor Rishikesh 11,Rishikesh,4.3,2307,"Modern mid-range hotel in Rishikesh offering excellent value, well-appointed guest rooms, great dining, and a convenient location close to key city highlights.","Laundry Service, Free Breakfast, WiFi, Spa, Valet Parking",8.1,1346
Radisson Inn Rishikesh 12,Rishikesh,4.8,6490,"Premium luxury accommodation in Rishikesh. Features world-class dining, customized guest services, elegant architecture, and a highly scenic environment.","Restaurant, WiFi, Swimming Pool, Balcony Room, AC, Free Parking, Valet Parking, Room Service",6.7,1681
Ginger Retreat Rishikesh 13,Rishikesh,3.8,3906,"Modern mid-range hotel in Rishikesh offering excellent value, well-appointed guest rooms, great dining, and a convenient location close to key city highlights.","Spa, Free Breakfast, Balcony Room, WiFi, Restaurant, Bar, Laundry Service",6.6,1180
Treebo Villas Rishikesh 14,Rishikesh,4.9,5117,"Premium luxury accommodation in Rishikesh. Features world-class dining, customized guest services, elegant architecture, and a highly scenic environment.","Valet Parking, Gym, Balcony Room, Laundry Service, Bar, 24/7 Security, Room Service",9.1,752
Capital O Stays Rishikesh 15,Rishikesh,3.1,1623,"Comfortable budget-friendly lodging in Rishikesh. Offers clean rooms, helpful service, and basic amenities perfect for cost-conscious travelers.","AC, Spa, Bar, Swimming Pool, WiFi",3.0,1717
Ritz Chalet Rishikesh 16,Rishikesh,4.2,3547,"Modern mid-range hotel in Rishikesh offering excellent value, well-appointed guest rooms, great dining, and a convenient location close to key city highlights.","Free Breakfast, Gym, WiFi, Bar",6.4,1669
Whispering Palms Suites Rishikesh 17,Rishikesh,4.5,10536,"Premium luxury accommodation in Rishikesh. Features world-class dining, customized guest services, elegant architecture, and a highly scenic environment.","Gym, Balcony Room, Laundry Service, Spa",0.4,820
Paradise Palace Rishikesh 18,Rishikesh,3.9,2225,"Modern mid-range hotel in Rishikesh offering excellent value, well-appointed guest rooms, great dining, and a convenient location close to key city highlights.","Balcony Room, 24/7 Security, Spa, Restaurant, WiFi, Free Breakfast, Laundry Service, Free Parking",6.1,422
Silver Sands Haven Rishikesh 19,Rishikesh,3.7,1659,"Comfortable budget-friendly lodging in Rishikesh. Offers clean rooms, helpful service, and basic amenities perfect for cost-conscious travelers.","Bar, Gym, 24/7 Security, Free Parking, WiFi, Valet Parking, AC",2.2,1069
Alpine Lodge Castle Rishikesh 20,Rishikesh,4.9,10929,"Premium luxury accommodation in Rishikesh. Features world-class dining, customized guest services, elegant architecture, and a highly scenic environment.","Restaurant, Gym, 24/7 Security, Free Parking, Swimming Pool, Bar, WiFi",6.7,66
Mayfair Resort Rishikesh 21,Rishikesh,4.6,9889,"Premium luxury accommodation in Rishikesh. Features world-class dining, customized guest services, elegant architecture, and a highly scenic environment.","AC, Spa, Laundry Service, Balcony Room",4.7,99
Grand Hotel Rishikesh 22,Rishikesh,3.2,1435,"Comfortable budget-friendly lodging in Rishikesh. Offers clean rooms, helpful service, and basic amenities perfect for cost-conscious travelers.","Room Service, Gym, Laundry Service, Swimming Pool, Restaurant, AC, Bar",0.2,1710
Saffron Stays Lodge Rishikesh 23,Rishikesh,4.6,8688,"Premium luxury accommodation in Rishikesh. Features world-class dining, customized guest services, elegant architecture, and a highly scenic environment.","Restaurant, 24/7 Security, Laundry Service, Bar, Valet Parking, Room Service, Balcony Room, Gym",8.2,598
Vista Manor Rishikesh 24,Rishikesh,4.3,2240,"Modern mid-range hotel in Rishikesh offering excellent value, well-appointed guest rooms, great dining, and a convenient location close to key city highlights.","Room Service, Swimming Pool, Laundry Service, Free Parking",0.3,447
Taj Inn Rishikesh 25,Rishikesh,3.3,994,"Comfortable budget-friendly lodging in Rishikesh. Offers clean rooms, helpful service, and basic amenities perfect for cost-conscious travelers.","Bar, Swimming Pool, Free Parking, Room Service, Laundry Service, WiFi, AC",7.1,1736
Radisson Retreat Rishikesh 26,Rishikesh,4.2,3993,"Modern mid-range hotel in Rishikesh offering excellent value, well-appointed guest rooms, great dining, and a convenient location close to key city highlights.","WiFi, Free Breakfast, Bar, Swimming Pool, Free Parking, Spa",3.8,1860
Ginger Villas Rishikesh 27,Rishikesh,3.9,4596,"Modern mid-range hotel in Rishikesh offering excellent value, well-appointed guest rooms, great dining, and a convenient location close to key city highlights.","24/7 Security, WiFi, Restaurant, AC, Swimming Pool, Laundry Service",6.2,1365
Treebo Stays Rishikesh 28,Rishikesh,3.3,1855,"Comfortable budget-friendly lodging in Rishikesh. Offers clean rooms, helpful service, and basic amenities perfect for cost-conscious travelers.","Gym, Valet Parking, Free Parking, Laundry Service, AC, Bar",4.1,1811
Capital O Chalet Rishikesh 29,Rishikesh,4.5,15427,"Premium luxury accommodation in Rishikesh. Features world-class dining, customized guest services, elegant architecture, and a highly scenic environment.","Balcony Room, 24/7 Security, Laundry Service, Free Breakfast, Spa, WiFi, Free Parking, Room Service",2.5,1996
Ritz Suites Rishikesh 30,Rishikesh,4.9,12965,"Premium luxury accommodation in Rishikesh. Features world-class dining, customized guest services, elegant architecture, and a highly scenic environment.","WiFi, Gym, AC, Laundry Service",3.3,592
Whispering Palms Palace Rishikesh 31,Rishikesh,4.0,3209,"Modern mid-range hotel in Rishikesh offering excellent value, well-appointed guest rooms, great dining, and a convenient location close to key city highlights.","Restaurant, Balcony Room, Spa, Free Breakfast",1.2,1867
Paradise Haven Rishikesh 32,Rishikesh,4.2,3793,"Modern mid-range hotel in Rishikesh offering excellent value, well-appointed guest rooms, great dining, and a convenient location close to key city highlights.","Bar, Gym, Swimming Pool, Restaurant, Balcony Room, Free Parking",3.4,1970
Silver Sands Castle Rishikesh 33,Rishikesh,4.1,2208,"Modern mid-range hotel in Rishikesh offering excellent value, well-appointed guest rooms, great dining, and a convenient location close to key city highlights.","Spa, Laundry Service, Free Parking, WiFi",9.3,1482
Alpine Lodge Resort Rishikesh 34,Rishikesh,4.2,3249,"Modern mid-range hotel in Rishikesh offering excellent value, well-appointed guest rooms, great dining, and a convenient location close to key city highlights.","Gym, Bar, AC, Restaurant, Spa, Free Breakfast, Free Parking",5.7,426
Mayfair Hotel Rishikesh 35,Rishikesh,3.8,2380,"Modern mid-range hotel in Rishikesh offering excellent value, well-appointed guest rooms, great dining, and a convenient location close to key city highlights.","24/7 Security, Free Parking, WiFi, Balcony Room",5.0,336
Grand Lodge Rishikesh 36,Rishikesh,3.5,916,"Comfortable budget-friendly lodging in Rishikesh. Offers clean rooms, helpful service, and basic amenities perfect for cost-conscious travelers.","Swimming Pool, Restaurant, Valet Parking, AC, 24/7 Security, Free Breakfast, WiFi, Balcony Room",8.0,866
Saffron Stays Manor Rishikesh 37,Rishikesh,3.0,1405,"Comfortable budget-friendly lodging in Rishikesh. Offers clean rooms, helpful service, and basic amenities perfect for cost-conscious travelers.","Free Breakfast, WiFi, AC, 24/7 Security",1.7,753
Vista Inn Rishikesh 38,Rishikesh,3.3,1461,"Comfortable budget-friendly lodging in Rishikesh. Offers clean rooms, helpful service, and basic amenities perfect for cost-conscious travelers.","Laundry Service, Balcony Room, Swimming Pool, Gym, Restaurant",7.1,931
Taj Retreat Rishikesh 39,Rishikesh,3.8,2764,"Modern mid-range hotel in Rishikesh offering excellent value, well-appointed guest rooms, great dining, and a convenient location close to key city highlights.","WiFi, Free Parking, Bar, Restaurant, Swimming Pool, Free Breakfast, Valet Parking, Spa",6.5,207
Radisson Villas Rishikesh 40,Rishikesh,3.8,3839,"Modern mid-range hotel in Rishikesh offering excellent value, well-appointed guest rooms, great dining, and a convenient location close to key city highlights.","WiFi, Bar, Room Service, Restaurant, Valet Parking, Spa, Swimming Pool, Gym",1.9,428
Ginger Stays Rishikesh 41,Rishikesh,3.4,1631,"Comfortable budget-friendly lodging in Rishikesh. Offers clean rooms, helpful service, and basic amenities perfect for cost-conscious travelers.","Laundry Service, Swimming Pool, WiFi, Room Service, Spa, AC, Bar, Gym",9.1,289
Treebo Chalet Rishikesh 42,Rishikesh,4.6,17803,"Premium luxury accommodation in Rishikesh. Features world-class dining, customized guest services, elegant architecture, and a highly scenic environment.","Restaurant, AC, Balcony Room, 24/7 Security, Free Breakfast, Laundry Service, Valet Parking",4.5,1682
Capital O Suites Rishikesh 43,Rishikesh,3.7,1147,"Comfortable budget-friendly lodging in Rishikesh. Offers clean rooms, helpful service, and basic amenities perfect for cost-conscious travelers.","WiFi, Room Service, Restaurant, Bar, Balcony Room, Swimming Pool",6.2,1823
Ritz Palace Rishikesh 44,Rishikesh,4.9,9060,"Premium luxury accommodation in Rishikesh. Features world-class dining, customized guest services, elegant architecture, and a highly scenic environment.","Free Parking, Balcony Room, Spa, Bar, Free Breakfast, WiFi, Valet Parking, Restaurant",4.2,26
Whispering Palms Haven Rishikesh 45,Rishikesh,3.3,1505,"Comfortable budget-friendly lodging in Rishikesh. Offers clean rooms, helpful service, and basic amenities perfect for cost-conscious travelers.","24/7 Security, Swimming Pool, Restaurant, Gym, Room Service, Spa",3.1,693
Paradise Castle Rishikesh 46,Rishikesh,3.3,1304,"Comfortable budget-friendly lodging in Rishikesh. Offers clean rooms, helpful service, and basic amenities perfect for cost-conscious travelers.","Laundry Service, Valet Parking, Room Service, AC, Bar",7.9,251
Silver Sands Resort Rishikesh 47,Rishikesh,4.1,2500,"Modern mid-range hotel in Rishikesh offering excellent value, well-appointed guest rooms, great dining, and a convenient location close to key city highlights.","24/7 Security, Room Service, WiFi, Bar, Spa, Balcony Room, Gym, AC",5.8,1815
Alpine Lodge Hotel Rishikesh 48,Rishikesh,3.1,1493,"Comfortable budget-friendly lodging in Rishikesh. Offers clean rooms, helpful service, and basic amenities perfect for cost-conscious travelers.","WiFi, AC, Free Breakfast, Gym, Balcony Room",7.0,1118
Mayfair Lodge Rishikesh 49,Rishikesh,3.4,908,"Comfortable budget-friendly lodging in Rishikesh. Offers clean rooms, helpful service, and basic amenities perfect for cost-conscious travelers.","Room Service, Balcony Room, Restaurant, WiFi, Swimming Pool",7.0,1315
Grand Manor Rishikesh 50,Rishikesh,3.9,3645,"Modern mid-range hotel in Rishikesh offering excellent value, well-appointed guest rooms, great dining, and a convenient location close to key city highlights.","Spa, Valet Parking, 24/7 Security, Swimming Pool, Free Parking, Laundry Service, WiFi, Balcony Room",0.2,1012
Saffron Stays Inn Rishikesh 51,Rishikesh,4.8,14480,"Premium luxury accommodation in Rishikesh. Features world-class dining, customized guest services, elegant architecture, and a highly scenic environment.","WiFi, Free Parking, Bar, Free Breakfast, Restaurant, 24/7 Security, Valet Parking",8.9,578
Vista Retreat Rishikesh 52,Rishikesh,3.0,1693,"Comfortable budget-friendly lodging in Rishikesh. Offers clean rooms, helpful service, and basic amenities perfect for cost-conscious travelers.","Swimming Pool, Restaurant, Gym, Room Service, Free Breakfast, AC, Free Parking, Balcony Room",5.3,635
Taj Villas Rishikesh 53,Rishikesh,3.5,1450,"Comfortable budget-friendly lodging in Rishikesh. Offers clean rooms, helpful service, and basic amenities perfect for cost-conscious travelers.","AC, Free Breakfast, Balcony Room, Free Parking, Bar, 24/7 Security",6.0,1163
Radisson Stays Rishikesh 54,Rishikesh,3.8,3675,"Modern mid-range hotel in Rishikesh offering excellent value, well-appointed guest rooms, great dining, and a convenient location close to key city highlights.","Spa, Valet Parking, Free Breakfast, Gym, Balcony Room",9.2,1951
Ginger Chalet Rishikesh 55,Rishikesh,3.5,887,"Comfortable budget-friendly lodging in Rishikesh. Offers clean rooms, helpful service, and basic amenities perfect for cost-conscious travelers.","Laundry Service, Balcony Room, Free Parking, Swimming Pool, Valet Parking",6.4,92
Treebo Suites Rishikesh 56,Rishikesh,3.7,1630,"Comfortable budget-friendly lodging in Rishikesh. Offers clean rooms, helpful service, and basic amenities perfect for cost-conscious travelers.","Laundry Service, 24/7 Security, Swimming Pool, Restaurant, Valet Parking, Gym",3.0,53
Capital O Palace Rishikesh 57,Rishikesh,4.8,11507,"Premium luxury accommodation in Rishikesh. Features world-class dining, customized guest services, elegant architecture, and a highly scenic environment.","Laundry Service, Gym, Spa, Free Parking, Room Service, Free Breakfast, AC, Balcony Room",6.6,185
Ritz Haven Rishikesh 58,Rishikesh,4.3,3767,"Modern mid-range hotel in Rishikesh offering excellent value, well-appointed guest rooms, great dining, and a convenient location close to key city highlights.","Bar, 24/7 Security, Valet Parking, Laundry Service",0.9,221
Whispering Palms Castle Rishikesh 59,Rishikesh,3.9,2030,"Modern mid-range hotel in Rishikesh offering excellent value, well-appointed guest rooms, great dining, and a convenient location close to key city highlights.","Laundry Service, Restaurant, Spa, Gym, AC",7.1,914
Paradise Resort Rishikesh 60,Rishikesh,3.5,1240,"Comfortable budget-friendly lodging in Rishikesh. Offers clean rooms, helpful service, and basic amenities perfect for cost-conscious travelers.","Gym, Room Service, WiFi, Swimming Pool, Balcony Room, Laundry Service, Restaurant",1.9,163
Silver Sands Hotel Rishikesh 61,Rishikesh,3.4,1786,"Comfortable budget-friendly lodging in Rishikesh. Offers clean rooms, helpful service, and basic amenities perfect for cost-conscious travelers.","24/7 Security, AC, Valet Parking, Room Service",1.4,264
Alpine Lodge Lodge Rishikesh 62,Rishikesh,3.1,1387,"Comfortable budget-friendly lodging in Rishikesh. Offers clean rooms, helpful service, and basic amenities perfect for cost-conscious travelers.","AC, Spa, WiFi, Free Breakfast, Gym, Restaurant, Laundry Service",5.2,1824
Mayfair Manor Rishikesh 63,Rishikesh,4.6,8751,"Premium luxury accommodation in Rishikesh. Features world-class dining, customized guest services, elegant architecture, and a highly scenic environment.","Restaurant, Swimming Pool, Balcony Room, Bar, Laundry Service, AC",8.3,935
Grand Inn Rishikesh 64,Rishikesh,4.8,8178,"Premium luxury accommodation in Rishikesh. Features world-class dining, customized guest services, elegant architecture, and a highly scenic environment.","Laundry Service, Swimming Pool, AC, Room Service",5.1,1223
Saffron Stays Retreat Rishikesh 65,Rishikesh,3.4,1624,"Comfortable budget-friendly lodging in Rishikesh. Offers clean rooms, helpful service, and basic amenities perfect for cost-conscious travelers.","Free Breakfast, Laundry Service, Valet Parking, WiFi, 24/7 Security",5.2,1335
Vista Villas Rishikesh 66,Rishikesh,4.0,4475,"Modern mid-range hotel in Rishikesh offering excellent value, well-appointed guest rooms, great dining, and a convenient location close to key city highlights.","Gym, Room Service, Balcony Room, WiFi, Swimming Pool, Restaurant",5.2,759
Taj Stays Rishikesh 67,Rishikesh,3.9,2426,"Modern mid-range hotel in Rishikesh offering excellent value, well-appointed guest rooms, great dining, and a convenient location close to key city highlights.","Bar, AC, WiFi, Room Service, Laundry Service, Valet Parking, Restaurant",8.5,1050
Radisson Chalet Rishikesh 68,Rishikesh,4.4,5618,"Premium luxury accommodation in Rishikesh. Features world-class dining, customized guest services, elegant architecture, and a highly scenic environment.","Restaurant, Balcony Room, AC, Spa, Room Service",5.1,359
Ginger Suites Rishikesh 69,Rishikesh,3.9,3914,"Modern mid-range hotel in Rishikesh offering excellent value, well-appointed guest rooms, great dining, and a convenient location close to key city highlights.","Restaurant, Valet Parking, AC, WiFi, Room Service",4.4,1574
Treebo Palace Rishikesh 70,Rishikesh,4.6,8303,"Premium luxury accommodation in Rishikesh. Features world-class dining, customized guest services, elegant architecture, and a highly scenic environment.","Restaurant, Free Parking, Gym, Swimming Pool",5.0,399
Grand Castle Nainital 1,Nainital,3.9,2547,"Modern mid-range hotel in Nainital offering excellent value, well-appointed guest rooms, great dining, and a convenient location close to key city highlights.","Free Parking, Valet Parking, Gym, Room Service, WiFi",3.0,23
Saffron Stays Resort Nainital 2,Nainital,4.3,2013,"Modern mid-range hotel in Nainital offering excellent value, well-appointed guest rooms, great dining, and a convenient location close to key city highlights.","24/7 Security, Valet Parking, Gym, Restaurant, Free Parking, Swimming Pool, Room Service, Balcony Room",2.8,854
Vista Hotel Nainital 3,Nainital,3.5,1178,"Comfortable budget-friendly lodging in Nainital. Offers clean rooms, helpful service, and basic amenities perfect for cost-conscious travelers.","Gym, Room Service, Valet Parking, AC, 24/7 Security, Swimming Pool, Balcony Room",8.4,1906
Taj Lodge Nainital 4,Nainital,4.5,15632,"Premium luxury accommodation in Nainital. Features world-class dining, customized guest services, elegant architecture, and a highly scenic environment.","Valet Parking, Spa, Laundry Service, Free Breakfast, Room Service",1.1,163
Radisson Manor Nainital 5,Nainital,3.7,1225,"Comfortable budget-friendly lodging in Nainital. Offers clean rooms, helpful service, and basic amenities perfect for cost-conscious travelers.","Spa, Bar, Valet Parking, Room Service, Laundry Service, Gym, WiFi, Swimming Pool",0.9,824
Ginger Inn Nainital 6,Nainital,4.0,3671,"Modern mid-range hotel in Nainital offering excellent value, well-appointed guest rooms, great dining, and a convenient location close to key city highlights.","Laundry Service, Gym, 24/7 Security, Room Service",3.0,1881
Treebo Retreat Nainital 7,Nainital,4.5,17439,"Premium luxury accommodation in Nainital. Features world-class dining, customized guest services, elegant architecture, and a highly scenic environment.","Free Breakfast, AC, WiFi, Spa, Room Service, Balcony Room, Restaurant, Free Parking",9.4,976
Capital O Villas Nainital 8,Nainital,3.3,1313,"Comfortable budget-friendly lodging in Nainital. Offers clean rooms, helpful service, and basic amenities perfect for cost-conscious travelers.","Room Service, Swimming Pool, WiFi, Bar, Valet Parking, Gym, 24/7 Security, Balcony Room",4.6,162
Ritz Stays Nainital 9,Nainital,3.3,1845,"Comfortable budget-friendly lodging in Nainital. Offers clean rooms, helpful service, and basic amenities perfect for cost-conscious travelers.","Free Breakfast, Free Parking, Laundry Service, Gym, 24/7 Security",6.2,683
Whispering Palms Chalet Nainital 10,Nainital,4.8,14295,"Premium luxury accommodation in Nainital. Features world-class dining, customized guest services, elegant architecture, and a highly scenic environment.","24/7 Security, WiFi, Room Service, Spa, Laundry Service",7.5,1333
Paradise Suites Nainital 11,Nainital,4.9,6579,"Premium luxury accommodation in Nainital. Features world-class dining, customized guest services, elegant architecture, and a highly scenic environment.","AC, Free Parking, Bar, Gym, 24/7 Security, Valet Parking",2.4,1595
Silver Sands Palace Nainital 12,Nainital,3.8,4115,"Modern mid-range hotel in Nainital offering excellent value, well-appointed guest rooms, great dining, and a convenient location close to key city highlights.","Gym, 24/7 Security, Spa, WiFi, Free Breakfast",1.7,625
Alpine Lodge Haven Nainital 13,Nainital,4.6,11788,"Premium luxury accommodation in Nainital. Features world-class dining, customized guest services, elegant architecture, and a highly scenic environment.","Balcony Room, Laundry Service, Swimming Pool, Bar",4.2,1831
Mayfair Castle Nainital 14,Nainital,4.3,2652,"Modern mid-range hotel in Nainital offering excellent value, well-appointed guest rooms, great dining, and a convenient location close to key city highlights.","WiFi, Valet Parking, AC, Free Breakfast, Room Service",0.4,1400
Grand Resort Nainital 15,Nainital,4.2,3579,"Modern mid-range hotel in Nainital offering excellent value, well-appointed guest rooms, great dining, and a convenient location close to key city highlights.","WiFi, Swimming Pool, Restaurant, 24/7 Security, Spa, Room Service, Balcony Room",2.5,906
Saffron Stays Hotel Nainital 16,Nainital,3.2,1124,"Comfortable budget-friendly lodging in Nainital. Offers clean rooms, helpful service, and basic amenities perfect for cost-conscious travelers.","Room Service, Gym, AC, Spa",2.8,924
Vista Lodge Nainital 17,Nainital,3.6,1475,"Comfortable budget-friendly lodging in Nainital. Offers clean rooms, helpful service, and basic amenities perfect for cost-conscious travelers.","Spa, Gym, Free Breakfast, Room Service, Laundry Service, AC, Swimming Pool",4.6,463
Taj Manor Nainital 18,Nainital,4.6,7128,"Premium luxury accommodation in Nainital. Features world-class dining, customized guest services, elegant architecture, and a highly scenic environment.","Free Breakfast, AC, WiFi, 24/7 Security, Gym, Bar, Swimming Pool",6.7,844
Radisson Inn Nainital 19,Nainital,4.1,4384,"Modern mid-range hotel in Nainital offering excellent value, well-appointed guest rooms, great dining, and a convenient location close to key city highlights.","AC, Bar, Free Breakfast, Restaurant",0.8,855
Ginger Retreat Nainital 20,Nainital,4.2,3028,"Modern mid-range hotel in Nainital offering excellent value, well-appointed guest rooms, great dining, and a convenient location close to key city highlights.","AC, Balcony Room, Valet Parking, Gym, Laundry Service",4.6,1718
Treebo Villas Nainital 21,Nainital,4.7,11823,"Premium luxury accommodation in Nainital. Features world-class dining, customized guest services, elegant architecture, and a highly scenic environment.","Balcony Room, Room Service, Restaurant, Bar",2.2,996
Capital O Stays Nainital 22,Nainital,3.9,4926,"Modern mid-range hotel in Nainital offering excellent value, well-appointed guest rooms, great dining, and a convenient location close to key city highlights.","Room Service, Bar, Free Parking, Spa, Valet Parking, Restaurant, 24/7 Security",4.8,857
Ritz Chalet Nainital 23,Nainital,3.1,1850,"Comfortable budget-friendly lodging in Nainital. Offers clean rooms, helpful service, and basic amenities perfect for cost-conscious travelers.","Free Breakfast, Restaurant, 24/7 Security, Room Service, Free Parking",8.6,399
Whispering Palms Suites Nainital 24,Nainital,4.5,11182,"Premium luxury accommodation in Nainital. Features world-class dining, customized guest services, elegant architecture, and a highly scenic environment.","Restaurant, Spa, Balcony Room, Valet Parking",3.1,383
Paradise Palace Nainital 25,Nainital,3.7,1598,"Comfortable budget-friendly lodging in Nainital. Offers clean rooms, helpful service, and basic amenities perfect for cost-conscious travelers.","Laundry Service, WiFi, Spa, Swimming Pool, Free Breakfast, Room Service, Valet Parking",5.9,1626
Silver Sands Haven Nainital 26,Nainital,4.9,14099,"Premium luxury accommodation in Nainital. Features world-class dining, customized guest services, elegant architecture, and a highly scenic environment.","Swimming Pool, AC, Balcony Room, WiFi, Gym, Free Breakfast, 24/7 Security, Valet Parking",7.3,1216
Alpine Lodge Castle Nainital 27,Nainital,3.6,1256,"Comfortable budget-friendly lodging in Nainital. Offers clean rooms, helpful service, and basic amenities perfect for cost-conscious travelers.","Balcony Room, Valet Parking, WiFi, Restaurant, Gym, Free Breakfast, Laundry Service, 24/7 Security",6.0,905
Mayfair Resort Nainital 28,Nainital,4.2,4248,"Modern mid-range hotel in Nainital offering excellent value, well-appointed guest rooms, great dining, and a convenient location close to key city highlights.","Room Service, Valet Parking, AC, Bar",3.1,256
Grand Hotel Nainital 29,Nainital,3.0,1646,"Comfortable budget-friendly lodging in Nainital. Offers clean rooms, helpful service, and basic amenities perfect for cost-conscious travelers.","Free Parking, Balcony Room, Free Breakfast, WiFi",8.2,1746
Saffron Stays Lodge Nainital 30,Nainital,4.5,13231,"Premium luxury accommodation in Nainital. Features world-class dining, customized guest services, elegant architecture, and a highly scenic environment.","Free Parking, 24/7 Security, Gym, Laundry Service, Swimming Pool",2.3,1284
Vista Manor Nainital 31,Nainital,3.6,1140,"Comfortable budget-friendly lodging in Nainital. Offers clean rooms, helpful service, and basic amenities perfect for cost-conscious travelers.","24/7 Security, Bar, Free Parking, Restaurant, Spa, Balcony Room, WiFi",0.7,1936
Taj Inn Nainital 32,Nainital,3.8,3836,"Modern mid-range hotel in Nainital offering excellent value, well-appointed guest rooms, great dining, and a convenient location close to key city highlights.","Bar, Balcony Room, Free Breakfast, Restaurant, Room Service, AC",2.1,314
Radisson Retreat Nainital 33,Nainital,4.1,2044,"Modern mid-range hotel in Nainital offering excellent value, well-appointed guest rooms, great dining, and a convenient location close to key city highlights.","Laundry Service, Valet Parking, WiFi, Bar, AC, 24/7 Security, Balcony Room",9.4,990
Ginger Villas Nainital 34,Nainital,3.4,1381,"Comfortable budget-friendly lodging in Nainital. Offers clean rooms, helpful service, and basic amenities perfect for cost-conscious travelers.","WiFi, Free Parking, AC, Balcony Room",7.4,1538
Treebo Stays Nainital 35,Nainital,3.9,3554,"Modern mid-range hotel in Nainital offering excellent value, well-appointed guest rooms, great dining, and a convenient location close to key city highlights.","AC, 24/7 Security, Laundry Service, Swimming Pool",6.3,406
Capital O Chalet Nainital 36,Nainital,5.0,12217,"Premium luxury accommodation in Nainital. Features world-class dining, customized guest services, elegant architecture, and a highly scenic environment.","AC, WiFi, Valet Parking, Spa, Restaurant, Free Parking, Bar",3.6,958
Ritz Suites Nainital 37,Nainital,4.4,6497,"Premium luxury accommodation in Nainital. Features world-class dining, customized guest services, elegant architecture, and a highly scenic environment.","Swimming Pool, Restaurant, Gym, Valet Parking, AC, Free Breakfast, Bar, Laundry Service",3.2,1632
Whispering Palms Palace Nainital 38,Nainital,3.7,1605,"Comfortable budget-friendly lodging in Nainital. Offers clean rooms, helpful service, and basic amenities perfect for cost-conscious travelers.","AC, Room Service, Gym, Restaurant",7.4,379
Paradise Haven Nainital 39,Nainital,3.8,3526,"Modern mid-range hotel in Nainital offering excellent value, well-appointed guest rooms, great dining, and a convenient location close to key city highlights.","Gym, Room Service, 24/7 Security, Spa, Restaurant",5.8,1215
Silver Sands Castle Nainital 40,Nainital,4.9,14640,"Premium luxury accommodation in Nainital. Features world-class dining, customized guest services, elegant architecture, and a highly scenic environment.","AC, Valet Parking, WiFi, Room Service, Swimming Pool, Laundry Service, Free Breakfast",7.2,1069
Alpine Lodge Resort Nainital 41,Nainital,4.1,3181,"Modern mid-range hotel in Nainital offering excellent value, well-appointed guest rooms, great dining, and a convenient location close to key city highlights.","Restaurant, Laundry Service, WiFi, Gym",4.0,466
Mayfair Hotel Nainital 42,Nainital,4.9,13625,"Premium luxury accommodation in Nainital. Features world-class dining, customized guest services, elegant architecture, and a highly scenic environment.","Restaurant, Bar, Swimming Pool, Spa, AC, Valet Parking, Gym",8.2,1264
Grand Lodge Nainital 43,Nainital,3.1,1137,"Comfortable budget-friendly lodging in Nainital. Offers clean rooms, helpful service, and basic amenities perfect for cost-conscious travelers.","Laundry Service, Valet Parking, Free Parking, Gym, WiFi",5.7,1418
Saffron Stays Manor Nainital 44,Nainital,3.6,1241,"Comfortable budget-friendly lodging in Nainital. Offers clean rooms, helpful service, and basic amenities perfect for cost-conscious travelers.","Laundry Service, Spa, Swimming Pool, Gym",2.7,1750
Vista Inn Nainital 45,Nainital,4.4,10412,"Premium luxury accommodation in Nainital. Features world-class dining, customized guest services, elegant architecture, and a highly scenic environment.","Free Parking, Balcony Room, 24/7 Security, WiFi, Laundry Service, Free Breakfast, Spa",3.3,803
Taj Retreat Nainital 46,Nainital,4.6,17382,"Premium luxury accommodation in Nainital. Features world-class dining, customized guest services, elegant architecture, and a highly scenic environment.","Free Breakfast, Spa, Gym, WiFi, AC, Valet Parking, Free Parking, 24/7 Security",4.3,1089
Radisson Villas Nainital 47,Nainital,5.0,12242,"Premium luxury accommodation in Nainital. Features world-class dining, customized guest services, elegant architecture, and a highly scenic environment.","Laundry Service, Balcony Room, Bar, Swimming Pool",9.2,117
Ginger Stays Nainital 48,Nainital,3.6,1283,"Comfortable budget-friendly lodging in Nainital. Offers clean rooms, helpful service, and basic amenities perfect for cost-conscious travelers.","Free Breakfast, Balcony Room, 24/7 Security, AC, Valet Parking, Bar, Gym",7.1,1483
Treebo Chalet Nainital 49,Nainital,4.9,9445,"Premium luxury accommodation in Nainital. Features world-class dining, customized guest services, elegant architecture, and a highly scenic environment.","AC, Free Breakfast, Gym, 24/7 Security, Swimming Pool, Balcony Room, Laundry Service, Spa",3.2,934
Capital O Suites Nainital 50,Nainital,4.2,2484,"Modern mid-range hotel in Nainital offering excellent value, well-appointed guest rooms, great dining, and a convenient location close to key city highlights.","WiFi, Free Parking, Restaurant, Bar, Valet Parking",6.4,1899
Ritz Palace Nainital 51,Nainital,3.3,1368,"Comfortable budget-friendly lodging in Nainital. Offers clean rooms, helpful service, and basic amenities perfect for cost-conscious travelers.","Gym, Room Service, Valet Parking, 24/7 Security, Spa, AC",8.0,925
Whispering Palms Haven Nainital 52,Nainital,3.8,3142,"Modern mid-range hotel in Nainital offering excellent value, well-appointed guest rooms, great dining, and a convenient location close to key city highlights.","Gym, Laundry Service, AC, Valet Parking",4.7,1579
Paradise Castle Nainital 53,Nainital,4.1,3746,"Modern mid-range hotel in Nainital offering excellent value, well-appointed guest rooms, great dining, and a convenient location close to key city highlights.","Free Parking, Balcony Room, AC, 24/7 Security, WiFi, Room Service, Free Breakfast, Restaurant",4.1,1166
Silver Sands Resort Nainital 54,Nainital,4.8,9866,"Premium luxury accommodation in Nainital. Features world-class dining, customized guest services, elegant architecture, and a highly scenic environment.","Room Service, Valet Parking, Gym, Bar",5.6,1537
Alpine Lodge Hotel Nainital 55,Nainital,4.4,15210,"Premium luxury accommodation in Nainital. Features world-class dining, customized guest services, elegant architecture, and a highly scenic environment.","Free Parking, WiFi, Laundry Service, Restaurant, Valet Parking, Balcony Room",4.5,391
Mayfair Lodge Nainital 56,Nainital,3.9,3854,"Modern mid-range hotel in Nainital offering excellent value, well-appointed guest rooms, great dining, and a convenient location close to key city highlights.","Bar, Restaurant, 24/7 Security, Balcony Room, Spa",4.6,853
Grand Manor Nainital 57,Nainital,3.1,1484,"Comfortable budget-friendly lodging in Nainital. Offers clean rooms, helpful service, and basic amenities perfect for cost-conscious travelers.","Free Breakfast, Laundry Service, Spa, Room Service, Balcony Room, Restaurant",8.6,944
Saffron Stays Inn Nainital 58,Nainital,3.6,985,"Comfortable budget-friendly lodging in Nainital. Offers clean rooms, helpful service, and basic amenities perfect for cost-conscious travelers.","Gym, Free Parking, Swimming Pool, Restaurant, AC, WiFi, Balcony Room, Free Breakfast",5.2,1154
Vista Retreat Nainital 59,Nainital,4.9,5507,"Premium luxury accommodation in Nainital. Features world-class dining, customized guest services, elegant architecture, and a highly scenic environment.","Bar, AC, Room Service, Free Parking, Laundry Service",6.6,1394
Taj Villas Nainital 60,Nainital,4.8,14172,"Premium luxury accommodation in Nainital. Features world-class dining, customized guest services, elegant architecture, and a highly scenic environment.","Room Service, Free Breakfast, 24/7 Security, Valet Parking, WiFi, Laundry Service",3.5,227
Radisson Stays Nainital 61,Nainital,3.4,1241,"Comfortable budget-friendly lodging in Nainital. Offers clean rooms, helpful service, and basic amenities perfect for cost-conscious travelers.","Laundry Service, Spa, Bar, AC, Free Breakfast, Free Parking, Restaurant, Balcony Room",6.5,817
Ginger Chalet Nainital 62,Nainital,4.6,6507,"Premium luxury accommodation in Nainital. Features world-class dining, customized guest services, elegant architecture, and a highly scenic environment.","24/7 Security, Free Breakfast, Swimming Pool, Room Service, AC, Spa, Free Parking",3.9,910
Treebo Suites Nainital 63,Nainital,4.5,13642,"Premium luxury accommodation in Nainital. Features world-class dining, customized guest services, elegant architecture, and a highly scenic environment.","Swimming Pool, AC, Gym, Valet Parking, Room Service, 24/7 Security, Laundry Service",7.5,254
Capital O Palace Nainital 64,Nainital,3.5,1205,"Comfortable budget-friendly lodging in Nainital. Offers clean rooms, helpful service, and basic amenities perfect for cost-conscious travelers.","Valet Parking, 24/7 Security, AC, Spa, Restaurant",6.5,1269
Ritz Haven Nainital 65,Nainital,4.0,3241,"Modern mid-range hotel in Nainital offering excellent value, well-appointed guest rooms, great dining, and a convenient location close to key city highlights.","Free Parking, Restaurant, AC, Valet Parking",3.5,1699
Whispering Palms Castle Nainital 66,Nainital,3.6,1796,"Comfortable budget-friendly lodging in Nainital. Offers clean rooms, helpful service, and basic amenities perfect for cost-conscious travelers.","WiFi, 24/7 Security, Bar, Gym, AC, Restaurant, Room Service",9.2,1654
Paradise Resort Nainital 67,Nainital,3.5,1325,"Comfortable budget-friendly lodging in Nainital. Offers clean rooms, helpful service, and basic amenities perfect for cost-conscious travelers.","Laundry Service, Bar, Restaurant, Swimming Pool, Spa, Balcony Room, Free Breakfast, Gym",1.7,1863
Silver Sands Hotel Nainital 68,Nainital,4.1,2128,"Modern mid-range hotel in Nainital offering excellent value, well-appointed guest rooms, great dining, and a convenient location close to key city highlights.","Valet Parking, Spa, Room Service, Free Parking",2.4,531
Alpine Lodge Lodge Nainital 69,Nainital,4.8,7679,"Premium luxury accommodation in Nainital. Features world-class dining, customized guest services, elegant architecture, and a highly scenic environment.","WiFi, Balcony Room, Laundry Service, Free Parking, Spa, 24/7 Security, Bar, Swimming Pool",8.2,668
Mayfair Manor Nainital 70,Nainital,3.1,1526,"Comfortable budget-friendly lodging in Nainital. Offers clean rooms, helpful service, and basic amenities perfect for cost-conscious travelers.","Room Service, AC, Free Parking, 24/7 Security, Valet Parking, WiFi, Balcony Room",8.8,1241
Capital O Retreat Mussoorie 1,Mussoorie,3.3,1247,"Comfortable budget-friendly lodging in Mussoorie. Offers clean rooms, helpful service, and basic amenities perfect for cost-conscious travelers.","Swimming Pool, 24/7 Security, Bar, Spa, Restaurant",0.2,567
Ritz Villas Mussoorie 2,Mussoorie,4.8,7012,"Premium luxury accommodation in Mussoorie. Features world-class dining, customized guest services, elegant architecture, and a highly scenic environment.","Laundry Service, Free Breakfast, Bar, Room Service, Restaurant, Spa",4.4,1069
Whispering Palms Stays Mussoorie 3,Mussoorie,3.8,2381,"Modern mid-range hotel in Mussoorie offering excellent value, well-appointed guest rooms, great dining, and a convenient location close to key city highlights.","Free Breakfast, Balcony Room, Valet Parking, Free Parking, Gym",7.7,473
Paradise Chalet Mussoorie 4,Mussoorie,3.5,1473,"Comfortable budget-friendly lodging in Mussoorie. Offers clean rooms, helpful service, and basic amenities perfect for cost-conscious travelers.","Balcony Room, Free Parking, Restaurant, Spa, WiFi, Swimming Pool, Valet Parking",2.5,666
Silver Sands Suites Mussoorie 5,Mussoorie,3.9,3549,"Modern mid-range hotel in Mussoorie offering excellent value, well-appointed guest rooms, great dining, and a convenient location close to key city highlights.","AC, Valet Parking, Laundry Service, Spa",8.4,1732
Alpine Lodge Palace Mussoorie 6,Mussoorie,4.7,16713,"Premium luxury accommodation in Mussoorie. Features world-class dining, customized guest services, elegant architecture, and a highly scenic environment.","WiFi, Valet Parking, AC, Restaurant, Swimming Pool, Balcony Room",2.1,1104
Mayfair Haven Mussoorie 7,Mussoorie,3.6,1797,"Comfortable budget-friendly lodging in Mussoorie. Offers clean rooms, helpful service, and basic amenities perfect for cost-conscious travelers.","Laundry Service, Spa, Balcony Room, AC, Bar",7.9,444
Grand Castle Mussoorie 8,Mussoorie,3.5,1676,"Comfortable budget-friendly lodging in Mussoorie. Offers clean rooms, helpful service, and basic amenities perfect for cost-conscious travelers.","Valet Parking, Bar, Restaurant, AC, Swimming Pool, Spa",7.8,1648
Saffron Stays Resort Mussoorie 9,Mussoorie,3.1,1909,"Comfortable budget-friendly lodging in Mussoorie. Offers clean rooms, helpful service, and basic amenities perfect for cost-conscious travelers.","Valet Parking, AC, Free Breakfast, Laundry Service, Spa, 24/7 Security",2.5,1392
Vista Hotel Mussoorie 10,Mussoorie,3.1,1850,"Comfortable budget-friendly lodging in Mussoorie. Offers clean rooms, helpful service, and basic amenities perfect for cost-conscious travelers.","Spa, Valet Parking, Room Service, Free Parking, Swimming Pool, Restaurant, Gym, AC",3.2,444
Taj Lodge Mussoorie 11,Mussoorie,3.7,1336,"Comfortable budget-friendly lodging in Mussoorie. Offers clean rooms, helpful service, and basic amenities perfect for cost-conscious travelers.","Bar, Laundry Service, Valet Parking, AC, Spa",7.9,1101
Radisson Manor Mussoorie 12,Mussoorie,4.3,3731,"Modern mid-range hotel in Mussoorie offering excellent value, well-appointed guest rooms, great dining, and a convenient location close to key city highlights.","Free Breakfast, Valet Parking, Room Service, Swimming Pool",8.0,518
Ginger Inn Mussoorie 13,Mussoorie,4.6,13303,"Premium luxury accommodation in Mussoorie. Features world-class dining, customized guest services, elegant architecture, and a highly scenic environment.","Valet Parking, Free Breakfast, Bar, Swimming Pool, Gym, Restaurant",7.4,958
Treebo Retreat Mussoorie 14,Mussoorie,4.3,4533,"Modern mid-range hotel in Mussoorie offering excellent value, well-appointed guest rooms, great dining, and a convenient location close to key city highlights.","Room Service, Valet Parking, Bar, WiFi",3.6,1805
Capital O Villas Mussoorie 15,Mussoorie,4.1,2567,"Modern mid-range hotel in Mussoorie offering excellent value, well-appointed guest rooms, great dining, and a convenient location close to key city highlights.","WiFi, 24/7 Security, Bar, Laundry Service, Valet Parking, Restaurant",4.0,729
Ritz Stays Mussoorie 16,Mussoorie,3.2,921,"Comfortable budget-friendly lodging in Mussoorie. Offers clean rooms, helpful service, and basic amenities perfect for cost-conscious travelers.","Free Parking, WiFi, Laundry Service, Valet Parking, AC, Swimming Pool, Room Service",6.0,1612
Whispering Palms Chalet Mussoorie 17,Mussoorie,4.4,17636,"Premium luxury accommodation in Mussoorie. Features world-class dining, customized guest services, elegant architecture, and a highly scenic environment.","Free Breakfast, Gym, Laundry Service, Balcony Room, Spa, Bar, 24/7 Security, AC",0.1,253
Paradise Suites Mussoorie 18,Mussoorie,3.6,1358,"Comfortable budget-friendly lodging in Mussoorie. Offers clean rooms, helpful service, and basic amenities perfect for cost-conscious travelers.","Restaurant, Gym, Free Parking, Balcony Room, Laundry Service, Spa, WiFi",6.6,530
Silver Sands Palace Mussoorie 19,Mussoorie,4.3,2250,"Modern mid-range hotel in Mussoorie offering excellent value, well-appointed guest rooms, great dining, and a convenient location close to key city highlights.","Spa, 24/7 Security, Valet Parking, Gym, Swimming Pool, Bar, WiFi, Laundry Service",5.4,507
Alpine Lodge Haven Mussoorie 20,Mussoorie,3.0,1500,"Comfortable budget-friendly lodging in Mussoorie. Offers clean rooms, helpful service, and basic amenities perfect for cost-conscious travelers.","Free Parking, WiFi, 24/7 Security, Gym, Restaurant",6.1,1573
Mayfair Castle Mussoorie 21,Mussoorie,4.3,2762,"Modern mid-range hotel in Mussoorie offering excellent value, well-appointed guest rooms, great dining, and a convenient location close to key city highlights.","Spa, AC, Balcony Room, WiFi, Bar, Free Parking, Room Service, Free Breakfast",3.4,1911
Grand Resort Mussoorie 22,Mussoorie,4.4,11268,"Premium luxury accommodation in Mussoorie. Features world-class dining, customized guest services, elegant architecture, and a highly scenic environment.","Room Service, Restaurant, Free Parking, Free Breakfast, Bar",3.7,716
Saffron Stays Hotel Mussoorie 23,Mussoorie,4.5,12251,"Premium luxury accommodation in Mussoorie. Features world-class dining, customized guest services, elegant architecture, and a highly scenic environment.","Valet Parking, Gym, 24/7 Security, Free Parking, Balcony Room, Restaurant, Laundry Service, WiFi",0.4,1406
Vista Lodge Mussoorie 24,Mussoorie,3.7,1904,"Comfortable budget-friendly lodging in Mussoorie. Offers clean rooms, helpful service, and basic amenities perfect for cost-conscious travelers.","Room Service, Bar, Free Breakfast, Balcony Room, Valet Parking, Laundry Service, Spa, AC",8.4,1935
Taj Manor Mussoorie 25,Mussoorie,4.7,16122,"Premium luxury accommodation in Mussoorie. Features world-class dining, customized guest services, elegant architecture, and a highly scenic environment.","Bar, Free Breakfast, Spa, Room Service, Gym, 24/7 Security, Free Parking, WiFi",6.5,155
Radisson Inn Mussoorie 26,Mussoorie,4.1,4303,"Modern mid-range hotel in Mussoorie offering excellent value, well-appointed guest rooms, great dining, and a convenient location close to key city highlights.","Balcony Room, Bar, Laundry Service, Valet Parking, Free Parking, Room Service, Restaurant",3.9,1635
Ginger Retreat Mussoorie 27,Mussoorie,4.3,4995,"Modern mid-range hotel in Mussoorie offering excellent value, well-appointed guest rooms, great dining, and a convenient location close to key city highlights.","Balcony Room, Free Breakfast, Restaurant, Bar",8.3,332
Treebo Villas Mussoorie 28,Mussoorie,4.3,4780,"Modern mid-range hotel in Mussoorie offering excellent value, well-appointed guest rooms, great dining, and a convenient location close to key city highlights.","Laundry Service, Free Breakfast, WiFi, Gym, Spa, 24/7 Security, Swimming Pool",8.9,1663
Capital O Stays Mussoorie 29,Mussoorie,4.3,3831,"Modern mid-range hotel in Mussoorie offering excellent value, well-appointed guest rooms, great dining, and a convenient location close to key city highlights.","Room Service, Free Breakfast, Bar, WiFi, Free Parking, Balcony Room",8.3,1370
Ritz Chalet Mussoorie 30,Mussoorie,3.3,1794,"Comfortable budget-friendly lodging in Mussoorie. Offers clean rooms, helpful service, and basic amenities perfect for cost-conscious travelers.","Laundry Service, Spa, WiFi, Restaurant, AC, Valet Parking",8.4,598
Whispering Palms Suites Mussoorie 31,Mussoorie,3.4,842,"Comfortable budget-friendly lodging in Mussoorie. Offers clean rooms, helpful service, and basic amenities perfect for cost-conscious travelers.","Balcony Room, Restaurant, Room Service, 24/7 Security, Free Breakfast, Free Parking, Gym",5.9,94
Paradise Palace Mussoorie 32,Mussoorie,3.3,1323,"Comfortable budget-friendly lodging in Mussoorie. Offers clean rooms, helpful service, and basic amenities perfect for cost-conscious travelers.","WiFi, Laundry Service, Free Breakfast, Gym, Swimming Pool, Valet Parking",0.9,1118
Silver Sands Haven Mussoorie 33,Mussoorie,4.3,4755,"Modern mid-range hotel in Mussoorie offering excellent value, well-appointed guest rooms, great dining, and a convenient location close to key city highlights.","Swimming Pool, Balcony Room, Spa, WiFi",7.2,1560
Alpine Lodge Castle Mussoorie 34,Mussoorie,3.8,2736,"Modern mid-range hotel in Mussoorie offering excellent value, well-appointed guest rooms, great dining, and a convenient location close to key city highlights.","Laundry Service, Balcony Room, Swimming Pool, AC, Free Parking, Restaurant, Spa, Gym",0.9,1317
Mayfair Resort Mussoorie 35,Mussoorie,4.6,11427,"Premium luxury accommodation in Mussoorie. Features world-class dining, customized guest services, elegant architecture, and a highly scenic environment.","Laundry Service, AC, Restaurant, Free Breakfast, Swimming Pool, WiFi, Balcony Room",6.6,460
Grand Hotel Mussoorie 36,Mussoorie,3.7,1707,"Comfortable budget-friendly lodging in Mussoorie. Offers clean rooms, helpful service, and basic amenities perfect for cost-conscious travelers.","AC, Bar, Spa, WiFi, Room Service, Gym",1.1,1412
Saffron Stays Lodge Mussoorie 37,Mussoorie,4.8,17482,"Premium luxury accommodation in Mussoorie. Features world-class dining, customized guest services, elegant architecture, and a highly scenic environment.","WiFi, Laundry Service, Balcony Room, Swimming Pool, AC",0.9,1783
Vista Manor Mussoorie 38,Mussoorie,4.0,2731,"Modern mid-range hotel in Mussoorie offering excellent value, well-appointed guest rooms, great dining, and a convenient location close to key city highlights.","Bar, Spa, Free Parking, WiFi",0.7,1965
Taj Inn Mussoorie 39,Mussoorie,4.0,2284,"Modern mid-range hotel in Mussoorie offering excellent value, well-appointed guest rooms, great dining, and a convenient location close to key city highlights.","AC, Valet Parking, 24/7 Security, Restaurant, Gym, WiFi, Balcony Room",0.3,617
Radisson Retreat Mussoorie 40,Mussoorie,3.3,1281,"Comfortable budget-friendly lodging in Mussoorie. Offers clean rooms, helpful service, and basic amenities perfect for cost-conscious travelers.","AC, Free Breakfast, Spa, Gym",1.3,625
Ginger Villas Mussoorie 41,Mussoorie,3.8,3032,"Modern mid-range hotel in Mussoorie offering excellent value, well-appointed guest rooms, great dining, and a convenient location close to key city highlights.","Free Breakfast, Swimming Pool, WiFi, AC, Valet Parking, Laundry Service",0.7,940
Treebo Stays Mussoorie 42,Mussoorie,4.9,8881,"Premium luxury accommodation in Mussoorie. Features world-class dining, customized guest services, elegant architecture, and a highly scenic environment.","Free Breakfast, Room Service, 24/7 Security, Free Parking, Spa, Swimming Pool, Restaurant",1.2,251
Capital O Chalet Mussoorie 43,Mussoorie,3.1,1740,"Comfortable budget-friendly lodging in Mussoorie. Offers clean rooms, helpful service, and basic amenities perfect for cost-conscious travelers.","24/7 Security, Free Parking, WiFi, Room Service, Restaurant",4.5,1668
Ritz Suites Mussoorie 44,Mussoorie,4.9,13733,"Premium luxury accommodation in Mussoorie. Features world-class dining, customized guest services, elegant architecture, and a highly scenic environment.","Valet Parking, Swimming Pool, Laundry Service, 24/7 Security",4.4,1514
Whispering Palms Palace Mussoorie 45,Mussoorie,3.7,1600,"Comfortable budget-friendly lodging in Mussoorie. Offers clean rooms, helpful service, and basic amenities perfect for cost-conscious travelers.","Free Breakfast, Laundry Service, 24/7 Security, AC, Bar, Room Service",6.0,940
Paradise Haven Mussoorie 46,Mussoorie,4.5,12370,"Premium luxury accommodation in Mussoorie. Features world-class dining, customized guest services, elegant architecture, and a highly scenic environment.","WiFi, Gym, Valet Parking, 24/7 Security, AC, Free Breakfast, Bar, Room Service",5.6,1500
Silver Sands Castle Mussoorie 47,Mussoorie,4.8,17586,"Premium luxury accommodation in Mussoorie. Features world-class dining, customized guest services, elegant architecture, and a highly scenic environment.","Free Parking, Swimming Pool, WiFi, Balcony Room, Laundry Service, Gym, Free Breakfast",5.1,1115
Alpine Lodge Resort Mussoorie 48,Mussoorie,4.4,11589,"Premium luxury accommodation in Mussoorie. Features world-class dining, customized guest services, elegant architecture, and a highly scenic environment.","Spa, Gym, WiFi, Room Service, Valet Parking, Restaurant",3.1,448
Mayfair Hotel Mussoorie 49,Mussoorie,3.4,1234,"Comfortable budget-friendly lodging in Mussoorie. Offers clean rooms, helpful service, and basic amenities perfect for cost-conscious travelers.","Restaurant, Free Parking, Room Service, Spa",0.3,958
Grand Lodge Mussoorie 50,Mussoorie,4.7,5035,"Premium luxury accommodation in Mussoorie. Features world-class dining, customized guest services, elegant architecture, and a highly scenic environment.","Spa, AC, Free Breakfast, Bar",3.3,924
Saffron Stays Manor Mussoorie 51,Mussoorie,3.7,1689,"Comfortable budget-friendly lodging in Mussoorie. Offers clean rooms, helpful service, and basic amenities perfect for cost-conscious travelers.","24/7 Security, Valet Parking, Swimming Pool, AC, Gym, Room Service",1.4,175
Vista Inn Mussoorie 52,Mussoorie,3.2,1088,"Comfortable budget-friendly lodging in Mussoorie. Offers clean rooms, helpful service, and basic amenities perfect for cost-conscious travelers.","WiFi, Gym, Bar, Room Service, Spa",0.9,1651
Taj Retreat Mussoorie 53,Mussoorie,4.9,11361,"Premium luxury accommodation in Mussoorie. Features world-class dining, customized guest services, elegant architecture, and a highly scenic environment.","Laundry Service, Gym, WiFi, Room Service, Valet Parking",7.5,1543
Radisson Villas Mussoorie 54,Mussoorie,4.8,14066,"Premium luxury accommodation in Mussoorie. Features world-class dining, customized guest services, elegant architecture, and a highly scenic environment.","Room Service, Valet Parking, Balcony Room, AC",8.4,171
Ginger Stays Mussoorie 55,Mussoorie,3.2,1552,"Comfortable budget-friendly lodging in Mussoorie. Offers clean rooms, helpful service, and basic amenities perfect for cost-conscious travelers.","WiFi, Restaurant, 24/7 Security, Gym, Balcony Room, AC, Bar, Free Breakfast",7.9,961
Treebo Chalet Mussoorie 56,Mussoorie,4.8,7078,"Premium luxury accommodation in Mussoorie. Features world-class dining, customized guest services, elegant architecture, and a highly scenic environment.","Swimming Pool, Spa, Free Breakfast, Balcony Room",6.7,1067
Capital O Suites Mussoorie 57,Mussoorie,3.2,1956,"Comfortable budget-friendly lodging in Mussoorie. Offers clean rooms, helpful service, and basic amenities perfect for cost-conscious travelers.","Swimming Pool, Laundry Service, Free Breakfast, AC, 24/7 Security, Gym, Bar, Balcony Room",0.9,321
Ritz Palace Mussoorie 58,Mussoorie,4.9,12929,"Premium luxury accommodation in Mussoorie. Features world-class dining, customized guest services, elegant architecture, and a highly scenic environment.","Balcony Room, Laundry Service, Free Breakfast, Swimming Pool, 24/7 Security",0.2,1576
Whispering Palms Haven Mussoorie 59,Mussoorie,3.0,1608,"Comfortable budget-friendly lodging in Mussoorie. Offers clean rooms, helpful service, and basic amenities perfect for cost-conscious travelers.","AC, Room Service, Laundry Service, Balcony Room, Restaurant, Valet Parking, Free Parking, WiFi",2.8,1825
Paradise Castle Mussoorie 60,Mussoorie,3.5,1436,"Comfortable budget-friendly lodging in Mussoorie. Offers clean rooms, helpful service, and basic amenities perfect for cost-conscious travelers.","Room Service, Free Parking, Bar, Gym, Free Breakfast, Restaurant, Spa",3.3,660
Silver Sands Resort Mussoorie 61,Mussoorie,3.9,3555,"Modern mid-range hotel in Mussoorie offering excellent value, well-appointed guest rooms, great dining, and a convenient location close to key city highlights.","Free Parking, Balcony Room, Laundry Service, Free Breakfast, Valet Parking, Gym, Bar, WiFi",3.7,1854
Alpine Lodge Hotel Mussoorie 62,Mussoorie,3.8,2919,"Modern mid-range hotel in Mussoorie offering excellent value, well-appointed guest rooms, great dining, and a convenient location close to key city highlights.","Laundry Service, Balcony Room, Gym, 24/7 Security, Free Breakfast",7.1,71
Mayfair Lodge Mussoorie 63,Mussoorie,3.2,834,"Comfortable budget-friendly lodging in Mussoorie. Offers clean rooms, helpful service, and basic amenities perfect for cost-conscious travelers.","Bar, Valet Parking, Laundry Service, WiFi, Free Breakfast, Swimming Pool, Balcony Room, Free Parking",9.5,209
Grand Manor Mussoorie 64,Mussoorie,4.2,3556,"Modern mid-range hotel in Mussoorie offering excellent value, well-appointed guest rooms, great dining, and a convenient location close to key city highlights.","Spa, Gym, WiFi, Laundry Service, Restaurant",4.7,1016
Saffron Stays Inn Mussoorie 65,Mussoorie,3.3,1657,"Comfortable budget-friendly lodging in Mussoorie. Offers clean rooms, helpful service, and basic amenities perfect for cost-conscious travelers.","Valet Parking, Swimming Pool, Bar, Laundry Service",9.2,1256
Vista Retreat Mussoorie 66,Mussoorie,5.0,10645,"Premium luxury accommodation in Mussoorie. Features world-class dining, customized guest services, elegant architecture, and a highly scenic environment.","Gym, 24/7 Security, Room Service, Restaurant, Swimming Pool",3.8,1902
Taj Villas Mussoorie 67,Mussoorie,4.5,16196,"Premium luxury accommodation in Mussoorie. Features world-class dining, customized guest services, elegant architecture, and a highly scenic environment.","Laundry Service, 24/7 Security, WiFi, AC, Spa, Room Service, Swimming Pool, Free Parking",6.9,1503
Radisson Stays Mussoorie 68,Mussoorie,3.8,2219,"Modern mid-range hotel in Mussoorie offering excellent value, well-appointed guest rooms, great dining, and a convenient location close to key city highlights.","WiFi, Free Parking, Room Service, Balcony Room, Bar",9.0,1318
Ginger Chalet Mussoorie 69,Mussoorie,4.0,3077,"Modern mid-range hotel in Mussoorie offering excellent value, well-appointed guest rooms, great dining, and a convenient location close to key city highlights.","Restaurant, Free Parking, Gym, AC, Valet Parking",3.1,1090
Treebo Suites Mussoorie 70,Mussoorie,3.1,1869,"Comfortable budget-friendly lodging in Mussoorie. Offers clean rooms, helpful service, and basic amenities perfect for cost-conscious travelers.","Free Breakfast, Free Parking, Laundry Service, Gym, Restaurant, Balcony Room, Spa",2.9,1446
Grand Haven Hyderabad 1,Hyderabad,3.5,1669,"Comfortable budget-friendly lodging in Hyderabad. Offers clean rooms, helpful service, and basic amenities perfect for cost-conscious travelers.","AC, Spa, Swimming Pool, Room Service, Free Breakfast, Restaurant, Gym",0.3,843
Saffron Stays Castle Hyderabad 2,Hyderabad,3.6,1417,"Comfortable budget-friendly lodging in Hyderabad. Offers clean rooms, helpful service, and basic amenities perfect for cost-conscious travelers.","Free Parking, Laundry Service, Gym, Spa, AC",5.1,1503
Vista Resort Hyderabad 3,Hyderabad,3.6,1789,"Comfortable budget-friendly lodging in Hyderabad. Offers clean rooms, helpful service, and basic amenities perfect for cost-conscious travelers.","Free Parking, Valet Parking, Laundry Service, Spa",5.6,697
Taj Hotel Hyderabad 4,Hyderabad,3.2,1145,"Comfortable budget-friendly lodging in Hyderabad. Offers clean rooms, helpful service, and basic amenities perfect for cost-conscious travelers.","Valet Parking, Free Parking, WiFi, Room Service, Restaurant, Bar, 24/7 Security, Free Breakfast",7.5,783
Radisson Lodge Hyderabad 5,Hyderabad,3.3,1776,"Comfortable budget-friendly lodging in Hyderabad. Offers clean rooms, helpful service, and basic amenities perfect for cost-conscious travelers.","Gym, Swimming Pool, Spa, Bar, Room Service",1.0,1382
Ginger Manor Hyderabad 6,Hyderabad,4.5,14181,"Premium luxury accommodation in Hyderabad. Features world-class dining, customized guest services, elegant architecture, and a highly scenic environment.","AC, Balcony Room, Gym, Restaurant, WiFi, Laundry Service, Swimming Pool",6.0,1785
Treebo Inn Hyderabad 7,Hyderabad,4.5,9280,"Premium luxury accommodation in Hyderabad. Features world-class dining, customized guest services, elegant architecture, and a highly scenic environment.","AC, Bar, Valet Parking, Spa, Laundry Service, Restaurant, Balcony Room",8.0,831
Capital O Retreat Hyderabad 8,Hyderabad,4.0,3356,"Modern mid-range hotel in Hyderabad offering excellent value, well-appointed guest rooms, great dining, and a convenient location close to key city highlights.","AC, Free Parking, Spa, Swimming Pool",4.6,157
Ritz Villas Hyderabad 9,Hyderabad,3.9,3013,"Modern mid-range hotel in Hyderabad offering excellent value, well-appointed guest rooms, great dining, and a convenient location close to key city highlights.","Valet Parking, Laundry Service, Spa, 24/7 Security, Room Service, Restaurant",3.2,1325
Whispering Palms Stays Hyderabad 10,Hyderabad,3.9,4915,"Modern mid-range hotel in Hyderabad offering excellent value, well-appointed guest rooms, great dining, and a convenient location close to key city highlights.","WiFi, Laundry Service, Balcony Room, Bar, Free Breakfast, Restaurant",6.5,1462
Paradise Chalet Hyderabad 11,Hyderabad,4.1,2178,"Modern mid-range hotel in Hyderabad offering excellent value, well-appointed guest rooms, great dining, and a convenient location close to key city highlights.","AC, Balcony Room, Restaurant, Room Service, Free Breakfast, Laundry Service, Valet Parking",1.2,1127
Silver Sands Suites Hyderabad 12,Hyderabad,4.3,2487,"Modern mid-range hotel in Hyderabad offering excellent value, well-appointed guest rooms, great dining, and a convenient location close to key city highlights.","Free Breakfast, AC, WiFi, Balcony Room, Room Service",7.4,412
Alpine Lodge Palace Hyderabad 13,Hyderabad,3.7,1386,"Comfortable budget-friendly lodging in Hyderabad. Offers clean rooms, helpful service, and basic amenities perfect for cost-conscious travelers.","Spa, Laundry Service, Balcony Room, Restaurant, Bar, Valet Parking, 24/7 Security, AC",9.1,1560
Mayfair Haven Hyderabad 14,Hyderabad,4.1,2486,"Modern mid-range hotel in Hyderabad offering excellent value, well-appointed guest rooms, great dining, and a convenient location close to key city highlights.","Balcony Room, WiFi, Laundry Service, Gym, Bar, Valet Parking, Restaurant",1.1,878
Grand Castle Hyderabad 15,Hyderabad,4.4,10781,"Premium luxury accommodation in Hyderabad. Features world-class dining, customized guest services, elegant architecture, and a highly scenic environment.","AC, Swimming Pool, Restaurant, 24/7 Security, Laundry Service, Free Parking",0.4,214
Saffron Stays Resort Hyderabad 16,Hyderabad,3.6,1747,"Comfortable budget-friendly lodging in Hyderabad. Offers clean rooms, helpful service, and basic amenities perfect for cost-conscious travelers.","Free Parking, Laundry Service, 24/7 Security, Valet Parking, Swimming Pool",6.0,1706
Vista Hotel Hyderabad 17,Hyderabad,4.2,4671,"Modern mid-range hotel in Hyderabad offering excellent value, well-appointed guest rooms, great dining, and a convenient location close to key city highlights.","24/7 Security, Bar, Room Service, Restaurant, Laundry Service",5.4,1843
Taj Lodge Hyderabad 18,Hyderabad,4.4,16046,"Premium luxury accommodation in Hyderabad. Features world-class dining, customized guest services, elegant architecture, and a highly scenic environment.","Spa, Free Breakfast, 24/7 Security, Swimming Pool",1.4,916
Radisson Manor Hyderabad 19,Hyderabad,5.0,16424,"Premium luxury accommodation in Hyderabad. Features world-class dining, customized guest services, elegant architecture, and a highly scenic environment.","Bar, AC, Laundry Service, Room Service",9.5,408
Ginger Inn Hyderabad 20,Hyderabad,4.7,14856,"Premium luxury accommodation in Hyderabad. Features world-class dining, customized guest services, elegant architecture, and a highly scenic environment.","Balcony Room, Free Parking, Swimming Pool, Laundry Service",4.3,565
Treebo Retreat Hyderabad 21,Hyderabad,4.0,3033,"Modern mid-range hotel in Hyderabad offering excellent value, well-appointed guest rooms, great dining, and a convenient location close to key city highlights.","Room Service, WiFi, Laundry Service, Gym",0.4,1652
Capital O Villas Hyderabad 22,Hyderabad,4.9,17397,"Premium luxury accommodation in Hyderabad. Features world-class dining, customized guest services, elegant architecture, and a highly scenic environment.","Free Parking, Valet Parking, Spa, 24/7 Security, Balcony Room, WiFi, AC, Laundry Service",7.9,1249
Ritz Stays Hyderabad 23,Hyderabad,4.2,3593,"Modern mid-range hotel in Hyderabad offering excellent value, well-appointed guest rooms, great dining, and a convenient location close to key city highlights.","Room Service, Valet Parking, Restaurant, WiFi, Spa, Gym",4.5,525
Whispering Palms Chalet Hyderabad 24,Hyderabad,3.6,1651,"Comfortable budget-friendly lodging in Hyderabad. Offers clean rooms, helpful service, and basic amenities perfect for cost-conscious travelers.","Room Service, Free Breakfast, Spa, Balcony Room, WiFi, Valet Parking",2.3,1809
Paradise Suites Hyderabad 25,Hyderabad,3.8,3719,"Modern mid-range hotel in Hyderabad offering excellent value, well-appointed guest rooms, great dining, and a convenient location close to key city highlights.","AC, WiFi, 24/7 Security, Room Service, Valet Parking",3.5,1123
Silver Sands Palace Hyderabad 26,Hyderabad,3.1,1046,"Comfortable budget-friendly lodging in Hyderabad. Offers clean rooms, helpful service, and basic amenities perfect for cost-conscious travelers.","24/7 Security, Room Service, Balcony Room, WiFi, Laundry Service, Gym, Free Parking, Free Breakfast",3.2,409
Alpine Lodge Haven Hyderabad 27,Hyderabad,3.9,2629,"Modern mid-range hotel in Hyderabad offering excellent value, well-appointed guest rooms, great dining, and a convenient location close to key city highlights.","AC, Room Service, Valet Parking, Free Breakfast, Spa, Free Parking, WiFi, Balcony Room",9.5,30
Mayfair Castle Hyderabad 28,Hyderabad,3.9,2251,"Modern mid-range hotel in Hyderabad offering excellent value, well-appointed guest rooms, great dining, and a convenient location close to key city highlights.","Swimming Pool, 24/7 Security, AC, Free Parking, Spa, Laundry Service, Gym, Valet Parking",6.8,967
Grand Resort Hyderabad 29,Hyderabad,3.8,4652,"Modern mid-range hotel in Hyderabad offering excellent value, well-appointed guest rooms, great dining, and a convenient location close to key city highlights.","Spa, Swimming Pool, Bar, Restaurant, 24/7 Security, Valet Parking, Free Parking",9.3,1159
Saffron Stays Hotel Hyderabad 30,Hyderabad,3.1,805,"Comfortable budget-friendly lodging in Hyderabad. Offers clean rooms, helpful service, and basic amenities perfect for cost-conscious travelers.","Free Breakfast, Valet Parking, Spa, Free Parking, 24/7 Security",7.9,1432
Vista Lodge Hyderabad 31,Hyderabad,4.2,2633,"Modern mid-range hotel in Hyderabad offering excellent value, well-appointed guest rooms, great dining, and a convenient location close to key city highlights.","AC, Gym, Bar, Room Service, 24/7 Security, Restaurant, Spa, Valet Parking",8.4,420
Taj Manor Hyderabad 32,Hyderabad,4.1,4608,"Modern mid-range hotel in Hyderabad offering excellent value, well-appointed guest rooms, great dining, and a convenient location close to key city highlights.","Free Breakfast, Laundry Service, 24/7 Security, Restaurant, Free Parking, Bar, Room Service, Valet Parking",0.9,1258
Radisson Inn Hyderabad 33,Hyderabad,3.3,1270,"Comfortable budget-friendly lodging in Hyderabad. Offers clean rooms, helpful service, and basic amenities perfect for cost-conscious travelers.","Bar, Balcony Room, Room Service, Valet Parking, 24/7 Security",4.4,1989
Ginger Retreat Hyderabad 34,Hyderabad,3.3,1855,"Comfortable budget-friendly lodging in Hyderabad. Offers clean rooms, helpful service, and basic amenities perfect for cost-conscious travelers.","Restaurant, AC, Laundry Service, Gym, Room Service",7.8,209
Treebo Villas Hyderabad 35,Hyderabad,4.8,6337,"Premium luxury accommodation in Hyderabad. Features world-class dining, customized guest services, elegant architecture, and a highly scenic environment.","WiFi, Bar, 24/7 Security, Room Service, Free Breakfast, Valet Parking, Gym, Balcony Room",6.7,316
Capital O Stays Hyderabad 36,Hyderabad,4.2,2353,"Modern mid-range hotel in Hyderabad offering excellent value, well-appointed guest rooms, great dining, and a convenient location close to key city highlights.","Valet Parking, Free Parking, 24/7 Security, Laundry Service, WiFi, Restaurant",0.7,968
Ritz Chalet Hyderabad 37,Hyderabad,4.1,4569,"Modern mid-range hotel in Hyderabad offering excellent value, well-appointed guest rooms, great dining, and a convenient location close to key city highlights.","Laundry Service, WiFi, Spa, Free Breakfast, Free Parking",7.4,1050
Whispering Palms Suites Hyderabad 38,Hyderabad,4.2,4992,"Modern mid-range hotel in Hyderabad offering excellent value, well-appointed guest rooms, great dining, and a convenient location close to key city highlights.","Restaurant, Bar, Balcony Room, Room Service",0.9,155
Paradise Palace Hyderabad 39,Hyderabad,4.1,4523,"Modern mid-range hotel in Hyderabad offering excellent value, well-appointed guest rooms, great dining, and a convenient location close to key city highlights.","Free Breakfast, Laundry Service, Spa, Room Service",2.7,1613
Silver Sands Haven Hyderabad 40,Hyderabad,4.0,4195,"Modern mid-range hotel in Hyderabad offering excellent value, well-appointed guest rooms, great dining, and a convenient location close to key city highlights.","Restaurant, Free Parking, Balcony Room, WiFi, Laundry Service, Spa, AC",1.8,1876
Alpine Lodge Castle Hyderabad 41,Hyderabad,4.6,11518,"Premium luxury accommodation in Hyderabad. Features world-class dining, customized guest services, elegant architecture, and a highly scenic environment.","Valet Parking, Room Service, WiFi, Free Breakfast, Spa, Balcony Room",7.9,1151
Mayfair Resort Hyderabad 42,Hyderabad,4.3,2092,"Modern mid-range hotel in Hyderabad offering excellent value, well-appointed guest rooms, great dining, and a convenient location close to key city highlights.","Free Breakfast, 24/7 Security, WiFi, Swimming Pool, Free Parking, Balcony Room",2.8,440
Grand Hotel Hyderabad 43,Hyderabad,4.9,15774,"Premium luxury accommodation in Hyderabad. Features world-class dining, customized guest services, elegant architecture, and a highly scenic environment.","Free Breakfast, Bar, Laundry Service, Spa, Free Parking, Valet Parking",3.2,1687
Saffron Stays Lodge Hyderabad 44,Hyderabad,4.8,17441,"Premium luxury accommodation in Hyderabad. Features world-class dining, customized guest services, elegant architecture, and a highly scenic environment.","Balcony Room, Laundry Service, AC, Room Service, WiFi, 24/7 Security",2.6,1685
Vista Manor Hyderabad 45,Hyderabad,4.2,2054,"Modern mid-range hotel in Hyderabad offering excellent value, well-appointed guest rooms, great dining, and a convenient location close to key city highlights.","Swimming Pool, Bar, Valet Parking, Laundry Service",5.4,271
Taj Inn Hyderabad 46,Hyderabad,4.6,11228,"Premium luxury accommodation in Hyderabad. Features world-class dining, customized guest services, elegant architecture, and a highly scenic environment.","Restaurant, Valet Parking, Spa, Balcony Room, Free Parking",6.2,1409
Radisson Retreat Hyderabad 47,Hyderabad,3.6,1790,"Comfortable budget-friendly lodging in Hyderabad. Offers clean rooms, helpful service, and basic amenities perfect for cost-conscious travelers.","WiFi, Spa, Bar, Swimming Pool",5.5,91
Ginger Villas Hyderabad 48,Hyderabad,3.8,4665,"Modern mid-range hotel in Hyderabad offering excellent value, well-appointed guest rooms, great dining, and a convenient location close to key city highlights.","Spa, Restaurant, Valet Parking, 24/7 Security, AC, WiFi, Bar",7.7,978
Treebo Stays Hyderabad 49,Hyderabad,4.4,7610,"Premium luxury accommodation in Hyderabad. Features world-class dining, customized guest services, elegant architecture, and a highly scenic environment.","Room Service, Free Breakfast, 24/7 Security, Restaurant, Valet Parking, AC",2.4,1848
Capital O Chalet Hyderabad 50,Hyderabad,4.9,16242,"Premium luxury accommodation in Hyderabad. Features world-class dining, customized guest services, elegant architecture, and a highly scenic environment.","Gym, Bar, Free Breakfast, Spa, Room Service, WiFi, Swimming Pool, AC",7.5,126
Ritz Suites Hyderabad 51,Hyderabad,3.1,1655,"Comfortable budget-friendly lodging in Hyderabad. Offers clean rooms, helpful service, and basic amenities perfect for cost-conscious travelers.","Restaurant, Laundry Service, Free Breakfast, Balcony Room, Swimming Pool",4.8,1689
Whispering Palms Palace Hyderabad 52,Hyderabad,3.5,1075,"Comfortable budget-friendly lodging in Hyderabad. Offers clean rooms, helpful service, and basic amenities perfect for cost-conscious travelers.","Laundry Service, Spa, 24/7 Security, Gym",0.2,1609
Paradise Haven Hyderabad 53,Hyderabad,4.7,12810,"Premium luxury accommodation in Hyderabad. Features world-class dining, customized guest services, elegant architecture, and a highly scenic environment.","Free Breakfast, Gym, 24/7 Security, AC, Room Service, Spa",8.8,1748
Silver Sands Castle Hyderabad 54,Hyderabad,4.0,3409,"Modern mid-range hotel in Hyderabad offering excellent value, well-appointed guest rooms, great dining, and a convenient location close to key city highlights.","Bar, Valet Parking, Balcony Room, 24/7 Security, Spa, Laundry Service, AC",5.3,1936
Alpine Lodge Resort Hyderabad 55,Hyderabad,3.8,4214,"Modern mid-range hotel in Hyderabad offering excellent value, well-appointed guest rooms, great dining, and a convenient location close to key city highlights.","WiFi, Valet Parking, AC, 24/7 Security, Restaurant, Room Service",4.6,353
Mayfair Hotel Hyderabad 56,Hyderabad,4.3,3269,"Modern mid-range hotel in Hyderabad offering excellent value, well-appointed guest rooms, great dining, and a convenient location close to key city highlights.","Free Breakfast, Swimming Pool, Gym, WiFi, Laundry Service, Free Parking, Spa, Balcony Room",3.4,839
Grand Lodge Hyderabad 57,Hyderabad,4.3,3394,"Modern mid-range hotel in Hyderabad offering excellent value, well-appointed guest rooms, great dining, and a convenient location close to key city highlights.","Gym, Restaurant, Free Breakfast, Free Parking, Room Service",3.4,1208
Saffron Stays Manor Hyderabad 58,Hyderabad,3.5,1841,"Comfortable budget-friendly lodging in Hyderabad. Offers clean rooms, helpful service, and basic amenities perfect for cost-conscious travelers.","Restaurant, Free Breakfast, WiFi, Balcony Room, Swimming Pool, Laundry Service",3.6,683
Vista Inn Hyderabad 59,Hyderabad,4.3,3579,"Modern mid-range hotel in Hyderabad offering excellent value, well-appointed guest rooms, great dining, and a convenient location close to key city highlights.","24/7 Security, Gym, Free Breakfast, WiFi, AC",5.8,695
Taj Retreat Hyderabad 60,Hyderabad,4.3,2268,"Modern mid-range hotel in Hyderabad offering excellent value, well-appointed guest rooms, great dining, and a convenient location close to key city highlights.","Swimming Pool, Free Parking, AC, Laundry Service, Balcony Room, Gym, Free Breakfast, Valet Parking",8.3,1351
Radisson Villas Hyderabad 61,Hyderabad,4.2,3334,"Modern mid-range hotel in Hyderabad offering excellent value, well-appointed guest rooms, great dining, and a convenient location close to key city highlights.","Restaurant, Spa, 24/7 Security, Free Parking, Room Service, Swimming Pool, Gym, Laundry Service",8.4,1336
Ginger Stays Hyderabad 62,Hyderabad,3.3,956,"Comfortable budget-friendly lodging in Hyderabad. Offers clean rooms, helpful service, and basic amenities perfect for cost-conscious travelers.","Laundry Service, Free Parking, Free Breakfast, Valet Parking, Swimming Pool, 24/7 Security, WiFi, AC",1.1,1430
Treebo Chalet Hyderabad 63,Hyderabad,3.8,4855,"Modern mid-range hotel in Hyderabad offering excellent value, well-appointed guest rooms, great dining, and a convenient location close to key city highlights.","Restaurant, Gym, AC, WiFi, Balcony Room, Room Service, Laundry Service",8.2,1074
Capital O Suites Hyderabad 64,Hyderabad,3.7,1117,"Comfortable budget-friendly lodging in Hyderabad. Offers clean rooms, helpful service, and basic amenities perfect for cost-conscious travelers.","Swimming Pool, Restaurant, Gym, Laundry Service, AC, 24/7 Security, Free Breakfast",2.5,1247
Ritz Palace Hyderabad 65,Hyderabad,3.4,1426,"Comfortable budget-friendly lodging in Hyderabad. Offers clean rooms, helpful service, and basic amenities perfect for cost-conscious travelers.","AC, Valet Parking, Room Service, 24/7 Security, Free Parking, Gym, Balcony Room",0.9,1304
Whispering Palms Haven Hyderabad 66,Hyderabad,4.5,16478,"Premium luxury accommodation in Hyderabad. Features world-class dining, customized guest services, elegant architecture, and a highly scenic environment.","Laundry Service, Free Breakfast, 24/7 Security, AC, Restaurant, Bar, WiFi, Free Parking",2.9,176
Paradise Castle Hyderabad 67,Hyderabad,4.6,11787,"Premium luxury accommodation in Hyderabad. Features world-class dining, customized guest services, elegant architecture, and a highly scenic environment.","Spa, Valet Parking, Swimming Pool, Free Breakfast, Free Parking, WiFi",6.1,66
Silver Sands Resort Hyderabad 68,Hyderabad,4.7,8173,"Premium luxury accommodation in Hyderabad. Features world-class dining, customized guest services, elegant architecture, and a highly scenic environment.","Spa, AC, WiFi, Bar",3.1,1742
Alpine Lodge Hotel Hyderabad 69,Hyderabad,4.0,2254,"Modern mid-range hotel in Hyderabad offering excellent value, well-appointed guest rooms, great dining, and a convenient location close to key city highlights.","Laundry Service, 24/7 Security, Room Service, Restaurant, Bar",5.9,1111
Mayfair Lodge Hyderabad 70,Hyderabad,4.5,12238,"Premium luxury accommodation in Hyderabad. Features world-class dining, customized guest services, elegant architecture, and a highly scenic environment.","Free Parking, Bar, 24/7 Security, Balcony Room, Swimming Pool, Spa, AC",4.9,475
Capital O Inn Ahmedabad 1,Ahmedabad,3.1,1861,"Comfortable budget-friendly lodging in Ahmedabad. Offers clean rooms, helpful service, and basic amenities perfect for cost-conscious travelers.","Free Breakfast, Gym, Swimming Pool, Room Service, 24/7 Security",3.4,1891
Ritz Retreat Ahmedabad 2,Ahmedabad,3.6,1150,"Comfortable budget-friendly lodging in Ahmedabad. Offers clean rooms, helpful service, and basic amenities perfect for cost-conscious travelers.","24/7 Security, Valet Parking, Restaurant, Bar, Free Parking",6.8,423
Whispering Palms Villas Ahmedabad 3,Ahmedabad,3.4,1557,"Comfortable budget-friendly lodging in Ahmedabad. Offers clean rooms, helpful service, and basic amenities perfect for cost-conscious travelers.","WiFi, Valet Parking, Spa, Restaurant, Bar, Free Parking, Free Breakfast, Balcony Room",8.7,1578
Paradise Stays Ahmedabad 4,Ahmedabad,3.8,2733,"Modern mid-range hotel in Ahmedabad offering excellent value, well-appointed guest rooms, great dining, and a convenient location close to key city highlights.","Restaurant, 24/7 Security, Gym, Bar, Swimming Pool, Balcony Room, Spa",4.9,853
Silver Sands Chalet Ahmedabad 5,Ahmedabad,3.4,1815,"Comfortable budget-friendly lodging in Ahmedabad. Offers clean rooms, helpful service, and basic amenities perfect for cost-conscious travelers.","Spa, Gym, Swimming Pool, Free Breakfast",2.5,1858
Alpine Lodge Suites Ahmedabad 6,Ahmedabad,4.9,7125,"Premium luxury accommodation in Ahmedabad. Features world-class dining, customized guest services, elegant architecture, and a highly scenic environment.","Valet Parking, Swimming Pool, WiFi, AC, Balcony Room, Free Breakfast, Laundry Service, 24/7 Security",7.9,570
Mayfair Palace Ahmedabad 7,Ahmedabad,3.4,1373,"Comfortable budget-friendly lodging in Ahmedabad. Offers clean rooms, helpful service, and basic amenities perfect for cost-conscious travelers.","WiFi, Spa, Laundry Service, AC, Gym, Free Parking, Bar",3.8,161
Grand Haven Ahmedabad 8,Ahmedabad,4.4,15458,"Premium luxury accommodation in Ahmedabad. Features world-class dining, customized guest services, elegant architecture, and a highly scenic environment.","Free Parking, 24/7 Security, Room Service, Laundry Service, Free Breakfast",0.5,360
Saffron Stays Castle Ahmedabad 9,Ahmedabad,3.7,993,"Comfortable budget-friendly lodging in Ahmedabad. Offers clean rooms, helpful service, and basic amenities perfect for cost-conscious travelers.","Valet Parking, Balcony Room, Swimming Pool, Restaurant, Gym, Bar",8.1,205
Vista Resort Ahmedabad 10,Ahmedabad,3.9,4660,"Modern mid-range hotel in Ahmedabad offering excellent value, well-appointed guest rooms, great dining, and a convenient location close to key city highlights.","Laundry Service, AC, Room Service, Bar, WiFi",2.6,1534
Taj Hotel Ahmedabad 11,Ahmedabad,4.6,10111,"Premium luxury accommodation in Ahmedabad. Features world-class dining, customized guest services, elegant architecture, and a highly scenic environment.","Bar, Spa, AC, WiFi, 24/7 Security, Gym, Balcony Room, Free Parking",6.3,324
Radisson Lodge Ahmedabad 12,Ahmedabad,4.8,9202,"Premium luxury accommodation in Ahmedabad. Features world-class dining, customized guest services, elegant architecture, and a highly scenic environment.","Bar, Valet Parking, Balcony Room, Gym",0.5,840
Ginger Manor Ahmedabad 13,Ahmedabad,4.8,6899,"Premium luxury accommodation in Ahmedabad. Features world-class dining, customized guest services, elegant architecture, and a highly scenic environment.","Free Parking, WiFi, 24/7 Security, Restaurant, Bar",6.3,1879
Treebo Inn Ahmedabad 14,Ahmedabad,4.2,3938,"Modern mid-range hotel in Ahmedabad offering excellent value, well-appointed guest rooms, great dining, and a convenient location close to key city highlights.","Balcony Room, Laundry Service, Spa, Gym, Restaurant, WiFi",4.9,83
Capital O Retreat Ahmedabad 15,Ahmedabad,4.5,11862,"Premium luxury accommodation in Ahmedabad. Features world-class dining, customized guest services, elegant architecture, and a highly scenic environment.","24/7 Security, Laundry Service, Gym, Valet Parking, Bar, Free Parking, Room Service, Balcony Room",2.4,769
Ritz Villas Ahmedabad 16,Ahmedabad,4.2,2259,"Modern mid-range hotel in Ahmedabad offering excellent value, well-appointed guest rooms, great dining, and a convenient location close to key city highlights.","24/7 Security, Spa, Room Service, Restaurant, Gym, Free Breakfast, Laundry Service, Valet Parking",7.5,1197
Whispering Palms Stays Ahmedabad 17,Ahmedabad,4.1,2179,"Modern mid-range hotel in Ahmedabad offering excellent value, well-appointed guest rooms, great dining, and a convenient location close to key city highlights.","Valet Parking, Bar, Free Breakfast, Gym, Laundry Service, Room Service",0.1,1287
Paradise Chalet Ahmedabad 18,Ahmedabad,4.9,7060,"Premium luxury accommodation in Ahmedabad. Features world-class dining, customized guest services, elegant architecture, and a highly scenic environment.","Laundry Service, AC, WiFi, Free Parking, Restaurant, Valet Parking, Balcony Room",2.5,1821
Silver Sands Suites Ahmedabad 19,Ahmedabad,4.8,5429,"Premium luxury accommodation in Ahmedabad. Features world-class dining, customized guest services, elegant architecture, and a highly scenic environment.","Free Breakfast, 24/7 Security, Bar, WiFi",3.2,1401
Alpine Lodge Palace Ahmedabad 20,Ahmedabad,4.7,10685,"Premium luxury accommodation in Ahmedabad. Features world-class dining, customized guest services, elegant architecture, and a highly scenic environment.","Room Service, Free Parking, 24/7 Security, Laundry Service, WiFi, AC",3.1,1921
Mayfair Haven Ahmedabad 21,Ahmedabad,3.8,4419,"Modern mid-range hotel in Ahmedabad offering excellent value, well-appointed guest rooms, great dining, and a convenient location close to key city highlights.","Balcony Room, 24/7 Security, Valet Parking, Spa, Laundry Service, Gym, Free Parking",2.8,96
Grand Castle Ahmedabad 22,Ahmedabad,3.5,837,"Comfortable budget-friendly lodging in Ahmedabad. Offers clean rooms, helpful service, and basic amenities perfect for cost-conscious travelers.","AC, Gym, Valet Parking, Swimming Pool",5.5,1786
Saffron Stays Resort Ahmedabad 23,Ahmedabad,3.1,1679,"Comfortable budget-friendly lodging in Ahmedabad. Offers clean rooms, helpful service, and basic amenities perfect for cost-conscious travelers.","Free Breakfast, Swimming Pool, Valet Parking, Gym, AC, Laundry Service, Bar, Restaurant",0.8,1385
Vista Hotel Ahmedabad 24,Ahmedabad,4.6,6489,"Premium luxury accommodation in Ahmedabad. Features world-class dining, customized guest services, elegant architecture, and a highly scenic environment.","Valet Parking, Spa, WiFi, 24/7 Security, Room Service, AC",1.1,1680
Taj Lodge Ahmedabad 25,Ahmedabad,3.3,1123,"Comfortable budget-friendly lodging in Ahmedabad. Offers clean rooms, helpful service, and basic amenities perfect for cost-conscious travelers.","AC, Laundry Service, Swimming Pool, Restaurant, WiFi, Spa, 24/7 Security, Room Service",2.9,308
Radisson Manor Ahmedabad 26,Ahmedabad,3.5,1119,"Comfortable budget-friendly lodging in Ahmedabad. Offers clean rooms, helpful service, and basic amenities perfect for cost-conscious travelers.","Restaurant, Gym, WiFi, Spa, 24/7 Security",6.6,1595
Ginger Inn Ahmedabad 27,Ahmedabad,4.4,5247,"Premium luxury accommodation in Ahmedabad. Features world-class dining, customized guest services, elegant architecture, and a highly scenic environment.","Swimming Pool, Gym, Spa, Free Breakfast",5.0,1246
Treebo Retreat Ahmedabad 28,Ahmedabad,3.3,1129,"Comfortable budget-friendly lodging in Ahmedabad. Offers clean rooms, helpful service, and basic amenities perfect for cost-conscious travelers.","Laundry Service, Gym, Bar, WiFi, Free Parking, Free Breakfast",5.4,1472
Capital O Villas Ahmedabad 29,Ahmedabad,4.9,10499,"Premium luxury accommodation in Ahmedabad. Features world-class dining, customized guest services, elegant architecture, and a highly scenic environment.","24/7 Security, Spa, Free Parking, Bar, AC",1.2,1937
Ritz Stays Ahmedabad 30,Ahmedabad,4.0,3682,"Modern mid-range hotel in Ahmedabad offering excellent value, well-appointed guest rooms, great dining, and a convenient location close to key city highlights.","Free Parking, Restaurant, Valet Parking, Room Service, 24/7 Security",3.9,1009
Whispering Palms Chalet Ahmedabad 31,Ahmedabad,4.6,9683,"Premium luxury accommodation in Ahmedabad. Features world-class dining, customized guest services, elegant architecture, and a highly scenic environment.","24/7 Security, Room Service, Free Parking, Free Breakfast",4.4,1922
Paradise Suites Ahmedabad 32,Ahmedabad,3.7,1569,"Comfortable budget-friendly lodging in Ahmedabad. Offers clean rooms, helpful service, and basic amenities perfect for cost-conscious travelers.","Restaurant, WiFi, Room Service, Gym",0.1,962
Silver Sands Palace Ahmedabad 33,Ahmedabad,3.1,910,"Comfortable budget-friendly lodging in Ahmedabad. Offers clean rooms, helpful service, and basic amenities perfect for cost-conscious travelers.","Gym, Balcony Room, AC, WiFi, Spa, Free Breakfast, 24/7 Security",8.7,1487
Alpine Lodge Haven Ahmedabad 34,Ahmedabad,4.9,11931,"Premium luxury accommodation in Ahmedabad. Features world-class dining, customized guest services, elegant architecture, and a highly scenic environment.","Balcony Room, Valet Parking, Spa, AC, Swimming Pool, Free Breakfast, Gym",4.1,1213
Mayfair Castle Ahmedabad 35,Ahmedabad,3.3,1457,"Comfortable budget-friendly lodging in Ahmedabad. Offers clean rooms, helpful service, and basic amenities perfect for cost-conscious travelers.","Laundry Service, Room Service, Free Parking, Free Breakfast, Balcony Room, Valet Parking, Gym, Restaurant",6.9,383
Grand Resort Ahmedabad 36,Ahmedabad,4.4,8182,"Premium luxury accommodation in Ahmedabad. Features world-class dining, customized guest services, elegant architecture, and a highly scenic environment.","Spa, Swimming Pool, Restaurant, AC, Balcony Room, Free Parking, Room Service, 24/7 Security",9.4,1947
Saffron Stays Hotel Ahmedabad 37,Ahmedabad,4.1,2913,"Modern mid-range hotel in Ahmedabad offering excellent value, well-appointed guest rooms, great dining, and a convenient location close to key city highlights.","Room Service, Valet Parking, Swimming Pool, Gym, Balcony Room",8.9,676
Vista Lodge Ahmedabad 38,Ahmedabad,3.4,1134,"Comfortable budget-friendly lodging in Ahmedabad. Offers clean rooms, helpful service, and basic amenities perfect for cost-conscious travelers.","Bar, Free Parking, WiFi, AC, Spa",4.7,66
Taj Manor Ahmedabad 39,Ahmedabad,4.5,16556,"Premium luxury accommodation in Ahmedabad. Features world-class dining, customized guest services, elegant architecture, and a highly scenic environment.","Balcony Room, WiFi, Valet Parking, Laundry Service, Swimming Pool, Restaurant",2.9,361
Radisson Inn Ahmedabad 40,Ahmedabad,3.6,1128,"Comfortable budget-friendly lodging in Ahmedabad. Offers clean rooms, helpful service, and basic amenities perfect for cost-conscious travelers.","Free Parking, Spa, Restaurant, Bar, AC",4.3,63
Ginger Retreat Ahmedabad 41,Ahmedabad,4.0,4642,"Modern mid-range hotel in Ahmedabad offering excellent value, well-appointed guest rooms, great dining, and a convenient location close to key city highlights.","Gym, Free Parking, Valet Parking, Balcony Room, Bar, WiFi, Restaurant, Laundry Service",8.6,1431
Treebo Villas Ahmedabad 42,Ahmedabad,4.9,16330,"Premium luxury accommodation in Ahmedabad. Features world-class dining, customized guest services, elegant architecture, and a highly scenic environment.","Gym, Laundry Service, Free Breakfast, Restaurant, Swimming Pool",3.4,412
Capital O Stays Ahmedabad 43,Ahmedabad,4.7,14057,"Premium luxury accommodation in Ahmedabad. Features world-class dining, customized guest services, elegant architecture, and a highly scenic environment.","Gym, Valet Parking, Room Service, Free Breakfast, 24/7 Security",6.2,1202
Ritz Chalet Ahmedabad 44,Ahmedabad,3.7,963,"Comfortable budget-friendly lodging in Ahmedabad. Offers clean rooms, helpful service, and basic amenities perfect for cost-conscious travelers.","WiFi, Bar, Gym, Balcony Room, Free Parking, Restaurant, 24/7 Security, Room Service",4.6,1178
Whispering Palms Suites Ahmedabad 45,Ahmedabad,3.7,1841,"Comfortable budget-friendly lodging in Ahmedabad. Offers clean rooms, helpful service, and basic amenities perfect for cost-conscious travelers.","Bar, 24/7 Security, Free Breakfast, Spa, Gym",1.8,1439
Paradise Palace Ahmedabad 46,Ahmedabad,4.4,5229,"Premium luxury accommodation in Ahmedabad. Features world-class dining, customized guest services, elegant architecture, and a highly scenic environment.","Free Breakfast, WiFi, Room Service, AC",8.3,153
Silver Sands Haven Ahmedabad 47,Ahmedabad,4.1,4469,"Modern mid-range hotel in Ahmedabad offering excellent value, well-appointed guest rooms, great dining, and a convenient location close to key city highlights.","Room Service, Restaurant, AC, Laundry Service, Free Breakfast, 24/7 Security",4.5,1300
Alpine Lodge Castle Ahmedabad 48,Ahmedabad,4.5,7755,"Premium luxury accommodation in Ahmedabad. Features world-class dining, customized guest services, elegant architecture, and a highly scenic environment.","Swimming Pool, Restaurant, Room Service, Gym, Bar, AC, Free Parking, WiFi",5.3,1589
Mayfair Resort Ahmedabad 49,Ahmedabad,3.8,2558,"Modern mid-range hotel in Ahmedabad offering excellent value, well-appointed guest rooms, great dining, and a convenient location close to key city highlights.","Free Breakfast, Laundry Service, WiFi, Spa, Bar",7.8,1397
Grand Hotel Ahmedabad 50,Ahmedabad,4.4,15406,"Premium luxury accommodation in Ahmedabad. Features world-class dining, customized guest services, elegant architecture, and a highly scenic environment.","Laundry Service, Swimming Pool, 24/7 Security, Balcony Room, WiFi, Bar",3.4,850
Saffron Stays Lodge Ahmedabad 51,Ahmedabad,3.4,1421,"Comfortable budget-friendly lodging in Ahmedabad. Offers clean rooms, helpful service, and basic amenities perfect for cost-conscious travelers.","Spa, AC, Laundry Service, 24/7 Security",4.3,1845
Vista Manor Ahmedabad 52,Ahmedabad,4.3,2107,"Modern mid-range hotel in Ahmedabad offering excellent value, well-appointed guest rooms, great dining, and a convenient location close to key city highlights.","Balcony Room, Restaurant, WiFi, Bar, Free Parking, AC, 24/7 Security, Gym",0.4,420
Taj Inn Ahmedabad 53,Ahmedabad,3.8,3092,"Modern mid-range hotel in Ahmedabad offering excellent value, well-appointed guest rooms, great dining, and a convenient location close to key city highlights.","Balcony Room, Restaurant, Bar, Gym, Spa",0.3,665
Radisson Retreat Ahmedabad 54,Ahmedabad,3.5,1260,"Comfortable budget-friendly lodging in Ahmedabad. Offers clean rooms, helpful service, and basic amenities perfect for cost-conscious travelers.","AC, Laundry Service, Swimming Pool, Restaurant, Gym",2.9,130
Ginger Villas Ahmedabad 55,Ahmedabad,4.4,17557,"Premium luxury accommodation in Ahmedabad. Features world-class dining, customized guest services, elegant architecture, and a highly scenic environment.","Free Breakfast, Swimming Pool, Bar, Spa, Restaurant",1.9,255
Treebo Stays Ahmedabad 56,Ahmedabad,3.1,933,"Comfortable budget-friendly lodging in Ahmedabad. Offers clean rooms, helpful service, and basic amenities perfect for cost-conscious travelers.","Laundry Service, AC, Room Service, Gym, WiFi, Bar",2.4,1992
Capital O Chalet Ahmedabad 57,Ahmedabad,4.9,17246,"Premium luxury accommodation in Ahmedabad. Features world-class dining, customized guest services, elegant architecture, and a highly scenic environment.","Spa, Bar, Balcony Room, AC, Restaurant",5.6,586
Ritz Suites Ahmedabad 58,Ahmedabad,3.9,3898,"Modern mid-range hotel in Ahmedabad offering excellent value, well-appointed guest rooms, great dining, and a convenient location close to key city highlights.","AC, Free Breakfast, Laundry Service, Valet Parking",6.4,604
Whispering Palms Palace Ahmedabad 59,Ahmedabad,3.6,1836,"Comfortable budget-friendly lodging in Ahmedabad. Offers clean rooms, helpful service, and basic amenities perfect for cost-conscious travelers.","Laundry Service, Gym, WiFi, Free Breakfast, Valet Parking, Balcony Room, Swimming Pool",7.0,1508
Paradise Haven Ahmedabad 60,Ahmedabad,3.1,875,"Comfortable budget-friendly lodging in Ahmedabad. Offers clean rooms, helpful service, and basic amenities perfect for cost-conscious travelers.","Spa, Restaurant, 24/7 Security, Room Service",7.4,771
Silver Sands Castle Ahmedabad 61,Ahmedabad,3.8,4622,"Modern mid-range hotel in Ahmedabad offering excellent value, well-appointed guest rooms, great dining, and a convenient location close to key city highlights.","Spa, Swimming Pool, 24/7 Security, Room Service, Free Breakfast, Restaurant",6.8,1347
Alpine Lodge Resort Ahmedabad 62,Ahmedabad,3.0,1372,"Comfortable budget-friendly lodging in Ahmedabad. Offers clean rooms, helpful service, and basic amenities perfect for cost-conscious travelers.","Free Parking, Swimming Pool, WiFi, Laundry Service, Valet Parking, Free Breakfast",1.7,403
Mayfair Hotel Ahmedabad 63,Ahmedabad,4.4,16992,"Premium luxury accommodation in Ahmedabad. Features world-class dining, customized guest services, elegant architecture, and a highly scenic environment.","Free Parking, Spa, WiFi, Restaurant, Balcony Room, Gym",0.3,1971
Grand Lodge Ahmedabad 64,Ahmedabad,3.8,2231,"Modern mid-range hotel in Ahmedabad offering excellent value, well-appointed guest rooms, great dining, and a convenient location close to key city highlights.","Swimming Pool, Spa, Balcony Room, WiFi, Free Breakfast, Laundry Service",6.4,572
Saffron Stays Manor Ahmedabad 65,Ahmedabad,4.4,8390,"Premium luxury accommodation in Ahmedabad. Features world-class dining, customized guest services, elegant architecture, and a highly scenic environment.","WiFi, 24/7 Security, Bar, Valet Parking",7.5,454
Vista Inn Ahmedabad 66,Ahmedabad,3.2,1869,"Comfortable budget-friendly lodging in Ahmedabad. Offers clean rooms, helpful service, and basic amenities perfect for cost-conscious travelers.","Free Breakfast, Room Service, Bar, WiFi, AC, Free Parking, Laundry Service, 24/7 Security",4.1,1989
Taj Retreat Ahmedabad 67,Ahmedabad,4.6,15608,"Premium luxury accommodation in Ahmedabad. Features world-class dining, customized guest services, elegant architecture, and a highly scenic environment.","Restaurant, Swimming Pool, Balcony Room, Room Service",2.2,1929
Radisson Villas Ahmedabad 68,Ahmedabad,3.1,1625,"Comfortable budget-friendly lodging in Ahmedabad. Offers clean rooms, helpful service, and basic amenities perfect for cost-conscious travelers.","Free Parking, Bar, Swimming Pool, Restaurant",6.9,1917
Ginger Stays Ahmedabad 69,Ahmedabad,3.9,2211,"Modern mid-range hotel in Ahmedabad offering excellent value, well-appointed guest rooms, great dining, and a convenient location close to key city highlights.","Swimming Pool, Bar, Gym, Room Service, AC",1.2,1985
Treebo Chalet Ahmedabad 70,Ahmedabad,3.7,1040,"Comfortable budget-friendly lodging in Ahmedabad. Offers clean rooms, helpful service, and basic amenities perfect for cost-conscious travelers.","Valet Parking, AC, Spa, Free Breakfast",8.1,534
Grand Palace Amritsar 1,Amritsar,3.4,1557,"Comfortable budget-friendly lodging in Amritsar. Offers clean rooms, helpful service, and basic amenities perfect for cost-conscious travelers.","Gym, Restaurant, Swimming Pool, WiFi, AC, Valet Parking, Free Parking, Spa",0.2,531
Saffron Stays Haven Amritsar 2,Amritsar,4.9,13174,"Premium luxury accommodation in Amritsar. Features world-class dining, customized guest services, elegant architecture, and a highly scenic environment.","Bar, Balcony Room, Gym, Swimming Pool, WiFi",4.8,1032
Vista Castle Amritsar 3,Amritsar,4.8,8062,"Premium luxury accommodation in Amritsar. Features world-class dining, customized guest services, elegant architecture, and a highly scenic environment.","WiFi, Free Breakfast, Spa, Bar, Balcony Room",5.2,637
Taj Resort Amritsar 4,Amritsar,3.6,1162,"Comfortable budget-friendly lodging in Amritsar. Offers clean rooms, helpful service, and basic amenities perfect for cost-conscious travelers.","WiFi, Room Service, 24/7 Security, AC, Balcony Room, Laundry Service",6.4,272
Radisson Hotel Amritsar 5,Amritsar,3.6,1271,"Comfortable budget-friendly lodging in Amritsar. Offers clean rooms, helpful service, and basic amenities perfect for cost-conscious travelers.","AC, WiFi, Swimming Pool, Laundry Service, 24/7 Security",8.8,1202
Ginger Lodge Amritsar 6,Amritsar,4.5,15045,"Premium luxury accommodation in Amritsar. Features world-class dining, customized guest services, elegant architecture, and a highly scenic environment.","Gym, 24/7 Security, Swimming Pool, Free Parking, Valet Parking, Restaurant, WiFi, Free Breakfast",7.7,1261
Treebo Manor Amritsar 7,Amritsar,4.4,6872,"Premium luxury accommodation in Amritsar. Features world-class dining, customized guest services, elegant architecture, and a highly scenic environment.","Balcony Room, Valet Parking, Free Parking, Free Breakfast, Swimming Pool",9.4,1212
Capital O Inn Amritsar 8,Amritsar,3.3,1178,"Comfortable budget-friendly lodging in Amritsar. Offers clean rooms, helpful service, and basic amenities perfect for cost-conscious travelers.","Room Service, Free Breakfast, Restaurant, Swimming Pool, Bar, Valet Parking, Spa, AC",3.4,1312
Ritz Retreat Amritsar 9,Amritsar,3.4,1477,"Comfortable budget-friendly lodging in Amritsar. Offers clean rooms, helpful service, and basic amenities perfect for cost-conscious travelers.","Spa, AC, 24/7 Security, Restaurant",6.2,991
Whispering Palms Villas Amritsar 10,Amritsar,3.5,1687,"Comfortable budget-friendly lodging in Amritsar. Offers clean rooms, helpful service, and basic amenities perfect for cost-conscious travelers.","Balcony Room, AC, 24/7 Security, Restaurant, Room Service, Swimming Pool, Free Parking, WiFi",3.2,1960
Paradise Stays Amritsar 11,Amritsar,4.5,14265,"Premium luxury accommodation in Amritsar. Features world-class dining, customized guest services, elegant architecture, and a highly scenic environment.","Valet Parking, Free Breakfast, Spa, Restaurant, Gym",0.3,882
Silver Sands Chalet Amritsar 12,Amritsar,4.0,4038,"Modern mid-range hotel in Amritsar offering excellent value, well-appointed guest rooms, great dining, and a convenient location close to key city highlights.","Room Service, Gym, Laundry Service, AC, Free Breakfast, Free Parking, Swimming Pool, WiFi",4.7,1055
Alpine Lodge Suites Amritsar 13,Amritsar,4.4,7207,"Premium luxury accommodation in Amritsar. Features world-class dining, customized guest services, elegant architecture, and a highly scenic environment.","WiFi, Room Service, Free Parking, Gym, Bar, Swimming Pool",6.8,1773
Mayfair Palace Amritsar 14,Amritsar,4.8,8129,"Premium luxury accommodation in Amritsar. Features world-class dining, customized guest services, elegant architecture, and a highly scenic environment.","Bar, Free Breakfast, Free Parking, Spa",0.6,379
Grand Haven Amritsar 15,Amritsar,4.3,3770,"Modern mid-range hotel in Amritsar offering excellent value, well-appointed guest rooms, great dining, and a convenient location close to key city highlights.","Swimming Pool, Valet Parking, AC, Laundry Service, Spa, WiFi, Balcony Room",4.3,1888
Saffron Stays Castle Amritsar 16,Amritsar,3.3,1466,"Comfortable budget-friendly lodging in Amritsar. Offers clean rooms, helpful service, and basic amenities perfect for cost-conscious travelers.","Laundry Service, Spa, AC, Balcony Room",8.0,831
Vista Resort Amritsar 17,Amritsar,3.1,1951,"Comfortable budget-friendly lodging in Amritsar. Offers clean rooms, helpful service, and basic amenities perfect for cost-conscious travelers.","Free Parking, AC, Swimming Pool, Valet Parking, WiFi, Room Service, Restaurant",0.1,500
Taj Hotel Amritsar 18,Amritsar,4.2,4326,"Modern mid-range hotel in Amritsar offering excellent value, well-appointed guest rooms, great dining, and a convenient location close to key city highlights.","Laundry Service, Balcony Room, 24/7 Security, Free Breakfast, AC",8.5,453
Radisson Lodge Amritsar 19,Amritsar,4.5,5338,"Premium luxury accommodation in Amritsar. Features world-class dining, customized guest services, elegant architecture, and a highly scenic environment.","AC, Gym, 24/7 Security, Valet Parking, Free Parking, Bar, WiFi, Laundry Service",3.8,838
Ginger Manor Amritsar 20,Amritsar,4.3,4020,"Modern mid-range hotel in Amritsar offering excellent value, well-appointed guest rooms, great dining, and a convenient location close to key city highlights.","WiFi, 24/7 Security, Valet Parking, Bar, Laundry Service, Balcony Room, Room Service",6.2,705
Treebo Inn Amritsar 21,Amritsar,4.7,5797,"Premium luxury accommodation in Amritsar. Features world-class dining, customized guest services, elegant architecture, and a highly scenic environment.","WiFi, Room Service, Gym, Balcony Room, AC, Spa, Bar, Laundry Service",6.6,1219
Capital O Retreat Amritsar 22,Amritsar,4.5,5584,"Premium luxury accommodation in Amritsar. Features world-class dining, customized guest services, elegant architecture, and a highly scenic environment.","Bar, AC, Restaurant, Valet Parking, Swimming Pool, Laundry Service",7.4,1738
Ritz Villas Amritsar 23,Amritsar,3.3,1232,"Comfortable budget-friendly lodging in Amritsar. Offers clean rooms, helpful service, and basic amenities perfect for cost-conscious travelers.","Swimming Pool, AC, WiFi, Bar, Valet Parking, Spa, Free Parking",4.2,198
Whispering Palms Stays Amritsar 24,Amritsar,4.2,4581,"Modern mid-range hotel in Amritsar offering excellent value, well-appointed guest rooms, great dining, and a convenient location close to key city highlights.","Swimming Pool, Valet Parking, Restaurant, Free Parking, Room Service, Gym, AC, Laundry Service",5.0,1259
Paradise Chalet Amritsar 25,Amritsar,3.0,1074,"Comfortable budget-friendly lodging in Amritsar. Offers clean rooms, helpful service, and basic amenities perfect for cost-conscious travelers.","Free Breakfast, Balcony Room, Restaurant, Free Parking",7.9,1434
Silver Sands Suites Amritsar 26,Amritsar,3.2,1043,"Comfortable budget-friendly lodging in Amritsar. Offers clean rooms, helpful service, and basic amenities perfect for cost-conscious travelers.","AC, Free Breakfast, Bar, Valet Parking, WiFi, Free Parking, Restaurant",1.9,1021
Alpine Lodge Palace Amritsar 27,Amritsar,3.7,1207,"Comfortable budget-friendly lodging in Amritsar. Offers clean rooms, helpful service, and basic amenities perfect for cost-conscious travelers.","Bar, Free Breakfast, Balcony Room, Laundry Service",8.9,1770
Mayfair Haven Amritsar 28,Amritsar,3.3,1163,"Comfortable budget-friendly lodging in Amritsar. Offers clean rooms, helpful service, and basic amenities perfect for cost-conscious travelers.","Bar, WiFi, Valet Parking, Room Service, Gym, Laundry Service, AC, 24/7 Security",8.6,1949
Grand Castle Amritsar 29,Amritsar,4.2,2872,"Modern mid-range hotel in Amritsar offering excellent value, well-appointed guest rooms, great dining, and a convenient location close to key city highlights.","Free Breakfast, Restaurant, Room Service, AC, Balcony Room, Bar, Laundry Service",4.5,762
Saffron Stays Resort Amritsar 30,Amritsar,4.7,17648,"Premium luxury accommodation in Amritsar. Features world-class dining, customized guest services, elegant architecture, and a highly scenic environment.","Swimming Pool, Bar, Gym, Restaurant, Free Breakfast, Laundry Service",2.0,1923
Vista Hotel Amritsar 31,Amritsar,3.3,802,"Comfortable budget-friendly lodging in Amritsar. Offers clean rooms, helpful service, and basic amenities perfect for cost-conscious travelers.","Swimming Pool, Spa, WiFi, Free Breakfast, Room Service, Valet Parking, Free Parking, Balcony Room",4.7,192
Taj Lodge Amritsar 32,Amritsar,4.7,6895,"Premium luxury accommodation in Amritsar. Features world-class dining, customized guest services, elegant architecture, and a highly scenic environment.","Gym, Laundry Service, Spa, WiFi",4.8,1744
Radisson Manor Amritsar 33,Amritsar,3.5,998,"Comfortable budget-friendly lodging in Amritsar. Offers clean rooms, helpful service, and basic amenities perfect for cost-conscious travelers.","WiFi, Free Parking, Laundry Service, 24/7 Security, Balcony Room, Free Breakfast, Bar",4.7,1075
Ginger Inn Amritsar 34,Amritsar,4.1,3448,"Modern mid-range hotel in Amritsar offering excellent value, well-appointed guest rooms, great dining, and a convenient location close to key city highlights.","AC, Balcony Room, Swimming Pool, Free Parking",0.3,1812
Treebo Retreat Amritsar 35,Amritsar,3.8,3279,"Modern mid-range hotel in Amritsar offering excellent value, well-appointed guest rooms, great dining, and a convenient location close to key city highlights.","Free Parking, WiFi, Restaurant, Gym, Balcony Room, Valet Parking",7.1,1456
Capital O Villas Amritsar 36,Amritsar,4.8,11531,"Premium luxury accommodation in Amritsar. Features world-class dining, customized guest services, elegant architecture, and a highly scenic environment.","AC, Laundry Service, Spa, Valet Parking",6.6,964
Ritz Stays Amritsar 37,Amritsar,4.4,12273,"Premium luxury accommodation in Amritsar. Features world-class dining, customized guest services, elegant architecture, and a highly scenic environment.","AC, Swimming Pool, WiFi, Bar, Restaurant",7.4,1631
Whispering Palms Chalet Amritsar 38,Amritsar,4.7,5616,"Premium luxury accommodation in Amritsar. Features world-class dining, customized guest services, elegant architecture, and a highly scenic environment.","Valet Parking, AC, WiFi, Spa, Room Service",6.2,1753
Paradise Suites Amritsar 39,Amritsar,4.6,10827,"Premium luxury accommodation in Amritsar. Features world-class dining, customized guest services, elegant architecture, and a highly scenic environment.","Free Parking, Spa, Swimming Pool, Room Service, Balcony Room, Bar",3.7,1048
Silver Sands Palace Amritsar 40,Amritsar,4.6,9098,"Premium luxury accommodation in Amritsar. Features world-class dining, customized guest services, elegant architecture, and a highly scenic environment.","Free Parking, Gym, 24/7 Security, Laundry Service, Balcony Room, Free Breakfast, Restaurant, Spa",1.9,1252
Alpine Lodge Haven Amritsar 41,Amritsar,4.9,13720,"Premium luxury accommodation in Amritsar. Features world-class dining, customized guest services, elegant architecture, and a highly scenic environment.","Spa, Gym, Room Service, Restaurant",5.3,850
Mayfair Castle Amritsar 42,Amritsar,3.2,1422,"Comfortable budget-friendly lodging in Amritsar. Offers clean rooms, helpful service, and basic amenities perfect for cost-conscious travelers.","Restaurant, Gym, Valet Parking, 24/7 Security, Free Breakfast, Laundry Service",3.7,1329
Grand Resort Amritsar 43,Amritsar,4.3,4541,"Modern mid-range hotel in Amritsar offering excellent value, well-appointed guest rooms, great dining, and a convenient location close to key city highlights.","Room Service, Bar, Free Breakfast, 24/7 Security",2.2,1521
Saffron Stays Hotel Amritsar 44,Amritsar,3.9,3253,"Modern mid-range hotel in Amritsar offering excellent value, well-appointed guest rooms, great dining, and a convenient location close to key city highlights.","AC, 24/7 Security, Gym, Swimming Pool, Room Service, Valet Parking, Restaurant",1.8,1182
Vista Lodge Amritsar 45,Amritsar,3.0,1124,"Comfortable budget-friendly lodging in Amritsar. Offers clean rooms, helpful service, and basic amenities perfect for cost-conscious travelers.","Free Parking, Spa, Laundry Service, Free Breakfast, Room Service, Bar",1.6,425
Taj Manor Amritsar 46,Amritsar,3.6,960,"Comfortable budget-friendly lodging in Amritsar. Offers clean rooms, helpful service, and basic amenities perfect for cost-conscious travelers.","Swimming Pool, 24/7 Security, Spa, Balcony Room, AC, Free Breakfast",3.9,19
Radisson Inn Amritsar 47,Amritsar,4.6,14970,"Premium luxury accommodation in Amritsar. Features world-class dining, customized guest services, elegant architecture, and a highly scenic environment.","WiFi, Swimming Pool, Balcony Room, AC, Laundry Service, Bar, Free Breakfast",4.8,337
Ginger Retreat Amritsar 48,Amritsar,4.4,7120,"Premium luxury accommodation in Amritsar. Features world-class dining, customized guest services, elegant architecture, and a highly scenic environment.","Balcony Room, AC, Bar, Room Service, Spa, Gym",5.3,685
Treebo Villas Amritsar 49,Amritsar,3.5,885,"Comfortable budget-friendly lodging in Amritsar. Offers clean rooms, helpful service, and basic amenities perfect for cost-conscious travelers.","Valet Parking, Restaurant, Laundry Service, Bar, WiFi, Gym",8.4,1137
Capital O Stays Amritsar 50,Amritsar,3.8,4158,"Modern mid-range hotel in Amritsar offering excellent value, well-appointed guest rooms, great dining, and a convenient location close to key city highlights.","Valet Parking, Restaurant, AC, Balcony Room, Free Parking",7.2,1081
Ritz Chalet Amritsar 51,Amritsar,3.2,1327,"Comfortable budget-friendly lodging in Amritsar. Offers clean rooms, helpful service, and basic amenities perfect for cost-conscious travelers.","Free Parking, Room Service, AC, WiFi, Spa, Valet Parking",7.6,471
Whispering Palms Suites Amritsar 52,Amritsar,3.4,1938,"Comfortable budget-friendly lodging in Amritsar. Offers clean rooms, helpful service, and basic amenities perfect for cost-conscious travelers.","Balcony Room, Swimming Pool, Bar, Laundry Service, Gym",0.3,44
Paradise Palace Amritsar 53,Amritsar,3.9,4461,"Modern mid-range hotel in Amritsar offering excellent value, well-appointed guest rooms, great dining, and a convenient location close to key city highlights.","Free Parking, WiFi, Restaurant, Room Service",6.6,1067
Silver Sands Haven Amritsar 54,Amritsar,3.8,2093,"Modern mid-range hotel in Amritsar offering excellent value, well-appointed guest rooms, great dining, and a convenient location close to key city highlights.","Bar, WiFi, Room Service, Laundry Service",7.6,1877
Alpine Lodge Castle Amritsar 55,Amritsar,4.9,9540,"Premium luxury accommodation in Amritsar. Features world-class dining, customized guest services, elegant architecture, and a highly scenic environment.","Swimming Pool, Spa, Free Parking, Room Service, 24/7 Security, Restaurant",3.4,1553
Mayfair Resort Amritsar 56,Amritsar,3.2,1227,"Comfortable budget-friendly lodging in Amritsar. Offers clean rooms, helpful service, and basic amenities perfect for cost-conscious travelers.","24/7 Security, Free Breakfast, Room Service, Valet Parking, Swimming Pool",3.0,1016
Grand Hotel Amritsar 57,Amritsar,4.5,16607,"Premium luxury accommodation in Amritsar. Features world-class dining, customized guest services, elegant architecture, and a highly scenic environment.","Spa, Bar, WiFi, Free Breakfast, Restaurant, Gym",5.0,282
Saffron Stays Lodge Amritsar 58,Amritsar,3.1,1209,"Comfortable budget-friendly lodging in Amritsar. Offers clean rooms, helpful service, and basic amenities perfect for cost-conscious travelers.","Bar, Laundry Service, WiFi, 24/7 Security, Valet Parking, Free Breakfast, AC, Gym",4.3,691
Vista Manor Amritsar 59,Amritsar,3.7,870,"Comfortable budget-friendly lodging in Amritsar. Offers clean rooms, helpful service, and basic amenities perfect for cost-conscious travelers.","Gym, Valet Parking, Bar, Free Breakfast, AC, WiFi",6.2,813
Taj Inn Amritsar 60,Amritsar,4.7,8423,"Premium luxury accommodation in Amritsar. Features world-class dining, customized guest services, elegant architecture, and a highly scenic environment.","AC, Swimming Pool, Restaurant, Spa, Valet Parking",4.5,183
Radisson Retreat Amritsar 61,Amritsar,5.0,17525,"Premium luxury accommodation in Amritsar. Features world-class dining, customized guest services, elegant architecture, and a highly scenic environment.","Balcony Room, AC, Valet Parking, Gym",1.5,657
Ginger Villas Amritsar 62,Amritsar,3.9,4903,"Modern mid-range hotel in Amritsar offering excellent value, well-appointed guest rooms, great dining, and a convenient location close to key city highlights.","Laundry Service, Restaurant, Room Service, Spa",9.1,551
Treebo Stays Amritsar 63,Amritsar,4.3,3706,"Modern mid-range hotel in Amritsar offering excellent value, well-appointed guest rooms, great dining, and a convenient location close to key city highlights.","Room Service, Bar, Swimming Pool, Free Breakfast, Balcony Room, Spa",6.6,1405
Capital O Chalet Amritsar 64,Amritsar,3.7,1814,"Comfortable budget-friendly lodging in Amritsar. Offers clean rooms, helpful service, and basic amenities perfect for cost-conscious travelers.","Gym, WiFi, AC, Swimming Pool, Restaurant, Valet Parking, 24/7 Security",0.9,1381
Ritz Suites Amritsar 65,Amritsar,3.5,976,"Comfortable budget-friendly lodging in Amritsar. Offers clean rooms, helpful service, and basic amenities perfect for cost-conscious travelers.","AC, Restaurant, WiFi, Valet Parking, Laundry Service, Spa, Bar, Gym",6.5,1628
Whispering Palms Palace Amritsar 66,Amritsar,3.4,1475,"Comfortable budget-friendly lodging in Amritsar. Offers clean rooms, helpful service, and basic amenities perfect for cost-conscious travelers.","Laundry Service, AC, Spa, Free Breakfast, Room Service, Gym, Balcony Room, Free Parking",4.6,682
Paradise Haven Amritsar 67,Amritsar,3.5,1074,"Comfortable budget-friendly lodging in Amritsar. Offers clean rooms, helpful service, and basic amenities perfect for cost-conscious travelers.","Restaurant, Free Breakfast, Swimming Pool, Balcony Room, Bar",1.2,405
Silver Sands Castle Amritsar 68,Amritsar,3.9,4698,"Modern mid-range hotel in Amritsar offering excellent value, well-appointed guest rooms, great dining, and a convenient location close to key city highlights.","24/7 Security, Spa, Room Service, Laundry Service",7.4,866
Alpine Lodge Resort Amritsar 69,Amritsar,4.6,15565,"Premium luxury accommodation in Amritsar. Features world-class dining, customized guest services, elegant architecture, and a highly scenic environment.","Bar, Spa, Free Parking, Gym, AC, Free Breakfast, Balcony Room",3.8,940
Mayfair Hotel Amritsar 70,Amritsar,3.7,1315,"Comfortable budget-friendly lodging in Amritsar. Offers clean rooms, helpful service, and basic amenities perfect for cost-conscious travelers.","Laundry Service, Restaurant, WiFi, Gym, 24/7 Security, Room Service",7.2,1997
Capital O Manor Bhubaneswar 1,Bhubaneswar,4.1,4478,"Modern mid-range hotel in Bhubaneswar offering excellent value, well-appointed guest rooms, great dining, and a convenient location close to key city highlights.","Bar, Free Parking, Balcony Room, Valet Parking, Gym, AC, Restaurant",6.0,357
Ritz Inn Bhubaneswar 2,Bhubaneswar,3.4,900,"Comfortable budget-friendly lodging in Bhubaneswar. Offers clean rooms, helpful service, and basic amenities perfect for cost-conscious travelers.","Restaurant, Free Breakfast, WiFi, Bar, Balcony Room, Free Parking, 24/7 Security, AC",3.8,1042
Whispering Palms Retreat Bhubaneswar 3,Bhubaneswar,4.8,16440,"Premium luxury accommodation in Bhubaneswar. Features world-class dining, customized guest services, elegant architecture, and a highly scenic environment.","Free Parking, Laundry Service, Valet Parking, WiFi, Swimming Pool",9.0,1502
Paradise Villas Bhubaneswar 4,Bhubaneswar,4.3,3577,"Modern mid-range hotel in Bhubaneswar offering excellent value, well-appointed guest rooms, great dining, and a convenient location close to key city highlights.","Spa, Free Breakfast, WiFi, Restaurant, Gym, Room Service, Bar, 24/7 Security",1.5,1792
Silver Sands Stays Bhubaneswar 5,Bhubaneswar,4.0,2257,"Modern mid-range hotel in Bhubaneswar offering excellent value, well-appointed guest rooms, great dining, and a convenient location close to key city highlights.","24/7 Security, Valet Parking, Room Service, Gym, Restaurant, Free Parking",2.2,279
Alpine Lodge Chalet Bhubaneswar 6,Bhubaneswar,4.6,15156,"Premium luxury accommodation in Bhubaneswar. Features world-class dining, customized guest services, elegant architecture, and a highly scenic environment.","Valet Parking, Gym, Room Service, Bar, Restaurant, Free Parking, Spa",7.6,134
Mayfair Suites Bhubaneswar 7,Bhubaneswar,3.3,1331,"Comfortable budget-friendly lodging in Bhubaneswar. Offers clean rooms, helpful service, and basic amenities perfect for cost-conscious travelers.","24/7 Security, WiFi, Restaurant, AC, Room Service, Free Parking, Laundry Service, Bar",6.9,1295
Grand Palace Bhubaneswar 8,Bhubaneswar,4.2,4285,"Modern mid-range hotel in Bhubaneswar offering excellent value, well-appointed guest rooms, great dining, and a convenient location close to key city highlights.","WiFi, Room Service, Valet Parking, Free Breakfast, AC, Gym, Restaurant, Bar",1.7,349
Saffron Stays Haven Bhubaneswar 9,Bhubaneswar,3.6,1753,"Comfortable budget-friendly lodging in Bhubaneswar. Offers clean rooms, helpful service, and basic amenities perfect for cost-conscious travelers.","Swimming Pool, Bar, Free Breakfast, Room Service",4.4,993
Vista Castle Bhubaneswar 10,Bhubaneswar,4.6,13798,"Premium luxury accommodation in Bhubaneswar. Features world-class dining, customized guest services, elegant architecture, and a highly scenic environment.","Bar, AC, Swimming Pool, 24/7 Security",1.6,1526
Taj Resort Bhubaneswar 11,Bhubaneswar,4.0,3548,"Modern mid-range hotel in Bhubaneswar offering excellent value, well-appointed guest rooms, great dining, and a convenient location close to key city highlights.","Balcony Room, Swimming Pool, Gym, Room Service, Free Breakfast, Valet Parking, 24/7 Security",2.8,1440
Radisson Hotel Bhubaneswar 12,Bhubaneswar,4.3,2882,"Modern mid-range hotel in Bhubaneswar offering excellent value, well-appointed guest rooms, great dining, and a convenient location close to key city highlights.","Free Parking, Valet Parking, Swimming Pool, AC",4.1,1785
Ginger Lodge Bhubaneswar 13,Bhubaneswar,4.5,6970,"Premium luxury accommodation in Bhubaneswar. Features world-class dining, customized guest services, elegant architecture, and a highly scenic environment.","Spa, Restaurant, Valet Parking, Laundry Service, AC, Room Service, Free Parking",4.6,1899
Treebo Manor Bhubaneswar 14,Bhubaneswar,3.8,2311,"Modern mid-range hotel in Bhubaneswar offering excellent value, well-appointed guest rooms, great dining, and a convenient location close to key city highlights.","Spa, Balcony Room, Restaurant, Free Breakfast, Free Parking, 24/7 Security, Room Service, Laundry Service",4.7,1345
Capital O Inn Bhubaneswar 15,Bhubaneswar,5.0,14044,"Premium luxury accommodation in Bhubaneswar. Features world-class dining, customized guest services, elegant architecture, and a highly scenic environment.","Free Breakfast, WiFi, Laundry Service, Balcony Room, Swimming Pool, AC, Valet Parking",1.0,558
Ritz Retreat Bhubaneswar 16,Bhubaneswar,4.0,4337,"Modern mid-range hotel in Bhubaneswar offering excellent value, well-appointed guest rooms, great dining, and a convenient location close to key city highlights.","Free Breakfast, Free Parking, Spa, Bar, Balcony Room, Room Service",3.6,363
Whispering Palms Villas Bhubaneswar 17,Bhubaneswar,3.4,1446,"Comfortable budget-friendly lodging in Bhubaneswar. Offers clean rooms, helpful service, and basic amenities perfect for cost-conscious travelers.","Free Parking, Room Service, WiFi, Valet Parking, Balcony Room",1.9,1563
Paradise Stays Bhubaneswar 18,Bhubaneswar,3.1,1704,"Comfortable budget-friendly lodging in Bhubaneswar. Offers clean rooms, helpful service, and basic amenities perfect for cost-conscious travelers.","Restaurant, Bar, Balcony Room, Spa, Valet Parking",4.6,1795
Silver Sands Chalet Bhubaneswar 19,Bhubaneswar,4.6,6570,"Premium luxury accommodation in Bhubaneswar. Features world-class dining, customized guest services, elegant architecture, and a highly scenic environment.","Bar, Balcony Room, Room Service, Spa",8.2,1952
Alpine Lodge Suites Bhubaneswar 20,Bhubaneswar,3.1,1031,"Comfortable budget-friendly lodging in Bhubaneswar. Offers clean rooms, helpful service, and basic amenities perfect for cost-conscious travelers.","Bar, Swimming Pool, Free Breakfast, 24/7 Security, Free Parking, WiFi, Valet Parking, AC",0.3,944
Mayfair Palace Bhubaneswar 21,Bhubaneswar,3.9,3750,"Modern mid-range hotel in Bhubaneswar offering excellent value, well-appointed guest rooms, great dining, and a convenient location close to key city highlights.","Gym, Swimming Pool, Balcony Room, 24/7 Security, AC, Restaurant, Bar, Laundry Service",5.3,405
Grand Haven Bhubaneswar 22,Bhubaneswar,3.8,3212,"Modern mid-range hotel in Bhubaneswar offering excellent value, well-appointed guest rooms, great dining, and a convenient location close to key city highlights.","Bar, Balcony Room, WiFi, Gym, 24/7 Security",2.4,1432
Saffron Stays Castle Bhubaneswar 23,Bhubaneswar,4.8,17244,"Premium luxury accommodation in Bhubaneswar. Features world-class dining, customized guest services, elegant architecture, and a highly scenic environment.","Balcony Room, Valet Parking, Swimming Pool, WiFi, 24/7 Security",1.6,1951
Vista Resort Bhubaneswar 24,Bhubaneswar,3.6,1626,"Comfortable budget-friendly lodging in Bhubaneswar. Offers clean rooms, helpful service, and basic amenities perfect for cost-conscious travelers.","Bar, 24/7 Security, Free Parking, Swimming Pool, Restaurant, Balcony Room, Free Breakfast",4.5,486
Taj Hotel Bhubaneswar 25,Bhubaneswar,3.2,1783,"Comfortable budget-friendly lodging in Bhubaneswar. Offers clean rooms, helpful service, and basic amenities perfect for cost-conscious travelers.","Bar, AC, Room Service, Laundry Service",6.9,767
Radisson Lodge Bhubaneswar 26,Bhubaneswar,4.1,2764,"Modern mid-range hotel in Bhubaneswar offering excellent value, well-appointed guest rooms, great dining, and a convenient location close to key city highlights.","Swimming Pool, Restaurant, Gym, Bar",3.0,805
Ginger Manor Bhubaneswar 27,Bhubaneswar,4.6,8161,"Premium luxury accommodation in Bhubaneswar. Features world-class dining, customized guest services, elegant architecture, and a highly scenic environment.","Balcony Room, Free Breakfast, Free Parking, Room Service, Laundry Service, Gym, AC",4.8,491
Treebo Inn Bhubaneswar 28,Bhubaneswar,3.8,3230,"Modern mid-range hotel in Bhubaneswar offering excellent value, well-appointed guest rooms, great dining, and a convenient location close to key city highlights.","Valet Parking, Restaurant, Free Parking, Room Service, Swimming Pool, WiFi",6.3,1916
Capital O Retreat Bhubaneswar 29,Bhubaneswar,4.9,17314,"Premium luxury accommodation in Bhubaneswar. Features world-class dining, customized guest services, elegant architecture, and a highly scenic environment.","24/7 Security, AC, Free Breakfast, Gym, Free Parking",1.4,65
Ritz Villas Bhubaneswar 30,Bhubaneswar,3.8,4906,"Modern mid-range hotel in Bhubaneswar offering excellent value, well-appointed guest rooms, great dining, and a convenient location close to key city highlights.","Restaurant, Spa, Free Parking, Balcony Room",1.5,1258
Whispering Palms Stays Bhubaneswar 31,Bhubaneswar,4.7,17391,"Premium luxury accommodation in Bhubaneswar. Features world-class dining, customized guest services, elegant architecture, and a highly scenic environment.","Swimming Pool, Free Parking, Spa, Restaurant",4.3,1969
Paradise Chalet Bhubaneswar 32,Bhubaneswar,3.4,1498,"Comfortable budget-friendly lodging in Bhubaneswar. Offers clean rooms, helpful service, and basic amenities perfect for cost-conscious travelers.","AC, Free Parking, Laundry Service, Free Breakfast",5.2,357
Silver Sands Suites Bhubaneswar 33,Bhubaneswar,3.1,1985,"Comfortable budget-friendly lodging in Bhubaneswar. Offers clean rooms, helpful service, and basic amenities perfect for cost-conscious travelers.","Room Service, Free Breakfast, Spa, Swimming Pool, Laundry Service",1.4,47
Alpine Lodge Palace Bhubaneswar 34,Bhubaneswar,3.4,1109,"Comfortable budget-friendly lodging in Bhubaneswar. Offers clean rooms, helpful service, and basic amenities perfect for cost-conscious travelers.","Free Parking, Room Service, Gym, Balcony Room, Laundry Service, WiFi, Swimming Pool, Spa",8.5,1609
Mayfair Haven Bhubaneswar 35,Bhubaneswar,4.3,4775,"Modern mid-range hotel in Bhubaneswar offering excellent value, well-appointed guest rooms, great dining, and a convenient location close to key city highlights.","Free Parking, Bar, Restaurant, Free Breakfast, AC, Swimming Pool",4.2,1550
Grand Castle Bhubaneswar 36,Bhubaneswar,3.1,1595,"Comfortable budget-friendly lodging in Bhubaneswar. Offers clean rooms, helpful service, and basic amenities perfect for cost-conscious travelers.","WiFi, Gym, Balcony Room, Restaurant, Valet Parking, Free Parking, Bar, Free Breakfast",9.3,563
Saffron Stays Resort Bhubaneswar 37,Bhubaneswar,4.7,13532,"Premium luxury accommodation in Bhubaneswar. Features world-class dining, customized guest services, elegant architecture, and a highly scenic environment.","Swimming Pool, 24/7 Security, Valet Parking, Gym",1.2,1790
Vista Hotel Bhubaneswar 38,Bhubaneswar,4.8,8460,"Premium luxury accommodation in Bhubaneswar. Features world-class dining, customized guest services, elegant architecture, and a highly scenic environment.","AC, WiFi, Bar, Free Breakfast, Restaurant",1.9,219
Taj Lodge Bhubaneswar 39,Bhubaneswar,4.5,6764,"Premium luxury accommodation in Bhubaneswar. Features world-class dining, customized guest services, elegant architecture, and a highly scenic environment.","Bar, Restaurant, Free Parking, Balcony Room",5.9,1523
Radisson Manor Bhubaneswar 40,Bhubaneswar,4.3,4553,"Modern mid-range hotel in Bhubaneswar offering excellent value, well-appointed guest rooms, great dining, and a convenient location close to key city highlights.","Free Parking, Swimming Pool, Laundry Service, Free Breakfast, Balcony Room",7.0,230
Ginger Inn Bhubaneswar 41,Bhubaneswar,4.2,4545,"Modern mid-range hotel in Bhubaneswar offering excellent value, well-appointed guest rooms, great dining, and a convenient location close to key city highlights.","Free Parking, Swimming Pool, Gym, AC",2.9,1013
Treebo Retreat Bhubaneswar 42,Bhubaneswar,4.3,3298,"Modern mid-range hotel in Bhubaneswar offering excellent value, well-appointed guest rooms, great dining, and a convenient location close to key city highlights.","Spa, WiFi, Bar, Free Parking, Restaurant, Room Service, Gym, AC",3.8,1855
Capital O Villas Bhubaneswar 43,Bhubaneswar,4.1,2111,"Modern mid-range hotel in Bhubaneswar offering excellent value, well-appointed guest rooms, great dining, and a convenient location close to key city highlights.","AC, Room Service, WiFi, Swimming Pool",7.2,706
Ritz Stays Bhubaneswar 44,Bhubaneswar,4.8,15840,"Premium luxury accommodation in Bhubaneswar. Features world-class dining, customized guest services, elegant architecture, and a highly scenic environment.","Valet Parking, AC, WiFi, Free Parking, 24/7 Security",2.8,1256
Whispering Palms Chalet Bhubaneswar 45,Bhubaneswar,3.6,1200,"Comfortable budget-friendly lodging in Bhubaneswar. Offers clean rooms, helpful service, and basic amenities perfect for cost-conscious travelers.","Free Parking, Free Breakfast, Gym, Spa, WiFi, Balcony Room",8.1,857
Paradise Suites Bhubaneswar 46,Bhubaneswar,3.1,1038,"Comfortable budget-friendly lodging in Bhubaneswar. Offers clean rooms, helpful service, and basic amenities perfect for cost-conscious travelers.","Gym, Bar, Balcony Room, Laundry Service, WiFi, 24/7 Security",2.2,1636
Silver Sands Palace Bhubaneswar 47,Bhubaneswar,4.5,12078,"Premium luxury accommodation in Bhubaneswar. Features world-class dining, customized guest services, elegant architecture, and a highly scenic environment.","Restaurant, Laundry Service, Room Service, Valet Parking, 24/7 Security",6.2,1419
Alpine Lodge Haven Bhubaneswar 48,Bhubaneswar,4.6,13839,"Premium luxury accommodation in Bhubaneswar. Features world-class dining, customized guest services, elegant architecture, and a highly scenic environment.","Balcony Room, 24/7 Security, Restaurant, Free Parking",4.8,552
Mayfair Castle Bhubaneswar 49,Bhubaneswar,3.8,4258,"Modern mid-range hotel in Bhubaneswar offering excellent value, well-appointed guest rooms, great dining, and a convenient location close to key city highlights.","Bar, Balcony Room, Swimming Pool, Laundry Service, AC, Gym",1.6,589
Grand Resort Bhubaneswar 50,Bhubaneswar,3.1,1481,"Comfortable budget-friendly lodging in Bhubaneswar. Offers clean rooms, helpful service, and basic amenities perfect for cost-conscious travelers.","24/7 Security, Balcony Room, Laundry Service, Restaurant, Swimming Pool, Free Parking, Gym",3.6,1170
Saffron Stays Hotel Bhubaneswar 51,Bhubaneswar,3.2,803,"Comfortable budget-friendly lodging in Bhubaneswar. Offers clean rooms, helpful service, and basic amenities perfect for cost-conscious travelers.","Room Service, Laundry Service, Free Parking, Swimming Pool, AC",7.8,829
Vista Lodge Bhubaneswar 52,Bhubaneswar,4.0,4814,"Modern mid-range hotel in Bhubaneswar offering excellent value, well-appointed guest rooms, great dining, and a convenient location close to key city highlights.","Free Parking, Laundry Service, Bar, Spa",0.8,1049
Taj Manor Bhubaneswar 53,Bhubaneswar,4.8,10443,"Premium luxury accommodation in Bhubaneswar. Features world-class dining, customized guest services, elegant architecture, and a highly scenic environment.","Balcony Room, AC, Room Service, WiFi, Restaurant, Gym, Free Parking, Swimming Pool",5.6,76
Radisson Inn Bhubaneswar 54,Bhubaneswar,5.0,13434,"Premium luxury accommodation in Bhubaneswar. Features world-class dining, customized guest services, elegant architecture, and a highly scenic environment.","Free Parking, Spa, Bar, Room Service, Valet Parking, Free Breakfast, Gym, Restaurant",6.8,1977
Ginger Retreat Bhubaneswar 55,Bhubaneswar,4.1,2785,"Modern mid-range hotel in Bhubaneswar offering excellent value, well-appointed guest rooms, great dining, and a convenient location close to key city highlights.","WiFi, Gym, Free Breakfast, Valet Parking, 24/7 Security, Swimming Pool, Spa",0.6,1990
Treebo Villas Bhubaneswar 56,Bhubaneswar,4.1,4273,"Modern mid-range hotel in Bhubaneswar offering excellent value, well-appointed guest rooms, great dining, and a convenient location close to key city highlights.","Free Parking, Laundry Service, Valet Parking, Restaurant, Room Service, Bar, Gym",6.6,945
Capital O Stays Bhubaneswar 57,Bhubaneswar,3.5,1739,"Comfortable budget-friendly lodging in Bhubaneswar. Offers clean rooms, helpful service, and basic amenities perfect for cost-conscious travelers.","Swimming Pool, 24/7 Security, Gym, Restaurant, WiFi, Bar, Balcony Room, Spa",0.2,127
Ritz Chalet Bhubaneswar 58,Bhubaneswar,4.5,14069,"Premium luxury accommodation in Bhubaneswar. Features world-class dining, customized guest services, elegant architecture, and a highly scenic environment.","Gym, Valet Parking, 24/7 Security, AC",0.8,1809
Whispering Palms Suites Bhubaneswar 59,Bhubaneswar,3.1,876,"Comfortable budget-friendly lodging in Bhubaneswar. Offers clean rooms, helpful service, and basic amenities perfect for cost-conscious travelers.","Room Service, Bar, Restaurant, Laundry Service, Swimming Pool, Spa",6.5,1372
Paradise Palace Bhubaneswar 60,Bhubaneswar,3.5,1012,"Comfortable budget-friendly lodging in Bhubaneswar. Offers clean rooms, helpful service, and basic amenities perfect for cost-conscious travelers.","Balcony Room, Valet Parking, Free Parking, Restaurant",6.5,348
Silver Sands Haven Bhubaneswar 61,Bhubaneswar,3.6,1309,"Comfortable budget-friendly lodging in Bhubaneswar. Offers clean rooms, helpful service, and basic amenities perfect for cost-conscious travelers.","AC, Spa, Bar, Valet Parking, Balcony Room, Swimming Pool, Restaurant, 24/7 Security",1.1,328
Alpine Lodge Castle Bhubaneswar 62,Bhubaneswar,4.3,4934,"Modern mid-range hotel in Bhubaneswar offering excellent value, well-appointed guest rooms, great dining, and a convenient location close to key city highlights.","Room Service, Free Breakfast, WiFi, Swimming Pool, Valet Parking, Gym, Spa, Free Parking",3.2,1215
Mayfair Resort Bhubaneswar 63,Bhubaneswar,3.5,1816,"Comfortable budget-friendly lodging in Bhubaneswar. Offers clean rooms, helpful service, and basic amenities perfect for cost-conscious travelers.","Swimming Pool, Balcony Room, 24/7 Security, Restaurant, Room Service, Gym, Spa",2.5,1450
Grand Hotel Bhubaneswar 64,Bhubaneswar,3.1,1631,"Comfortable budget-friendly lodging in Bhubaneswar. Offers clean rooms, helpful service, and basic amenities perfect for cost-conscious travelers.","24/7 Security, Spa, Laundry Service, AC, Swimming Pool, Balcony Room",1.3,1684
Saffron Stays Lodge Bhubaneswar 65,Bhubaneswar,4.6,16703,"Premium luxury accommodation in Bhubaneswar. Features world-class dining, customized guest services, elegant architecture, and a highly scenic environment.","Restaurant, Room Service, Swimming Pool, Laundry Service, WiFi, Free Parking, Valet Parking, 24/7 Security",1.6,434
Vista Manor Bhubaneswar 66,Bhubaneswar,3.4,846,"Comfortable budget-friendly lodging in Bhubaneswar. Offers clean rooms, helpful service, and basic amenities perfect for cost-conscious travelers.","AC, Free Breakfast, Free Parking, Balcony Room",3.3,765
Taj Inn Bhubaneswar 67,Bhubaneswar,4.3,3598,"Modern mid-range hotel in Bhubaneswar offering excellent value, well-appointed guest rooms, great dining, and a convenient location close to key city highlights.","Gym, Spa, Balcony Room, Room Service, Valet Parking, AC, Restaurant",1.0,503
Radisson Retreat Bhubaneswar 68,Bhubaneswar,3.6,1605,"Comfortable budget-friendly lodging in Bhubaneswar. Offers clean rooms, helpful service, and basic amenities perfect for cost-conscious travelers.","Spa, 24/7 Security, Room Service, WiFi, Free Breakfast",2.6,1244
Ginger Villas Bhubaneswar 69,Bhubaneswar,4.3,3285,"Modern mid-range hotel in Bhubaneswar offering excellent value, well-appointed guest rooms, great dining, and a convenient location close to key city highlights.","Room Service, Laundry Service, Valet Parking, Free Parking, WiFi",3.3,1266
Treebo Stays Bhubaneswar 70,Bhubaneswar,3.7,1353,"Comfortable budget-friendly lodging in Bhubaneswar. Offers clean rooms, helpful service, and basic amenities perfect for cost-conscious travelers.","Room Service, Laundry Service, Swimming Pool, AC, Balcony Room",2.3,322
Grand Suites Puri 1,Puri,3.7,1712,"Comfortable budget-friendly lodging in Puri. Offers clean rooms, helpful service, and basic amenities perfect for cost-conscious travelers.","Spa, Swimming Pool, WiFi, Room Service, Free Breakfast, Balcony Room, Free Parking",2.8,1903
Saffron Stays Palace Puri 2,Puri,3.2,903,"Comfortable budget-friendly lodging in Puri. Offers clean rooms, helpful service, and basic amenities perfect for cost-conscious travelers.","Free Parking, Swimming Pool, Bar, Free Breakfast, Balcony Room, Room Service",7.1,1545
Vista Haven Puri 3,Puri,4.8,11113,"Premium luxury accommodation in Puri. Features world-class dining, customized guest services, elegant architecture, and a highly scenic environment.","Bar, Swimming Pool, Room Service, Restaurant, Free Parking, Balcony Room",6.9,1628
Taj Castle Puri 4,Puri,3.7,1668,"Comfortable budget-friendly lodging in Puri. Offers clean rooms, helpful service, and basic amenities perfect for cost-conscious travelers.","Gym, Laundry Service, Bar, Spa, 24/7 Security, Swimming Pool",4.6,272
Radisson Resort Puri 5,Puri,4.1,2579,"Modern mid-range hotel in Puri offering excellent value, well-appointed guest rooms, great dining, and a convenient location close to key city highlights.","24/7 Security, Room Service, Free Breakfast, Laundry Service, Spa, Balcony Room",0.7,341
Ginger Hotel Puri 6,Puri,3.0,1117,"Comfortable budget-friendly lodging in Puri. Offers clean rooms, helpful service, and basic amenities perfect for cost-conscious travelers.","Swimming Pool, Laundry Service, Free Breakfast, Spa, AC, Bar, Balcony Room, Room Service",6.2,1482
Treebo Lodge Puri 7,Puri,3.5,867,"Comfortable budget-friendly lodging in Puri. Offers clean rooms, helpful service, and basic amenities perfect for cost-conscious travelers.","Laundry Service, Bar, Free Breakfast, Room Service, Swimming Pool, Gym",1.1,753
Capital O Manor Puri 8,Puri,4.9,11221,"Premium luxury accommodation in Puri. Features world-class dining, customized guest services, elegant architecture, and a highly scenic environment.","Valet Parking, Bar, Gym, WiFi, Balcony Room",0.7,293
Ritz Inn Puri 9,Puri,3.6,933,"Comfortable budget-friendly lodging in Puri. Offers clean rooms, helpful service, and basic amenities perfect for cost-conscious travelers.","WiFi, Balcony Room, Swimming Pool, Valet Parking, Gym",0.7,878
Whispering Palms Retreat Puri 10,Puri,3.6,1429,"Comfortable budget-friendly lodging in Puri. Offers clean rooms, helpful service, and basic amenities perfect for cost-conscious travelers.","Swimming Pool, Restaurant, Gym, Free Breakfast, Laundry Service",4.8,1801
Paradise Villas Puri 11,Puri,4.4,11083,"Premium luxury accommodation in Puri. Features world-class dining, customized guest services, elegant architecture, and a highly scenic environment.","Laundry Service, Free Parking, Spa, Valet Parking, Free Breakfast, 24/7 Security",0.3,1362
Silver Sands Stays Puri 12,Puri,3.3,908,"Comfortable budget-friendly lodging in Puri. Offers clean rooms, helpful service, and basic amenities perfect for cost-conscious travelers.","Free Parking, Free Breakfast, AC, Balcony Room, 24/7 Security, Room Service",8.9,1435
Alpine Lodge Chalet Puri 13,Puri,3.4,1625,"Comfortable budget-friendly lodging in Puri. Offers clean rooms, helpful service, and basic amenities perfect for cost-conscious travelers.","AC, Laundry Service, Restaurant, Swimming Pool, 24/7 Security, Gym, Bar, WiFi",8.1,1425
Mayfair Suites Puri 14,Puri,3.9,3187,"Modern mid-range hotel in Puri offering excellent value, well-appointed guest rooms, great dining, and a convenient location close to key city highlights.","Free Parking, AC, Free Breakfast, Spa, Valet Parking, 24/7 Security, Gym, Swimming Pool",5.4,1046
Grand Palace Puri 15,Puri,3.1,882,"Comfortable budget-friendly lodging in Puri. Offers clean rooms, helpful service, and basic amenities perfect for cost-conscious travelers.","Swimming Pool, Balcony Room, Free Parking, Restaurant, Free Breakfast, Bar, WiFi",6.3,1609
Saffron Stays Haven Puri 16,Puri,3.7,1176,"Comfortable budget-friendly lodging in Puri. Offers clean rooms, helpful service, and basic amenities perfect for cost-conscious travelers.","WiFi, Swimming Pool, 24/7 Security, Spa, Free Breakfast",7.8,26
Vista Castle Puri 17,Puri,4.5,7332,"Premium luxury accommodation in Puri. Features world-class dining, customized guest services, elegant architecture, and a highly scenic environment.","Valet Parking, Bar, Free Parking, Gym, Laundry Service",6.2,1873
Taj Resort Puri 18,Puri,3.3,1930,"Comfortable budget-friendly lodging in Puri. Offers clean rooms, helpful service, and basic amenities perfect for cost-conscious travelers.","24/7 Security, Restaurant, Gym, Valet Parking",1.2,1842
Radisson Hotel Puri 19,Puri,5.0,6218,"Premium luxury accommodation in Puri. Features world-class dining, customized guest services, elegant architecture, and a highly scenic environment.","AC, Valet Parking, Free Parking, Laundry Service, Free Breakfast, Restaurant, Room Service",8.7,856
Ginger Lodge Puri 20,Puri,4.2,2162,"Modern mid-range hotel in Puri offering excellent value, well-appointed guest rooms, great dining, and a convenient location close to key city highlights.","Swimming Pool, Balcony Room, Free Parking, Room Service, Valet Parking, Bar, 24/7 Security",7.5,251
Treebo Manor Puri 21,Puri,3.7,1916,"Comfortable budget-friendly lodging in Puri. Offers clean rooms, helpful service, and basic amenities perfect for cost-conscious travelers.","Spa, Gym, Free Parking, WiFi, 24/7 Security, Free Breakfast, Swimming Pool",3.1,765
Capital O Inn Puri 22,Puri,4.9,13450,"Premium luxury accommodation in Puri. Features world-class dining, customized guest services, elegant architecture, and a highly scenic environment.","WiFi, Spa, AC, Restaurant, 24/7 Security, Gym, Valet Parking",8.3,1492
Ritz Retreat Puri 23,Puri,4.7,10552,"Premium luxury accommodation in Puri. Features world-class dining, customized guest services, elegant architecture, and a highly scenic environment.","Room Service, Valet Parking, Restaurant, AC, Free Parking, Gym, Free Breakfast, WiFi",7.7,955
Whispering Palms Villas Puri 24,Puri,4.3,4035,"Modern mid-range hotel in Puri offering excellent value, well-appointed guest rooms, great dining, and a convenient location close to key city highlights.","Balcony Room, WiFi, Room Service, Laundry Service, 24/7 Security, Bar",6.2,951
Paradise Stays Puri 25,Puri,4.3,2276,"Modern mid-range hotel in Puri offering excellent value, well-appointed guest rooms, great dining, and a convenient location close to key city highlights.","Room Service, Restaurant, Laundry Service, 24/7 Security, Valet Parking, WiFi, Balcony Room",1.6,1008
Silver Sands Chalet Puri 26,Puri,4.7,17679,"Premium luxury accommodation in Puri. Features world-class dining, customized guest services, elegant architecture, and a highly scenic environment.","Free Parking, Restaurant, Spa, 24/7 Security, Laundry Service, Gym, Free Breakfast, Balcony Room",7.9,841
Alpine Lodge Suites Puri 27,Puri,3.8,2213,"Modern mid-range hotel in Puri offering excellent value, well-appointed guest rooms, great dining, and a convenient location close to key city highlights.","Restaurant, Room Service, AC, Free Breakfast, Swimming Pool, Free Parking",5.2,165
Mayfair Palace Puri 28,Puri,3.8,4154,"Modern mid-range hotel in Puri offering excellent value, well-appointed guest rooms, great dining, and a convenient location close to key city highlights.","Valet Parking, Free Breakfast, Balcony Room, 24/7 Security, Gym",2.9,922
Grand Haven Puri 29,Puri,3.9,4408,"Modern mid-range hotel in Puri offering excellent value, well-appointed guest rooms, great dining, and a convenient location close to key city highlights.","Free Breakfast, Room Service, Valet Parking, Restaurant, Bar, Spa, Balcony Room",8.5,1426
Saffron Stays Castle Puri 30,Puri,5.0,15522,"Premium luxury accommodation in Puri. Features world-class dining, customized guest services, elegant architecture, and a highly scenic environment.","Laundry Service, Room Service, 24/7 Security, Swimming Pool",3.1,1024
Vista Resort Puri 31,Puri,3.7,1383,"Comfortable budget-friendly lodging in Puri. Offers clean rooms, helpful service, and basic amenities perfect for cost-conscious travelers.","Balcony Room, Gym, Bar, Restaurant",6.0,1800
Taj Hotel Puri 32,Puri,4.3,3407,"Modern mid-range hotel in Puri offering excellent value, well-appointed guest rooms, great dining, and a convenient location close to key city highlights.","Free Parking, Free Breakfast, Laundry Service, WiFi, 24/7 Security, Valet Parking, Balcony Room",8.5,1324
Radisson Lodge Puri 33,Puri,3.1,1432,"Comfortable budget-friendly lodging in Puri. Offers clean rooms, helpful service, and basic amenities perfect for cost-conscious travelers.","Bar, Gym, WiFi, Valet Parking, Swimming Pool, Free Breakfast",1.9,1599
Ginger Manor Puri 34,Puri,4.9,6709,"Premium luxury accommodation in Puri. Features world-class dining, customized guest services, elegant architecture, and a highly scenic environment.","Free Breakfast, Spa, Bar, Free Parking, 24/7 Security",1.1,385
Treebo Inn Puri 35,Puri,4.1,4270,"Modern mid-range hotel in Puri offering excellent value, well-appointed guest rooms, great dining, and a convenient location close to key city highlights.","AC, Free Breakfast, Valet Parking, Spa, Restaurant, WiFi",3.5,710
Capital O Retreat Puri 36,Puri,4.6,15264,"Premium luxury accommodation in Puri. Features world-class dining, customized guest services, elegant architecture, and a highly scenic environment.","Bar, Swimming Pool, Free Breakfast, Valet Parking, Restaurant",6.1,737
Ritz Villas Puri 37,Puri,3.9,2639,"Modern mid-range hotel in Puri offering excellent value, well-appointed guest rooms, great dining, and a convenient location close to key city highlights.","Restaurant, Spa, Valet Parking, Balcony Room, Gym, Free Breakfast, Laundry Service",1.6,1534
Whispering Palms Stays Puri 38,Puri,3.3,1115,"Comfortable budget-friendly lodging in Puri. Offers clean rooms, helpful service, and basic amenities perfect for cost-conscious travelers.","Spa, Balcony Room, WiFi, Restaurant",0.8,866
Paradise Chalet Puri 39,Puri,3.6,1969,"Comfortable budget-friendly lodging in Puri. Offers clean rooms, helpful service, and basic amenities perfect for cost-conscious travelers.","WiFi, Free Breakfast, Spa, AC, Bar, Valet Parking, Balcony Room",9.1,1804
Silver Sands Suites Puri 40,Puri,4.4,16864,"Premium luxury accommodation in Puri. Features world-class dining, customized guest services, elegant architecture, and a highly scenic environment.","Room Service, Free Breakfast, AC, WiFi, Free Parking, Valet Parking",4.3,484
Alpine Lodge Palace Puri 41,Puri,3.9,3531,"Modern mid-range hotel in Puri offering excellent value, well-appointed guest rooms, great dining, and a convenient location close to key city highlights.","WiFi, Free Parking, Gym, Spa",9.3,1514
Mayfair Haven Puri 42,Puri,4.1,3596,"Modern mid-range hotel in Puri offering excellent value, well-appointed guest rooms, great dining, and a convenient location close to key city highlights.","Gym, 24/7 Security, Spa, WiFi, Bar, Laundry Service, AC, Free Parking",3.4,822
Grand Castle Puri 43,Puri,4.8,11361,"Premium luxury accommodation in Puri. Features world-class dining, customized guest services, elegant architecture, and a highly scenic environment.","Laundry Service, Valet Parking, Bar, Room Service",5.0,568
Saffron Stays Resort Puri 44,Puri,4.3,2518,"Modern mid-range hotel in Puri offering excellent value, well-appointed guest rooms, great dining, and a convenient location close to key city highlights.","AC, Restaurant, Free Parking, 24/7 Security, Swimming Pool",1.1,1531
Vista Hotel Puri 45,Puri,3.1,868,"Comfortable budget-friendly lodging in Puri. Offers clean rooms, helpful service, and basic amenities perfect for cost-conscious travelers.","WiFi, Room Service, Free Parking, AC, Free Breakfast",3.9,79
Taj Lodge Puri 46,Puri,3.6,1643,"Comfortable budget-friendly lodging in Puri. Offers clean rooms, helpful service, and basic amenities perfect for cost-conscious travelers.","Gym, Spa, Swimming Pool, Bar, Valet Parking",6.6,1710
Radisson Manor Puri 47,Puri,3.9,2510,"Modern mid-range hotel in Puri offering excellent value, well-appointed guest rooms, great dining, and a convenient location close to key city highlights.","AC, Free Breakfast, Free Parking, Spa, Valet Parking, Balcony Room, WiFi, Laundry Service",5.0,734
Ginger Inn Puri 48,Puri,3.5,1354,"Comfortable budget-friendly lodging in Puri. Offers clean rooms, helpful service, and basic amenities perfect for cost-conscious travelers.","Restaurant, Spa, 24/7 Security, WiFi, Free Breakfast",7.9,1857
Treebo Retreat Puri 49,Puri,3.6,961,"Comfortable budget-friendly lodging in Puri. Offers clean rooms, helpful service, and basic amenities perfect for cost-conscious travelers.","Free Breakfast, Balcony Room, Spa, Valet Parking",1.4,965
Capital O Villas Puri 50,Puri,3.5,1480,"Comfortable budget-friendly lodging in Puri. Offers clean rooms, helpful service, and basic amenities perfect for cost-conscious travelers.","Free Parking, Gym, Valet Parking, AC, Free Breakfast, Restaurant, Spa, Room Service",6.9,77
Ritz Stays Puri 51,Puri,3.2,1602,"Comfortable budget-friendly lodging in Puri. Offers clean rooms, helpful service, and basic amenities perfect for cost-conscious travelers.","Laundry Service, Room Service, Free Breakfast, Gym, 24/7 Security, Free Parking, WiFi",1.2,140
Whispering Palms Chalet Puri 52,Puri,4.6,5542,"Premium luxury accommodation in Puri. Features world-class dining, customized guest services, elegant architecture, and a highly scenic environment.","Spa, Laundry Service, Free Parking, Balcony Room, Gym, Room Service",2.2,1902
Paradise Suites Puri 53,Puri,4.9,7423,"Premium luxury accommodation in Puri. Features world-class dining, customized guest services, elegant architecture, and a highly scenic environment.","Free Breakfast, Balcony Room, Bar, WiFi, Restaurant",2.8,1083
Silver Sands Palace Puri 54,Puri,4.6,11513,"Premium luxury accommodation in Puri. Features world-class dining, customized guest services, elegant architecture, and a highly scenic environment.","Laundry Service, Spa, Restaurant, Valet Parking, Room Service",6.5,827
Alpine Lodge Haven Puri 55,Puri,4.1,3678,"Modern mid-range hotel in Puri offering excellent value, well-appointed guest rooms, great dining, and a convenient location close to key city highlights.","Restaurant, Swimming Pool, Valet Parking, Spa",4.0,821
Mayfair Castle Puri 56,Puri,4.4,11003,"Premium luxury accommodation in Puri. Features world-class dining, customized guest services, elegant architecture, and a highly scenic environment.","Laundry Service, Restaurant, Spa, Free Breakfast, Free Parking, Gym",1.9,1214
Grand Resort Puri 57,Puri,4.1,2228,"Modern mid-range hotel in Puri offering excellent value, well-appointed guest rooms, great dining, and a convenient location close to key city highlights.","Swimming Pool, Restaurant, Laundry Service, AC, Balcony Room",7.1,1264
Saffron Stays Hotel Puri 58,Puri,4.7,17417,"Premium luxury accommodation in Puri. Features world-class dining, customized guest services, elegant architecture, and a highly scenic environment.","Restaurant, Free Breakfast, Laundry Service, AC",0.8,314
Vista Lodge Puri 59,Puri,4.9,12000,"Premium luxury accommodation in Puri. Features world-class dining, customized guest services, elegant architecture, and a highly scenic environment.","Restaurant, Balcony Room, Swimming Pool, Free Parking, WiFi, 24/7 Security",2.0,962
Taj Manor Puri 60,Puri,4.7,7735,"Premium luxury accommodation in Puri. Features world-class dining, customized guest services, elegant architecture, and a highly scenic environment.","Laundry Service, AC, Free Breakfast, WiFi, Bar, Balcony Room, Gym, Spa",4.0,1703
Radisson Inn Puri 61,Puri,4.7,8893,"Premium luxury accommodation in Puri. Features world-class dining, customized guest services, elegant architecture, and a highly scenic environment.","Balcony Room, Spa, Restaurant, AC, Valet Parking, Bar, Laundry Service",0.2,1110
Ginger Retreat Puri 62,Puri,4.5,10853,"Premium luxury accommodation in Puri. Features world-class dining, customized guest services, elegant architecture, and a highly scenic environment.","Swimming Pool, Free Parking, 24/7 Security, WiFi",8.7,665
Treebo Villas Puri 63,Puri,4.5,16993,"Premium luxury accommodation in Puri. Features world-class dining, customized guest services, elegant architecture, and a highly scenic environment.","Spa, Balcony Room, Laundry Service, AC, Free Breakfast",5.8,1567
Capital O Stays Puri 64,Puri,3.2,1806,"Comfortable budget-friendly lodging in Puri. Offers clean rooms, helpful service, and basic amenities perfect for cost-conscious travelers.","Bar, Swimming Pool, Spa, Balcony Room, Free Parking, Valet Parking, Free Breakfast, 24/7 Security",7.6,1201
Ritz Chalet Puri 65,Puri,3.2,1396,"Comfortable budget-friendly lodging in Puri. Offers clean rooms, helpful service, and basic amenities perfect for cost-conscious travelers.","24/7 Security, Spa, Balcony Room, Free Parking, Valet Parking",8.8,515
Whispering Palms Suites Puri 66,Puri,4.1,2289,"Modern mid-range hotel in Puri offering excellent value, well-appointed guest rooms, great dining, and a convenient location close to key city highlights.","Free Breakfast, Bar, Balcony Room, AC, Swimming Pool, Valet Parking, Laundry Service, Spa",6.5,341
Paradise Palace Puri 67,Puri,3.3,1329,"Comfortable budget-friendly lodging in Puri. Offers clean rooms, helpful service, and basic amenities perfect for cost-conscious travelers.","Balcony Room, Room Service, 24/7 Security, Gym, AC, Free Parking",0.2,1208
Silver Sands Haven Puri 68,Puri,4.1,2962,"Modern mid-range hotel in Puri offering excellent value, well-appointed guest rooms, great dining, and a convenient location close to key city highlights.","WiFi, Room Service, Gym, Valet Parking, Free Breakfast, 24/7 Security",2.2,1751
Alpine Lodge Castle Puri 69,Puri,4.3,3440,"Modern mid-range hotel in Puri offering excellent value, well-appointed guest rooms, great dining, and a convenient location close to key city highlights.","Spa, AC, 24/7 Security, Room Service, Valet Parking, Free Parking, WiFi, Restaurant",9.0,995
Mayfair Resort Puri 70,Puri,4.2,3708,"Modern mid-range hotel in Puri offering excellent value, well-appointed guest rooms, great dining, and a convenient location close to key city highlights.","Gym, WiFi, 24/7 Security, Valet Parking, Spa, Free Parking",4.7,756
Capital O Lodge Guwahati 1,Guwahati,3.0,1213,"Comfortable budget-friendly lodging in Guwahati. Offers clean rooms, helpful service, and basic amenities perfect for cost-conscious travelers.","Laundry Service, WiFi, Restaurant, Free Breakfast, 24/7 Security, Spa, Free Parking",2.3,464
Ritz Manor Guwahati 2,Guwahati,3.9,2356,"Modern mid-range hotel in Guwahati offering excellent value, well-appointed guest rooms, great dining, and a convenient location close to key city highlights.","Spa, Laundry Service, Swimming Pool, Gym, Free Breakfast, Restaurant",4.3,371
Whispering Palms Inn Guwahati 3,Guwahati,4.0,4329,"Modern mid-range hotel in Guwahati offering excellent value, well-appointed guest rooms, great dining, and a convenient location close to key city highlights.","Free Parking, Spa, Laundry Service, 24/7 Security, AC",9.4,1450
Paradise Retreat Guwahati 4,Guwahati,4.0,3140,"Modern mid-range hotel in Guwahati offering excellent value, well-appointed guest rooms, great dining, and a convenient location close to key city highlights.","Bar, Restaurant, Spa, Free Breakfast, AC, Valet Parking, Gym, Balcony Room",7.0,514
Silver Sands Villas Guwahati 5,Guwahati,4.9,16976,"Premium luxury accommodation in Guwahati. Features world-class dining, customized guest services, elegant architecture, and a highly scenic environment.","Balcony Room, Room Service, Gym, Spa, Restaurant, WiFi, Free Breakfast, Swimming Pool",7.6,1064
Alpine Lodge Stays Guwahati 6,Guwahati,3.2,1507,"Comfortable budget-friendly lodging in Guwahati. Offers clean rooms, helpful service, and basic amenities perfect for cost-conscious travelers.","Room Service, Swimming Pool, Laundry Service, Valet Parking, AC, 24/7 Security, WiFi, Restaurant",7.6,1687
Mayfair Chalet Guwahati 7,Guwahati,4.5,14827,"Premium luxury accommodation in Guwahati. Features world-class dining, customized guest services, elegant architecture, and a highly scenic environment.","Room Service, Valet Parking, WiFi, Restaurant, 24/7 Security, Gym, Balcony Room, Free Breakfast",6.9,906
Grand Suites Guwahati 8,Guwahati,3.3,1350,"Comfortable budget-friendly lodging in Guwahati. Offers clean rooms, helpful service, and basic amenities perfect for cost-conscious travelers.","Bar, Spa, 24/7 Security, Free Breakfast, Balcony Room, Restaurant",1.4,1010
Saffron Stays Palace Guwahati 9,Guwahati,3.5,1074,"Comfortable budget-friendly lodging in Guwahati. Offers clean rooms, helpful service, and basic amenities perfect for cost-conscious travelers.","Spa, Balcony Room, 24/7 Security, Swimming Pool, Bar, Free Parking, Gym",1.5,112
Vista Haven Guwahati 10,Guwahati,4.6,11428,"Premium luxury accommodation in Guwahati. Features world-class dining, customized guest services, elegant architecture, and a highly scenic environment.","Balcony Room, Free Parking, Gym, Spa, 24/7 Security, Free Breakfast, Restaurant, Laundry Service",1.0,1453
Taj Castle Guwahati 11,Guwahati,4.3,3385,"Modern mid-range hotel in Guwahati offering excellent value, well-appointed guest rooms, great dining, and a convenient location close to key city highlights.","AC, WiFi, Room Service, Balcony Room",1.7,1974
Radisson Resort Guwahati 12,Guwahati,3.6,1465,"Comfortable budget-friendly lodging in Guwahati. Offers clean rooms, helpful service, and basic amenities perfect for cost-conscious travelers.","Gym, Balcony Room, Free Parking, AC",4.1,1487
Ginger Hotel Guwahati 13,Guwahati,3.0,1498,"Comfortable budget-friendly lodging in Guwahati. Offers clean rooms, helpful service, and basic amenities perfect for cost-conscious travelers.","Bar, Spa, Laundry Service, Free Parking, AC, Valet Parking, Restaurant",8.6,990
Treebo Lodge Guwahati 14,Guwahati,3.1,991,"Comfortable budget-friendly lodging in Guwahati. Offers clean rooms, helpful service, and basic amenities perfect for cost-conscious travelers.","Swimming Pool, Gym, Spa, Laundry Service, WiFi, Free Breakfast, Valet Parking, Balcony Room",7.0,253
Capital O Manor Guwahati 15,Guwahati,4.2,2357,"Modern mid-range hotel in Guwahati offering excellent value, well-appointed guest rooms, great dining, and a convenient location close to key city highlights.","Restaurant, AC, Bar, Valet Parking, WiFi, 24/7 Security, Gym, Free Breakfast",5.6,1370
Ritz Inn Guwahati 16,Guwahati,4.7,10574,"Premium luxury accommodation in Guwahati. Features world-class dining, customized guest services, elegant architecture, and a highly scenic environment.","AC, Free Breakfast, Valet Parking, Balcony Room",6.2,748
Whispering Palms Retreat Guwahati 17,Guwahati,3.7,1988,"Comfortable budget-friendly lodging in Guwahati. Offers clean rooms, helpful service, and basic amenities perfect for cost-conscious travelers.","Free Parking, AC, 24/7 Security, Balcony Room",4.3,135
Paradise Villas Guwahati 18,Guwahati,4.5,7259,"Premium luxury accommodation in Guwahati. Features world-class dining, customized guest services, elegant architecture, and a highly scenic environment.","AC, Restaurant, 24/7 Security, Free Parking, Laundry Service",7.6,721
Silver Sands Stays Guwahati 19,Guwahati,4.4,9740,"Premium luxury accommodation in Guwahati. Features world-class dining, customized guest services, elegant architecture, and a highly scenic environment.","Free Breakfast, Laundry Service, WiFi, Restaurant, Gym",8.4,525
Alpine Lodge Chalet Guwahati 20,Guwahati,4.9,9862,"Premium luxury accommodation in Guwahati. Features world-class dining, customized guest services, elegant architecture, and a highly scenic environment.","Swimming Pool, AC, Spa, 24/7 Security, Gym, Balcony Room, Free Breakfast, Free Parking",4.5,566
Mayfair Suites Guwahati 21,Guwahati,4.4,9479,"Premium luxury accommodation in Guwahati. Features world-class dining, customized guest services, elegant architecture, and a highly scenic environment.","Spa, Balcony Room, Swimming Pool, 24/7 Security, Restaurant",1.3,1332
Grand Palace Guwahati 22,Guwahati,3.2,1782,"Comfortable budget-friendly lodging in Guwahati. Offers clean rooms, helpful service, and basic amenities perfect for cost-conscious travelers.","Room Service, Swimming Pool, Laundry Service, Valet Parking, Free Parking",0.4,486
Saffron Stays Haven Guwahati 23,Guwahati,3.5,1217,"Comfortable budget-friendly lodging in Guwahati. Offers clean rooms, helpful service, and basic amenities perfect for cost-conscious travelers.","Free Breakfast, Bar, Swimming Pool, WiFi",6.3,1220
Vista Castle Guwahati 24,Guwahati,4.9,13854,"Premium luxury accommodation in Guwahati. Features world-class dining, customized guest services, elegant architecture, and a highly scenic environment.","Valet Parking, Room Service, Bar, WiFi, 24/7 Security",7.0,491
Taj Resort Guwahati 25,Guwahati,3.3,1007,"Comfortable budget-friendly lodging in Guwahati. Offers clean rooms, helpful service, and basic amenities perfect for cost-conscious travelers.","Restaurant, Bar, Gym, 24/7 Security",0.9,455
Radisson Hotel Guwahati 26,Guwahati,3.6,1673,"Comfortable budget-friendly lodging in Guwahati. Offers clean rooms, helpful service, and basic amenities perfect for cost-conscious travelers.","Laundry Service, Valet Parking, Restaurant, Gym, Swimming Pool",6.6,1982
Ginger Lodge Guwahati 27,Guwahati,3.2,932,"Comfortable budget-friendly lodging in Guwahati. Offers clean rooms, helpful service, and basic amenities perfect for cost-conscious travelers.","Gym, 24/7 Security, Balcony Room, Bar, Restaurant, Free Breakfast, Swimming Pool",6.7,1795
Treebo Manor Guwahati 28,Guwahati,3.5,1232,"Comfortable budget-friendly lodging in Guwahati. Offers clean rooms, helpful service, and basic amenities perfect for cost-conscious travelers.","Laundry Service, Balcony Room, Room Service, Spa, Bar",2.9,1002
Capital O Inn Guwahati 29,Guwahati,4.6,13921,"Premium luxury accommodation in Guwahati. Features world-class dining, customized guest services, elegant architecture, and a highly scenic environment.","Spa, Valet Parking, Laundry Service, Balcony Room, WiFi, AC, 24/7 Security, Restaurant",9.0,1222
Ritz Retreat Guwahati 30,Guwahati,4.8,9173,"Premium luxury accommodation in Guwahati. Features world-class dining, customized guest services, elegant architecture, and a highly scenic environment.","24/7 Security, Room Service, Valet Parking, WiFi, Spa, Balcony Room",8.9,719
Whispering Palms Villas Guwahati 31,Guwahati,3.9,4761,"Modern mid-range hotel in Guwahati offering excellent value, well-appointed guest rooms, great dining, and a convenient location close to key city highlights.","AC, Free Parking, Laundry Service, Swimming Pool, 24/7 Security, Room Service, Valet Parking, Gym",7.1,766
Paradise Stays Guwahati 32,Guwahati,4.9,14779,"Premium luxury accommodation in Guwahati. Features world-class dining, customized guest services, elegant architecture, and a highly scenic environment.","Gym, Swimming Pool, Restaurant, Bar, Balcony Room, AC, Laundry Service, WiFi",2.0,1895
Silver Sands Chalet Guwahati 33,Guwahati,4.0,3776,"Modern mid-range hotel in Guwahati offering excellent value, well-appointed guest rooms, great dining, and a convenient location close to key city highlights.","24/7 Security, Gym, AC, Free Breakfast",6.6,1748
Alpine Lodge Suites Guwahati 34,Guwahati,3.8,3765,"Modern mid-range hotel in Guwahati offering excellent value, well-appointed guest rooms, great dining, and a convenient location close to key city highlights.","AC, WiFi, Bar, Restaurant",2.4,937
Mayfair Palace Guwahati 35,Guwahati,4.4,12931,"Premium luxury accommodation in Guwahati. Features world-class dining, customized guest services, elegant architecture, and a highly scenic environment.","AC, Free Breakfast, Swimming Pool, Spa, 24/7 Security",6.7,1000
Grand Haven Guwahati 36,Guwahati,3.0,1567,"Comfortable budget-friendly lodging in Guwahati. Offers clean rooms, helpful service, and basic amenities perfect for cost-conscious travelers.","24/7 Security, Swimming Pool, Spa, Balcony Room, Free Breakfast",7.5,1679
Saffron Stays Castle Guwahati 37,Guwahati,4.5,9957,"Premium luxury accommodation in Guwahati. Features world-class dining, customized guest services, elegant architecture, and a highly scenic environment.","Laundry Service, Balcony Room, AC, Free Parking",7.3,297
Vista Resort Guwahati 38,Guwahati,5.0,11982,"Premium luxury accommodation in Guwahati. Features world-class dining, customized guest services, elegant architecture, and a highly scenic environment.","Spa, WiFi, Restaurant, Swimming Pool, Room Service, AC, Balcony Room",5.9,143
Taj Hotel Guwahati 39,Guwahati,4.2,2433,"Modern mid-range hotel in Guwahati offering excellent value, well-appointed guest rooms, great dining, and a convenient location close to key city highlights.","Free Breakfast, Room Service, Laundry Service, Balcony Room, Bar, 24/7 Security, AC",6.6,1016
Radisson Lodge Guwahati 40,Guwahati,4.9,5233,"Premium luxury accommodation in Guwahati. Features world-class dining, customized guest services, elegant architecture, and a highly scenic environment.","Free Parking, Spa, Laundry Service, Bar",3.3,1806
Ginger Manor Guwahati 41,Guwahati,3.2,1485,"Comfortable budget-friendly lodging in Guwahati. Offers clean rooms, helpful service, and basic amenities perfect for cost-conscious travelers.","24/7 Security, WiFi, Restaurant, AC, Swimming Pool, Laundry Service",1.2,1455
Treebo Inn Guwahati 42,Guwahati,3.5,1356,"Comfortable budget-friendly lodging in Guwahati. Offers clean rooms, helpful service, and basic amenities perfect for cost-conscious travelers.","Gym, Free Parking, Free Breakfast, Spa",8.0,986
Capital O Retreat Guwahati 43,Guwahati,3.7,1507,"Comfortable budget-friendly lodging in Guwahati. Offers clean rooms, helpful service, and basic amenities perfect for cost-conscious travelers.","AC, Free Parking, Laundry Service, WiFi, 24/7 Security, Restaurant, Swimming Pool",2.5,738
Ritz Villas Guwahati 44,Guwahati,4.9,17327,"Premium luxury accommodation in Guwahati. Features world-class dining, customized guest services, elegant architecture, and a highly scenic environment.","Free Parking, Bar, AC, Gym",3.9,1507
Whispering Palms Stays Guwahati 45,Guwahati,3.1,1843,"Comfortable budget-friendly lodging in Guwahati. Offers clean rooms, helpful service, and basic amenities perfect for cost-conscious travelers.","Laundry Service, Bar, Spa, Room Service, Balcony Room, Valet Parking",1.9,1936
Paradise Chalet Guwahati 46,Guwahati,3.4,1675,"Comfortable budget-friendly lodging in Guwahati. Offers clean rooms, helpful service, and basic amenities perfect for cost-conscious travelers.","Room Service, Gym, Restaurant, 24/7 Security, Bar, Balcony Room, Free Parking",5.9,231
Silver Sands Suites Guwahati 47,Guwahati,4.7,12589,"Premium luxury accommodation in Guwahati. Features world-class dining, customized guest services, elegant architecture, and a highly scenic environment.","AC, Gym, Room Service, Bar, Valet Parking, Balcony Room, Spa",1.4,1469
Alpine Lodge Palace Guwahati 48,Guwahati,4.3,3104,"Modern mid-range hotel in Guwahati offering excellent value, well-appointed guest rooms, great dining, and a convenient location close to key city highlights.","Free Breakfast, Valet Parking, AC, Gym, 24/7 Security",3.9,1039
Mayfair Haven Guwahati 49,Guwahati,4.0,2314,"Modern mid-range hotel in Guwahati offering excellent value, well-appointed guest rooms, great dining, and a convenient location close to key city highlights.","24/7 Security, Swimming Pool, AC, Bar, Gym, Laundry Service, Room Service",3.4,409
Grand Castle Guwahati 50,Guwahati,4.2,3512,"Modern mid-range hotel in Guwahati offering excellent value, well-appointed guest rooms, great dining, and a convenient location close to key city highlights.","AC, Laundry Service, Free Parking, Room Service",5.9,1039
Saffron Stays Resort Guwahati 51,Guwahati,4.6,7104,"Premium luxury accommodation in Guwahati. Features world-class dining, customized guest services, elegant architecture, and a highly scenic environment.","Restaurant, Room Service, AC, Gym, WiFi, Free Breakfast, Spa, Balcony Room",3.2,1432
Vista Hotel Guwahati 52,Guwahati,4.3,2497,"Modern mid-range hotel in Guwahati offering excellent value, well-appointed guest rooms, great dining, and a convenient location close to key city highlights.","Free Parking, Gym, Valet Parking, Balcony Room, Restaurant, 24/7 Security, Swimming Pool",3.0,1169
Taj Lodge Guwahati 53,Guwahati,4.4,9314,"Premium luxury accommodation in Guwahati. Features world-class dining, customized guest services, elegant architecture, and a highly scenic environment.","Swimming Pool, Bar, Restaurant, Valet Parking, WiFi",5.6,957
Radisson Manor Guwahati 54,Guwahati,4.7,7408,"Premium luxury accommodation in Guwahati. Features world-class dining, customized guest services, elegant architecture, and a highly scenic environment.","Spa, Room Service, Bar, Free Breakfast, Restaurant, WiFi",3.0,1952
Ginger Inn Guwahati 55,Guwahati,4.6,7603,"Premium luxury accommodation in Guwahati. Features world-class dining, customized guest services, elegant architecture, and a highly scenic environment.","Laundry Service, Valet Parking, Free Breakfast, WiFi, Gym, Bar, Restaurant",8.8,892
Treebo Retreat Guwahati 56,Guwahati,3.8,2948,"Modern mid-range hotel in Guwahati offering excellent value, well-appointed guest rooms, great dining, and a convenient location close to key city highlights.","Free Breakfast, 24/7 Security, Laundry Service, Balcony Room",5.5,1254
Capital O Villas Guwahati 57,Guwahati,4.0,2315,"Modern mid-range hotel in Guwahati offering excellent value, well-appointed guest rooms, great dining, and a convenient location close to key city highlights.","Free Parking, WiFi, AC, Laundry Service",3.4,1683
Ritz Stays Guwahati 58,Guwahati,4.9,6613,"Premium luxury accommodation in Guwahati. Features world-class dining, customized guest services, elegant architecture, and a highly scenic environment.","Balcony Room, Restaurant, WiFi, Free Breakfast, Spa, Gym, 24/7 Security, AC",3.9,752
Whispering Palms Chalet Guwahati 59,Guwahati,4.5,9455,"Premium luxury accommodation in Guwahati. Features world-class dining, customized guest services, elegant architecture, and a highly scenic environment.","Valet Parking, Balcony Room, Swimming Pool, Free Breakfast",0.6,323
Paradise Suites Guwahati 60,Guwahati,4.1,2569,"Modern mid-range hotel in Guwahati offering excellent value, well-appointed guest rooms, great dining, and a convenient location close to key city highlights.","Free Parking, Spa, Bar, Swimming Pool",7.2,441
Silver Sands Palace Guwahati 61,Guwahati,4.2,2017,"Modern mid-range hotel in Guwahati offering excellent value, well-appointed guest rooms, great dining, and a convenient location close to key city highlights.","Free Parking, Valet Parking, Bar, WiFi, Swimming Pool",7.5,201
Alpine Lodge Haven Guwahati 62,Guwahati,3.6,1325,"Comfortable budget-friendly lodging in Guwahati. Offers clean rooms, helpful service, and basic amenities perfect for cost-conscious travelers.","Spa, Free Parking, 24/7 Security, WiFi, Bar, Valet Parking, Room Service",1.3,996
Mayfair Castle Guwahati 63,Guwahati,4.0,4843,"Modern mid-range hotel in Guwahati offering excellent value, well-appointed guest rooms, great dining, and a convenient location close to key city highlights.","WiFi, Restaurant, Free Parking, Free Breakfast, Bar, Laundry Service, 24/7 Security, Spa",3.6,1124
Grand Resort Guwahati 64,Guwahati,3.6,1079,"Comfortable budget-friendly lodging in Guwahati. Offers clean rooms, helpful service, and basic amenities perfect for cost-conscious travelers.","Gym, Balcony Room, 24/7 Security, Valet Parking, Room Service, Free Parking, Restaurant",8.4,1784
Saffron Stays Hotel Guwahati 65,Guwahati,3.8,2271,"Modern mid-range hotel in Guwahati offering excellent value, well-appointed guest rooms, great dining, and a convenient location close to key city highlights.","WiFi, Gym, Valet Parking, Restaurant, Room Service, 24/7 Security, Balcony Room, Laundry Service",1.4,192
Vista Lodge Guwahati 66,Guwahati,3.4,1040,"Comfortable budget-friendly lodging in Guwahati. Offers clean rooms, helpful service, and basic amenities perfect for cost-conscious travelers.","24/7 Security, WiFi, AC, Laundry Service, Restaurant, Free Parking, Balcony Room",2.0,1318
Taj Manor Guwahati 67,Guwahati,4.5,8982,"Premium luxury accommodation in Guwahati. Features world-class dining, customized guest services, elegant architecture, and a highly scenic environment.","Swimming Pool, Free Breakfast, Laundry Service, 24/7 Security, Gym, Free Parking",2.8,1417
Radisson Inn Guwahati 68,Guwahati,4.3,4902,"Modern mid-range hotel in Guwahati offering excellent value, well-appointed guest rooms, great dining, and a convenient location close to key city highlights.","24/7 Security, Valet Parking, Free Breakfast, Swimming Pool",5.2,1684
Ginger Retreat Guwahati 69,Guwahati,3.3,1004,"Comfortable budget-friendly lodging in Guwahati. Offers clean rooms, helpful service, and basic amenities perfect for cost-conscious travelers.","Spa, Swimming Pool, AC, Laundry Service, WiFi, Valet Parking, Gym, Restaurant",1.7,460
Treebo Villas Guwahati 70,Guwahati,3.1,1570,"Comfortable budget-friendly lodging in Guwahati. Offers clean rooms, helpful service, and basic amenities perfect for cost-conscious travelers.","Laundry Service, Balcony Room, Room Service, Swimming Pool, 24/7 Security, WiFi, Valet Parking",1.5,1791
Grand Chalet Gangtok 1,Gangtok,3.5,1909,"Comfortable budget-friendly lodging in Gangtok. Offers clean rooms, helpful service, and basic amenities perfect for cost-conscious travelers.","Gym, AC, Free Parking, Laundry Service, Free Breakfast, WiFi, Spa, 24/7 Security",8.0,1634
Saffron Stays Suites Gangtok 2,Gangtok,3.7,1448,"Comfortable budget-friendly lodging in Gangtok. Offers clean rooms, helpful service, and basic amenities perfect for cost-conscious travelers.","24/7 Security, Bar, AC, Restaurant, Laundry Service",6.3,1860
Vista Palace Gangtok 3,Gangtok,3.1,1187,"Comfortable budget-friendly lodging in Gangtok. Offers clean rooms, helpful service, and basic amenities perfect for cost-conscious travelers.","Restaurant, 24/7 Security, Free Breakfast, Spa, Room Service, AC",2.4,1168
Taj Haven Gangtok 4,Gangtok,4.4,7663,"Premium luxury accommodation in Gangtok. Features world-class dining, customized guest services, elegant architecture, and a highly scenic environment.","24/7 Security, WiFi, Laundry Service, Spa, Gym, Room Service",6.7,1992
Radisson Castle Gangtok 5,Gangtok,4.2,2235,"Modern mid-range hotel in Gangtok offering excellent value, well-appointed guest rooms, great dining, and a convenient location close to key city highlights.","Swimming Pool, Free Breakfast, Laundry Service, Bar, Free Parking",0.8,666
Ginger Resort Gangtok 6,Gangtok,3.0,890,"Comfortable budget-friendly lodging in Gangtok. Offers clean rooms, helpful service, and basic amenities perfect for cost-conscious travelers.","Laundry Service, WiFi, Balcony Room, Gym, Free Parking, Bar, Free Breakfast, Swimming Pool",5.0,780
Treebo Hotel Gangtok 7,Gangtok,4.2,4518,"Modern mid-range hotel in Gangtok offering excellent value, well-appointed guest rooms, great dining, and a convenient location close to key city highlights.","Gym, Free Parking, Laundry Service, Swimming Pool, WiFi, AC",8.1,994
Capital O Lodge Gangtok 8,Gangtok,3.5,1236,"Comfortable budget-friendly lodging in Gangtok. Offers clean rooms, helpful service, and basic amenities perfect for cost-conscious travelers.","Spa, Free Breakfast, AC, Bar, Gym, Restaurant, WiFi, Valet Parking",1.8,624
Ritz Manor Gangtok 9,Gangtok,4.2,3602,"Modern mid-range hotel in Gangtok offering excellent value, well-appointed guest rooms, great dining, and a convenient location close to key city highlights.","Free Parking, Balcony Room, Valet Parking, Spa, Gym, Room Service, Bar, Restaurant",3.3,688
Whispering Palms Inn Gangtok 10,Gangtok,4.5,5445,"Premium luxury accommodation in Gangtok. Features world-class dining, customized guest services, elegant architecture, and a highly scenic environment.","WiFi, Laundry Service, Swimming Pool, 24/7 Security",6.7,1860
Paradise Retreat Gangtok 11,Gangtok,4.4,16137,"Premium luxury accommodation in Gangtok. Features world-class dining, customized guest services, elegant architecture, and a highly scenic environment.","Laundry Service, Restaurant, 24/7 Security, Valet Parking, Room Service, Balcony Room",4.7,299
Silver Sands Villas Gangtok 12,Gangtok,3.0,1355,"Comfortable budget-friendly lodging in Gangtok. Offers clean rooms, helpful service, and basic amenities perfect for cost-conscious travelers.","Bar, Swimming Pool, Valet Parking, Room Service",8.1,964
Alpine Lodge Stays Gangtok 13,Gangtok,3.0,1186,"Comfortable budget-friendly lodging in Gangtok. Offers clean rooms, helpful service, and basic amenities perfect for cost-conscious travelers.","Spa, Swimming Pool, Valet Parking, Laundry Service, Free Breakfast",4.4,1270
Mayfair Chalet Gangtok 14,Gangtok,4.2,2548,"Modern mid-range hotel in Gangtok offering excellent value, well-appointed guest rooms, great dining, and a convenient location close to key city highlights.","24/7 Security, Restaurant, Valet Parking, Laundry Service, Free Parking, Room Service",2.4,162
Grand Suites Gangtok 15,Gangtok,3.1,1227,"Comfortable budget-friendly lodging in Gangtok. Offers clean rooms, helpful service, and basic amenities perfect for cost-conscious travelers.","WiFi, Valet Parking, Restaurant, Swimming Pool, Balcony Room",2.3,1006
Saffron Stays Palace Gangtok 16,Gangtok,3.3,938,"Comfortable budget-friendly lodging in Gangtok. Offers clean rooms, helpful service, and basic amenities perfect for cost-conscious travelers.","Spa, 24/7 Security, Free Parking, Free Breakfast",1.7,709
Vista Haven Gangtok 17,Gangtok,4.6,12340,"Premium luxury accommodation in Gangtok. Features world-class dining, customized guest services, elegant architecture, and a highly scenic environment.","Bar, Swimming Pool, Spa, AC, Gym, Free Breakfast",0.6,124
Taj Castle Gangtok 18,Gangtok,4.0,4487,"Modern mid-range hotel in Gangtok offering excellent value, well-appointed guest rooms, great dining, and a convenient location close to key city highlights.","24/7 Security, Laundry Service, Valet Parking, Gym, Balcony Room, WiFi, Spa",1.6,221
Radisson Resort Gangtok 19,Gangtok,3.9,3758,"Modern mid-range hotel in Gangtok offering excellent value, well-appointed guest rooms, great dining, and a convenient location close to key city highlights.","Balcony Room, Room Service, Free Parking, Valet Parking, Spa, Swimming Pool, Laundry Service",4.7,865
Ginger Hotel Gangtok 20,Gangtok,3.3,1225,"Comfortable budget-friendly lodging in Gangtok. Offers clean rooms, helpful service, and basic amenities perfect for cost-conscious travelers.","Restaurant, Bar, Free Parking, 24/7 Security, Room Service",1.8,1285
Treebo Lodge Gangtok 21,Gangtok,4.9,11518,"Premium luxury accommodation in Gangtok. Features world-class dining, customized guest services, elegant architecture, and a highly scenic environment.","AC, Spa, Swimming Pool, Free Parking, 24/7 Security, Bar",8.0,77
Capital O Manor Gangtok 22,Gangtok,4.2,4321,"Modern mid-range hotel in Gangtok offering excellent value, well-appointed guest rooms, great dining, and a convenient location close to key city highlights.","Balcony Room, Restaurant, Swimming Pool, 24/7 Security, Free Breakfast, Bar",8.7,1568
Ritz Inn Gangtok 23,Gangtok,3.9,2802,"Modern mid-range hotel in Gangtok offering excellent value, well-appointed guest rooms, great dining, and a convenient location close to key city highlights.","24/7 Security, Room Service, Valet Parking, Spa, Bar, AC, Restaurant",7.3,734
Whispering Palms Retreat Gangtok 24,Gangtok,4.1,3276,"Modern mid-range hotel in Gangtok offering excellent value, well-appointed guest rooms, great dining, and a convenient location close to key city highlights.","AC, Balcony Room, Free Parking, Bar, Laundry Service, Free Breakfast, Room Service",6.9,668
Paradise Villas Gangtok 25,Gangtok,3.2,1633,"Comfortable budget-friendly lodging in Gangtok. Offers clean rooms, helpful service, and basic amenities perfect for cost-conscious travelers.","Balcony Room, WiFi, AC, Free Breakfast, Free Parking, Valet Parking",8.8,1780
Silver Sands Stays Gangtok 26,Gangtok,3.7,1003,"Comfortable budget-friendly lodging in Gangtok. Offers clean rooms, helpful service, and basic amenities perfect for cost-conscious travelers.","Free Parking, Laundry Service, WiFi, Bar, Balcony Room, Spa",8.3,1737
Alpine Lodge Chalet Gangtok 27,Gangtok,3.7,1830,"Comfortable budget-friendly lodging in Gangtok. Offers clean rooms, helpful service, and basic amenities perfect for cost-conscious travelers.","WiFi, Restaurant, Spa, AC, 24/7 Security, Laundry Service, Free Breakfast",5.9,104
Mayfair Suites Gangtok 28,Gangtok,4.7,13936,"Premium luxury accommodation in Gangtok. Features world-class dining, customized guest services, elegant architecture, and a highly scenic environment.","24/7 Security, Balcony Room, Restaurant, AC",3.9,23
Grand Palace Gangtok 29,Gangtok,4.4,15290,"Premium luxury accommodation in Gangtok. Features world-class dining, customized guest services, elegant architecture, and a highly scenic environment.","Gym, Room Service, Valet Parking, Spa, 24/7 Security, Bar, WiFi",6.8,219
Saffron Stays Haven Gangtok 30,Gangtok,3.8,3903,"Modern mid-range hotel in Gangtok offering excellent value, well-appointed guest rooms, great dining, and a convenient location close to key city highlights.","WiFi, 24/7 Security, Laundry Service, Valet Parking, Spa, Balcony Room",6.1,333
Vista Castle Gangtok 31,Gangtok,3.4,1157,"Comfortable budget-friendly lodging in Gangtok. Offers clean rooms, helpful service, and basic amenities perfect for cost-conscious travelers.","Spa, 24/7 Security, Gym, Room Service",0.2,1199
Taj Resort Gangtok 32,Gangtok,4.6,16819,"Premium luxury accommodation in Gangtok. Features world-class dining, customized guest services, elegant architecture, and a highly scenic environment.","Restaurant, Valet Parking, AC, Spa, Free Breakfast, 24/7 Security",2.4,1968
Radisson Hotel Gangtok 33,Gangtok,4.4,9811,"Premium luxury accommodation in Gangtok. Features world-class dining, customized guest services, elegant architecture, and a highly scenic environment.","Free Breakfast, Restaurant, Free Parking, Balcony Room, Swimming Pool, Bar, Valet Parking, Laundry Service",6.4,1951
Ginger Lodge Gangtok 34,Gangtok,3.7,1557,"Comfortable budget-friendly lodging in Gangtok. Offers clean rooms, helpful service, and basic amenities perfect for cost-conscious travelers.","Free Parking, Gym, Valet Parking, Room Service, Bar, 24/7 Security, Laundry Service, Spa",4.8,1363
Treebo Manor Gangtok 35,Gangtok,3.6,936,"Comfortable budget-friendly lodging in Gangtok. Offers clean rooms, helpful service, and basic amenities perfect for cost-conscious travelers.","Free Parking, Bar, Gym, 24/7 Security, Balcony Room, Laundry Service, Spa",1.4,1475
Capital O Inn Gangtok 36,Gangtok,3.9,4783,"Modern mid-range hotel in Gangtok offering excellent value, well-appointed guest rooms, great dining, and a convenient location close to key city highlights.","Swimming Pool, Spa, WiFi, Free Parking, Valet Parking, Balcony Room",5.3,1026
Ritz Retreat Gangtok 37,Gangtok,4.3,4355,"Modern mid-range hotel in Gangtok offering excellent value, well-appointed guest rooms, great dining, and a convenient location close to key city highlights.","Gym, 24/7 Security, Swimming Pool, Valet Parking, Laundry Service, Restaurant, AC",2.3,877
Whispering Palms Villas Gangtok 38,Gangtok,4.7,14249,"Premium luxury accommodation in Gangtok. Features world-class dining, customized guest services, elegant architecture, and a highly scenic environment.","Free Parking, Valet Parking, Swimming Pool, WiFi, Bar, Laundry Service, Restaurant, Balcony Room",9.5,669
Paradise Stays Gangtok 39,Gangtok,4.2,3595,"Modern mid-range hotel in Gangtok offering excellent value, well-appointed guest rooms, great dining, and a convenient location close to key city highlights.","Free Parking, Laundry Service, Free Breakfast, 24/7 Security",9.1,136
Silver Sands Chalet Gangtok 40,Gangtok,3.1,1541,"Comfortable budget-friendly lodging in Gangtok. Offers clean rooms, helpful service, and basic amenities perfect for cost-conscious travelers.","Free Breakfast, Bar, Room Service, Gym, Restaurant, Free Parking, 24/7 Security, Valet Parking",7.0,354
Alpine Lodge Suites Gangtok 41,Gangtok,3.2,1413,"Comfortable budget-friendly lodging in Gangtok. Offers clean rooms, helpful service, and basic amenities perfect for cost-conscious travelers.","WiFi, Laundry Service, Room Service, Restaurant, Swimming Pool",8.3,392
Mayfair Palace Gangtok 42,Gangtok,4.1,3667,"Modern mid-range hotel in Gangtok offering excellent value, well-appointed guest rooms, great dining, and a convenient location close to key city highlights.","Restaurant, Free Parking, WiFi, Free Breakfast, Room Service, Laundry Service",1.7,683
Grand Haven Gangtok 43,Gangtok,3.1,1564,"Comfortable budget-friendly lodging in Gangtok. Offers clean rooms, helpful service, and basic amenities perfect for cost-conscious travelers.","Swimming Pool, Bar, Balcony Room, Free Parking, WiFi, Gym",4.4,1719
Saffron Stays Castle Gangtok 44,Gangtok,3.9,3908,"Modern mid-range hotel in Gangtok offering excellent value, well-appointed guest rooms, great dining, and a convenient location close to key city highlights.","Balcony Room, Free Breakfast, Free Parking, AC",6.3,70
Vista Resort Gangtok 45,Gangtok,5.0,16170,"Premium luxury accommodation in Gangtok. Features world-class dining, customized guest services, elegant architecture, and a highly scenic environment.","Swimming Pool, Laundry Service, AC, Free Parking, Restaurant, Balcony Room, Gym",7.2,1681
Taj Hotel Gangtok 46,Gangtok,3.2,1909,"Comfortable budget-friendly lodging in Gangtok. Offers clean rooms, helpful service, and basic amenities perfect for cost-conscious travelers.","24/7 Security, Room Service, Gym, AC, Free Parking, Bar",9.3,1617
Radisson Lodge Gangtok 47,Gangtok,3.7,1546,"Comfortable budget-friendly lodging in Gangtok. Offers clean rooms, helpful service, and basic amenities perfect for cost-conscious travelers.","Spa, Free Breakfast, 24/7 Security, WiFi, AC, Balcony Room, Room Service, Gym",5.7,1354
Ginger Manor Gangtok 48,Gangtok,3.2,1567,"Comfortable budget-friendly lodging in Gangtok. Offers clean rooms, helpful service, and basic amenities perfect for cost-conscious travelers.","Free Parking, Laundry Service, 24/7 Security, Restaurant, Balcony Room, WiFi, AC",8.4,1752
Treebo Inn Gangtok 49,Gangtok,4.0,2729,"Modern mid-range hotel in Gangtok offering excellent value, well-appointed guest rooms, great dining, and a convenient location close to key city highlights.","AC, Swimming Pool, WiFi, Valet Parking, Spa, Gym, Bar",7.8,1357
Capital O Retreat Gangtok 50,Gangtok,3.3,1330,"Comfortable budget-friendly lodging in Gangtok. Offers clean rooms, helpful service, and basic amenities perfect for cost-conscious travelers.","Free Parking, Valet Parking, AC, Balcony Room, Swimming Pool, Bar",9.0,971
Ritz Villas Gangtok 51,Gangtok,3.4,1334,"Comfortable budget-friendly lodging in Gangtok. Offers clean rooms, helpful service, and basic amenities perfect for cost-conscious travelers.","Restaurant, Gym, Room Service, Bar, AC, 24/7 Security, Valet Parking, Free Breakfast",3.5,1784
Whispering Palms Stays Gangtok 52,Gangtok,4.0,4953,"Modern mid-range hotel in Gangtok offering excellent value, well-appointed guest rooms, great dining, and a convenient location close to key city highlights.","Free Parking, Valet Parking, Swimming Pool, Gym, Room Service, Free Breakfast",8.5,1092
Paradise Chalet Gangtok 53,Gangtok,4.0,2011,"Modern mid-range hotel in Gangtok offering excellent value, well-appointed guest rooms, great dining, and a convenient location close to key city highlights.","Room Service, Balcony Room, Swimming Pool, Laundry Service",7.5,1420
Silver Sands Suites Gangtok 54,Gangtok,4.7,16153,"Premium luxury accommodation in Gangtok. Features world-class dining, customized guest services, elegant architecture, and a highly scenic environment.","Swimming Pool, Valet Parking, Gym, 24/7 Security",7.6,1259
Alpine Lodge Palace Gangtok 55,Gangtok,3.7,1127,"Comfortable budget-friendly lodging in Gangtok. Offers clean rooms, helpful service, and basic amenities perfect for cost-conscious travelers.","Gym, Swimming Pool, Restaurant, Balcony Room, Spa",2.7,1299
Mayfair Haven Gangtok 56,Gangtok,4.8,5204,"Premium luxury accommodation in Gangtok. Features world-class dining, customized guest services, elegant architecture, and a highly scenic environment.","24/7 Security, Balcony Room, Swimming Pool, Spa, Free Breakfast, Room Service, Free Parking",7.4,862
Grand Castle Gangtok 57,Gangtok,3.5,1844,"Comfortable budget-friendly lodging in Gangtok. Offers clean rooms, helpful service, and basic amenities perfect for cost-conscious travelers.","24/7 Security, Free Parking, Laundry Service, WiFi, Room Service, Swimming Pool, Gym",6.4,362
Saffron Stays Resort Gangtok 58,Gangtok,3.3,903,"Comfortable budget-friendly lodging in Gangtok. Offers clean rooms, helpful service, and basic amenities perfect for cost-conscious travelers.","Spa, Balcony Room, WiFi, Restaurant, Laundry Service, Room Service, Free Parking, Bar",7.8,499
Vista Hotel Gangtok 59,Gangtok,4.7,6838,"Premium luxury accommodation in Gangtok. Features world-class dining, customized guest services, elegant architecture, and a highly scenic environment.","Free Breakfast, Room Service, 24/7 Security, Swimming Pool, AC, Restaurant, Bar, Gym",1.1,1564
Taj Lodge Gangtok 60,Gangtok,3.1,1395,"Comfortable budget-friendly lodging in Gangtok. Offers clean rooms, helpful service, and basic amenities perfect for cost-conscious travelers.","Laundry Service, Bar, Free Parking, Valet Parking, WiFi",0.2,1611
Radisson Manor Gangtok 61,Gangtok,4.7,8053,"Premium luxury accommodation in Gangtok. Features world-class dining, customized guest services, elegant architecture, and a highly scenic environment.","Restaurant, Spa, 24/7 Security, Balcony Room, Swimming Pool, Free Breakfast, WiFi, Bar",1.3,1649
Ginger Inn Gangtok 62,Gangtok,4.6,8656,"Premium luxury accommodation in Gangtok. Features world-class dining, customized guest services, elegant architecture, and a highly scenic environment.","Gym, Free Breakfast, 24/7 Security, Laundry Service",2.7,537
Treebo Retreat Gangtok 63,Gangtok,3.1,921,"Comfortable budget-friendly lodging in Gangtok. Offers clean rooms, helpful service, and basic amenities perfect for cost-conscious travelers.","Valet Parking, Laundry Service, Free Breakfast, Free Parking, Spa, Bar",6.7,1318
Capital O Villas Gangtok 64,Gangtok,3.2,1257,"Comfortable budget-friendly lodging in Gangtok. Offers clean rooms, helpful service, and basic amenities perfect for cost-conscious travelers.","Gym, Bar, Room Service, Swimming Pool, Balcony Room",3.9,344
Ritz Stays Gangtok 65,Gangtok,4.5,5768,"Premium luxury accommodation in Gangtok. Features world-class dining, customized guest services, elegant architecture, and a highly scenic environment.","Laundry Service, Bar, Spa, Free Parking",9.1,1420
Whispering Palms Chalet Gangtok 66,Gangtok,4.0,3713,"Modern mid-range hotel in Gangtok offering excellent value, well-appointed guest rooms, great dining, and a convenient location close to key city highlights.","Bar, Restaurant, AC, Spa, Swimming Pool, Free Parking, Valet Parking, Gym",0.2,119
Paradise Suites Gangtok 67,Gangtok,3.8,2178,"Modern mid-range hotel in Gangtok offering excellent value, well-appointed guest rooms, great dining, and a convenient location close to key city highlights.","Spa, Swimming Pool, Balcony Room, Restaurant, WiFi, Free Breakfast, AC, Gym",2.8,1313
Silver Sands Palace Gangtok 68,Gangtok,4.3,4735,"Modern mid-range hotel in Gangtok offering excellent value, well-appointed guest rooms, great dining, and a convenient location close to key city highlights.","AC, Spa, Free Parking, 24/7 Security, Swimming Pool",7.2,512
Alpine Lodge Haven Gangtok 69,Gangtok,4.8,10450,"Premium luxury accommodation in Gangtok. Features world-class dining, customized guest services, elegant architecture, and a highly scenic environment.","Laundry Service, Swimming Pool, 24/7 Security, Gym",2.6,1902
Mayfair Castle Gangtok 70,Gangtok,4.2,4219,"Modern mid-range hotel in Gangtok offering excellent value, well-appointed guest rooms, great dining, and a convenient location close to key city highlights.","Bar, WiFi, Free Parking, Spa, Valet Parking, Swimming Pool, Restaurant, Free Breakfast",8.9,1915
