Attraction_Name,Nearby_Place,Distance_KM,Category,Rating
Desi Spot near Emerald Falls of Jaipur,Emerald Falls of Jaipur,1.0,Food & Dining,4.4
Souvenir Hub near Emerald Falls of Jaipur,Emerald Falls of Jaipur,0.7,Shopping,3.9
Hiking Point near Emerald Falls of Jaipur,Emerald Falls of Jaipur,1.6,Viewpoint,3.9
Chai Villa Treats near Jaipur Imperial Gateway,Jaipur Imperial Gateway,1.7,Food & Dining,4.1
Traditional Cooperative near Jaipur Imperial Gateway,Jaipur Imperial Gateway,1.0,Shopping,3.8
Walkway Park near Jaipur Imperial Gateway,Jaipur Imperial Gateway,4.0,Activity,4.0
Chai Villa Spot near Tranquil Jaipur Temple,Tranquil Jaipur Temple,0.7,Food & Dining,4.1
Traditional Hub near Tranquil Jaipur Temple,Tranquil Jaipur Temple,1.2,Shopping,3.6
Local Market Corner near Tranquil Jaipur Temple,Tranquil Jaipur Temple,3.7,Local Market,3.7
Royal Bakery near Extreme Camping Ridge of Jaipur,Extreme Camping Ridge of Jaipur,1.9,Food & Dining,4.2
Artisans Corner near Extreme Camping Ridge of Jaipur,Extreme Camping Ridge of Jaipur,1.5,Shopping,4.6
Hiking Point near Extreme Camping Ridge of Jaipur,Extreme Camping Ridge of Jaipur,1.5,Viewpoint,5.0
Street Bakery near Jaipur Folk Folk Centre,Jaipur Folk Folk Centre,0.8,Food & Dining,3.6
Ethnic Flea Market near Jaipur Folk Folk Centre,Jaipur Folk Folk Centre,2.8,Shopping,4.4
Transit Corner near Jaipur Folk Folk Centre,Jaipur Folk Folk Centre,1.9,Transit,4.3
Desi Point near Traditional Jaipur Spices Corner,Traditional Jaipur Spices Corner,1.3,Food & Dining,4.2
Local Hub near Traditional Jaipur Spices Corner,Traditional Jaipur Spices Corner,2.6,Shopping,4.8
Local Market Corner near Traditional Jaipur Spices Corner,Traditional Jaipur Spices Corner,4.1,Local Market,3.7
The Spicy Treats near Authentic Sweet Alley of Jaipur,Authentic Sweet Alley of Jaipur,2.5,Food & Dining,4.9
Handicrafts Flea Market near Authentic Sweet Alley of Jaipur,Authentic Sweet Alley of Jaipur,3.0,Shopping,4.4
Local Market Corner near Authentic Sweet Alley of Jaipur,Authentic Sweet Alley of Jaipur,3.8,Local Market,3.8
Street Treats near Jaipur Tech Amusement Park,Jaipur Tech Amusement Park,0.5,Food & Dining,4.9
Bustling Emporium near Jaipur Tech Amusement Park,Jaipur Tech Amusement Park,0.3,Shopping,3.9
Cable Car Station near Jaipur Tech Amusement Park,Jaipur Tech Amusement Park,1.9,Activity,4.7
Laziz Dhaba near Silent Jaipur Cave,Silent Jaipur Cave,2.2,Food & Dining,3.8
Central Hub near Silent Jaipur Cave,Silent Jaipur Cave,3.3,Shopping,3.8
Local Market Corner near Silent Jaipur Cave,Silent Jaipur Cave,1.0,Local Market,5.0
Gourmet Kitchen near Royal Ruin of Jaipur,Royal Ruin of Jaipur,2.3,Food & Dining,3.8
Bustling Arcade near Royal Ruin of Jaipur,Royal Ruin of Jaipur,1.4,Shopping,4.7
Photography Spot near Royal Ruin of Jaipur,Royal Ruin of Jaipur,4.6,Viewpoint,3.7
The Spicy Bakery near Jaipur Tranquil Temple,Jaipur Tranquil Temple,1.5,Food & Dining,4.6
Traditional Market near Jaipur Tranquil Temple,Jaipur Tranquil Temple,2.6,Shopping,4.2
Local Market Corner near Jaipur Tranquil Temple,Jaipur Tranquil Temple,3.8,Local Market,4.3
Desi Bakery near Extreme Jaipur Paragliding Launch,Extreme Jaipur Paragliding Launch,2.4,Food & Dining,4.4
Ethnic Market near Extreme Jaipur Paragliding Launch,Extreme Jaipur Paragliding Launch,2.8,Shopping,4.3
Local Market Corner near Extreme Jaipur Paragliding Launch,Extreme Jaipur Paragliding Launch,1.1,Local Market,3.7
Gourmet Point near Artistic Art Village of Jaipur,Artistic Art Village of Jaipur,0.8,Food & Dining,4.6
Handicrafts Cooperative near Artistic Art Village of Jaipur,Artistic Art Village of Jaipur,1.0,Shopping,3.8
Local Market Corner near Artistic Art Village of Jaipur,Artistic Art Village of Jaipur,1.9,Local Market,4.7
Annapurna Point near Jaipur Bustling Flea Market,Jaipur Bustling Flea Market,0.8,Food & Dining,4.4
Ethnic Hub near Jaipur Bustling Flea Market,Jaipur Bustling Flea Market,0.6,Shopping,3.5
Sunset Deck near Jaipur Bustling Flea Market,Jaipur Bustling Flea Market,1.2,Activity,3.7
Annapurna Dhaba near Culinary Jaipur Food Street,Culinary Jaipur Food Street,2.2,Food & Dining,4.4
Ethnic Hub near Culinary Jaipur Food Street,Culinary Jaipur Food Street,0.9,Shopping,4.0
Adventure Cliff near Culinary Jaipur Food Street,Culinary Jaipur Food Street,1.6,Viewpoint,3.8
Gourmet Cafe near Infinity Botanical Conservatory of Jaipur,Infinity Botanical Conservatory of Jaipur,1.9,Food & Dining,3.7
Souvenir Hub near Infinity Botanical Conservatory of Jaipur,Infinity Botanical Conservatory of Jaipur,1.9,Shopping,4.6
Cable Car Station near Infinity Botanical Conservatory of Jaipur,Infinity Botanical Conservatory of Jaipur,0.8,Activity,3.7
Royal Kitchen near Jaipur Mist-Clad Sunset Point,Jaipur Mist-Clad Sunset Point,1.3,Food & Dining,4.6
Artisans Market near Jaipur Mist-Clad Sunset Point,Jaipur Mist-Clad Sunset Point,0.4,Shopping,3.9
Adventure Cliff near Jaipur Mist-Clad Sunset Point,Jaipur Mist-Clad Sunset Point,2.5,Activity,3.7
Chai Villa Spot near Historic Jaipur Ancient Caves,Historic Jaipur Ancient Caves,1.7,Food & Dining,4.0
Handicrafts Hub near Historic Jaipur Ancient Caves,Historic Jaipur Ancient Caves,1.5,Shopping,4.3
Heritage Walk near Historic Jaipur Ancient Caves,Historic Jaipur Ancient Caves,1.0,Activity,4.9
Annapurna Diner near Tranquil Temple of Jaipur,Tranquil Temple of Jaipur,0.3,Food & Dining,4.6
Bustling Hub near Tranquil Temple of Jaipur,Tranquil Temple of Jaipur,1.9,Shopping,4.0
Transit Corner near Tranquil Temple of Jaipur,Tranquil Temple of Jaipur,2.2,Transit,4.8
Laziz Diner near Jaipur Extreme Climbing Wall,Jaipur Extreme Climbing Wall,2.2,Food & Dining,3.6
Traditional Corner near Jaipur Extreme Climbing Wall,Jaipur Extreme Climbing Wall,1.2,Shopping,3.5
Cable Car Station near Jaipur Extreme Climbing Wall,Jaipur Extreme Climbing Wall,2.3,Viewpoint,3.6
Royal Point near Indigenous Jaipur Heritage Craft Complex,Indigenous Jaipur Heritage Craft Complex,0.3,Food & Dining,3.7
Bustling Arcade near Indigenous Jaipur Heritage Craft Complex,Indigenous Jaipur Heritage Craft Complex,0.5,Shopping,4.8
Sunset Deck near Indigenous Jaipur Heritage Craft Complex,Indigenous Jaipur Heritage Craft Complex,2.1,Activity,4.1
Gourmet Kitchen near Vibrant Market of Jaipur,Vibrant Market of Jaipur,1.2,Food & Dining,3.9
Bustling Flea Market near Vibrant Market of Jaipur,Vibrant Market of Jaipur,2.0,Shopping,4.6
Transit Corner near Vibrant Market of Jaipur,Vibrant Market of Jaipur,4.8,Transit,4.7
The Spicy Bakery near Jaipur Delight Spice Lane,Jaipur Delight Spice Lane,0.7,Food & Dining,4.8
Ethnic Cooperative near Jaipur Delight Spice Lane,Jaipur Delight Spice Lane,0.9,Shopping,3.6
Boating Lake near Jaipur Delight Spice Lane,Jaipur Delight Spice Lane,1.1,Viewpoint,4.7
Gourmet Treats near Metro Jaipur Science Arena,Metro Jaipur Science Arena,0.6,Food & Dining,3.8
Bustling Emporium near Metro Jaipur Science Arena,Metro Jaipur Science Arena,1.3,Shopping,3.6
Hiking Point near Metro Jaipur Science Arena,Metro Jaipur Science Arena,3.7,Viewpoint,3.8
The Spicy Dhaba near Serene Falls of Jaipur,Serene Falls of Jaipur,0.5,Food & Dining,3.7
Bustling Bazaar near Serene Falls of Jaipur,Serene Falls of Jaipur,1.4,Shopping,4.0
Transit Corner near Serene Falls of Jaipur,Serene Falls of Jaipur,3.4,Transit,4.3
Royal Kitchen near Jaipur Sovereign Fort,Jaipur Sovereign Fort,0.5,Food & Dining,4.9
Local Arcade near Jaipur Sovereign Fort,Jaipur Sovereign Fort,1.1,Shopping,4.7
Transit Corner near Jaipur Sovereign Fort,Jaipur Sovereign Fort,1.8,Transit,4.7
Chai Villa Cafe near Tranquil Jaipur Temple,Tranquil Jaipur Temple,1.0,Food & Dining,4.6
Artisans Market near Tranquil Jaipur Temple,Tranquil Jaipur Temple,1.2,Shopping,4.0
Sunset Deck near Tranquil Jaipur Temple,Tranquil Jaipur Temple,2.1,Activity,3.8
Chai Villa Treats near Extreme Safari Zone of Jaipur,Extreme Safari Zone of Jaipur,2.1,Food & Dining,3.8
Local Corner near Extreme Safari Zone of Jaipur,Extreme Safari Zone of Jaipur,1.6,Shopping,4.1
Transit Corner near Extreme Safari Zone of Jaipur,Extreme Safari Zone of Jaipur,3.7,Transit,3.7
Bistro Cafe near Jaipur Ethnic Folk Centre,Jaipur Ethnic Folk Centre,1.0,Food & Dining,4.2
Bustling Bazaar near Jaipur Ethnic Folk Centre,Jaipur Ethnic Folk Centre,1.1,Shopping,4.0
Local Market Corner near Jaipur Ethnic Folk Centre,Jaipur Ethnic Folk Centre,4.6,Local Market,4.6
Chai Villa Treats near Central Jaipur Shopping Arcade,Central Jaipur Shopping Arcade,1.8,Food & Dining,4.0
Artisans Corner near Central Jaipur Shopping Arcade,Central Jaipur Shopping Arcade,3.4,Shopping,3.7
Local Market Corner near Central Jaipur Shopping Arcade,Central Jaipur Shopping Arcade,3.1,Local Market,4.3
Bistro Spot near Legacy Gourmet Court of Jaipur,Legacy Gourmet Court of Jaipur,0.7,Food & Dining,3.6
Artisans Bazaar near Legacy Gourmet Court of Jaipur,Legacy Gourmet Court of Jaipur,2.5,Shopping,3.7
Transit Corner near Legacy Gourmet Court of Jaipur,Legacy Gourmet Court of Jaipur,4.5,Transit,3.8
The Spicy Chaat Bhandar near Jaipur Stellar Sky Deck,Jaipur Stellar Sky Deck,0.2,Food & Dining,4.0
Traditional Flea Market near Jaipur Stellar Sky Deck,Jaipur Stellar Sky Deck,3.1,Shopping,4.2
Local Market Corner near Jaipur Stellar Sky Deck,Jaipur Stellar Sky Deck,1.2,Local Market,3.6
Cafe Spot near Silver Jaipur Cave,Silver Jaipur Cave,2.0,Food & Dining,3.9
Ethnic Arcade near Silver Jaipur Cave,Silver Jaipur Cave,0.3,Shopping,4.5
Cable Car Station near Silver Jaipur Cave,Silver Jaipur Cave,3.1,Viewpoint,4.7
Gourmet Chaat Bhandar near Grand Museum of Jaipur,Grand Museum of Jaipur,2.1,Food & Dining,3.5
Central Arcade near Grand Museum of Jaipur,Grand Museum of Jaipur,1.9,Shopping,4.5
Local Market Corner near Grand Museum of Jaipur,Grand Museum of Jaipur,4.8,Local Market,4.5
Annapurna Chaat Bhandar near Jaipur Tranquil Temple,Jaipur Tranquil Temple,0.7,Food & Dining,3.9
Bustling Arcade near Jaipur Tranquil Temple,Jaipur Tranquil Temple,2.7,Shopping,4.1
Transit Corner near Jaipur Tranquil Temple,Jaipur Tranquil Temple,1.5,Transit,4.0
Chai Villa Treats near Extreme Jaipur Trekking Trail,Extreme Jaipur Trekking Trail,1.6,Food & Dining,4.4
Handicrafts Corner near Extreme Jaipur Trekking Trail,Extreme Jaipur Trekking Trail,0.9,Shopping,4.2
Transit Corner near Extreme Jaipur Trekking Trail,Extreme Jaipur Trekking Trail,1.8,Transit,4.3
Desi Cafe near Classical Art Village of Jaipur,Classical Art Village of Jaipur,2.2,Food & Dining,4.2
Handicrafts Hub near Classical Art Village of Jaipur,Classical Art Village of Jaipur,1.9,Shopping,4.3
Transit Corner near Classical Art Village of Jaipur,Classical Art Village of Jaipur,4.5,Transit,4.2
Royal Kitchen near Jaipur Craft Bazaar,Jaipur Craft Bazaar,0.7,Food & Dining,4.6
Ethnic Arcade near Jaipur Craft Bazaar,Jaipur Craft Bazaar,1.9,Shopping,4.2
Transit Corner near Jaipur Craft Bazaar,Jaipur Craft Bazaar,4.7,Transit,4.3
Desi Spot near Flavors Jaipur Chaat Corner,Flavors Jaipur Chaat Corner,1.0,Food & Dining,3.7
Central Emporium near Flavors Jaipur Chaat Corner,Flavors Jaipur Chaat Corner,2.9,Shopping,4.0
Adventure Cliff near Flavors Jaipur Chaat Corner,Flavors Jaipur Chaat Corner,2.4,Activity,3.8
Street Diner near Futuristic Planetarium of Jaipur,Futuristic Planetarium of Jaipur,0.1,Food & Dining,3.5
Local Arcade near Futuristic Planetarium of Jaipur,Futuristic Planetarium of Jaipur,3.1,Shopping,4.3
Heritage Walk near Futuristic Planetarium of Jaipur,Futuristic Planetarium of Jaipur,0.6,Viewpoint,4.6
Street Kitchen near Jaipur Emerald Sunset Point,Jaipur Emerald Sunset Point,1.2,Food & Dining,4.0
Local Bazaar near Jaipur Emerald Sunset Point,Jaipur Emerald Sunset Point,2.1,Shopping,3.8
Sunset Deck near Jaipur Emerald Sunset Point,Jaipur Emerald Sunset Point,3.4,Activity,3.5
Chai Villa Spot near Victorian Jaipur Gateway,Victorian Jaipur Gateway,2.0,Food & Dining,3.9
Ethnic Hub near Victorian Jaipur Gateway,Victorian Jaipur Gateway,0.7,Shopping,4.2
Local Market Corner near Victorian Jaipur Gateway,Victorian Jaipur Gateway,0.6,Local Market,3.6
Bistro Cafe near Tranquil Temple of Jaipur,Tranquil Temple of Jaipur,0.9,Food & Dining,4.8
Artisans Flea Market near Tranquil Temple of Jaipur,Tranquil Temple of Jaipur,0.7,Shopping,4.4
Local Market Corner near Tranquil Temple of Jaipur,Tranquil Temple of Jaipur,0.5,Local Market,4.9
Street Diner near Jaipur Extreme Zip-line Valley,Jaipur Extreme Zip-line Valley,2.1,Food & Dining,4.7
Central Hub near Jaipur Extreme Zip-line Valley,Jaipur Extreme Zip-line Valley,0.3,Shopping,4.1
Local Market Corner near Jaipur Extreme Zip-line Valley,Jaipur Extreme Zip-line Valley,2.2,Local Market,4.2
Laziz Bakery near Legacy Jaipur Heritage Craft Complex,Legacy Jaipur Heritage Craft Complex,1.2,Food & Dining,4.6
Central Hub near Legacy Jaipur Heritage Craft Complex,Legacy Jaipur Heritage Craft Complex,0.9,Shopping,4.3
Transit Corner near Legacy Jaipur Heritage Craft Complex,Legacy Jaipur Heritage Craft Complex,4.0,Transit,4.7
Street Kitchen near Hidden Beach of Udaipur,Hidden Beach of Udaipur,1.6,Food & Dining,4.2
Artisans Bazaar near Hidden Beach of Udaipur,Hidden Beach of Udaipur,0.5,Shopping,3.5
Transit Corner near Hidden Beach of Udaipur,Hidden Beach of Udaipur,3.2,Transit,4.9
Street Cafe near Udaipur Imperial Tomb,Udaipur Imperial Tomb,0.8,Food & Dining,3.5
Bustling Bazaar near Udaipur Imperial Tomb,Udaipur Imperial Tomb,0.4,Shopping,3.8
Local Market Corner near Udaipur Imperial Tomb,Udaipur Imperial Tomb,3.2,Local Market,4.5
Bistro Chaat Bhandar near Holy Udaipur Ashram,Holy Udaipur Ashram,1.9,Food & Dining,3.6
Handicrafts Cooperative near Holy Udaipur Ashram,Holy Udaipur Ashram,0.5,Shopping,4.2
Local Market Corner near Holy Udaipur Ashram,Holy Udaipur Ashram,3.9,Local Market,4.7
Laziz Dhaba near Summit Rafting Camp of Udaipur,Summit Rafting Camp of Udaipur,1.3,Food & Dining,4.7
Ethnic Bazaar near Summit Rafting Camp of Udaipur,Summit Rafting Camp of Udaipur,3.2,Shopping,4.5
Boating Lake near Summit Rafting Camp of Udaipur,Summit Rafting Camp of Udaipur,1.1,Viewpoint,4.1
Annapurna Corner near Udaipur Legacy Amphitheatre,Udaipur Legacy Amphitheatre,0.2,Food & Dining,3.6
Handicrafts Market near Udaipur Legacy Amphitheatre,Udaipur Legacy Amphitheatre,3.2,Shopping,4.6
Photography Spot near Udaipur Legacy Amphitheatre,Udaipur Legacy Amphitheatre,2.9,Activity,4.7
Desi Diner near Royal Udaipur Emporium,Royal Udaipur Emporium,0.1,Food & Dining,4.0
Bustling Cooperative near Royal Udaipur Emporium,Royal Udaipur Emporium,2.2,Shopping,4.7
Hiking Point near Royal Udaipur Emporium,Royal Udaipur Emporium,4.2,Activity,3.7
Desi Spot near Traditional Dhaba Zone of Udaipur,Traditional Dhaba Zone of Udaipur,0.3,Food & Dining,4.6
Artisans Flea Market near Traditional Dhaba Zone of Udaipur,Traditional Dhaba Zone of Udaipur,3.0,Shopping,4.2
Heritage Walk near Traditional Dhaba Zone of Udaipur,Traditional Dhaba Zone of Udaipur,0.8,Viewpoint,4.1
Royal Corner near Udaipur Cosmo Aquarium,Udaipur Cosmo Aquarium,2.3,Food & Dining,4.2
Artisans Market near Udaipur Cosmo Aquarium,Udaipur Cosmo Aquarium,1.6,Shopping,3.7
Cable Car Station near Udaipur Cosmo Aquarium,Udaipur Cosmo Aquarium,0.4,Activity,4.7
Cafe Spot near Whispering Udaipur Wildlife Reserve,Whispering Udaipur Wildlife Reserve,2.1,Food & Dining,4.6
Artisans Arcade near Whispering Udaipur Wildlife Reserve,Whispering Udaipur Wildlife Reserve,1.3,Shopping,4.8
Local Market Corner near Whispering Udaipur Wildlife Reserve,Whispering Udaipur Wildlife Reserve,4.5,Local Market,3.7
The Spicy Bakery near Royal Palace of Udaipur,Royal Palace of Udaipur,1.7,Food & Dining,4.6
Traditional Corner near Royal Palace of Udaipur,Royal Palace of Udaipur,2.3,Shopping,3.6
Transit Corner near Royal Palace of Udaipur,Royal Palace of Udaipur,4.7,Transit,4.4
Cafe Dhaba near Udaipur Holy Ashram,Udaipur Holy Ashram,2.5,Food & Dining,3.7
Local Corner near Udaipur Holy Ashram,Udaipur Holy Ashram,2.3,Shopping,3.7
Sunset Deck near Udaipur Holy Ashram,Udaipur Holy Ashram,4.7,Viewpoint,3.8
The Spicy Cafe near Summit Udaipur Camping Ridge,Summit Udaipur Camping Ridge,1.6,Food & Dining,3.9
Bustling Hub near Summit Udaipur Camping Ridge,Summit Udaipur Camping Ridge,3.3,Shopping,4.6
Adventure Cliff near Summit Udaipur Camping Ridge,Summit Udaipur Camping Ridge,0.3,Viewpoint,3.5
The Spicy Point near Creative Cultural Theatre of Udaipur,Creative Cultural Theatre of Udaipur,1.6,Food & Dining,4.4
Handicrafts Flea Market near Creative Cultural Theatre of Udaipur,Creative Cultural Theatre of Udaipur,0.5,Shopping,4.2
Transit Corner near Creative Cultural Theatre of Udaipur,Creative Cultural Theatre of Udaipur,2.3,Transit,4.6
Street Spot near Udaipur Local Spices Corner,Udaipur Local Spices Corner,0.8,Food & Dining,4.7
Local Hub near Udaipur Local Spices Corner,Udaipur Local Spices Corner,2.0,Shopping,4.1
Hiking Point near Udaipur Local Spices Corner,Udaipur Local Spices Corner,0.5,Viewpoint,4.8
Chai Villa Corner near Savory Udaipur Sweet Alley,Savory Udaipur Sweet Alley,1.1,Food & Dining,3.5
Artisans Cooperative near Savory Udaipur Sweet Alley,Savory Udaipur Sweet Alley,1.5,Shopping,4.1
Transit Corner near Savory Udaipur Sweet Alley,Savory Udaipur Sweet Alley,1.1,Transit,4.1
Royal Corner near Apex Amusement Park of Udaipur,Apex Amusement Park of Udaipur,2.1,Food & Dining,4.8
Souvenir Market near Apex Amusement Park of Udaipur,Apex Amusement Park of Udaipur,3.2,Shopping,4.3
Local Market Corner near Apex Amusement Park of Udaipur,Apex Amusement Park of Udaipur,3.9,Local Market,4.2
Bistro Spot near Udaipur Golden Lake,Udaipur Golden Lake,2.1,Food & Dining,4.3
Souvenir Arcade near Udaipur Golden Lake,Udaipur Golden Lake,2.3,Shopping,4.6
Local Market Corner near Udaipur Golden Lake,Udaipur Golden Lake,4.5,Local Market,4.0
Street Diner near Historic Udaipur Heritage Centre,Historic Udaipur Heritage Centre,0.7,Food & Dining,4.6
Bustling Market near Historic Udaipur Heritage Centre,Historic Udaipur Heritage Centre,1.3,Shopping,3.8
Transit Corner near Historic Udaipur Heritage Centre,Historic Udaipur Heritage Centre,2.6,Transit,4.4
Royal Bakery near Holy Ashram of Udaipur,Holy Ashram of Udaipur,2.3,Food & Dining,4.1
Central Emporium near Holy Ashram of Udaipur,Holy Ashram of Udaipur,3.3,Shopping,4.5
Transit Corner near Holy Ashram of Udaipur,Holy Ashram of Udaipur,3.8,Transit,4.1
Cafe Spot near Udaipur Summit Paragliding Launch,Udaipur Summit Paragliding Launch,1.9,Food & Dining,4.2
Souvenir Emporium near Udaipur Summit Paragliding Launch,Udaipur Summit Paragliding Launch,1.8,Shopping,3.9
Local Market Corner near Udaipur Summit Paragliding Launch,Udaipur Summit Paragliding Launch,4.8,Local Market,4.5
Cafe Spot near Folk Udaipur Traditional Bazaar,Folk Udaipur Traditional Bazaar,1.7,Food & Dining,3.8
Handicrafts Bazaar near Folk Udaipur Traditional Bazaar,Folk Udaipur Traditional Bazaar,0.7,Shopping,3.6
Local Market Corner near Folk Udaipur Traditional Bazaar,Folk Udaipur Traditional Bazaar,1.4,Local Market,4.1
Desi Spot near Traditional Flea Market of Udaipur,Traditional Flea Market of Udaipur,1.0,Food & Dining,4.8
Local Flea Market near Traditional Flea Market of Udaipur,Traditional Flea Market of Udaipur,0.7,Shopping,3.8
Local Market Corner near Traditional Flea Market of Udaipur,Traditional Flea Market of Udaipur,3.6,Local Market,3.8
Bistro Chaat Bhandar near Udaipur Authentic Food Street,Udaipur Authentic Food Street,1.3,Food & Dining,3.7
Local Cooperative near Udaipur Authentic Food Street,Udaipur Authentic Food Street,2.9,Shopping,4.5
Local Market Corner near Udaipur Authentic Food Street,Udaipur Authentic Food Street,1.7,Local Market,4.9
Royal Dhaba near Tech Udaipur Botanical Conservatory,Tech Udaipur Botanical Conservatory,2.4,Food & Dining,4.9
Handicrafts Market near Tech Udaipur Botanical Conservatory,Tech Udaipur Botanical Conservatory,0.9,Shopping,4.6
Transit Corner near Tech Udaipur Botanical Conservatory,Tech Udaipur Botanical Conservatory,3.2,Transit,3.6
Desi Diner near Scenic Beach of Udaipur,Scenic Beach of Udaipur,2.3,Food & Dining,4.4
Bustling Bazaar near Scenic Beach of Udaipur,Scenic Beach of Udaipur,0.5,Shopping,3.9
Boating Lake near Scenic Beach of Udaipur,Scenic Beach of Udaipur,4.6,Activity,4.0
Gourmet Diner near Udaipur Sovereign Memorial,Udaipur Sovereign Memorial,1.6,Food & Dining,4.7
Central Market near Udaipur Sovereign Memorial,Udaipur Sovereign Memorial,1.4,Shopping,4.3
Boating Lake near Udaipur Sovereign Memorial,Udaipur Sovereign Memorial,0.8,Viewpoint,4.3
Bistro Kitchen near Holy Udaipur Ashram,Holy Udaipur Ashram,0.2,Food & Dining,4.6
Artisans Flea Market near Holy Udaipur Ashram,Holy Udaipur Ashram,3.2,Shopping,4.1
Local Market Corner near Holy Udaipur Ashram,Holy Udaipur Ashram,0.4,Local Market,4.8
Desi Treats near Summit Climbing Wall of Udaipur,Summit Climbing Wall of Udaipur,0.4,Food & Dining,4.6
Ethnic Bazaar near Summit Climbing Wall of Udaipur,Summit Climbing Wall of Udaipur,2.4,Shopping,4.3
Hiking Point near Summit Climbing Wall of Udaipur,Summit Climbing Wall of Udaipur,0.4,Activity,4.4
Chai Villa Spot near Udaipur Artistic Amphitheatre,Udaipur Artistic Amphitheatre,0.6,Food & Dining,3.5
Bustling Hub near Udaipur Artistic Amphitheatre,Udaipur Artistic Amphitheatre,0.9,Shopping,4.5
Transit Corner near Udaipur Artistic Amphitheatre,Udaipur Artistic Amphitheatre,1.8,Transit,4.3
Royal Cafe near Bustling Udaipur Market,Bustling Udaipur Market,1.6,Food & Dining,4.4
Handicrafts Emporium near Bustling Udaipur Market,Bustling Udaipur Market,1.5,Shopping,3.8
Photography Spot near Bustling Udaipur Market,Bustling Udaipur Market,4.0,Viewpoint,4.1
Annapurna Diner near Culinary Spice Lane of Udaipur,Culinary Spice Lane of Udaipur,0.3,Food & Dining,3.8
Handicrafts Hub near Culinary Spice Lane of Udaipur,Culinary Spice Lane of Udaipur,1.3,Shopping,4.6
Transit Corner near Culinary Spice Lane of Udaipur,Culinary Spice Lane of Udaipur,4.9,Transit,3.9
Chai Villa Treats near Udaipur Infinity Science Arena,Udaipur Infinity Science Arena,1.1,Food & Dining,4.8
Local Flea Market near Udaipur Infinity Science Arena,Udaipur Infinity Science Arena,0.3,Shopping,4.0
Local Market Corner near Udaipur Infinity Science Arena,Udaipur Infinity Science Arena,3.7,Local Market,4.8
Chai Villa Point near Cloudy Udaipur Wildlife Reserve,Cloudy Udaipur Wildlife Reserve,1.3,Food & Dining,3.8
Ethnic Cooperative near Cloudy Udaipur Wildlife Reserve,Cloudy Udaipur Wildlife Reserve,1.8,Shopping,4.4
Heritage Walk near Cloudy Udaipur Wildlife Reserve,Cloudy Udaipur Wildlife Reserve,4.5,Viewpoint,4.8
Cafe Bakery near Grand Castle of Udaipur,Grand Castle of Udaipur,0.8,Food & Dining,4.2
Central Corner near Grand Castle of Udaipur,Grand Castle of Udaipur,1.8,Shopping,3.9
Transit Corner near Grand Castle of Udaipur,Grand Castle of Udaipur,4.0,Transit,3.7
Chai Villa Kitchen near Udaipur Holy Ashram,Udaipur Holy Ashram,2.1,Food & Dining,4.1
Local Emporium near Udaipur Holy Ashram,Udaipur Holy Ashram,3.3,Shopping,3.9
Local Market Corner near Udaipur Holy Ashram,Udaipur Holy Ashram,3.5,Local Market,3.5
Chai Villa Treats near Summit Udaipur Safari Zone,Summit Udaipur Safari Zone,0.4,Food & Dining,3.5
Souvenir Cooperative near Summit Udaipur Safari Zone,Summit Udaipur Safari Zone,0.6,Shopping,4.5
Transit Corner near Summit Udaipur Safari Zone,Summit Udaipur Safari Zone,2.3,Transit,4.0
Chai Villa Kitchen near Indigenous Cultural Theatre of Udaipur,Indigenous Cultural Theatre of Udaipur,0.6,Food & Dining,4.5
Handicrafts Arcade near Indigenous Cultural Theatre of Udaipur,Indigenous Cultural Theatre of Udaipur,1.7,Shopping,4.3
Transit Corner near Indigenous Cultural Theatre of Udaipur,Indigenous Cultural Theatre of Udaipur,2.1,Transit,3.7
Bistro Corner near Udaipur Vibrant Shopping Arcade,Udaipur Vibrant Shopping Arcade,0.5,Food & Dining,4.6
Central Arcade near Udaipur Vibrant Shopping Arcade,Udaipur Vibrant Shopping Arcade,2.8,Shopping,4.7
Hiking Point near Udaipur Vibrant Shopping Arcade,Udaipur Vibrant Shopping Arcade,3.7,Activity,4.4
Royal Kitchen near Delight Udaipur Gourmet Court,Delight Udaipur Gourmet Court,1.9,Food & Dining,4.8
Traditional Emporium near Delight Udaipur Gourmet Court,Delight Udaipur Gourmet Court,3.1,Shopping,4.0
Cable Car Station near Delight Udaipur Gourmet Court,Delight Udaipur Gourmet Court,4.2,Viewpoint,4.2
Annapurna Diner near Metro Sky Deck of Udaipur,Metro Sky Deck of Udaipur,0.5,Food & Dining,4.0
Souvenir Arcade near Metro Sky Deck of Udaipur,Metro Sky Deck of Udaipur,2.0,Shopping,4.6
Boating Lake near Metro Sky Deck of Udaipur,Metro Sky Deck of Udaipur,1.3,Activity,3.6
The Spicy Diner near Udaipur Hidden Lake,Udaipur Hidden Lake,1.2,Food & Dining,3.7
Central Flea Market near Udaipur Hidden Lake,Udaipur Hidden Lake,1.4,Shopping,3.8
Walkway Park near Udaipur Hidden Lake,Udaipur Hidden Lake,4.1,Viewpoint,4.4
The Spicy Kitchen near Victorian Udaipur Tomb,Victorian Udaipur Tomb,0.3,Food & Dining,4.1
Souvenir Corner near Victorian Udaipur Tomb,Victorian Udaipur Tomb,0.9,Shopping,4.1
Transit Corner near Victorian Udaipur Tomb,Victorian Udaipur Tomb,0.6,Transit,4.9
Annapurna Kitchen near Holy Ashram of Udaipur,Holy Ashram of Udaipur,2.4,Food & Dining,4.7
Central Arcade near Holy Ashram of Udaipur,Holy Ashram of Udaipur,3.2,Shopping,4.4
Hiking Point near Holy Ashram of Udaipur,Holy Ashram of Udaipur,4.5,Activity,4.7
Chai Villa Bakery near Udaipur Summit Trekking Trail,Udaipur Summit Trekking Trail,2.3,Food & Dining,4.6
Local Arcade near Udaipur Summit Trekking Trail,Udaipur Summit Trekking Trail,1.6,Shopping,4.4
Transit Corner near Udaipur Summit Trekking Trail,Udaipur Summit Trekking Trail,1.3,Transit,4.1
Chai Villa Point near Ethnic Udaipur Traditional Bazaar,Ethnic Udaipur Traditional Bazaar,1.7,Food & Dining,3.8
Ethnic Cooperative near Ethnic Udaipur Traditional Bazaar,Ethnic Udaipur Traditional Bazaar,0.5,Shopping,3.7
Photography Spot near Ethnic Udaipur Traditional Bazaar,Ethnic Udaipur Traditional Bazaar,3.3,Viewpoint,4.5
Street Bakery near Emerald Hills of Jodhpur,Emerald Hills of Jodhpur,0.8,Food & Dining,4.4
Bustling Hub near Emerald Hills of Jodhpur,Emerald Hills of Jodhpur,1.3,Shopping,3.9
Transit Corner near Emerald Hills of Jodhpur,Emerald Hills of Jodhpur,3.3,Transit,4.7
Laziz Corner near Jodhpur Imperial Gateway,Jodhpur Imperial Gateway,1.2,Food & Dining,4.8
Traditional Bazaar near Jodhpur Imperial Gateway,Jodhpur Imperial Gateway,2.9,Shopping,4.0
Adventure Cliff near Jodhpur Imperial Gateway,Jodhpur Imperial Gateway,4.9,Activity,4.3
Bistro Bakery near Eternal Jodhpur Mosque,Eternal Jodhpur Mosque,0.9,Food & Dining,4.7
Souvenir Market near Eternal Jodhpur Mosque,Eternal Jodhpur Mosque,1.6,Shopping,4.6
Sunset Deck near Eternal Jodhpur Mosque,Eternal Jodhpur Mosque,0.8,Viewpoint,4.9
The Spicy Kitchen near Wild Zip-line Valley of Jodhpur,Wild Zip-line Valley of Jodhpur,1.0,Food & Dining,4.4
Traditional Corner near Wild Zip-line Valley of Jodhpur,Wild Zip-line Valley of Jodhpur,3.4,Shopping,3.7
Boating Lake near Wild Zip-line Valley of Jodhpur,Wild Zip-line Valley of Jodhpur,2.7,Viewpoint,4.1
Laziz Point near Jodhpur Ethnic Folk Centre,Jodhpur Ethnic Folk Centre,1.9,Food & Dining,4.1
Local Flea Market near Jodhpur Ethnic Folk Centre,Jodhpur Ethnic Folk Centre,2.5,Shopping,4.5
Local Market Corner near Jodhpur Ethnic Folk Centre,Jodhpur Ethnic Folk Centre,4.3,Local Market,3.7
The Spicy Chaat Bhandar near Central Jodhpur Cooperative Store,Central Jodhpur Cooperative Store,2.1,Food & Dining,4.1
Central Bazaar near Central Jodhpur Cooperative Store,Central Jodhpur Cooperative Store,3.0,Shopping,4.5
Cable Car Station near Central Jodhpur Cooperative Store,Central Jodhpur Cooperative Store,0.7,Viewpoint,4.5
Gourmet Spot near Legacy Historic Cafe of Jodhpur,Legacy Historic Cafe of Jodhpur,1.7,Food & Dining,4.8
Souvenir Flea Market near Legacy Historic Cafe of Jodhpur,Legacy Historic Cafe of Jodhpur,0.3,Shopping,4.1
Local Market Corner near Legacy Historic Cafe of Jodhpur,Legacy Historic Cafe of Jodhpur,3.9,Local Market,4.7
Street Cafe near Jodhpur Stellar Art Gallery,Jodhpur Stellar Art Gallery,1.2,Food & Dining,3.9
Souvenir Cooperative near Jodhpur Stellar Art Gallery,Jodhpur Stellar Art Gallery,2.9,Shopping,4.5
Local Market Corner near Jodhpur Stellar Art Gallery,Jodhpur Stellar Art Gallery,4.3,Local Market,4.3
The Spicy Chaat Bhandar near Silent Jodhpur Valley,Silent Jodhpur Valley,0.7,Food & Dining,4.6
Traditional Flea Market near Silent Jodhpur Valley,Silent Jodhpur Valley,3.0,Shopping,4.7
Photography Spot near Silent Jodhpur Valley,Silent Jodhpur Valley,1.2,Viewpoint,4.0
Cafe Cafe near Royal Ruin of Jodhpur,Royal Ruin of Jodhpur,1.8,Food & Dining,4.6
Artisans Bazaar near Royal Ruin of Jodhpur,Royal Ruin of Jodhpur,1.7,Shopping,3.6
Local Market Corner near Royal Ruin of Jodhpur,Royal Ruin of Jodhpur,0.4,Local Market,4.6
Bistro Chaat Bhandar near Jodhpur Eternal Mosque,Jodhpur Eternal Mosque,1.1,Food & Dining,4.8
Traditional Bazaar near Jodhpur Eternal Mosque,Jodhpur Eternal Mosque,1.9,Shopping,4.0
Photography Spot near Jodhpur Eternal Mosque,Jodhpur Eternal Mosque,0.7,Viewpoint,3.6
Gourmet Corner near Wild Jodhpur Rafting Camp,Wild Jodhpur Rafting Camp,1.1,Food & Dining,4.0
Central Emporium near Wild Jodhpur Rafting Camp,Wild Jodhpur Rafting Camp,1.5,Shopping,4.8
Transit Corner near Wild Jodhpur Rafting Camp,Wild Jodhpur Rafting Camp,1.5,Transit,3.7
Chai Villa Diner near Classical Art Village of Jodhpur,Classical Art Village of Jodhpur,0.5,Food & Dining,3.9
Souvenir Flea Market near Classical Art Village of Jodhpur,Classical Art Village of Jodhpur,2.1,Shopping,4.2
Heritage Walk near Classical Art Village of Jodhpur,Classical Art Village of Jodhpur,3.0,Viewpoint,4.7
Laziz Dhaba near Jodhpur Craft Emporium,Jodhpur Craft Emporium,0.1,Food & Dining,3.6
Local Bazaar near Jodhpur Craft Emporium,Jodhpur Craft Emporium,3.2,Shopping,4.1
Transit Corner near Jodhpur Craft Emporium,Jodhpur Craft Emporium,3.2,Transit,4.3
Gourmet Diner near Flavors Jodhpur Dhaba Zone,Flavors Jodhpur Dhaba Zone,1.5,Food & Dining,4.5
Local Hub near Flavors Jodhpur Dhaba Zone,Flavors Jodhpur Dhaba Zone,0.5,Shopping,3.6
Boating Lake near Flavors Jodhpur Dhaba Zone,Flavors Jodhpur Dhaba Zone,4.7,Viewpoint,4.3
Desi Treats near Futuristic Aquarium of Jodhpur,Futuristic Aquarium of Jodhpur,0.3,Food & Dining,4.0
Ethnic Market near Futuristic Aquarium of Jodhpur,Futuristic Aquarium of Jodhpur,1.7,Shopping,4.0
Transit Corner near Futuristic Aquarium of Jodhpur,Futuristic Aquarium of Jodhpur,3.7,Transit,3.7
Laziz Bakery near Jodhpur Mist-Clad River Confluence,Jodhpur Mist-Clad River Confluence,1.1,Food & Dining,4.1
Traditional Emporium near Jodhpur Mist-Clad River Confluence,Jodhpur Mist-Clad River Confluence,0.6,Shopping,3.7
Heritage Walk near Jodhpur Mist-Clad River Confluence,Jodhpur Mist-Clad River Confluence,0.9,Activity,4.3
Annapurna Treats near Historic Jodhpur Ancient Caves,Historic Jodhpur Ancient Caves,1.3,Food & Dining,4.8
Artisans Cooperative near Historic Jodhpur Ancient Caves,Historic Jodhpur Ancient Caves,1.3,Shopping,4.5
Transit Corner near Historic Jodhpur Ancient Caves,Historic Jodhpur Ancient Caves,4.7,Transit,3.8
Annapurna Diner near Eternal Mosque of Jodhpur,Eternal Mosque of Jodhpur,2.1,Food & Dining,4.6
Bustling Corner near Eternal Mosque of Jodhpur,Eternal Mosque of Jodhpur,2.1,Shopping,3.7
Local Market Corner near Eternal Mosque of Jodhpur,Eternal Mosque of Jodhpur,0.9,Local Market,5.0
Street Chaat Bhandar near Jodhpur Wild Camping Ridge,Jodhpur Wild Camping Ridge,2.0,Food & Dining,4.6
Traditional Arcade near Jodhpur Wild Camping Ridge,Jodhpur Wild Camping Ridge,2.2,Shopping,4.7
Transit Corner near Jodhpur Wild Camping Ridge,Jodhpur Wild Camping Ridge,3.3,Transit,3.6
Gourmet Treats near Legacy Jodhpur Heritage Craft Complex,Legacy Jodhpur Heritage Craft Complex,0.9,Food & Dining,4.6
Artisans Arcade near Legacy Jodhpur Heritage Craft Complex,Legacy Jodhpur Heritage Craft Complex,0.6,Shopping,3.8
Cable Car Station near Legacy Jodhpur Heritage Craft Complex,Legacy Jodhpur Heritage Craft Complex,1.1,Activity,3.6
Cafe Spot near Royal Spices Corner of Jodhpur,Royal Spices Corner of Jodhpur,1.4,Food & Dining,3.8
Local Market near Royal Spices Corner of Jodhpur,Royal Spices Corner of Jodhpur,3.1,Shopping,4.8
Walkway Park near Royal Spices Corner of Jodhpur,Royal Spices Corner of Jodhpur,0.9,Viewpoint,4.7
Laziz Point near Jodhpur Traditional Sweet Alley,Jodhpur Traditional Sweet Alley,0.6,Food & Dining,4.1
Bustling Corner near Jodhpur Traditional Sweet Alley,Jodhpur Traditional Sweet Alley,3.5,Shopping,4.0
Transit Corner near Jodhpur Traditional Sweet Alley,Jodhpur Traditional Sweet Alley,1.8,Transit,4.0
Chai Villa Chaat Bhandar near Cosmo Jodhpur Amusement Park,Cosmo Jodhpur Amusement Park,1.8,Food & Dining,3.9
Souvenir Emporium near Cosmo Jodhpur Amusement Park,Cosmo Jodhpur Amusement Park,0.6,Shopping,4.6
Transit Corner near Cosmo Jodhpur Amusement Park,Cosmo Jodhpur Amusement Park,1.3,Transit,5.0
Royal Diner near Serene Hills of Jodhpur,Serene Hills of Jodhpur,1.9,Food & Dining,4.8
Traditional Hub near Serene Hills of Jodhpur,Serene Hills of Jodhpur,3.4,Shopping,3.9
Heritage Walk near Serene Hills of Jodhpur,Serene Hills of Jodhpur,0.6,Activity,4.7
Cafe Diner near Jodhpur Sovereign Fort,Jodhpur Sovereign Fort,0.6,Food & Dining,4.6
Artisans Arcade near Jodhpur Sovereign Fort,Jodhpur Sovereign Fort,0.4,Shopping,4.4
Transit Corner near Jodhpur Sovereign Fort,Jodhpur Sovereign Fort,1.8,Transit,4.1
Desi Chaat Bhandar near Eternal Jodhpur Mosque,Eternal Jodhpur Mosque,1.8,Food & Dining,3.8
Bustling Corner near Eternal Jodhpur Mosque,Eternal Jodhpur Mosque,1.2,Shopping,4.6
Sunset Deck near Eternal Jodhpur Mosque,Eternal Jodhpur Mosque,1.7,Activity,3.7
Annapurna Bakery near Wild Paragliding Launch of Jodhpur,Wild Paragliding Launch of Jodhpur,2.1,Food & Dining,4.8
Central Corner near Wild Paragliding Launch of Jodhpur,Wild Paragliding Launch of Jodhpur,3.1,Shopping,3.6
Transit Corner near Wild Paragliding Launch of Jodhpur,Wild Paragliding Launch of Jodhpur,2.0,Transit,4.2
Royal Corner near Jodhpur Creative Folk Centre,Jodhpur Creative Folk Centre,1.9,Food & Dining,4.9
Bustling Cooperative near Jodhpur Creative Folk Centre,Jodhpur Creative Folk Centre,3.0,Shopping,4.0
Hiking Point near Jodhpur Creative Folk Centre,Jodhpur Creative Folk Centre,4.3,Viewpoint,4.7
Laziz Point near Local Jodhpur Flea Market,Local Jodhpur Flea Market,2.2,Food & Dining,3.8
Artisans Hub near Local Jodhpur Flea Market,Local Jodhpur Flea Market,3.0,Shopping,4.1
Local Market Corner near Local Jodhpur Flea Market,Local Jodhpur Flea Market,1.7,Local Market,3.6
Gourmet Spot near Savory Food Street of Jodhpur,Savory Food Street of Jodhpur,0.6,Food & Dining,4.2
Ethnic Market near Savory Food Street of Jodhpur,Savory Food Street of Jodhpur,1.9,Shopping,4.8
Hiking Point near Savory Food Street of Jodhpur,Savory Food Street of Jodhpur,1.3,Activity,4.9
Chai Villa Dhaba near Jodhpur Apex Botanical Conservatory,Jodhpur Apex Botanical Conservatory,1.6,Food & Dining,3.8
Local Hub near Jodhpur Apex Botanical Conservatory,Jodhpur Apex Botanical Conservatory,2.6,Shopping,3.6
Transit Corner near Jodhpur Apex Botanical Conservatory,Jodhpur Apex Botanical Conservatory,1.2,Transit,4.6
Royal Dhaba near Silver Jodhpur Valley,Silver Jodhpur Valley,0.6,Food & Dining,4.4
Artisans Cooperative near Silver Jodhpur Valley,Silver Jodhpur Valley,1.5,Shopping,4.7
Local Market Corner near Silver Jodhpur Valley,Silver Jodhpur Valley,0.7,Local Market,4.9
Chai Villa Cafe near Grand Museum of Jodhpur,Grand Museum of Jodhpur,1.3,Food & Dining,4.2
Bustling Corner near Grand Museum of Jodhpur,Grand Museum of Jodhpur,1.4,Shopping,4.2
Transit Corner near Grand Museum of Jodhpur,Grand Museum of Jodhpur,3.1,Transit,4.8
Street Corner near Jodhpur Eternal Mosque,Jodhpur Eternal Mosque,1.2,Food & Dining,3.6
Ethnic Hub near Jodhpur Eternal Mosque,Jodhpur Eternal Mosque,3.2,Shopping,4.3
Local Market Corner near Jodhpur Eternal Mosque,Jodhpur Eternal Mosque,2.2,Local Market,4.5
Desi Dhaba near Wild Jodhpur Climbing Wall,Wild Jodhpur Climbing Wall,2.3,Food & Dining,4.3
Local Flea Market near Wild Jodhpur Climbing Wall,Wild Jodhpur Climbing Wall,2.3,Shopping,4.2
Local Market Corner near Wild Jodhpur Climbing Wall,Wild Jodhpur Climbing Wall,0.7,Local Market,4.3
Annapurna Treats near Folk Art Village of Jodhpur,Folk Art Village of Jodhpur,1.9,Food & Dining,4.4
Artisans Cooperative near Folk Art Village of Jodhpur,Folk Art Village of Jodhpur,1.9,Shopping,4.1
Local Market Corner near Folk Art Village of Jodhpur,Folk Art Village of Jodhpur,1.0,Local Market,3.5
Royal Chaat Bhandar near Jodhpur Traditional Market,Jodhpur Traditional Market,2.4,Food & Dining,4.0
Central Bazaar near Jodhpur Traditional Market,Jodhpur Traditional Market,3.1,Shopping,4.7
Local Market Corner near Jodhpur Traditional Market,Jodhpur Traditional Market,0.7,Local Market,3.9
Royal Dhaba near Authentic Jodhpur Spice Lane,Authentic Jodhpur Spice Lane,1.9,Food & Dining,4.9
Traditional Market near Authentic Jodhpur Spice Lane,Authentic Jodhpur Spice Lane,3.5,Shopping,3.8
Local Market Corner near Authentic Jodhpur Spice Lane,Authentic Jodhpur Spice Lane,1.1,Local Market,4.3
Desi Kitchen near Tech Science Arena of Jodhpur,Tech Science Arena of Jodhpur,1.2,Food & Dining,3.6
Artisans Market near Tech Science Arena of Jodhpur,Tech Science Arena of Jodhpur,3.5,Shopping,4.2
Cable Car Station near Tech Science Arena of Jodhpur,Tech Science Arena of Jodhpur,0.5,Viewpoint,4.7
Annapurna Bakery near Jodhpur Emerald River Confluence,Jodhpur Emerald River Confluence,2.4,Food & Dining,4.3
Artisans Market near Jodhpur Emerald River Confluence,Jodhpur Emerald River Confluence,0.7,Shopping,4.5
Transit Corner near Jodhpur Emerald River Confluence,Jodhpur Emerald River Confluence,2.2,Transit,4.1
The Spicy Point near Victorian Jodhpur Gateway,Victorian Jodhpur Gateway,0.9,Food & Dining,4.4
Artisans Market near Victorian Jodhpur Gateway,Victorian Jodhpur Gateway,3.5,Shopping,4.4
Heritage Walk near Victorian Jodhpur Gateway,Victorian Jodhpur Gateway,3.7,Activity,4.9
Gourmet Point near Eternal Mosque of Jodhpur,Eternal Mosque of Jodhpur,1.7,Food & Dining,3.9
Traditional Flea Market near Eternal Mosque of Jodhpur,Eternal Mosque of Jodhpur,3.4,Shopping,3.6
Hiking Point near Eternal Mosque of Jodhpur,Eternal Mosque of Jodhpur,2.7,Activity,4.0
Laziz Spot near Jodhpur Wild Safari Zone,Jodhpur Wild Safari Zone,0.2,Food & Dining,4.6
Local Corner near Jodhpur Wild Safari Zone,Jodhpur Wild Safari Zone,0.5,Shopping,4.4
Sunset Deck near Jodhpur Wild Safari Zone,Jodhpur Wild Safari Zone,2.2,Activity,3.9
Annapurna Cafe near Artistic Jodhpur Heritage Craft Complex,Artistic Jodhpur Heritage Craft Complex,1.8,Food & Dining,3.8
Central Corner near Artistic Jodhpur Heritage Craft Complex,Artistic Jodhpur Heritage Craft Complex,2.9,Shopping,3.7
Walkway Park near Artistic Jodhpur Heritage Craft Complex,Artistic Jodhpur Heritage Craft Complex,4.4,Activity,4.2
Gourmet Corner near Hidden Peak of Jaisalmer,Hidden Peak of Jaisalmer,2.3,Food & Dining,4.7
Artisans Emporium near Hidden Peak of Jaisalmer,Hidden Peak of Jaisalmer,3.0,Shopping,4.5
Transit Corner near Hidden Peak of Jaisalmer,Hidden Peak of Jaisalmer,3.1,Transit,4.9
Chai Villa Treats near Jaisalmer Imperial Tomb,Jaisalmer Imperial Tomb,2.4,Food & Dining,4.4
Local Market near Jaisalmer Imperial Tomb,Jaisalmer Imperial Tomb,0.3,Shopping,3.6
Cable Car Station near Jaisalmer Imperial Tomb,Jaisalmer Imperial Tomb,4.4,Viewpoint,4.3
Royal Diner near Divine Jaisalmer Gurudwara,Divine Jaisalmer Gurudwara,1.8,Food & Dining,4.8
Bustling Arcade near Divine Jaisalmer Gurudwara,Divine Jaisalmer Gurudwara,3.4,Shopping,4.5
Transit Corner near Divine Jaisalmer Gurudwara,Divine Jaisalmer Gurudwara,3.4,Transit,4.1
The Spicy Point near Rogue Trekking Trail of Jaisalmer,Rogue Trekking Trail of Jaisalmer,0.4,Food & Dining,4.5
Souvenir Cooperative near Rogue Trekking Trail of Jaisalmer,Rogue Trekking Trail of Jaisalmer,2.9,Shopping,4.3
Transit Corner near Rogue Trekking Trail of Jaisalmer,Rogue Trekking Trail of Jaisalmer,3.5,Transit,5.0
Cafe Diner near Jaisalmer Artistic Amphitheatre,Jaisalmer Artistic Amphitheatre,1.6,Food & Dining,4.0
Bustling Market near Jaisalmer Artistic Amphitheatre,Jaisalmer Artistic Amphitheatre,1.1,Shopping,4.1
Transit Corner near Jaisalmer Artistic Amphitheatre,Jaisalmer Artistic Amphitheatre,1.8,Transit,4.5
Bistro Bakery near Bustling Jaisalmer Bazaar,Bustling Jaisalmer Bazaar,1.1,Food & Dining,4.7
Central Hub near Bustling Jaisalmer Bazaar,Bustling Jaisalmer Bazaar,1.9,Shopping,4.4
Transit Corner near Bustling Jaisalmer Bazaar,Bustling Jaisalmer Bazaar,2.4,Transit,4.5
Street Diner near Culinary Chaat Corner of Jaisalmer,Culinary Chaat Corner of Jaisalmer,0.5,Food & Dining,4.3
Central Market near Culinary Chaat Corner of Jaisalmer,Culinary Chaat Corner of Jaisalmer,1.8,Shopping,4.4
Transit Corner near Culinary Chaat Corner of Jaisalmer,Culinary Chaat Corner of Jaisalmer,0.3,Transit,4.8
Street Dhaba near Jaisalmer Infinity Planetarium,Jaisalmer Infinity Planetarium,0.1,Food & Dining,3.7
Bustling Cooperative near Jaisalmer Infinity Planetarium,Jaisalmer Infinity Planetarium,2.8,Shopping,4.5
Local Market Corner near Jaisalmer Infinity Planetarium,Jaisalmer Infinity Planetarium,1.8,Local Market,4.2
Chai Villa Point near Whispering Jaisalmer Gardens,Whispering Jaisalmer Gardens,0.1,Food & Dining,4.9
Central Hub near Whispering Jaisalmer Gardens,Whispering Jaisalmer Gardens,1.9,Shopping,4.5
Transit Corner near Whispering Jaisalmer Gardens,Whispering Jaisalmer Gardens,4.8,Transit,5.0
Bistro Kitchen near Royal Palace of Jaisalmer,Royal Palace of Jaisalmer,2.1,Food & Dining,3.9
Ethnic Cooperative near Royal Palace of Jaisalmer,Royal Palace of Jaisalmer,2.0,Shopping,4.5
Local Market Corner near Royal Palace of Jaisalmer,Royal Palace of Jaisalmer,3.1,Local Market,4.3
Chai Villa Corner near Jaisalmer Divine Gurudwara,Jaisalmer Divine Gurudwara,1.8,Food & Dining,4.5
Handicrafts Flea Market near Jaisalmer Divine Gurudwara,Jaisalmer Divine Gurudwara,2.6,Shopping,3.7
Transit Corner near Jaisalmer Divine Gurudwara,Jaisalmer Divine Gurudwara,2.8,Transit,4.9
Gourmet Cafe near Rogue Jaisalmer Zip-line Valley,Rogue Jaisalmer Zip-line Valley,0.2,Food & Dining,4.5
Bustling Arcade near Rogue Jaisalmer Zip-line Valley,Rogue Jaisalmer Zip-line Valley,1.4,Shopping,4.8
Transit Corner near Rogue Jaisalmer Zip-line Valley,Rogue Jaisalmer Zip-line Valley,2.7,Transit,4.7
Chai Villa Kitchen near Indigenous Cultural Theatre of Jaisalmer,Indigenous Cultural Theatre of Jaisalmer,1.3,Food & Dining,4.5
Artisans Arcade near Indigenous Cultural Theatre of Jaisalmer,Indigenous Cultural Theatre of Jaisalmer,0.9,Shopping,4.3
Local Market Corner near Indigenous Cultural Theatre of Jaisalmer,Indigenous Cultural Theatre of Jaisalmer,3.7,Local Market,4.1
Annapurna Dhaba near Jaisalmer Vibrant Cooperative Store,Jaisalmer Vibrant Cooperative Store,2.3,Food & Dining,3.7
Local Emporium near Jaisalmer Vibrant Cooperative Store,Jaisalmer Vibrant Cooperative Store,0.8,Shopping,4.8
Local Market Corner near Jaisalmer Vibrant Cooperative Store,Jaisalmer Vibrant Cooperative Store,0.4,Local Market,3.6
Royal Chaat Bhandar near Delight Jaisalmer Historic Cafe,Delight Jaisalmer Historic Cafe,1.0,Food & Dining,4.6
Traditional Bazaar near Delight Jaisalmer Historic Cafe,Delight Jaisalmer Historic Cafe,2.1,Shopping,4.6
Local Market Corner near Delight Jaisalmer Historic Cafe,Delight Jaisalmer Historic Cafe,2.0,Local Market,4.6
Street Point near Metro Art Gallery of Jaisalmer,Metro Art Gallery of Jaisalmer,0.3,Food & Dining,4.6
Local Cooperative near Metro Art Gallery of Jaisalmer,Metro Art Gallery of Jaisalmer,1.6,Shopping,3.7
Local Market Corner near Metro Art Gallery of Jaisalmer,Metro Art Gallery of Jaisalmer,2.6,Local Market,4.1
Annapurna Bakery near Jaisalmer Golden Meadow,Jaisalmer Golden Meadow,0.5,Food & Dining,4.5
Handicrafts Hub near Jaisalmer Golden Meadow,Jaisalmer Golden Meadow,3.4,Shopping,3.6
Walkway Park near Jaisalmer Golden Meadow,Jaisalmer Golden Meadow,1.8,Viewpoint,4.7
Gourmet Chaat Bhandar near Historic Jaisalmer Heritage Centre,Historic Jaisalmer Heritage Centre,0.8,Food & Dining,4.4
Central Cooperative near Historic Jaisalmer Heritage Centre,Historic Jaisalmer Heritage Centre,2.2,Shopping,4.3
Sunset Deck near Historic Jaisalmer Heritage Centre,Historic Jaisalmer Heritage Centre,1.4,Viewpoint,3.8
Annapurna Bakery near Divine Gurudwara of Jaisalmer,Divine Gurudwara of Jaisalmer,1.2,Food & Dining,4.1
Central Cooperative near Divine Gurudwara of Jaisalmer,Divine Gurudwara of Jaisalmer,1.9,Shopping,4.5
Heritage Walk near Divine Gurudwara of Jaisalmer,Divine Gurudwara of Jaisalmer,2.7,Viewpoint,4.9
Annapurna Bakery near Jaisalmer Rogue Rafting Camp,Jaisalmer Rogue Rafting Camp,2.2,Food & Dining,4.1
Ethnic Cooperative near Jaisalmer Rogue Rafting Camp,Jaisalmer Rogue Rafting Camp,1.4,Shopping,4.5
Heritage Walk near Jaisalmer Rogue Rafting Camp,Jaisalmer Rogue Rafting Camp,0.5,Viewpoint,4.7
Desi Corner near Ethnic Jaisalmer Traditional Bazaar,Ethnic Jaisalmer Traditional Bazaar,0.7,Food & Dining,4.3
Bustling Flea Market near Ethnic Jaisalmer Traditional Bazaar,Ethnic Jaisalmer Traditional Bazaar,2.6,Shopping,4.0
Hiking Point near Ethnic Jaisalmer Traditional Bazaar,Ethnic Jaisalmer Traditional Bazaar,2.0,Activity,4.3
Desi Chaat Bhandar near Central Emporium of Jaisalmer,Central Emporium of Jaisalmer,0.2,Food & Dining,3.8
Central Corner near Central Emporium of Jaisalmer,Central Emporium of Jaisalmer,0.8,Shopping,4.7
Local Market Corner near Central Emporium of Jaisalmer,Central Emporium of Jaisalmer,0.6,Local Market,4.1
Royal Treats near Jaisalmer Legacy Dhaba Zone,Jaisalmer Legacy Dhaba Zone,1.1,Food & Dining,4.4
Local Market near Jaisalmer Legacy Dhaba Zone,Jaisalmer Legacy Dhaba Zone,3.2,Shopping,4.1
Transit Corner near Jaisalmer Legacy Dhaba Zone,Jaisalmer Legacy Dhaba Zone,2.4,Transit,5.0
Gourmet Chaat Bhandar near Stellar Jaisalmer Aquarium,Stellar Jaisalmer Aquarium,2.4,Food & Dining,4.4
Central Hub near Stellar Jaisalmer Aquarium,Stellar Jaisalmer Aquarium,0.4,Shopping,4.8
Heritage Walk near Stellar Jaisalmer Aquarium,Stellar Jaisalmer Aquarium,3.3,Activity,4.2
Bistro Bakery near Scenic Peak of Jaisalmer,Scenic Peak of Jaisalmer,2.4,Food & Dining,4.3
Central Flea Market near Scenic Peak of Jaisalmer,Scenic Peak of Jaisalmer,0.3,Shopping,3.8
Transit Corner near Scenic Peak of Jaisalmer,Scenic Peak of Jaisalmer,1.6,Transit,4.5
Royal Spot near Jaisalmer Sovereign Memorial,Jaisalmer Sovereign Memorial,0.4,Food & Dining,3.7
Central Flea Market near Jaisalmer Sovereign Memorial,Jaisalmer Sovereign Memorial,0.7,Shopping,4.8
Transit Corner near Jaisalmer Sovereign Memorial,Jaisalmer Sovereign Memorial,2.6,Transit,4.1
The Spicy Bakery near Divine Jaisalmer Gurudwara,Divine Jaisalmer Gurudwara,1.4,Food & Dining,4.6
Ethnic Cooperative near Divine Jaisalmer Gurudwara,Divine Jaisalmer Gurudwara,2.7,Shopping,3.6
Walkway Park near Divine Jaisalmer Gurudwara,Divine Jaisalmer Gurudwara,0.4,Viewpoint,3.9
Cafe Cafe near Rogue Camping Ridge of Jaisalmer,Rogue Camping Ridge of Jaisalmer,0.5,Food & Dining,4.2
Central Arcade near Rogue Camping Ridge of Jaisalmer,Rogue Camping Ridge of Jaisalmer,1.8,Shopping,3.7
Transit Corner near Rogue Camping Ridge of Jaisalmer,Rogue Camping Ridge of Jaisalmer,3.3,Transit,4.3
Laziz Dhaba near Jaisalmer Classical Amphitheatre,Jaisalmer Classical Amphitheatre,1.2,Food & Dining,4.3
Souvenir Flea Market near Jaisalmer Classical Amphitheatre,Jaisalmer Classical Amphitheatre,1.9,Shopping,4.4
Local Market Corner near Jaisalmer Classical Amphitheatre,Jaisalmer Classical Amphitheatre,2.7,Local Market,4.8
Laziz Dhaba near Craft Jaisalmer Spices Corner,Craft Jaisalmer Spices Corner,1.5,Food & Dining,4.6
Artisans Cooperative near Craft Jaisalmer Spices Corner,Craft Jaisalmer Spices Corner,3.2,Shopping,4.7
Walkway Park near Craft Jaisalmer Spices Corner,Craft Jaisalmer Spices Corner,3.3,Viewpoint,4.8
Cafe Dhaba near Flavors Sweet Alley of Jaisalmer,Flavors Sweet Alley of Jaisalmer,2.3,Food & Dining,3.6
Souvenir Bazaar near Flavors Sweet Alley of Jaisalmer,Flavors Sweet Alley of Jaisalmer,1.2,Shopping,4.5
Heritage Walk near Flavors Sweet Alley of Jaisalmer,Flavors Sweet Alley of Jaisalmer,3.6,Viewpoint,4.2
Chai Villa Point near Jaisalmer Futuristic Amusement Park,Jaisalmer Futuristic Amusement Park,2.1,Food & Dining,4.8
Traditional Flea Market near Jaisalmer Futuristic Amusement Park,Jaisalmer Futuristic Amusement Park,3.5,Shopping,4.6
Transit Corner near Jaisalmer Futuristic Amusement Park,Jaisalmer Futuristic Amusement Park,0.8,Transit,3.6
Street Corner near Cloudy Jaisalmer Gardens,Cloudy Jaisalmer Gardens,1.6,Food & Dining,4.1
Local Emporium near Cloudy Jaisalmer Gardens,Cloudy Jaisalmer Gardens,0.7,Shopping,4.4
Local Market Corner near Cloudy Jaisalmer Gardens,Cloudy Jaisalmer Gardens,4.3,Local Market,4.1
The Spicy Kitchen near Grand Castle of Jaisalmer,Grand Castle of Jaisalmer,2.3,Food & Dining,3.8
Handicrafts Bazaar near Grand Castle of Jaisalmer,Grand Castle of Jaisalmer,0.7,Shopping,3.5
Transit Corner near Grand Castle of Jaisalmer,Grand Castle of Jaisalmer,3.9,Transit,4.6
Street Chaat Bhandar near Jaisalmer Divine Gurudwara,Jaisalmer Divine Gurudwara,2.0,Food & Dining,4.9
Bustling Cooperative near Jaisalmer Divine Gurudwara,Jaisalmer Divine Gurudwara,2.5,Shopping,3.8
Heritage Walk near Jaisalmer Divine Gurudwara,Jaisalmer Divine Gurudwara,0.8,Activity,4.0
Gourmet Chaat Bhandar near Rogue Jaisalmer Paragliding Launch,Rogue Jaisalmer Paragliding Launch,1.7,Food & Dining,4.4
Ethnic Cooperative near Rogue Jaisalmer Paragliding Launch,Rogue Jaisalmer Paragliding Launch,1.9,Shopping,4.6
Hiking Point near Rogue Jaisalmer Paragliding Launch,Rogue Jaisalmer Paragliding Launch,2.6,Viewpoint,4.8
Laziz Dhaba near Legacy Cultural Theatre of Jaisalmer,Legacy Cultural Theatre of Jaisalmer,1.1,Food & Dining,4.7
Ethnic Arcade near Legacy Cultural Theatre of Jaisalmer,Legacy Cultural Theatre of Jaisalmer,1.4,Shopping,4.7
Local Market Corner near Legacy Cultural Theatre of Jaisalmer,Legacy Cultural Theatre of Jaisalmer,4.6,Local Market,3.8
Desi Treats near Jaisalmer Royal Flea Market,Jaisalmer Royal Flea Market,2.2,Food & Dining,4.7
Souvenir Arcade near Jaisalmer Royal Flea Market,Jaisalmer Royal Flea Market,1.4,Shopping,4.1
Sunset Deck near Jaisalmer Royal Flea Market,Jaisalmer Royal Flea Market,1.1,Viewpoint,3.6
Gourmet Corner near Traditional Jaisalmer Food Street,Traditional Jaisalmer Food Street,0.8,Food & Dining,4.6
Central Arcade near Traditional Jaisalmer Food Street,Traditional Jaisalmer Food Street,2.4,Shopping,4.7
Transit Corner near Traditional Jaisalmer Food Street,Traditional Jaisalmer Food Street,2.9,Transit,3.8
Laziz Point near Cosmo Botanical Conservatory of Jaisalmer,Cosmo Botanical Conservatory of Jaisalmer,1.4,Food & Dining,3.9
Traditional Bazaar near Cosmo Botanical Conservatory of Jaisalmer,Cosmo Botanical Conservatory of Jaisalmer,1.8,Shopping,4.0
Transit Corner near Cosmo Botanical Conservatory of Jaisalmer,Cosmo Botanical Conservatory of Jaisalmer,3.0,Transit,4.6
Laziz Chaat Bhandar near Jaisalmer Hidden Meadow,Jaisalmer Hidden Meadow,2.1,Food & Dining,3.8
Ethnic Market near Jaisalmer Hidden Meadow,Jaisalmer Hidden Meadow,2.9,Shopping,4.2
Transit Corner near Jaisalmer Hidden Meadow,Jaisalmer Hidden Meadow,1.6,Transit,4.6
Gourmet Diner near Victorian Jaisalmer Tomb,Victorian Jaisalmer Tomb,0.3,Food & Dining,4.7
Handicrafts Cooperative near Victorian Jaisalmer Tomb,Victorian Jaisalmer Tomb,2.1,Shopping,4.3
Boating Lake near Victorian Jaisalmer Tomb,Victorian Jaisalmer Tomb,1.6,Viewpoint,3.7
Street Bakery near Divine Gurudwara of Jaisalmer,Divine Gurudwara of Jaisalmer,1.5,Food & Dining,4.6
Artisans Emporium near Divine Gurudwara of Jaisalmer,Divine Gurudwara of Jaisalmer,1.9,Shopping,4.8
Hiking Point near Divine Gurudwara of Jaisalmer,Divine Gurudwara of Jaisalmer,3.9,Viewpoint,3.8
Chai Villa Dhaba near Jaisalmer Rogue Climbing Wall,Jaisalmer Rogue Climbing Wall,1.0,Food & Dining,3.6
Traditional Bazaar near Jaisalmer Rogue Climbing Wall,Jaisalmer Rogue Climbing Wall,1.3,Shopping,4.6
Boating Lake near Jaisalmer Rogue Climbing Wall,Jaisalmer Rogue Climbing Wall,2.9,Viewpoint,3.7
Bistro Dhaba near Creative Jaisalmer Traditional Bazaar,Creative Jaisalmer Traditional Bazaar,0.7,Food & Dining,4.5
Traditional Cooperative near Creative Jaisalmer Traditional Bazaar,Creative Jaisalmer Traditional Bazaar,1.3,Shopping,4.3
Walkway Park near Creative Jaisalmer Traditional Bazaar,Creative Jaisalmer Traditional Bazaar,1.6,Activity,3.5
Annapurna Bakery near Emerald Falls of Panaji,Emerald Falls of Panaji,2.4,Food & Dining,4.7
Traditional Corner near Emerald Falls of Panaji,Emerald Falls of Panaji,1.7,Shopping,4.3
Cable Car Station near Emerald Falls of Panaji,Emerald Falls of Panaji,3.3,Viewpoint,4.9
Cafe Spot near Panaji Imperial Gateway,Panaji Imperial Gateway,1.3,Food & Dining,3.9
Bustling Bazaar near Panaji Imperial Gateway,Panaji Imperial Gateway,1.3,Shopping,4.0
Hiking Point near Panaji Imperial Gateway,Panaji Imperial Gateway,4.2,Viewpoint,4.9
Laziz Kitchen near Sacred Panaji Shrine,Sacred Panaji Shrine,1.0,Food & Dining,3.5
Souvenir Corner near Sacred Panaji Shrine,Sacred Panaji Shrine,2.3,Shopping,4.6
Local Market Corner near Sacred Panaji Shrine,Sacred Panaji Shrine,0.3,Local Market,3.6
Annapurna Kitchen near Apex Safari Zone of Panaji,Apex Safari Zone of Panaji,0.2,Food & Dining,4.1
Traditional Cooperative near Apex Safari Zone of Panaji,Apex Safari Zone of Panaji,1.6,Shopping,3.6
Local Market Corner near Apex Safari Zone of Panaji,Apex Safari Zone of Panaji,0.4,Local Market,4.0
Laziz Bakery near Panaji Creative Folk Centre,Panaji Creative Folk Centre,2.1,Food & Dining,4.4
Bustling Cooperative near Panaji Creative Folk Centre,Panaji Creative Folk Centre,1.3,Shopping,4.2
Cable Car Station near Panaji Creative Folk Centre,Panaji Creative Folk Centre,2.9,Viewpoint,5.0
Desi Diner near Local Panaji Shopping Arcade,Local Panaji Shopping Arcade,2.3,Food & Dining,3.9
Souvenir Flea Market near Local Panaji Shopping Arcade,Local Panaji Shopping Arcade,1.7,Shopping,4.6
Sunset Deck near Local Panaji Shopping Arcade,Local Panaji Shopping Arcade,1.8,Activity,3.7
Desi Chaat Bhandar near Savory Gourmet Court of Panaji,Savory Gourmet Court of Panaji,2.0,Food & Dining,3.5
Ethnic Bazaar near Savory Gourmet Court of Panaji,Savory Gourmet Court of Panaji,0.7,Shopping,4.0
Local Market Corner near Savory Gourmet Court of Panaji,Savory Gourmet Court of Panaji,2.6,Local Market,4.9
Chai Villa Treats near Panaji Apex Sky Deck,Panaji Apex Sky Deck,0.7,Food & Dining,4.4
Local Market near Panaji Apex Sky Deck,Panaji Apex Sky Deck,0.5,Shopping,4.6
Adventure Cliff near Panaji Apex Sky Deck,Panaji Apex Sky Deck,2.3,Activity,4.1
Royal Point near Silent Panaji Cave,Silent Panaji Cave,1.3,Food & Dining,3.8
Ethnic Flea Market near Silent Panaji Cave,Silent Panaji Cave,3.3,Shopping,4.5
Sunset Deck near Silent Panaji Cave,Silent Panaji Cave,0.7,Activity,3.9
Royal Point near Royal Ruin of Panaji,Royal Ruin of Panaji,1.3,Food & Dining,4.8
Handicrafts Flea Market near Royal Ruin of Panaji,Royal Ruin of Panaji,1.2,Shopping,3.8
Adventure Cliff near Royal Ruin of Panaji,Royal Ruin of Panaji,2.7,Viewpoint,3.9
Royal Kitchen near Panaji Sacred Shrine,Panaji Sacred Shrine,1.1,Food & Dining,4.1
Artisans Cooperative near Panaji Sacred Shrine,Panaji Sacred Shrine,2.7,Shopping,3.5
Local Market Corner near Panaji Sacred Shrine,Panaji Sacred Shrine,4.5,Local Market,3.6
Laziz Kitchen near Apex Panaji Trekking Trail,Apex Panaji Trekking Trail,2.3,Food & Dining,4.3
Traditional Flea Market near Apex Panaji Trekking Trail,Apex Panaji Trekking Trail,2.0,Shopping,3.9
Local Market Corner near Apex Panaji Trekking Trail,Apex Panaji Trekking Trail,4.3,Local Market,3.6
The Spicy Kitchen near Folk Art Village of Panaji,Folk Art Village of Panaji,0.7,Food & Dining,4.5
Traditional Hub near Folk Art Village of Panaji,Folk Art Village of Panaji,2.0,Shopping,4.2
Cable Car Station near Folk Art Village of Panaji,Folk Art Village of Panaji,2.4,Activity,4.9
Chai Villa Corner near Panaji Traditional Bazaar,Panaji Traditional Bazaar,2.3,Food & Dining,4.8
Souvenir Market near Panaji Traditional Bazaar,Panaji Traditional Bazaar,1.3,Shopping,4.5
Walkway Park near Panaji Traditional Bazaar,Panaji Traditional Bazaar,1.5,Activity,4.1
Desi Corner near Authentic Panaji Chaat Corner,Authentic Panaji Chaat Corner,0.9,Food & Dining,3.7
Ethnic Bazaar near Authentic Panaji Chaat Corner,Authentic Panaji Chaat Corner,0.2,Shopping,4.6
Local Market Corner near Authentic Panaji Chaat Corner,Authentic Panaji Chaat Corner,2.2,Local Market,3.7
Bistro Chaat Bhandar near Tech Planetarium of Panaji,Tech Planetarium of Panaji,1.1,Food & Dining,4.3
Souvenir Arcade near Tech Planetarium of Panaji,Tech Planetarium of Panaji,2.4,Shopping,3.8
Transit Corner near Tech Planetarium of Panaji,Tech Planetarium of Panaji,1.3,Transit,4.9
Street Chaat Bhandar near Panaji Mist-Clad Sunset Point,Panaji Mist-Clad Sunset Point,1.1,Food & Dining,4.3
Traditional Bazaar near Panaji Mist-Clad Sunset Point,Panaji Mist-Clad Sunset Point,0.8,Shopping,3.8
Local Market Corner near Panaji Mist-Clad Sunset Point,Panaji Mist-Clad Sunset Point,4.5,Local Market,4.7
Annapurna Bakery near Historic Panaji Ancient Caves,Historic Panaji Ancient Caves,0.3,Food & Dining,4.1
Local Cooperative near Historic Panaji Ancient Caves,Historic Panaji Ancient Caves,1.6,Shopping,3.9
Local Market Corner near Historic Panaji Ancient Caves,Historic Panaji Ancient Caves,3.1,Local Market,3.7
Bistro Diner near Sacred Shrine of Panaji,Sacred Shrine of Panaji,0.8,Food & Dining,4.7
Central Cooperative near Sacred Shrine of Panaji,Sacred Shrine of Panaji,0.9,Shopping,3.9
Heritage Walk near Sacred Shrine of Panaji,Sacred Shrine of Panaji,3.8,Activity,3.8
Cafe Diner near Panaji Apex Zip-line Valley,Panaji Apex Zip-line Valley,1.6,Food & Dining,3.6
Central Arcade near Panaji Apex Zip-line Valley,Panaji Apex Zip-line Valley,1.6,Shopping,4.6
Transit Corner near Panaji Apex Zip-line Valley,Panaji Apex Zip-line Valley,4.4,Transit,3.7
Gourmet Spot near Artistic Panaji Heritage Craft Complex,Artistic Panaji Heritage Craft Complex,1.2,Food & Dining,3.9
Bustling Flea Market near Artistic Panaji Heritage Craft Complex,Artistic Panaji Heritage Craft Complex,1.7,Shopping,4.5
Boating Lake near Artistic Panaji Heritage Craft Complex,Artistic Panaji Heritage Craft Complex,2.5,Viewpoint,4.1
Desi Chaat Bhandar near Bustling Cooperative Store of Panaji,Bustling Cooperative Store of Panaji,1.4,Food & Dining,4.7
Traditional Arcade near Bustling Cooperative Store of Panaji,Bustling Cooperative Store of Panaji,2.4,Shopping,4.2
Local Market Corner near Bustling Cooperative Store of Panaji,Bustling Cooperative Store of Panaji,3.3,Local Market,3.7
Cafe Cafe near Panaji Culinary Historic Cafe,Panaji Culinary Historic Cafe,0.8,Food & Dining,4.2
Souvenir Hub near Panaji Culinary Historic Cafe,Panaji Culinary Historic Cafe,1.1,Shopping,4.6
Cable Car Station near Panaji Culinary Historic Cafe,Panaji Culinary Historic Cafe,1.0,Viewpoint,4.4
The Spicy Cafe near Infinity Panaji Art Gallery,Infinity Panaji Art Gallery,0.9,Food & Dining,4.0
Bustling Bazaar near Infinity Panaji Art Gallery,Infinity Panaji Art Gallery,1.5,Shopping,4.2
Walkway Park near Infinity Panaji Art Gallery,Infinity Panaji Art Gallery,1.5,Viewpoint,4.0
The Spicy Bakery near Serene Falls of Panaji,Serene Falls of Panaji,0.2,Food & Dining,3.9
Traditional Arcade near Serene Falls of Panaji,Serene Falls of Panaji,0.5,Shopping,4.7
Walkway Park near Serene Falls of Panaji,Serene Falls of Panaji,0.8,Viewpoint,4.9
Gourmet Chaat Bhandar near Panaji Sovereign Fort,Panaji Sovereign Fort,0.7,Food & Dining,4.3
Handicrafts Market near Panaji Sovereign Fort,Panaji Sovereign Fort,3.4,Shopping,4.6
Cable Car Station near Panaji Sovereign Fort,Panaji Sovereign Fort,0.5,Activity,4.7
Bistro Spot near Sacred Panaji Shrine,Sacred Panaji Shrine,1.6,Food & Dining,3.7
Souvenir Arcade near Sacred Panaji Shrine,Sacred Panaji Shrine,0.9,Shopping,3.8
Local Market Corner near Sacred Panaji Shrine,Sacred Panaji Shrine,4.2,Local Market,3.5
Cafe Chaat Bhandar near Apex Rafting Camp of Panaji,Apex Rafting Camp of Panaji,1.6,Food & Dining,3.9
Ethnic Cooperative near Apex Rafting Camp of Panaji,Apex Rafting Camp of Panaji,2.5,Shopping,3.9
Heritage Walk near Apex Rafting Camp of Panaji,Apex Rafting Camp of Panaji,4.4,Activity,3.8
Street Chaat Bhandar near Panaji Indigenous Folk Centre,Panaji Indigenous Folk Centre,2.2,Food & Dining,4.2
Handicrafts Market near Panaji Indigenous Folk Centre,Panaji Indigenous Folk Centre,0.9,Shopping,3.6
Transit Corner near Panaji Indigenous Folk Centre,Panaji Indigenous Folk Centre,2.6,Transit,3.5
Laziz Cafe near Vibrant Panaji Emporium,Vibrant Panaji Emporium,0.4,Food & Dining,4.0
Ethnic Corner near Vibrant Panaji Emporium,Vibrant Panaji Emporium,3.2,Shopping,3.6
Local Market Corner near Vibrant Panaji Emporium,Vibrant Panaji Emporium,0.8,Local Market,4.4
Cafe Kitchen near Delight Dhaba Zone of Panaji,Delight Dhaba Zone of Panaji,1.4,Food & Dining,3.8
Bustling Flea Market near Delight Dhaba Zone of Panaji,Delight Dhaba Zone of Panaji,1.5,Shopping,3.5
Transit Corner near Delight Dhaba Zone of Panaji,Delight Dhaba Zone of Panaji,1.1,Transit,4.1
The Spicy Bakery near Panaji Metro Aquarium,Panaji Metro Aquarium,0.2,Food & Dining,3.9
Ethnic Cooperative near Panaji Metro Aquarium,Panaji Metro Aquarium,2.9,Shopping,3.9
Cable Car Station near Panaji Metro Aquarium,Panaji Metro Aquarium,3.6,Viewpoint,5.0
Laziz Corner near Silver Panaji Cave,Silver Panaji Cave,1.5,Food & Dining,4.1
Handicrafts Corner near Silver Panaji Cave,Silver Panaji Cave,2.6,Shopping,4.0
Local Market Corner near Silver Panaji Cave,Silver Panaji Cave,1.9,Local Market,3.9
Laziz Chaat Bhandar near Grand Museum of Panaji,Grand Museum of Panaji,1.7,Food & Dining,3.9
Ethnic Bazaar near Grand Museum of Panaji,Grand Museum of Panaji,1.9,Shopping,4.6
Transit Corner near Grand Museum of Panaji,Grand Museum of Panaji,1.4,Transit,3.6
Royal Cafe near Panaji Sacred Shrine,Panaji Sacred Shrine,1.6,Food & Dining,4.0
Local Hub near Panaji Sacred Shrine,Panaji Sacred Shrine,0.8,Shopping,3.8
Transit Corner near Panaji Sacred Shrine,Panaji Sacred Shrine,1.3,Transit,4.1
Cafe Dhaba near Apex Panaji Camping Ridge,Apex Panaji Camping Ridge,0.7,Food & Dining,3.8
Artisans Bazaar near Apex Panaji Camping Ridge,Apex Panaji Camping Ridge,1.3,Shopping,3.6
Transit Corner near Apex Panaji Camping Ridge,Apex Panaji Camping Ridge,1.4,Transit,3.8
Royal Treats near Ethnic Art Village of Panaji,Ethnic Art Village of Panaji,1.1,Food & Dining,4.7
Traditional Corner near Ethnic Art Village of Panaji,Ethnic Art Village of Panaji,2.1,Shopping,3.6
Local Market Corner near Ethnic Art Village of Panaji,Ethnic Art Village of Panaji,4.3,Local Market,4.9
Desi Cafe near Panaji Central Spices Corner,Panaji Central Spices Corner,2.2,Food & Dining,4.6
Traditional Market near Panaji Central Spices Corner,Panaji Central Spices Corner,0.8,Shopping,4.4
Transit Corner near Panaji Central Spices Corner,Panaji Central Spices Corner,1.7,Transit,4.1
Bistro Dhaba near Legacy Panaji Sweet Alley,Legacy Panaji Sweet Alley,1.8,Food & Dining,4.4
Bustling Emporium near Legacy Panaji Sweet Alley,Legacy Panaji Sweet Alley,1.7,Shopping,4.6
Local Market Corner near Legacy Panaji Sweet Alley,Legacy Panaji Sweet Alley,0.7,Local Market,4.5
Annapurna Diner near Stellar Amusement Park of Panaji,Stellar Amusement Park of Panaji,2.3,Food & Dining,4.0
Ethnic Market near Stellar Amusement Park of Panaji,Stellar Amusement Park of Panaji,2.2,Shopping,4.6
Photography Spot near Stellar Amusement Park of Panaji,Stellar Amusement Park of Panaji,2.0,Viewpoint,4.0
Laziz Treats near Panaji Emerald Sunset Point,Panaji Emerald Sunset Point,1.8,Food & Dining,4.8
Local Cooperative near Panaji Emerald Sunset Point,Panaji Emerald Sunset Point,0.3,Shopping,4.0
Adventure Cliff near Panaji Emerald Sunset Point,Panaji Emerald Sunset Point,1.2,Viewpoint,3.9
Cafe Cafe near Victorian Panaji Gateway,Victorian Panaji Gateway,1.6,Food & Dining,4.4
Traditional Corner near Victorian Panaji Gateway,Victorian Panaji Gateway,1.4,Shopping,4.7
Adventure Cliff near Victorian Panaji Gateway,Victorian Panaji Gateway,1.8,Viewpoint,4.5
Chai Villa Cafe near Sacred Shrine of Panaji,Sacred Shrine of Panaji,0.9,Food & Dining,4.3
Bustling Hub near Sacred Shrine of Panaji,Sacred Shrine of Panaji,1.4,Shopping,4.0
Adventure Cliff near Sacred Shrine of Panaji,Sacred Shrine of Panaji,2.7,Activity,4.7
Gourmet Corner near Panaji Apex Paragliding Launch,Panaji Apex Paragliding Launch,1.7,Food & Dining,4.9
Central Flea Market near Panaji Apex Paragliding Launch,Panaji Apex Paragliding Launch,1.6,Shopping,4.0
Local Market Corner near Panaji Apex Paragliding Launch,Panaji Apex Paragliding Launch,3.9,Local Market,3.6
The Spicy Dhaba near Classical Panaji Heritage Craft Complex,Classical Panaji Heritage Craft Complex,0.3,Food & Dining,3.7
Ethnic Flea Market near Classical Panaji Heritage Craft Complex,Classical Panaji Heritage Craft Complex,0.9,Shopping,4.5
Transit Corner near Classical Panaji Heritage Craft Complex,Classical Panaji Heritage Craft Complex,1.9,Transit,3.8
Chai Villa Treats near Hidden Beach of Calangute,Hidden Beach of Calangute,0.3,Food & Dining,3.9
Central Arcade near Hidden Beach of Calangute,Hidden Beach of Calangute,1.2,Shopping,4.5
Local Market Corner near Hidden Beach of Calangute,Hidden Beach of Calangute,3.8,Local Market,4.2
Desi Bakery near Calangute Imperial Tomb,Calangute Imperial Tomb,1.4,Food & Dining,4.4
Artisans Flea Market near Calangute Imperial Tomb,Calangute Imperial Tomb,2.1,Shopping,3.7
Heritage Walk near Calangute Imperial Tomb,Calangute Imperial Tomb,4.3,Viewpoint,3.8
Desi Point near Golden Calangute Church,Golden Calangute Church,2.4,Food & Dining,4.5
Traditional Emporium near Golden Calangute Church,Golden Calangute Church,3.4,Shopping,4.0
Transit Corner near Golden Calangute Church,Golden Calangute Church,1.2,Transit,5.0
Bistro Chaat Bhandar near Gorge Climbing Wall of Calangute,Gorge Climbing Wall of Calangute,2.4,Food & Dining,3.5
Artisans Emporium near Gorge Climbing Wall of Calangute,Gorge Climbing Wall of Calangute,3.4,Shopping,3.8
Heritage Walk near Gorge Climbing Wall of Calangute,Gorge Climbing Wall of Calangute,2.5,Activity,4.0
The Spicy Dhaba near Calangute Classical Amphitheatre,Calangute Classical Amphitheatre,1.4,Food & Dining,4.4
Ethnic Bazaar near Calangute Classical Amphitheatre,Calangute Classical Amphitheatre,2.8,Shopping,4.6
Adventure Cliff near Calangute Classical Amphitheatre,Calangute Classical Amphitheatre,4.4,Viewpoint,4.6
Annapurna Corner near Craft Calangute Market,Craft Calangute Market,0.9,Food & Dining,4.0
Local Market near Craft Calangute Market,Craft Calangute Market,3.0,Shopping,4.0
Adventure Cliff near Craft Calangute Market,Craft Calangute Market,1.2,Viewpoint,4.3
Chai Villa Diner near Flavors Spice Lane of Calangute,Flavors Spice Lane of Calangute,0.7,Food & Dining,3.7
Local Cooperative near Flavors Spice Lane of Calangute,Flavors Spice Lane of Calangute,2.9,Shopping,4.3
Transit Corner near Flavors Spice Lane of Calangute,Flavors Spice Lane of Calangute,3.7,Transit,4.6
The Spicy Spot near Calangute Futuristic Science Arena,Calangute Futuristic Science Arena,0.7,Food & Dining,3.8
Bustling Market near Calangute Futuristic Science Arena,Calangute Futuristic Science Arena,1.3,Shopping,3.5
Local Market Corner near Calangute Futuristic Science Arena,Calangute Futuristic Science Arena,0.9,Local Market,4.4
Street Bakery near Whispering Calangute Wildlife Reserve,Whispering Calangute Wildlife Reserve,2.2,Food & Dining,4.2
Handicrafts Market near Whispering Calangute Wildlife Reserve,Whispering Calangute Wildlife Reserve,2.4,Shopping,4.3
Sunset Deck near Whispering Calangute Wildlife Reserve,Whispering Calangute Wildlife Reserve,1.1,Activity,4.3
Royal Point near Royal Palace of Calangute,Royal Palace of Calangute,2.3,Food & Dining,4.5
Artisans Flea Market near Royal Palace of Calangute,Royal Palace of Calangute,1.3,Shopping,4.5
Transit Corner near Royal Palace of Calangute,Royal Palace of Calangute,3.1,Transit,3.6
Annapurna Chaat Bhandar near Calangute Golden Church,Calangute Golden Church,2.1,Food & Dining,4.3
Central Market near Calangute Golden Church,Calangute Golden Church,0.3,Shopping,4.6
Local Market Corner near Calangute Golden Church,Calangute Golden Church,2.3,Local Market,4.4
Annapurna Treats near Gorge Calangute Safari Zone,Gorge Calangute Safari Zone,0.6,Food & Dining,4.3
Traditional Corner near Gorge Calangute Safari Zone,Gorge Calangute Safari Zone,1.3,Shopping,3.7
Transit Corner near Gorge Calangute Safari Zone,Gorge Calangute Safari Zone,2.3,Transit,4.7
Bistro Dhaba near Legacy Cultural Theatre of Calangute,Legacy Cultural Theatre of Calangute,2.2,Food & Dining,4.7
Traditional Cooperative near Legacy Cultural Theatre of Calangute,Legacy Cultural Theatre of Calangute,1.1,Shopping,4.8
Hiking Point near Legacy Cultural Theatre of Calangute,Legacy Cultural Theatre of Calangute,3.2,Viewpoint,4.6
Gourmet Chaat Bhandar near Calangute Royal Shopping Arcade,Calangute Royal Shopping Arcade,1.3,Food & Dining,4.9
Traditional Bazaar near Calangute Royal Shopping Arcade,Calangute Royal Shopping Arcade,1.8,Shopping,4.2
Transit Corner near Calangute Royal Shopping Arcade,Calangute Royal Shopping Arcade,4.6,Transit,5.0
Desi Corner near Traditional Calangute Gourmet Court,Traditional Calangute Gourmet Court,1.6,Food & Dining,3.8
Ethnic Market near Traditional Calangute Gourmet Court,Traditional Calangute Gourmet Court,3.1,Shopping,4.3
Local Market Corner near Traditional Calangute Gourmet Court,Traditional Calangute Gourmet Court,2.9,Local Market,4.7
Street Spot near Cosmo Sky Deck of Calangute,Cosmo Sky Deck of Calangute,1.0,Food & Dining,3.7
Ethnic Bazaar near Cosmo Sky Deck of Calangute,Cosmo Sky Deck of Calangute,0.3,Shopping,3.9
Local Market Corner near Cosmo Sky Deck of Calangute,Cosmo Sky Deck of Calangute,1.8,Local Market,4.2
Cafe Bakery near Calangute Golden Lake,Calangute Golden Lake,1.9,Food & Dining,4.8
Bustling Flea Market near Calangute Golden Lake,Calangute Golden Lake,1.3,Shopping,3.8
Transit Corner near Calangute Golden Lake,Calangute Golden Lake,0.5,Transit,4.3
Desi Corner near Historic Calangute Heritage Centre,Historic Calangute Heritage Centre,1.1,Food & Dining,4.8
Artisans Arcade near Historic Calangute Heritage Centre,Historic Calangute Heritage Centre,2.9,Shopping,4.6
Local Market Corner near Historic Calangute Heritage Centre,Historic Calangute Heritage Centre,1.3,Local Market,3.6
Royal Diner near Golden Church of Calangute,Golden Church of Calangute,0.2,Food & Dining,4.4
Artisans Arcade near Golden Church of Calangute,Golden Church of Calangute,3.0,Shopping,4.5
Local Market Corner near Golden Church of Calangute,Golden Church of Calangute,3.5,Local Market,3.9
Street Point near Calangute Gorge Trekking Trail,Calangute Gorge Trekking Trail,2.0,Food & Dining,4.8
Traditional Corner near Calangute Gorge Trekking Trail,Calangute Gorge Trekking Trail,2.7,Shopping,3.6
Local Market Corner near Calangute Gorge Trekking Trail,Calangute Gorge Trekking Trail,1.9,Local Market,4.2
Laziz Point near Creative Calangute Traditional Bazaar,Creative Calangute Traditional Bazaar,1.7,Food & Dining,4.9
Local Hub near Creative Calangute Traditional Bazaar,Creative Calangute Traditional Bazaar,1.3,Shopping,4.0
Local Market Corner near Creative Calangute Traditional Bazaar,Creative Calangute Traditional Bazaar,2.8,Local Market,4.4
Desi Point near Local Bazaar of Calangute,Local Bazaar of Calangute,2.5,Food & Dining,4.7
Souvenir Flea Market near Local Bazaar of Calangute,Local Bazaar of Calangute,1.0,Shopping,3.7
Walkway Park near Local Bazaar of Calangute,Local Bazaar of Calangute,2.9,Activity,4.7
Royal Diner near Calangute Savory Chaat Corner,Calangute Savory Chaat Corner,0.5,Food & Dining,4.5
Artisans Bazaar near Calangute Savory Chaat Corner,Calangute Savory Chaat Corner,1.6,Shopping,4.3
Boating Lake near Calangute Savory Chaat Corner,Calangute Savory Chaat Corner,2.8,Activity,4.5
Laziz Corner near Apex Calangute Planetarium,Apex Calangute Planetarium,2.2,Food & Dining,4.5
Ethnic Arcade near Apex Calangute Planetarium,Apex Calangute Planetarium,0.6,Shopping,4.8
Walkway Park near Apex Calangute Planetarium,Apex Calangute Planetarium,0.3,Activity,4.7
Gourmet Kitchen near Scenic Beach of Calangute,Scenic Beach of Calangute,0.1,Food & Dining,3.6
Central Corner near Scenic Beach of Calangute,Scenic Beach of Calangute,1.8,Shopping,3.9
Photography Spot near Scenic Beach of Calangute,Scenic Beach of Calangute,4.5,Viewpoint,4.7
Chai Villa Diner near Calangute Sovereign Memorial,Calangute Sovereign Memorial,2.2,Food & Dining,3.7
Artisans Corner near Calangute Sovereign Memorial,Calangute Sovereign Memorial,1.7,Shopping,3.9
Local Market Corner near Calangute Sovereign Memorial,Calangute Sovereign Memorial,3.5,Local Market,4.5
Royal Spot near Golden Calangute Church,Golden Calangute Church,0.9,Food & Dining,4.3
Artisans Bazaar near Golden Calangute Church,Golden Calangute Church,3.0,Shopping,3.7
Boating Lake near Golden Calangute Church,Golden Calangute Church,2.4,Activity,4.6
Chai Villa Treats near Gorge Zip-line Valley of Calangute,Gorge Zip-line Valley of Calangute,1.0,Food & Dining,3.8
Artisans Arcade near Gorge Zip-line Valley of Calangute,Gorge Zip-line Valley of Calangute,2.7,Shopping,3.7
Transit Corner near Gorge Zip-line Valley of Calangute,Gorge Zip-line Valley of Calangute,2.6,Transit,3.8
Desi Diner near Calangute Folk Amphitheatre,Calangute Folk Amphitheatre,1.4,Food & Dining,4.3
Local Emporium near Calangute Folk Amphitheatre,Calangute Folk Amphitheatre,1.2,Shopping,4.8
Transit Corner near Calangute Folk Amphitheatre,Calangute Folk Amphitheatre,2.1,Transit,4.9
Royal Bakery near Traditional Calangute Cooperative Store,Traditional Calangute Cooperative Store,0.2,Food & Dining,4.6
Handicrafts Emporium near Traditional Calangute Cooperative Store,Traditional Calangute Cooperative Store,0.2,Shopping,4.5
Transit Corner near Traditional Calangute Cooperative Store,Traditional Calangute Cooperative Store,3.0,Transit,3.5
Bistro Point near Authentic Historic Cafe of Calangute,Authentic Historic Cafe of Calangute,1.0,Food & Dining,4.8
Traditional Market near Authentic Historic Cafe of Calangute,Authentic Historic Cafe of Calangute,0.4,Shopping,3.9
Sunset Deck near Authentic Historic Cafe of Calangute,Authentic Historic Cafe of Calangute,0.8,Viewpoint,3.6
Cafe Point near Calangute Tech Art Gallery,Calangute Tech Art Gallery,0.7,Food & Dining,4.3
Handicrafts Cooperative near Calangute Tech Art Gallery,Calangute Tech Art Gallery,0.4,Shopping,4.7
Cable Car Station near Calangute Tech Art Gallery,Calangute Tech Art Gallery,3.8,Viewpoint,4.9
Gourmet Cafe near Cloudy Calangute Wildlife Reserve,Cloudy Calangute Wildlife Reserve,0.5,Food & Dining,4.0
Bustling Market near Cloudy Calangute Wildlife Reserve,Cloudy Calangute Wildlife Reserve,1.8,Shopping,3.5
Heritage Walk near Cloudy Calangute Wildlife Reserve,Cloudy Calangute Wildlife Reserve,1.4,Activity,3.8
Laziz Point near Grand Castle of Calangute,Grand Castle of Calangute,2.3,Food & Dining,3.8
Artisans Cooperative near Grand Castle of Calangute,Grand Castle of Calangute,1.1,Shopping,4.5
Sunset Deck near Grand Castle of Calangute,Grand Castle of Calangute,4.6,Activity,3.9
The Spicy Kitchen near Calangute Golden Church,Calangute Golden Church,0.3,Food & Dining,4.1
Central Corner near Calangute Golden Church,Calangute Golden Church,3.5,Shopping,4.5
Local Market Corner near Calangute Golden Church,Calangute Golden Church,1.0,Local Market,4.1
Bistro Point near Gorge Calangute Rafting Camp,Gorge Calangute Rafting Camp,0.3,Food & Dining,3.9
Central Bazaar near Gorge Calangute Rafting Camp,Gorge Calangute Rafting Camp,2.2,Shopping,4.6
Sunset Deck near Gorge Calangute Rafting Camp,Gorge Calangute Rafting Camp,3.3,Activity,4.5
Chai Villa Corner near Artistic Cultural Theatre of Calangute,Artistic Cultural Theatre of Calangute,0.4,Food & Dining,3.6
Artisans Arcade near Artistic Cultural Theatre of Calangute,Artistic Cultural Theatre of Calangute,0.8,Shopping,4.6
Transit Corner near Artistic Cultural Theatre of Calangute,Artistic Cultural Theatre of Calangute,2.3,Transit,3.6
Bistro Spot near Calangute Bustling Emporium,Calangute Bustling Emporium,1.1,Food & Dining,4.8
Central Arcade near Calangute Bustling Emporium,Calangute Bustling Emporium,0.5,Shopping,4.7
Local Market Corner near Calangute Bustling Emporium,Calangute Bustling Emporium,1.1,Local Market,4.3
Royal Point near Culinary Calangute Dhaba Zone,Culinary Calangute Dhaba Zone,0.4,Food & Dining,4.0
Central Corner near Culinary Calangute Dhaba Zone,Culinary Calangute Dhaba Zone,1.9,Shopping,3.9
Cable Car Station near Culinary Calangute Dhaba Zone,Culinary Calangute Dhaba Zone,3.8,Viewpoint,4.4
Chai Villa Corner near Infinity Aquarium of Calangute,Infinity Aquarium of Calangute,2.1,Food & Dining,4.0
Bustling Hub near Infinity Aquarium of Calangute,Infinity Aquarium of Calangute,1.2,Shopping,3.8
Heritage Walk near Infinity Aquarium of Calangute,Infinity Aquarium of Calangute,1.1,Viewpoint,4.5
Street Dhaba near Calangute Hidden Lake,Calangute Hidden Lake,2.5,Food & Dining,4.0
Handicrafts Cooperative near Calangute Hidden Lake,Calangute Hidden Lake,1.2,Shopping,3.7
Heritage Walk near Calangute Hidden Lake,Calangute Hidden Lake,1.6,Activity,3.7
Chai Villa Cafe near Victorian Calangute Tomb,Victorian Calangute Tomb,1.3,Food & Dining,3.5
Bustling Arcade near Victorian Calangute Tomb,Victorian Calangute Tomb,0.2,Shopping,4.0
Cable Car Station near Victorian Calangute Tomb,Victorian Calangute Tomb,3.2,Viewpoint,4.9
Chai Villa Corner near Golden Church of Calangute,Golden Church of Calangute,0.4,Food & Dining,3.6
Handicrafts Arcade near Golden Church of Calangute,Golden Church of Calangute,0.6,Shopping,4.7
Transit Corner near Golden Church of Calangute,Golden Church of Calangute,1.2,Transit,4.9
Chai Villa Treats near Calangute Gorge Camping Ridge,Calangute Gorge Camping Ridge,1.2,Food & Dining,3.7
Ethnic Emporium near Calangute Gorge Camping Ridge,Calangute Gorge Camping Ridge,3.2,Shopping,4.0
Local Market Corner near Calangute Gorge Camping Ridge,Calangute Gorge Camping Ridge,3.4,Local Market,4.9
Annapurna Chaat Bhandar near Indigenous Calangute Traditional Bazaar,Indigenous Calangute Traditional Bazaar,1.3,Food & Dining,4.2
Bustling Cooperative near Indigenous Calangute Traditional Bazaar,Indigenous Calangute Traditional Bazaar,1.8,Shopping,3.9
Transit Corner near Indigenous Calangute Traditional Bazaar,Indigenous Calangute Traditional Bazaar,3.2,Transit,4.9
Bistro Corner near Emerald Hills of Margao,Emerald Hills of Margao,1.3,Food & Dining,4.5
Handicrafts Market near Emerald Hills of Margao,Emerald Hills of Margao,2.5,Shopping,3.8
Cable Car Station near Emerald Hills of Margao,Emerald Hills of Margao,3.1,Viewpoint,4.3
Gourmet Treats near Margao Imperial Gateway,Margao Imperial Gateway,2.0,Food & Dining,4.7
Handicrafts Emporium near Margao Imperial Gateway,Margao Imperial Gateway,2.3,Shopping,4.0
Transit Corner near Margao Imperial Gateway,Margao Imperial Gateway,0.9,Transit,4.4
The Spicy Spot near Spiritual Margao Cathedral,Spiritual Margao Cathedral,2.2,Food & Dining,3.9
Ethnic Arcade near Spiritual Margao Cathedral,Spiritual Margao Cathedral,0.6,Shopping,4.5
Local Market Corner near Spiritual Margao Cathedral,Spiritual Margao Cathedral,2.2,Local Market,3.7
Bistro Dhaba near Vanguard Paragliding Launch of Margao,Vanguard Paragliding Launch of Margao,2.0,Food & Dining,4.3
Traditional Emporium near Vanguard Paragliding Launch of Margao,Vanguard Paragliding Launch of Margao,1.5,Shopping,4.6
Adventure Cliff near Vanguard Paragliding Launch of Margao,Vanguard Paragliding Launch of Margao,4.8,Viewpoint,4.2
Cafe Chaat Bhandar near Margao Indigenous Folk Centre,Margao Indigenous Folk Centre,0.3,Food & Dining,4.6
Handicrafts Cooperative near Margao Indigenous Folk Centre,Margao Indigenous Folk Centre,1.5,Shopping,4.4
Local Market Corner near Margao Indigenous Folk Centre,Margao Indigenous Folk Centre,3.1,Local Market,4.4
Annapurna Treats near Vibrant Margao Flea Market,Vibrant Margao Flea Market,1.9,Food & Dining,4.8
Bustling Bazaar near Vibrant Margao Flea Market,Vibrant Margao Flea Market,3.2,Shopping,4.2
Photography Spot near Vibrant Margao Flea Market,Vibrant Margao Flea Market,2.9,Activity,3.8
Annapurna Spot near Delight Food Street of Margao,Delight Food Street of Margao,1.9,Food & Dining,4.8
Ethnic Market near Delight Food Street of Margao,Delight Food Street of Margao,0.8,Shopping,3.7
Hiking Point near Delight Food Street of Margao,Delight Food Street of Margao,4.1,Viewpoint,4.5
Annapurna Bakery near Margao Metro Botanical Conservatory,Margao Metro Botanical Conservatory,1.6,Food & Dining,4.8
Traditional Market near Margao Metro Botanical Conservatory,Margao Metro Botanical Conservatory,2.5,Shopping,3.7
Hiking Point near Margao Metro Botanical Conservatory,Margao Metro Botanical Conservatory,2.4,Viewpoint,3.7
Laziz Point near Silent Margao Valley,Silent Margao Valley,0.7,Food & Dining,4.5
Local Flea Market near Silent Margao Valley,Silent Margao Valley,0.9,Shopping,4.2
Local Market Corner near Silent Margao Valley,Silent Margao Valley,0.6,Local Market,4.5
Annapurna Corner near Royal Ruin of Margao,Royal Ruin of Margao,1.5,Food & Dining,4.6
Bustling Flea Market near Royal Ruin of Margao,Royal Ruin of Margao,2.0,Shopping,4.4
Cable Car Station near Royal Ruin of Margao,Royal Ruin of Margao,2.8,Viewpoint,4.2
Street Bakery near Margao Spiritual Cathedral,Margao Spiritual Cathedral,2.1,Food & Dining,3.8
Handicrafts Corner near Margao Spiritual Cathedral,Margao Spiritual Cathedral,0.8,Shopping,4.3
Transit Corner near Margao Spiritual Cathedral,Margao Spiritual Cathedral,4.0,Transit,4.6
Bistro Kitchen near Vanguard Margao Climbing Wall,Vanguard Margao Climbing Wall,0.3,Food & Dining,3.9
Souvenir Cooperative near Vanguard Margao Climbing Wall,Vanguard Margao Climbing Wall,1.3,Shopping,3.9
Photography Spot near Vanguard Margao Climbing Wall,Vanguard Margao Climbing Wall,1.0,Activity,3.5
Gourmet Diner near Ethnic Art Village of Margao,Ethnic Art Village of Margao,0.8,Food & Dining,4.4
Souvenir Market near Ethnic Art Village of Margao,Ethnic Art Village of Margao,2.1,Shopping,4.4
Hiking Point near Ethnic Art Village of Margao,Ethnic Art Village of Margao,1.1,Viewpoint,4.4
The Spicy Diner near Margao Central Market,Margao Central Market,0.6,Food & Dining,4.6
Souvenir Flea Market near Margao Central Market,Margao Central Market,3.2,Shopping,3.8
Walkway Park near Margao Central Market,Margao Central Market,4.4,Activity,4.4
Gourmet Diner near Legacy Margao Spice Lane,Legacy Margao Spice Lane,1.9,Food & Dining,3.6
Bustling Cooperative near Legacy Margao Spice Lane,Legacy Margao Spice Lane,1.0,Shopping,3.8
Local Market Corner near Legacy Margao Spice Lane,Legacy Margao Spice Lane,4.9,Local Market,5.0
Chai Villa Corner near Stellar Science Arena of Margao,Stellar Science Arena of Margao,2.4,Food & Dining,3.6
Souvenir Corner near Stellar Science Arena of Margao,Stellar Science Arena of Margao,1.0,Shopping,4.6
Transit Corner near Stellar Science Arena of Margao,Stellar Science Arena of Margao,0.7,Transit,4.8
Royal Corner near Margao Mist-Clad River Confluence,Margao Mist-Clad River Confluence,1.4,Food & Dining,4.4
Handicrafts Emporium near Margao Mist-Clad River Confluence,Margao Mist-Clad River Confluence,2.5,Shopping,3.9
Local Market Corner near Margao Mist-Clad River Confluence,Margao Mist-Clad River Confluence,3.8,Local Market,3.7
Bistro Diner near Historic Margao Ancient Caves,Historic Margao Ancient Caves,1.7,Food & Dining,4.3
Artisans Emporium near Historic Margao Ancient Caves,Historic Margao Ancient Caves,1.1,Shopping,3.6
Local Market Corner near Historic Margao Ancient Caves,Historic Margao Ancient Caves,4.8,Local Market,3.7
Bistro Point near Spiritual Cathedral of Margao,Spiritual Cathedral of Margao,0.4,Food & Dining,4.2
Central Hub near Spiritual Cathedral of Margao,Spiritual Cathedral of Margao,0.2,Shopping,4.7
Local Market Corner near Spiritual Cathedral of Margao,Spiritual Cathedral of Margao,2.5,Local Market,4.5
The Spicy Dhaba near Margao Vanguard Safari Zone,Margao Vanguard Safari Zone,0.7,Food & Dining,4.1
Local Emporium near Margao Vanguard Safari Zone,Margao Vanguard Safari Zone,1.6,Shopping,4.4
Local Market Corner near Margao Vanguard Safari Zone,Margao Vanguard Safari Zone,0.9,Local Market,4.0
Cafe Bakery near Classical Margao Heritage Craft Complex,Classical Margao Heritage Craft Complex,0.6,Food & Dining,4.0
Artisans Flea Market near Classical Margao Heritage Craft Complex,Classical Margao Heritage Craft Complex,1.2,Shopping,4.2
Photography Spot near Classical Margao Heritage Craft Complex,Classical Margao Heritage Craft Complex,1.6,Activity,4.7
Bistro Chaat Bhandar near Craft Shopping Arcade of Margao,Craft Shopping Arcade of Margao,2.1,Food & Dining,3.9
Bustling Market near Craft Shopping Arcade of Margao,Craft Shopping Arcade of Margao,2.9,Shopping,3.7
Boating Lake near Craft Shopping Arcade of Margao,Craft Shopping Arcade of Margao,3.9,Activity,4.8
Desi Diner near Margao Flavors Gourmet Court,Margao Flavors Gourmet Court,2.4,Food & Dining,4.2
Traditional Market near Margao Flavors Gourmet Court,Margao Flavors Gourmet Court,3.0,Shopping,4.2
Boating Lake near Margao Flavors Gourmet Court,Margao Flavors Gourmet Court,4.1,Activity,3.6
Chai Villa Chaat Bhandar near Futuristic Margao Sky Deck,Futuristic Margao Sky Deck,0.2,Food & Dining,3.8
Traditional Flea Market near Futuristic Margao Sky Deck,Futuristic Margao Sky Deck,3.1,Shopping,4.3
Transit Corner near Futuristic Margao Sky Deck,Futuristic Margao Sky Deck,2.6,Transit,4.3
Laziz Diner near Serene Hills of Margao,Serene Hills of Margao,2.0,Food & Dining,4.8
Ethnic Emporium near Serene Hills of Margao,Serene Hills of Margao,2.5,Shopping,3.9
Boating Lake near Serene Hills of Margao,Serene Hills of Margao,2.1,Viewpoint,4.7
Bistro Dhaba near Margao Sovereign Fort,Margao Sovereign Fort,0.4,Food & Dining,3.6
Local Hub near Margao Sovereign Fort,Margao Sovereign Fort,1.9,Shopping,4.3
Local Market Corner near Margao Sovereign Fort,Margao Sovereign Fort,4.3,Local Market,4.3
Street Diner near Spiritual Margao Cathedral,Spiritual Margao Cathedral,1.4,Food & Dining,4.7
Central Flea Market near Spiritual Margao Cathedral,Spiritual Margao Cathedral,1.2,Shopping,4.4
Transit Corner near Spiritual Margao Cathedral,Spiritual Margao Cathedral,3.7,Transit,4.0
The Spicy Dhaba near Vanguard Trekking Trail of Margao,Vanguard Trekking Trail of Margao,1.7,Food & Dining,4.6
Souvenir Hub near Vanguard Trekking Trail of Margao,Vanguard Trekking Trail of Margao,1.0,Shopping,3.5
Adventure Cliff near Vanguard Trekking Trail of Margao,Vanguard Trekking Trail of Margao,4.9,Activity,3.7
The Spicy Point near Margao Legacy Folk Centre,Margao Legacy Folk Centre,0.4,Food & Dining,3.6
Souvenir Emporium near Margao Legacy Folk Centre,Margao Legacy Folk Centre,1.2,Shopping,4.7
Walkway Park near Margao Legacy Folk Centre,Margao Legacy Folk Centre,3.7,Activity,3.5
Chai Villa Spot near Royal Margao Bazaar,Royal Margao Bazaar,1.0,Food & Dining,4.2
Souvenir Emporium near Royal Margao Bazaar,Royal Margao Bazaar,2.8,Shopping,4.2
Walkway Park near Royal Margao Bazaar,Royal Margao Bazaar,3.0,Viewpoint,4.8
Laziz Dhaba near Traditional Chaat Corner of Margao,Traditional Chaat Corner of Margao,2.3,Food & Dining,4.3
Artisans Flea Market near Traditional Chaat Corner of Margao,Traditional Chaat Corner of Margao,1.0,Shopping,4.0
Walkway Park near Traditional Chaat Corner of Margao,Traditional Chaat Corner of Margao,0.8,Activity,4.0
The Spicy Point near Margao Cosmo Planetarium,Margao Cosmo Planetarium,1.6,Food & Dining,3.8
Bustling Cooperative near Margao Cosmo Planetarium,Margao Cosmo Planetarium,3.0,Shopping,3.6
Photography Spot near Margao Cosmo Planetarium,Margao Cosmo Planetarium,3.5,Activity,3.7
Bistro Bakery near Silver Margao Valley,Silver Margao Valley,1.9,Food & Dining,4.7
Souvenir Emporium near Silver Margao Valley,Silver Margao Valley,2.8,Shopping,4.8
Transit Corner near Silver Margao Valley,Silver Margao Valley,0.9,Transit,4.0
Gourmet Diner near Grand Museum of Margao,Grand Museum of Margao,1.3,Food & Dining,4.2
Artisans Emporium near Grand Museum of Margao,Grand Museum of Margao,0.9,Shopping,3.9
Local Market Corner near Grand Museum of Margao,Grand Museum of Margao,0.6,Local Market,4.1
Royal Spot near Margao Spiritual Cathedral,Margao Spiritual Cathedral,1.3,Food & Dining,4.1
Ethnic Flea Market near Margao Spiritual Cathedral,Margao Spiritual Cathedral,2.8,Shopping,4.0
Photography Spot near Margao Spiritual Cathedral,Margao Spiritual Cathedral,1.0,Viewpoint,4.6
Desi Diner near Vanguard Margao Zip-line Valley,Vanguard Margao Zip-line Valley,1.1,Food & Dining,4.8
Souvenir Corner near Vanguard Margao Zip-line Valley,Vanguard Margao Zip-line Valley,3.3,Shopping,4.1
Sunset Deck near Vanguard Margao Zip-line Valley,Vanguard Margao Zip-line Valley,0.6,Viewpoint,4.4
The Spicy Cafe near Creative Art Village of Margao,Creative Art Village of Margao,0.2,Food & Dining,4.6
Artisans Cooperative near Creative Art Village of Margao,Creative Art Village of Margao,1.0,Shopping,4.1
Heritage Walk near Creative Art Village of Margao,Creative Art Village of Margao,3.9,Activity,4.4
Cafe Bakery near Margao Local Cooperative Store,Margao Local Cooperative Store,2.4,Food & Dining,4.5
Handicrafts Corner near Margao Local Cooperative Store,Margao Local Cooperative Store,1.8,Shopping,4.5
Local Market Corner near Margao Local Cooperative Store,Margao Local Cooperative Store,3.5,Local Market,3.6
Royal Chaat Bhandar near Savory Margao Historic Cafe,Savory Margao Historic Cafe,0.9,Food & Dining,4.8
Artisans Corner near Savory Margao Historic Cafe,Savory Margao Historic Cafe,0.5,Shopping,4.1
Transit Corner near Savory Margao Historic Cafe,Savory Margao Historic Cafe,2.1,Transit,4.2
Cafe Cafe near Apex Art Gallery of Margao,Apex Art Gallery of Margao,2.0,Food & Dining,4.8
Ethnic Market near Apex Art Gallery of Margao,Apex Art Gallery of Margao,0.7,Shopping,4.7
Boating Lake near Apex Art Gallery of Margao,Apex Art Gallery of Margao,2.7,Activity,4.5
Cafe Bakery near Margao Emerald River Confluence,Margao Emerald River Confluence,1.9,Food & Dining,3.8
Traditional Cooperative near Margao Emerald River Confluence,Margao Emerald River Confluence,1.8,Shopping,4.3
Photography Spot near Margao Emerald River Confluence,Margao Emerald River Confluence,1.1,Viewpoint,4.6
Cafe Treats near Victorian Margao Gateway,Victorian Margao Gateway,0.9,Food & Dining,4.1
Traditional Bazaar near Victorian Margao Gateway,Victorian Margao Gateway,2.5,Shopping,4.7
Sunset Deck near Victorian Margao Gateway,Victorian Margao Gateway,1.9,Viewpoint,4.7
Gourmet Spot near Spiritual Cathedral of Margao,Spiritual Cathedral of Margao,1.4,Food & Dining,4.7
Artisans Market near Spiritual Cathedral of Margao,Spiritual Cathedral of Margao,1.9,Shopping,4.4
Hiking Point near Spiritual Cathedral of Margao,Spiritual Cathedral of Margao,4.1,Viewpoint,3.8
Royal Treats near Margao Vanguard Rafting Camp,Margao Vanguard Rafting Camp,1.5,Food & Dining,4.7
Bustling Arcade near Margao Vanguard Rafting Camp,Margao Vanguard Rafting Camp,0.9,Shopping,4.6
Hiking Point near Margao Vanguard Rafting Camp,Margao Vanguard Rafting Camp,0.6,Activity,3.9
Desi Bakery near Folk Margao Heritage Craft Complex,Folk Margao Heritage Craft Complex,1.5,Food & Dining,3.8
Handicrafts Corner near Folk Margao Heritage Craft Complex,Folk Margao Heritage Craft Complex,0.2,Shopping,3.8
Transit Corner near Folk Margao Heritage Craft Complex,Folk Margao Heritage Craft Complex,1.9,Transit,4.0
Desi Dhaba near Hidden Peak of Mumbai,Hidden Peak of Mumbai,0.4,Food & Dining,3.9
Traditional Cooperative near Hidden Peak of Mumbai,Hidden Peak of Mumbai,1.3,Shopping,3.5
Local Market Corner near Hidden Peak of Mumbai,Hidden Peak of Mumbai,2.4,Local Market,4.2
Desi Dhaba near Mumbai Imperial Tomb,Mumbai Imperial Tomb,1.6,Food & Dining,4.4
Local Hub near Mumbai Imperial Tomb,Mumbai Imperial Tomb,2.6,Shopping,4.2
Local Market Corner near Mumbai Imperial Tomb,Mumbai Imperial Tomb,2.1,Local Market,4.1
The Spicy Corner near Blessed Mumbai Monastery,Blessed Mumbai Monastery,1.9,Food & Dining,4.8
Central Cooperative near Blessed Mumbai Monastery,Blessed Mumbai Monastery,3.1,Shopping,4.2
Photography Spot near Blessed Mumbai Monastery,Blessed Mumbai Monastery,0.9,Viewpoint,4.4
Bistro Diner near Adventure Camping Ridge of Mumbai,Adventure Camping Ridge of Mumbai,1.1,Food & Dining,3.8
Bustling Hub near Adventure Camping Ridge of Mumbai,Adventure Camping Ridge of Mumbai,3.1,Shopping,4.1
Transit Corner near Adventure Camping Ridge of Mumbai,Adventure Camping Ridge of Mumbai,1.8,Transit,4.4
Desi Spot near Mumbai Folk Amphitheatre,Mumbai Folk Amphitheatre,2.3,Food & Dining,4.6
Artisans Market near Mumbai Folk Amphitheatre,Mumbai Folk Amphitheatre,1.4,Shopping,3.9
Transit Corner near Mumbai Folk Amphitheatre,Mumbai Folk Amphitheatre,4.6,Transit,4.3
The Spicy Spot near Traditional Mumbai Spices Corner,Traditional Mumbai Spices Corner,0.3,Food & Dining,3.7
Traditional Emporium near Traditional Mumbai Spices Corner,Traditional Mumbai Spices Corner,2.8,Shopping,4.5
Transit Corner near Traditional Mumbai Spices Corner,Traditional Mumbai Spices Corner,0.5,Transit,3.6
Gourmet Cafe near Authentic Sweet Alley of Mumbai,Authentic Sweet Alley of Mumbai,0.9,Food & Dining,4.0
Traditional Cooperative near Authentic Sweet Alley of Mumbai,Authentic Sweet Alley of Mumbai,0.7,Shopping,3.9
Photography Spot near Authentic Sweet Alley of Mumbai,Authentic Sweet Alley of Mumbai,2.3,Activity,4.9
Cafe Dhaba near Mumbai Tech Amusement Park,Mumbai Tech Amusement Park,0.3,Food & Dining,4.7
Ethnic Flea Market near Mumbai Tech Amusement Park,Mumbai Tech Amusement Park,1.9,Shopping,3.6
Local Market Corner near Mumbai Tech Amusement Park,Mumbai Tech Amusement Park,4.2,Local Market,3.6
Royal Dhaba near Whispering Mumbai Gardens,Whispering Mumbai Gardens,0.3,Food & Dining,3.9
Souvenir Flea Market near Whispering Mumbai Gardens,Whispering Mumbai Gardens,2.0,Shopping,4.7
Boating Lake near Whispering Mumbai Gardens,Whispering Mumbai Gardens,4.6,Viewpoint,4.0
Chai Villa Chaat Bhandar near Royal Palace of Mumbai,Royal Palace of Mumbai,0.5,Food & Dining,4.2
Artisans Flea Market near Royal Palace of Mumbai,Royal Palace of Mumbai,2.8,Shopping,4.6
Sunset Deck near Royal Palace of Mumbai,Royal Palace of Mumbai,2.2,Viewpoint,3.7
Annapurna Point near Mumbai Blessed Monastery,Mumbai Blessed Monastery,0.2,Food & Dining,4.4
Handicrafts Flea Market near Mumbai Blessed Monastery,Mumbai Blessed Monastery,1.2,Shopping,4.5
Local Market Corner near Mumbai Blessed Monastery,Mumbai Blessed Monastery,2.1,Local Market,4.3
Annapurna Treats near Adventure Mumbai Paragliding Launch,Adventure Mumbai Paragliding Launch,2.1,Food & Dining,4.9
Handicrafts Arcade near Adventure Mumbai Paragliding Launch,Adventure Mumbai Paragliding Launch,1.2,Shopping,4.3
Transit Corner near Adventure Mumbai Paragliding Launch,Adventure Mumbai Paragliding Launch,0.8,Transit,4.2
Annapurna Dhaba near Artistic Cultural Theatre of Mumbai,Artistic Cultural Theatre of Mumbai,2.0,Food & Dining,4.2
Handicrafts Market near Artistic Cultural Theatre of Mumbai,Artistic Cultural Theatre of Mumbai,2.5,Shopping,4.4
Local Market Corner near Artistic Cultural Theatre of Mumbai,Artistic Cultural Theatre of Mumbai,2.1,Local Market,4.1
Street Dhaba near Mumbai Bustling Flea Market,Mumbai Bustling Flea Market,1.5,Food & Dining,4.0
Ethnic Bazaar near Mumbai Bustling Flea Market,Mumbai Bustling Flea Market,0.9,Shopping,4.6
Transit Corner near Mumbai Bustling Flea Market,Mumbai Bustling Flea Market,3.7,Transit,3.7
Street Chaat Bhandar near Culinary Mumbai Food Street,Culinary Mumbai Food Street,0.4,Food & Dining,3.6
Handicrafts Emporium near Culinary Mumbai Food Street,Culinary Mumbai Food Street,1.9,Shopping,4.0
Local Market Corner near Culinary Mumbai Food Street,Culinary Mumbai Food Street,2.0,Local Market,3.5
Laziz Spot near Infinity Botanical Conservatory of Mumbai,Infinity Botanical Conservatory of Mumbai,0.8,Food & Dining,3.6
Artisans Cooperative near Infinity Botanical Conservatory of Mumbai,Infinity Botanical Conservatory of Mumbai,2.4,Shopping,3.6
Local Market Corner near Infinity Botanical Conservatory of Mumbai,Infinity Botanical Conservatory of Mumbai,3.6,Local Market,4.8
Street Kitchen near Mumbai Golden Meadow,Mumbai Golden Meadow,1.1,Food & Dining,4.6
Local Bazaar near Mumbai Golden Meadow,Mumbai Golden Meadow,0.7,Shopping,4.1
Sunset Deck near Mumbai Golden Meadow,Mumbai Golden Meadow,2.9,Viewpoint,3.5
Annapurna Cafe near Historic Mumbai Heritage Centre,Historic Mumbai Heritage Centre,0.2,Food & Dining,4.5
Bustling Cooperative near Historic Mumbai Heritage Centre,Historic Mumbai Heritage Centre,2.5,Shopping,3.5
Transit Corner near Historic Mumbai Heritage Centre,Historic Mumbai Heritage Centre,1.1,Transit,4.5
Annapurna Treats near Blessed Monastery of Mumbai,Blessed Monastery of Mumbai,2.2,Food & Dining,3.9
Central Emporium near Blessed Monastery of Mumbai,Blessed Monastery of Mumbai,1.0,Shopping,4.1
Transit Corner near Blessed Monastery of Mumbai,Blessed Monastery of Mumbai,4.5,Transit,4.1
Street Corner near Mumbai Adventure Climbing Wall,Mumbai Adventure Climbing Wall,2.3,Food & Dining,4.8
Artisans Arcade near Mumbai Adventure Climbing Wall,Mumbai Adventure Climbing Wall,0.9,Shopping,3.7
Walkway Park near Mumbai Adventure Climbing Wall,Mumbai Adventure Climbing Wall,2.6,Activity,3.7
Gourmet Corner near Indigenous Mumbai Traditional Bazaar,Indigenous Mumbai Traditional Bazaar,1.3,Food & Dining,4.3
Handicrafts Hub near Indigenous Mumbai Traditional Bazaar,Indigenous Mumbai Traditional Bazaar,1.7,Shopping,4.1
Local Market Corner near Indigenous Mumbai Traditional Bazaar,Indigenous Mumbai Traditional Bazaar,2.3,Local Market,4.0
Cafe Cafe near Vibrant Market of Mumbai,Vibrant Market of Mumbai,1.4,Food & Dining,4.1
Souvenir Arcade near Vibrant Market of Mumbai,Vibrant Market of Mumbai,0.5,Shopping,4.4
Walkway Park near Vibrant Market of Mumbai,Vibrant Market of Mumbai,0.9,Viewpoint,4.4
Chai Villa Chaat Bhandar near Mumbai Delight Spice Lane,Mumbai Delight Spice Lane,1.4,Food & Dining,3.7
Traditional Market near Mumbai Delight Spice Lane,Mumbai Delight Spice Lane,1.5,Shopping,3.7
Transit Corner near Mumbai Delight Spice Lane,Mumbai Delight Spice Lane,4.8,Transit,3.8
The Spicy Diner near Metro Mumbai Science Arena,Metro Mumbai Science Arena,1.4,Food & Dining,4.2
Artisans Flea Market near Metro Mumbai Science Arena,Metro Mumbai Science Arena,1.1,Shopping,4.3
Local Market Corner near Metro Mumbai Science Arena,Metro Mumbai Science Arena,1.6,Local Market,4.9
Street Cafe near Scenic Peak of Mumbai,Scenic Peak of Mumbai,0.8,Food & Dining,4.8
Central Hub near Scenic Peak of Mumbai,Scenic Peak of Mumbai,2.4,Shopping,3.6
Sunset Deck near Scenic Peak of Mumbai,Scenic Peak of Mumbai,0.6,Activity,4.3
Royal Cafe near Mumbai Sovereign Memorial,Mumbai Sovereign Memorial,1.3,Food & Dining,4.3
Artisans Bazaar near Mumbai Sovereign Memorial,Mumbai Sovereign Memorial,3.1,Shopping,4.4
Transit Corner near Mumbai Sovereign Memorial,Mumbai Sovereign Memorial,2.3,Transit,4.6
Chai Villa Treats near Blessed Mumbai Monastery,Blessed Mumbai Monastery,2.4,Food & Dining,4.0
Handicrafts Arcade near Blessed Mumbai Monastery,Blessed Mumbai Monastery,1.8,Shopping,4.8
Transit Corner near Blessed Mumbai Monastery,Blessed Mumbai Monastery,1.1,Transit,4.7
Bistro Point near Adventure Safari Zone of Mumbai,Adventure Safari Zone of Mumbai,0.7,Food & Dining,4.1
Ethnic Cooperative near Adventure Safari Zone of Mumbai,Adventure Safari Zone of Mumbai,3.0,Shopping,4.5
Local Market Corner near Adventure Safari Zone of Mumbai,Adventure Safari Zone of Mumbai,1.4,Local Market,3.7
Chai Villa Diner near Mumbai Ethnic Amphitheatre,Mumbai Ethnic Amphitheatre,1.7,Food & Dining,3.8
Local Hub near Mumbai Ethnic Amphitheatre,Mumbai Ethnic Amphitheatre,2.3,Shopping,4.2
Transit Corner near Mumbai Ethnic Amphitheatre,Mumbai Ethnic Amphitheatre,3.3,Transit,4.1
The Spicy Spot near Central Mumbai Shopping Arcade,Central Mumbai Shopping Arcade,1.1,Food & Dining,4.1
Handicrafts Market near Central Mumbai Shopping Arcade,Central Mumbai Shopping Arcade,1.8,Shopping,4.5
Local Market Corner near Central Mumbai Shopping Arcade,Central Mumbai Shopping Arcade,2.9,Local Market,4.4
Street Dhaba near Legacy Gourmet Court of Mumbai,Legacy Gourmet Court of Mumbai,0.4,Food & Dining,4.8
Traditional Arcade near Legacy Gourmet Court of Mumbai,Legacy Gourmet Court of Mumbai,2.5,Shopping,3.7
Transit Corner near Legacy Gourmet Court of Mumbai,Legacy Gourmet Court of Mumbai,1.7,Transit,4.6
Chai Villa Chaat Bhandar near Mumbai Stellar Sky Deck,Mumbai Stellar Sky Deck,2.4,Food & Dining,4.0
Local Arcade near Mumbai Stellar Sky Deck,Mumbai Stellar Sky Deck,2.6,Shopping,4.2
Heritage Walk near Mumbai Stellar Sky Deck,Mumbai Stellar Sky Deck,0.8,Viewpoint,4.3
Royal Dhaba near Cloudy Mumbai Gardens,Cloudy Mumbai Gardens,2.4,Food & Dining,3.8
Bustling Market near Cloudy Mumbai Gardens,Cloudy Mumbai Gardens,0.5,Shopping,4.3
Hiking Point near Cloudy Mumbai Gardens,Cloudy Mumbai Gardens,1.0,Activity,4.6
Desi Bakery near Grand Castle of Mumbai,Grand Castle of Mumbai,0.2,Food & Dining,4.5
Souvenir Hub near Grand Castle of Mumbai,Grand Castle of Mumbai,3.4,Shopping,3.9
Local Market Corner near Grand Castle of Mumbai,Grand Castle of Mumbai,2.0,Local Market,4.5
Annapurna Spot near Mumbai Blessed Monastery,Mumbai Blessed Monastery,1.7,Food & Dining,3.8
Local Flea Market near Mumbai Blessed Monastery,Mumbai Blessed Monastery,3.1,Shopping,3.6
Boating Lake near Mumbai Blessed Monastery,Mumbai Blessed Monastery,2.8,Viewpoint,4.7
Annapurna Chaat Bhandar near Adventure Mumbai Trekking Trail,Adventure Mumbai Trekking Trail,1.0,Food & Dining,4.6
Souvenir Flea Market near Adventure Mumbai Trekking Trail,Adventure Mumbai Trekking Trail,1.4,Shopping,4.2
Walkway Park near Adventure Mumbai Trekking Trail,Adventure Mumbai Trekking Trail,2.1,Activity,4.3
Street Point near Classical Cultural Theatre of Mumbai,Classical Cultural Theatre of Mumbai,0.4,Food & Dining,4.9
Bustling Arcade near Classical Cultural Theatre of Mumbai,Classical Cultural Theatre of Mumbai,1.9,Shopping,4.5
Transit Corner near Classical Cultural Theatre of Mumbai,Classical Cultural Theatre of Mumbai,1.0,Transit,3.7
Annapurna Cafe near Mumbai Craft Bazaar,Mumbai Craft Bazaar,0.2,Food & Dining,3.7
Souvenir Cooperative near Mumbai Craft Bazaar,Mumbai Craft Bazaar,3.0,Shopping,4.2
Local Market Corner near Mumbai Craft Bazaar,Mumbai Craft Bazaar,2.9,Local Market,5.0
Laziz Corner near Flavors Mumbai Chaat Corner,Flavors Mumbai Chaat Corner,0.2,Food & Dining,4.1
Handicrafts Corner near Flavors Mumbai Chaat Corner,Flavors Mumbai Chaat Corner,1.7,Shopping,3.8
Photography Spot near Flavors Mumbai Chaat Corner,Flavors Mumbai Chaat Corner,1.0,Activity,4.8
Chai Villa Chaat Bhandar near Futuristic Planetarium of Mumbai,Futuristic Planetarium of Mumbai,1.8,Food & Dining,4.0
Bustling Emporium near Futuristic Planetarium of Mumbai,Futuristic Planetarium of Mumbai,3.5,Shopping,3.8
Local Market Corner near Futuristic Planetarium of Mumbai,Futuristic Planetarium of Mumbai,2.1,Local Market,4.9
Annapurna Diner near Mumbai Hidden Meadow,Mumbai Hidden Meadow,0.4,Food & Dining,4.2
Souvenir Emporium near Mumbai Hidden Meadow,Mumbai Hidden Meadow,2.5,Shopping,3.6
Cable Car Station near Mumbai Hidden Meadow,Mumbai Hidden Meadow,1.7,Viewpoint,3.9
Desi Dhaba near Victorian Mumbai Tomb,Victorian Mumbai Tomb,1.5,Food & Dining,3.6
Ethnic Emporium near Victorian Mumbai Tomb,Victorian Mumbai Tomb,0.7,Shopping,3.7
Heritage Walk near Victorian Mumbai Tomb,Victorian Mumbai Tomb,3.3,Activity,5.0
Gourmet Kitchen near Blessed Monastery of Mumbai,Blessed Monastery of Mumbai,0.3,Food & Dining,4.0
Souvenir Bazaar near Blessed Monastery of Mumbai,Blessed Monastery of Mumbai,1.3,Shopping,4.6
Transit Corner near Blessed Monastery of Mumbai,Blessed Monastery of Mumbai,3.4,Transit,3.7
Annapurna Cafe near Mumbai Adventure Zip-line Valley,Mumbai Adventure Zip-line Valley,0.1,Food & Dining,4.6
Bustling Hub near Mumbai Adventure Zip-line Valley,Mumbai Adventure Zip-line Valley,1.8,Shopping,3.6
Hiking Point near Mumbai Adventure Zip-line Valley,Mumbai Adventure Zip-line Valley,1.2,Activity,3.7
Bistro Dhaba near Legacy Mumbai Traditional Bazaar,Legacy Mumbai Traditional Bazaar,1.2,Food & Dining,3.9
Bustling Corner near Legacy Mumbai Traditional Bazaar,Legacy Mumbai Traditional Bazaar,1.0,Shopping,4.1
Local Market Corner near Legacy Mumbai Traditional Bazaar,Legacy Mumbai Traditional Bazaar,4.4,Local Market,4.0
Chai Villa Point near Emerald Falls of Pune,Emerald Falls of Pune,0.3,Food & Dining,3.6
Central Emporium near Emerald Falls of Pune,Emerald Falls of Pune,0.9,Shopping,3.8
Local Market Corner near Emerald Falls of Pune,Emerald Falls of Pune,4.0,Local Market,3.9
Bistro Cafe near Pune Imperial Gateway,Pune Imperial Gateway,0.7,Food & Dining,4.5
Traditional Emporium near Pune Imperial Gateway,Pune Imperial Gateway,0.5,Shopping,4.0
Local Market Corner near Pune Imperial Gateway,Pune Imperial Gateway,3.8,Local Market,4.4
Desi Chaat Bhandar near Tranquil Pune Temple,Tranquil Pune Temple,1.4,Food & Dining,3.7
Central Market near Tranquil Pune Temple,Tranquil Pune Temple,3.2,Shopping,4.4
Adventure Cliff near Tranquil Pune Temple,Tranquil Pune Temple,1.9,Activity,5.0
Gourmet Bakery near Extreme Rafting Camp of Pune,Extreme Rafting Camp of Pune,1.6,Food & Dining,3.8
Local Flea Market near Extreme Rafting Camp of Pune,Extreme Rafting Camp of Pune,0.3,Shopping,4.2
Local Market Corner near Extreme Rafting Camp of Pune,Extreme Rafting Camp of Pune,0.8,Local Market,4.9
Cafe Cafe near Pune Legacy Folk Centre,Pune Legacy Folk Centre,0.1,Food & Dining,4.1
Handicrafts Hub near Pune Legacy Folk Centre,Pune Legacy Folk Centre,1.8,Shopping,4.3
Walkway Park near Pune Legacy Folk Centre,Pune Legacy Folk Centre,1.5,Viewpoint,4.6
Cafe Spot near Royal Pune Emporium,Royal Pune Emporium,1.9,Food & Dining,4.8
Traditional Hub near Royal Pune Emporium,Royal Pune Emporium,0.4,Shopping,3.8
Heritage Walk near Royal Pune Emporium,Royal Pune Emporium,4.0,Activity,4.5
Bistro Bakery near Traditional Dhaba Zone of Pune,Traditional Dhaba Zone of Pune,2.1,Food & Dining,3.8
Handicrafts Emporium near Traditional Dhaba Zone of Pune,Traditional Dhaba Zone of Pune,1.2,Shopping,4.0
Local Market Corner near Traditional Dhaba Zone of Pune,Traditional Dhaba Zone of Pune,1.8,Local Market,4.6
Bistro Point near Pune Cosmo Aquarium,Pune Cosmo Aquarium,1.5,Food & Dining,3.9
Artisans Corner near Pune Cosmo Aquarium,Pune Cosmo Aquarium,1.4,Shopping,3.8
Hiking Point near Pune Cosmo Aquarium,Pune Cosmo Aquarium,4.0,Activity,3.5
Cafe Bakery near Silent Pune Cave,Silent Pune Cave,1.7,Food & Dining,4.2
Bustling Emporium near Silent Pune Cave,Silent Pune Cave,1.4,Shopping,4.4
Transit Corner near Silent Pune Cave,Silent Pune Cave,1.9,Transit,4.8
Street Diner near Royal Ruin of Pune,Royal Ruin of Pune,1.6,Food & Dining,4.0
Local Market near Royal Ruin of Pune,Royal Ruin of Pune,2.7,Shopping,3.7
Transit Corner near Royal Ruin of Pune,Royal Ruin of Pune,4.0,Transit,4.9
Gourmet Bakery near Pune Tranquil Temple,Pune Tranquil Temple,0.2,Food & Dining,3.8
Artisans Corner near Pune Tranquil Temple,Pune Tranquil Temple,2.1,Shopping,4.1
Transit Corner near Pune Tranquil Temple,Pune Tranquil Temple,3.3,Transit,4.7
Desi Corner near Extreme Pune Camping Ridge,Extreme Pune Camping Ridge,0.1,Food & Dining,4.5
Ethnic Cooperative near Extreme Pune Camping Ridge,Extreme Pune Camping Ridge,2.4,Shopping,4.6
Sunset Deck near Extreme Pune Camping Ridge,Extreme Pune Camping Ridge,1.9,Viewpoint,3.7
Desi Kitchen near Creative Art Village of Pune,Creative Art Village of Pune,2.0,Food & Dining,3.7
Ethnic Market near Creative Art Village of Pune,Creative Art Village of Pune,3.1,Shopping,4.8
Transit Corner near Creative Art Village of Pune,Creative Art Village of Pune,0.3,Transit,3.6
Laziz Dhaba near Pune Local Spices Corner,Pune Local Spices Corner,1.4,Food & Dining,3.7
Local Bazaar near Pune Local Spices Corner,Pune Local Spices Corner,1.4,Shopping,3.7
Hiking Point near Pune Local Spices Corner,Pune Local Spices Corner,2.8,Viewpoint,3.9
Cafe Chaat Bhandar near Savory Pune Sweet Alley,Savory Pune Sweet Alley,2.5,Food & Dining,3.6
Handicrafts Corner near Savory Pune Sweet Alley,Savory Pune Sweet Alley,1.6,Shopping,3.6
Transit Corner near Savory Pune Sweet Alley,Savory Pune Sweet Alley,0.8,Transit,4.8
The Spicy Spot near Apex Amusement Park of Pune,Apex Amusement Park of Pune,1.2,Food & Dining,4.3
Souvenir Hub near Apex Amusement Park of Pune,Apex Amusement Park of Pune,2.9,Shopping,4.7
Boating Lake near Apex Amusement Park of Pune,Apex Amusement Park of Pune,4.5,Activity,3.8
Laziz Chaat Bhandar near Pune Mist-Clad Sunset Point,Pune Mist-Clad Sunset Point,1.1,Food & Dining,3.6
Artisans Arcade near Pune Mist-Clad Sunset Point,Pune Mist-Clad Sunset Point,1.7,Shopping,4.1
Adventure Cliff near Pune Mist-Clad Sunset Point,Pune Mist-Clad Sunset Point,2.4,Activity,4.9
The Spicy Chaat Bhandar near Historic Pune Ancient Caves,Historic Pune Ancient Caves,0.1,Food & Dining,4.7
Traditional Bazaar near Historic Pune Ancient Caves,Historic Pune Ancient Caves,0.7,Shopping,3.9
Local Market Corner near Historic Pune Ancient Caves,Historic Pune Ancient Caves,0.4,Local Market,4.7
Annapurna Treats near Tranquil Temple of Pune,Tranquil Temple of Pune,1.9,Food & Dining,4.6
Handicrafts Arcade near Tranquil Temple of Pune,Tranquil Temple of Pune,0.7,Shopping,4.7
Photography Spot near Tranquil Temple of Pune,Tranquil Temple of Pune,3.1,Activity,3.9
Cafe Chaat Bhandar near Pune Extreme Paragliding Launch,Pune Extreme Paragliding Launch,2.3,Food & Dining,4.0
Artisans Cooperative near Pune Extreme Paragliding Launch,Pune Extreme Paragliding Launch,1.7,Shopping,4.5
Local Market Corner near Pune Extreme Paragliding Launch,Pune Extreme Paragliding Launch,2.2,Local Market,4.8
The Spicy Spot near Folk Pune Heritage Craft Complex,Folk Pune Heritage Craft Complex,0.5,Food & Dining,4.2
Handicrafts Bazaar near Folk Pune Heritage Craft Complex,Folk Pune Heritage Craft Complex,0.2,Shopping,4.7
Boating Lake near Folk Pune Heritage Craft Complex,Folk Pune Heritage Craft Complex,1.3,Activity,4.9
Street Spot near Traditional Flea Market of Pune,Traditional Flea Market of Pune,0.6,Food & Dining,4.2
Bustling Market near Traditional Flea Market of Pune,Traditional Flea Market of Pune,0.3,Shopping,4.1
Sunset Deck near Traditional Flea Market of Pune,Traditional Flea Market of Pune,4.7,Viewpoint,3.7
Gourmet Point near Pune Authentic Food Street,Pune Authentic Food Street,0.6,Food & Dining,4.1
Local Emporium near Pune Authentic Food Street,Pune Authentic Food Street,3.1,Shopping,3.8
Walkway Park near Pune Authentic Food Street,Pune Authentic Food Street,1.8,Viewpoint,3.7
Chai Villa Diner near Tech Pune Botanical Conservatory,Tech Pune Botanical Conservatory,1.2,Food & Dining,4.1
Bustling Cooperative near Tech Pune Botanical Conservatory,Tech Pune Botanical Conservatory,3.5,Shopping,4.1
Hiking Point near Tech Pune Botanical Conservatory,Tech Pune Botanical Conservatory,0.5,Activity,4.8
Desi Diner near Serene Falls of Pune,Serene Falls of Pune,2.1,Food & Dining,3.7
Artisans Emporium near Serene Falls of Pune,Serene Falls of Pune,2.3,Shopping,3.8
Sunset Deck near Serene Falls of Pune,Serene Falls of Pune,3.2,Viewpoint,3.8
Chai Villa Bakery near Pune Sovereign Fort,Pune Sovereign Fort,1.7,Food & Dining,3.6
Handicrafts Emporium near Pune Sovereign Fort,Pune Sovereign Fort,1.5,Shopping,4.3
Transit Corner near Pune Sovereign Fort,Pune Sovereign Fort,4.7,Transit,4.8
The Spicy Kitchen near Tranquil Pune Temple,Tranquil Pune Temple,2.4,Food & Dining,4.0
Traditional Bazaar near Tranquil Pune Temple,Tranquil Pune Temple,2.3,Shopping,4.2
Local Market Corner near Tranquil Pune Temple,Tranquil Pune Temple,2.6,Local Market,4.0
Cafe Diner near Extreme Climbing Wall of Pune,Extreme Climbing Wall of Pune,2.4,Food & Dining,3.8
Central Emporium near Extreme Climbing Wall of Pune,Extreme Climbing Wall of Pune,3.3,Shopping,4.1
Local Market Corner near Extreme Climbing Wall of Pune,Extreme Climbing Wall of Pune,1.6,Local Market,4.1
Cafe Dhaba near Pune Artistic Folk Centre,Pune Artistic Folk Centre,0.4,Food & Dining,3.8
Ethnic Flea Market near Pune Artistic Folk Centre,Pune Artistic Folk Centre,1.9,Shopping,4.4
Local Market Corner near Pune Artistic Folk Centre,Pune Artistic Folk Centre,4.2,Local Market,4.3
Chai Villa Treats near Bustling Pune Market,Bustling Pune Market,1.6,Food & Dining,3.7
Artisans Corner near Bustling Pune Market,Bustling Pune Market,3.5,Shopping,4.1
Cable Car Station near Bustling Pune Market,Bustling Pune Market,4.3,Activity,4.9
Street Point near Culinary Spice Lane of Pune,Culinary Spice Lane of Pune,0.6,Food & Dining,4.7
Handicrafts Market near Culinary Spice Lane of Pune,Culinary Spice Lane of Pune,0.4,Shopping,4.0
Transit Corner near Culinary Spice Lane of Pune,Culinary Spice Lane of Pune,0.5,Transit,3.9
Desi Cafe near Pune Infinity Science Arena,Pune Infinity Science Arena,0.3,Food & Dining,4.2
Central Market near Pune Infinity Science Arena,Pune Infinity Science Arena,2.3,Shopping,4.2
Transit Corner near Pune Infinity Science Arena,Pune Infinity Science Arena,1.1,Transit,4.5
Street Kitchen near Silver Pune Cave,Silver Pune Cave,1.1,Food & Dining,4.6
Handicrafts Cooperative near Silver Pune Cave,Silver Pune Cave,2.5,Shopping,3.9
Transit Corner near Silver Pune Cave,Silver Pune Cave,3.1,Transit,4.1
Desi Kitchen near Grand Museum of Pune,Grand Museum of Pune,1.0,Food & Dining,4.7
Ethnic Market near Grand Museum of Pune,Grand Museum of Pune,2.9,Shopping,4.6
Adventure Cliff near Grand Museum of Pune,Grand Museum of Pune,4.3,Viewpoint,4.6
Street Kitchen near Pune Tranquil Temple,Pune Tranquil Temple,1.3,Food & Dining,3.9
Traditional Flea Market near Pune Tranquil Temple,Pune Tranquil Temple,0.3,Shopping,4.1
Sunset Deck near Pune Tranquil Temple,Pune Tranquil Temple,3.5,Viewpoint,3.8
Chai Villa Corner near Extreme Pune Safari Zone,Extreme Pune Safari Zone,2.2,Food & Dining,4.8
Artisans Market near Extreme Pune Safari Zone,Extreme Pune Safari Zone,1.9,Shopping,4.0
Transit Corner near Extreme Pune Safari Zone,Extreme Pune Safari Zone,1.8,Transit,4.1
Bistro Point near Indigenous Art Village of Pune,Indigenous Art Village of Pune,0.7,Food & Dining,3.9
Souvenir Cooperative near Indigenous Art Village of Pune,Indigenous Art Village of Pune,3.3,Shopping,4.4
Adventure Cliff near Indigenous Art Village of Pune,Indigenous Art Village of Pune,0.4,Viewpoint,4.7
Desi Corner near Pune Vibrant Shopping Arcade,Pune Vibrant Shopping Arcade,1.7,Food & Dining,4.0
Traditional Flea Market near Pune Vibrant Shopping Arcade,Pune Vibrant Shopping Arcade,0.4,Shopping,3.8
Local Market Corner near Pune Vibrant Shopping Arcade,Pune Vibrant Shopping Arcade,2.8,Local Market,4.5
Gourmet Cafe near Delight Pune Gourmet Court,Delight Pune Gourmet Court,1.0,Food & Dining,4.4
Central Corner near Delight Pune Gourmet Court,Delight Pune Gourmet Court,2.7,Shopping,4.3
Heritage Walk near Delight Pune Gourmet Court,Delight Pune Gourmet Court,4.2,Activity,3.9
Gourmet Bakery near Metro Sky Deck of Pune,Metro Sky Deck of Pune,0.7,Food & Dining,3.6
Local Hub near Metro Sky Deck of Pune,Metro Sky Deck of Pune,2.6,Shopping,3.7
Transit Corner near Metro Sky Deck of Pune,Metro Sky Deck of Pune,4.2,Transit,4.7
Street Bakery near Pune Emerald Sunset Point,Pune Emerald Sunset Point,2.0,Food & Dining,3.9
Bustling Flea Market near Pune Emerald Sunset Point,Pune Emerald Sunset Point,0.7,Shopping,4.7
Boating Lake near Pune Emerald Sunset Point,Pune Emerald Sunset Point,2.1,Activity,4.2
Street Cafe near Victorian Pune Gateway,Victorian Pune Gateway,1.7,Food & Dining,3.7
Central Corner near Victorian Pune Gateway,Victorian Pune Gateway,0.3,Shopping,3.6
Transit Corner near Victorian Pune Gateway,Victorian Pune Gateway,4.3,Transit,4.2
Street Spot near Tranquil Temple of Pune,Tranquil Temple of Pune,0.9,Food & Dining,4.6
Souvenir Market near Tranquil Temple of Pune,Tranquil Temple of Pune,1.8,Shopping,4.3
Local Market Corner near Tranquil Temple of Pune,Tranquil Temple of Pune,3.2,Local Market,3.5
Laziz Dhaba near Pune Extreme Trekking Trail,Pune Extreme Trekking Trail,1.9,Food & Dining,4.7
Ethnic Flea Market near Pune Extreme Trekking Trail,Pune Extreme Trekking Trail,1.0,Shopping,4.6
Boating Lake near Pune Extreme Trekking Trail,Pune Extreme Trekking Trail,1.6,Viewpoint,4.3
Laziz Spot near Ethnic Pune Heritage Craft Complex,Ethnic Pune Heritage Craft Complex,2.3,Food & Dining,3.6
Central Emporium near Ethnic Pune Heritage Craft Complex,Ethnic Pune Heritage Craft Complex,0.6,Shopping,4.4
Adventure Cliff near Ethnic Pune Heritage Craft Complex,Ethnic Pune Heritage Craft Complex,2.4,Activity,4.2
Royal Spot near Hidden Beach of Mahabaleshwar,Hidden Beach of Mahabaleshwar,0.8,Food & Dining,4.4
Artisans Corner near Hidden Beach of Mahabaleshwar,Hidden Beach of Mahabaleshwar,1.3,Shopping,3.6
Local Market Corner near Hidden Beach of Mahabaleshwar,Hidden Beach of Mahabaleshwar,2.3,Local Market,4.4
The Spicy Kitchen near Mahabaleshwar Imperial Tomb,Mahabaleshwar Imperial Tomb,2.3,Food & Dining,4.4
Central Flea Market near Mahabaleshwar Imperial Tomb,Mahabaleshwar Imperial Tomb,3.2,Shopping,4.7
Transit Corner near Mahabaleshwar Imperial Tomb,Mahabaleshwar Imperial Tomb,1.7,Transit,4.8
Desi Diner near Holy Mahabaleshwar Ashram,Holy Mahabaleshwar Ashram,0.8,Food & Dining,4.1
Ethnic Emporium near Holy Mahabaleshwar Ashram,Holy Mahabaleshwar Ashram,2.5,Shopping,4.3
Sunset Deck near Holy Mahabaleshwar Ashram,Holy Mahabaleshwar Ashram,1.3,Activity,4.3
Royal Chaat Bhandar near Summit Zip-line Valley of Mahabaleshwar,Summit Zip-line Valley of Mahabaleshwar,0.9,Food & Dining,3.7
Bustling Cooperative near Summit Zip-line Valley of Mahabaleshwar,Summit Zip-line Valley of Mahabaleshwar,2.0,Shopping,3.6
Transit Corner near Summit Zip-line Valley of Mahabaleshwar,Summit Zip-line Valley of Mahabaleshwar,2.2,Transit,4.5
Desi Diner near Mahabaleshwar Ethnic Amphitheatre,Mahabaleshwar Ethnic Amphitheatre,1.0,Food & Dining,4.7
Local Hub near Mahabaleshwar Ethnic Amphitheatre,Mahabaleshwar Ethnic Amphitheatre,3.1,Shopping,4.4
Transit Corner near Mahabaleshwar Ethnic Amphitheatre,Mahabaleshwar Ethnic Amphitheatre,3.5,Transit,4.1
Street Spot near Central Mahabaleshwar Cooperative Store,Central Mahabaleshwar Cooperative Store,2.3,Food & Dining,4.5
Traditional Hub near Central Mahabaleshwar Cooperative Store,Central Mahabaleshwar Cooperative Store,1.7,Shopping,4.7
Transit Corner near Central Mahabaleshwar Cooperative Store,Central Mahabaleshwar Cooperative Store,2.6,Transit,4.2
Gourmet Dhaba near Legacy Historic Cafe of Mahabaleshwar,Legacy Historic Cafe of Mahabaleshwar,0.2,Food & Dining,4.1
Handicrafts Cooperative near Legacy Historic Cafe of Mahabaleshwar,Legacy Historic Cafe of Mahabaleshwar,1.9,Shopping,3.7
Cable Car Station near Legacy Historic Cafe of Mahabaleshwar,Legacy Historic Cafe of Mahabaleshwar,1.4,Viewpoint,4.9
Desi Point near Mahabaleshwar Stellar Art Gallery,Mahabaleshwar Stellar Art Gallery,0.8,Food & Dining,4.6
Ethnic Emporium near Mahabaleshwar Stellar Art Gallery,Mahabaleshwar Stellar Art Gallery,1.6,Shopping,4.2
Transit Corner near Mahabaleshwar Stellar Art Gallery,Mahabaleshwar Stellar Art Gallery,4.1,Transit,4.2
Street Point near Whispering Mahabaleshwar Wildlife Reserve,Whispering Mahabaleshwar Wildlife Reserve,1.6,Food & Dining,4.3
Traditional Corner near Whispering Mahabaleshwar Wildlife Reserve,Whispering Mahabaleshwar Wildlife Reserve,3.0,Shopping,3.5
Local Market Corner near Whispering Mahabaleshwar Wildlife Reserve,Whispering Mahabaleshwar Wildlife Reserve,1.0,Local Market,5.0
Annapurna Treats near Royal Palace of Mahabaleshwar,Royal Palace of Mahabaleshwar,0.3,Food & Dining,3.8
Traditional Hub near Royal Palace of Mahabaleshwar,Royal Palace of Mahabaleshwar,2.4,Shopping,4.3
Adventure Cliff near Royal Palace of Mahabaleshwar,Royal Palace of Mahabaleshwar,4.8,Activity,4.7
Royal Corner near Mahabaleshwar Holy Ashram,Mahabaleshwar Holy Ashram,1.7,Food & Dining,4.0
Bustling Cooperative near Mahabaleshwar Holy Ashram,Mahabaleshwar Holy Ashram,2.2,Shopping,3.8
Cable Car Station near Mahabaleshwar Holy Ashram,Mahabaleshwar Holy Ashram,4.0,Viewpoint,3.5
Desi Corner near Summit Mahabaleshwar Rafting Camp,Summit Mahabaleshwar Rafting Camp,1.8,Food & Dining,4.7
Handicrafts Cooperative near Summit Mahabaleshwar Rafting Camp,Summit Mahabaleshwar Rafting Camp,0.6,Shopping,4.4
Heritage Walk near Summit Mahabaleshwar Rafting Camp,Summit Mahabaleshwar Rafting Camp,3.7,Activity,3.8
Chai Villa Spot near Classical Cultural Theatre of Mahabaleshwar,Classical Cultural Theatre of Mahabaleshwar,1.6,Food & Dining,4.3
Bustling Corner near Classical Cultural Theatre of Mahabaleshwar,Classical Cultural Theatre of Mahabaleshwar,3.1,Shopping,4.1
Local Market Corner near Classical Cultural Theatre of Mahabaleshwar,Classical Cultural Theatre of Mahabaleshwar,2.8,Local Market,4.1
The Spicy Diner near Mahabaleshwar Craft Emporium,Mahabaleshwar Craft Emporium,1.8,Food & Dining,4.6
Local Corner near Mahabaleshwar Craft Emporium,Mahabaleshwar Craft Emporium,2.2,Shopping,4.3
Transit Corner near Mahabaleshwar Craft Emporium,Mahabaleshwar Craft Emporium,1.4,Transit,3.8
Cafe Dhaba near Flavors Mahabaleshwar Dhaba Zone,Flavors Mahabaleshwar Dhaba Zone,2.4,Food & Dining,3.9
Artisans Emporium near Flavors Mahabaleshwar Dhaba Zone,Flavors Mahabaleshwar Dhaba Zone,2.3,Shopping,4.5
Transit Corner near Flavors Mahabaleshwar Dhaba Zone,Flavors Mahabaleshwar Dhaba Zone,4.7,Transit,3.8
Laziz Bakery near Futuristic Aquarium of Mahabaleshwar,Futuristic Aquarium of Mahabaleshwar,1.6,Food & Dining,3.7
Bustling Bazaar near Futuristic Aquarium of Mahabaleshwar,Futuristic Aquarium of Mahabaleshwar,0.5,Shopping,4.4
Boating Lake near Futuristic Aquarium of Mahabaleshwar,Futuristic Aquarium of Mahabaleshwar,2.0,Viewpoint,4.8
Bistro Cafe near Mahabaleshwar Golden Lake,Mahabaleshwar Golden Lake,0.2,Food & Dining,4.4
Ethnic Hub near Mahabaleshwar Golden Lake,Mahabaleshwar Golden Lake,0.6,Shopping,3.6
Local Market Corner near Mahabaleshwar Golden Lake,Mahabaleshwar Golden Lake,3.9,Local Market,4.6
Desi Corner near Historic Mahabaleshwar Heritage Centre,Historic Mahabaleshwar Heritage Centre,0.5,Food & Dining,4.7
Bustling Market near Historic Mahabaleshwar Heritage Centre,Historic Mahabaleshwar Heritage Centre,3.2,Shopping,4.6
Adventure Cliff near Historic Mahabaleshwar Heritage Centre,Historic Mahabaleshwar Heritage Centre,1.1,Activity,3.9
Gourmet Corner near Holy Ashram of Mahabaleshwar,Holy Ashram of Mahabaleshwar,1.7,Food & Dining,3.5
Handicrafts Flea Market near Holy Ashram of Mahabaleshwar,Holy Ashram of Mahabaleshwar,3.2,Shopping,4.0
Cable Car Station near Holy Ashram of Mahabaleshwar,Holy Ashram of Mahabaleshwar,1.4,Activity,3.6
Street Spot near Mahabaleshwar Summit Camping Ridge,Mahabaleshwar Summit Camping Ridge,2.3,Food & Dining,3.9
Traditional Arcade near Mahabaleshwar Summit Camping Ridge,Mahabaleshwar Summit Camping Ridge,1.2,Shopping,3.6
Sunset Deck near Mahabaleshwar Summit Camping Ridge,Mahabaleshwar Summit Camping Ridge,4.3,Viewpoint,4.9
Cafe Kitchen near Legacy Mahabaleshwar Traditional Bazaar,Legacy Mahabaleshwar Traditional Bazaar,1.5,Food & Dining,4.1
Souvenir Market near Legacy Mahabaleshwar Traditional Bazaar,Legacy Mahabaleshwar Traditional Bazaar,1.4,Shopping,4.0
Hiking Point near Legacy Mahabaleshwar Traditional Bazaar,Legacy Mahabaleshwar Traditional Bazaar,3.5,Viewpoint,4.1
Annapurna Bakery near Royal Spices Corner of Mahabaleshwar,Royal Spices Corner of Mahabaleshwar,1.1,Food & Dining,3.9
Artisans Arcade near Royal Spices Corner of Mahabaleshwar,Royal Spices Corner of Mahabaleshwar,0.3,Shopping,4.1
Local Market Corner near Royal Spices Corner of Mahabaleshwar,Royal Spices Corner of Mahabaleshwar,1.5,Local Market,4.0
Cafe Dhaba near Mahabaleshwar Traditional Sweet Alley,Mahabaleshwar Traditional Sweet Alley,0.3,Food & Dining,4.3
Artisans Arcade near Mahabaleshwar Traditional Sweet Alley,Mahabaleshwar Traditional Sweet Alley,1.0,Shopping,3.8
Photography Spot near Mahabaleshwar Traditional Sweet Alley,Mahabaleshwar Traditional Sweet Alley,3.3,Activity,4.4
Street Cafe near Cosmo Mahabaleshwar Amusement Park,Cosmo Mahabaleshwar Amusement Park,1.3,Food & Dining,3.6
Central Corner near Cosmo Mahabaleshwar Amusement Park,Cosmo Mahabaleshwar Amusement Park,0.4,Shopping,4.5
Walkway Park near Cosmo Mahabaleshwar Amusement Park,Cosmo Mahabaleshwar Amusement Park,4.7,Viewpoint,3.9
Bistro Spot near Scenic Beach of Mahabaleshwar,Scenic Beach of Mahabaleshwar,2.0,Food & Dining,3.6
Traditional Flea Market near Scenic Beach of Mahabaleshwar,Scenic Beach of Mahabaleshwar,1.3,Shopping,3.5
Walkway Park near Scenic Beach of Mahabaleshwar,Scenic Beach of Mahabaleshwar,1.2,Activity,4.0
The Spicy Bakery near Mahabaleshwar Sovereign Memorial,Mahabaleshwar Sovereign Memorial,0.8,Food & Dining,4.8
Artisans Flea Market near Mahabaleshwar Sovereign Memorial,Mahabaleshwar Sovereign Memorial,2.2,Shopping,4.3
Local Market Corner near Mahabaleshwar Sovereign Memorial,Mahabaleshwar Sovereign Memorial,3.2,Local Market,4.1
The Spicy Point near Holy Mahabaleshwar Ashram,Holy Mahabaleshwar Ashram,0.4,Food & Dining,4.1
Handicrafts Bazaar near Holy Mahabaleshwar Ashram,Holy Mahabaleshwar Ashram,1.2,Shopping,4.4
Adventure Cliff near Holy Mahabaleshwar Ashram,Holy Mahabaleshwar Ashram,2.3,Activity,4.9
Chai Villa Point near Summit Paragliding Launch of Mahabaleshwar,Summit Paragliding Launch of Mahabaleshwar,2.4,Food & Dining,3.9
Bustling Bazaar near Summit Paragliding Launch of Mahabaleshwar,Summit Paragliding Launch of Mahabaleshwar,2.6,Shopping,4.2
Hiking Point near Summit Paragliding Launch of Mahabaleshwar,Summit Paragliding Launch of Mahabaleshwar,2.0,Viewpoint,4.9
The Spicy Chaat Bhandar near Mahabaleshwar Creative Amphitheatre,Mahabaleshwar Creative Amphitheatre,2.2,Food & Dining,3.8
Local Flea Market near Mahabaleshwar Creative Amphitheatre,Mahabaleshwar Creative Amphitheatre,2.9,Shopping,4.5
Heritage Walk near Mahabaleshwar Creative Amphitheatre,Mahabaleshwar Creative Amphitheatre,3.0,Viewpoint,3.8
Gourmet Chaat Bhandar near Local Mahabaleshwar Flea Market,Local Mahabaleshwar Flea Market,1.0,Food & Dining,4.5
Ethnic Market near Local Mahabaleshwar Flea Market,Local Mahabaleshwar Flea Market,3.4,Shopping,4.6
Walkway Park near Local Mahabaleshwar Flea Market,Local Mahabaleshwar Flea Market,4.8,Viewpoint,4.6
Royal Bakery near Savory Food Street of Mahabaleshwar,Savory Food Street of Mahabaleshwar,1.9,Food & Dining,4.8
Central Bazaar near Savory Food Street of Mahabaleshwar,Savory Food Street of Mahabaleshwar,3.1,Shopping,4.1
Boating Lake near Savory Food Street of Mahabaleshwar,Savory Food Street of Mahabaleshwar,2.7,Viewpoint,4.9
Desi Treats near Mahabaleshwar Apex Botanical Conservatory,Mahabaleshwar Apex Botanical Conservatory,0.7,Food & Dining,3.7
Bustling Market near Mahabaleshwar Apex Botanical Conservatory,Mahabaleshwar Apex Botanical Conservatory,1.8,Shopping,4.0
Transit Corner near Mahabaleshwar Apex Botanical Conservatory,Mahabaleshwar Apex Botanical Conservatory,0.3,Transit,4.4
The Spicy Diner near Cloudy Mahabaleshwar Wildlife Reserve,Cloudy Mahabaleshwar Wildlife Reserve,1.2,Food & Dining,4.4
Local Flea Market near Cloudy Mahabaleshwar Wildlife Reserve,Cloudy Mahabaleshwar Wildlife Reserve,1.0,Shopping,4.8
Local Market Corner near Cloudy Mahabaleshwar Wildlife Reserve,Cloudy Mahabaleshwar Wildlife Reserve,2.9,Local Market,3.9
Annapurna Kitchen near Grand Castle of Mahabaleshwar,Grand Castle of Mahabaleshwar,0.6,Food & Dining,4.8
Central Arcade near Grand Castle of Mahabaleshwar,Grand Castle of Mahabaleshwar,1.6,Shopping,4.4
Transit Corner near Grand Castle of Mahabaleshwar,Grand Castle of Mahabaleshwar,3.6,Transit,4.6
Cafe Dhaba near Mahabaleshwar Holy Ashram,Mahabaleshwar Holy Ashram,2.0,Food & Dining,4.5
Handicrafts Corner near Mahabaleshwar Holy Ashram,Mahabaleshwar Holy Ashram,0.5,Shopping,4.5
Transit Corner near Mahabaleshwar Holy Ashram,Mahabaleshwar Holy Ashram,0.7,Transit,4.7
Gourmet Treats near Summit Mahabaleshwar Climbing Wall,Summit Mahabaleshwar Climbing Wall,1.4,Food & Dining,4.4
Local Market near Summit Mahabaleshwar Climbing Wall,Summit Mahabaleshwar Climbing Wall,2.0,Shopping,3.7
Local Market Corner near Summit Mahabaleshwar Climbing Wall,Summit Mahabaleshwar Climbing Wall,2.1,Local Market,3.7
The Spicy Chaat Bhandar near Folk Cultural Theatre of Mahabaleshwar,Folk Cultural Theatre of Mahabaleshwar,0.6,Food & Dining,3.7
Bustling Bazaar near Folk Cultural Theatre of Mahabaleshwar,Folk Cultural Theatre of Mahabaleshwar,0.9,Shopping,4.1
Local Market Corner near Folk Cultural Theatre of Mahabaleshwar,Folk Cultural Theatre of Mahabaleshwar,3.3,Local Market,4.5
Street Point near Mahabaleshwar Traditional Market,Mahabaleshwar Traditional Market,0.4,Food & Dining,4.5
Central Emporium near Mahabaleshwar Traditional Market,Mahabaleshwar Traditional Market,3.4,Shopping,3.8
Transit Corner near Mahabaleshwar Traditional Market,Mahabaleshwar Traditional Market,1.2,Transit,5.0
Gourmet Point near Authentic Mahabaleshwar Spice Lane,Authentic Mahabaleshwar Spice Lane,1.0,Food & Dining,4.5
Local Arcade near Authentic Mahabaleshwar Spice Lane,Authentic Mahabaleshwar Spice Lane,1.0,Shopping,3.9
Cable Car Station near Authentic Mahabaleshwar Spice Lane,Authentic Mahabaleshwar Spice Lane,4.6,Viewpoint,4.3
Street Kitchen near Tech Science Arena of Mahabaleshwar,Tech Science Arena of Mahabaleshwar,1.6,Food & Dining,3.9
Bustling Corner near Tech Science Arena of Mahabaleshwar,Tech Science Arena of Mahabaleshwar,2.5,Shopping,4.1
Local Market Corner near Tech Science Arena of Mahabaleshwar,Tech Science Arena of Mahabaleshwar,1.3,Local Market,3.9
Laziz Kitchen near Mahabaleshwar Hidden Lake,Mahabaleshwar Hidden Lake,1.2,Food & Dining,3.9
Handicrafts Cooperative near Mahabaleshwar Hidden Lake,Mahabaleshwar Hidden Lake,2.5,Shopping,3.7
Local Market Corner near Mahabaleshwar Hidden Lake,Mahabaleshwar Hidden Lake,1.3,Local Market,4.4
Royal Spot near Victorian Mahabaleshwar Tomb,Victorian Mahabaleshwar Tomb,0.8,Food & Dining,3.9
Central Corner near Victorian Mahabaleshwar Tomb,Victorian Mahabaleshwar Tomb,2.6,Shopping,3.7
Local Market Corner near Victorian Mahabaleshwar Tomb,Victorian Mahabaleshwar Tomb,1.8,Local Market,3.5
Gourmet Corner near Holy Ashram of Mahabaleshwar,Holy Ashram of Mahabaleshwar,1.2,Food & Dining,3.9
Souvenir Hub near Holy Ashram of Mahabaleshwar,Holy Ashram of Mahabaleshwar,0.6,Shopping,4.2
Heritage Walk near Holy Ashram of Mahabaleshwar,Holy Ashram of Mahabaleshwar,3.4,Activity,3.5
Bistro Chaat Bhandar near Mahabaleshwar Summit Safari Zone,Mahabaleshwar Summit Safari Zone,0.5,Food & Dining,4.6
Handicrafts Market near Mahabaleshwar Summit Safari Zone,Mahabaleshwar Summit Safari Zone,2.5,Shopping,4.7
Hiking Point near Mahabaleshwar Summit Safari Zone,Mahabaleshwar Summit Safari Zone,1.7,Viewpoint,4.5
Street Cafe near Artistic Mahabaleshwar Traditional Bazaar,Artistic Mahabaleshwar Traditional Bazaar,2.5,Food & Dining,3.9
Souvenir Hub near Artistic Mahabaleshwar Traditional Bazaar,Artistic Mahabaleshwar Traditional Bazaar,0.7,Shopping,4.2
Photography Spot near Artistic Mahabaleshwar Traditional Bazaar,Artistic Mahabaleshwar Traditional Bazaar,0.8,Viewpoint,3.8
Gourmet Point near Emerald Hills of Lonavala,Emerald Hills of Lonavala,0.1,Food & Dining,4.6
Local Bazaar near Emerald Hills of Lonavala,Emerald Hills of Lonavala,3.0,Shopping,4.2
Adventure Cliff near Emerald Hills of Lonavala,Emerald Hills of Lonavala,0.4,Activity,4.2
Gourmet Dhaba near Lonavala Imperial Gateway,Lonavala Imperial Gateway,1.5,Food & Dining,4.2
Local Emporium near Lonavala Imperial Gateway,Lonavala Imperial Gateway,3.5,Shopping,4.3
Heritage Walk near Lonavala Imperial Gateway,Lonavala Imperial Gateway,1.1,Viewpoint,3.7
Desi Spot near Eternal Lonavala Mosque,Eternal Lonavala Mosque,1.9,Food & Dining,3.8
Traditional Corner near Eternal Lonavala Mosque,Eternal Lonavala Mosque,1.8,Shopping,3.6
Adventure Cliff near Eternal Lonavala Mosque,Eternal Lonavala Mosque,2.6,Activity,4.7
Royal Corner near Wild Trekking Trail of Lonavala,Wild Trekking Trail of Lonavala,2.1,Food & Dining,4.3
Local Arcade near Wild Trekking Trail of Lonavala,Wild Trekking Trail of Lonavala,0.5,Shopping,3.5
Adventure Cliff near Wild Trekking Trail of Lonavala,Wild Trekking Trail of Lonavala,2.5,Viewpoint,4.3
Royal Kitchen near Lonavala Artistic Folk Centre,Lonavala Artistic Folk Centre,2.1,Food & Dining,4.3
Central Arcade near Lonavala Artistic Folk Centre,Lonavala Artistic Folk Centre,2.8,Shopping,4.4
Local Market Corner near Lonavala Artistic Folk Centre,Lonavala Artistic Folk Centre,4.6,Local Market,3.8
Laziz Point near Bustling Lonavala Bazaar,Bustling Lonavala Bazaar,0.5,Food & Dining,3.7
Handicrafts Bazaar near Bustling Lonavala Bazaar,Bustling Lonavala Bazaar,3.0,Shopping,4.1
Hiking Point near Bustling Lonavala Bazaar,Bustling Lonavala Bazaar,1.4,Activity,4.7
The Spicy Cafe near Culinary Chaat Corner of Lonavala,Culinary Chaat Corner of Lonavala,0.4,Food & Dining,4.0
Artisans Arcade near Culinary Chaat Corner of Lonavala,Culinary Chaat Corner of Lonavala,0.7,Shopping,4.0
Local Market Corner near Culinary Chaat Corner of Lonavala,Culinary Chaat Corner of Lonavala,4.1,Local Market,3.7
Laziz Bakery near Lonavala Infinity Planetarium,Lonavala Infinity Planetarium,0.9,Food & Dining,4.8
Ethnic Emporium near Lonavala Infinity Planetarium,Lonavala Infinity Planetarium,0.7,Shopping,4.6
Transit Corner near Lonavala Infinity Planetarium,Lonavala Infinity Planetarium,4.5,Transit,4.9
Laziz Corner near Silent Lonavala Valley,Silent Lonavala Valley,1.5,Food & Dining,4.5
Souvenir Corner near Silent Lonavala Valley,Silent Lonavala Valley,3.2,Shopping,3.6
Transit Corner near Silent Lonavala Valley,Silent Lonavala Valley,0.8,Transit,5.0
Laziz Point near Royal Ruin of Lonavala,Royal Ruin of Lonavala,1.1,Food & Dining,4.7
Bustling Flea Market near Royal Ruin of Lonavala,Royal Ruin of Lonavala,1.8,Shopping,4.4
Boating Lake near Royal Ruin of Lonavala,Royal Ruin of Lonavala,1.0,Activity,4.4
Bistro Bakery near Lonavala Eternal Mosque,Lonavala Eternal Mosque,0.8,Food & Dining,4.5
Souvenir Flea Market near Lonavala Eternal Mosque,Lonavala Eternal Mosque,2.5,Shopping,4.8
Transit Corner near Lonavala Eternal Mosque,Lonavala Eternal Mosque,2.8,Transit,4.5
Street Diner near Wild Lonavala Zip-line Valley,Wild Lonavala Zip-line Valley,0.9,Food & Dining,4.9
Local Arcade near Wild Lonavala Zip-line Valley,Wild Lonavala Zip-line Valley,2.4,Shopping,4.7
Local Market Corner near Wild Lonavala Zip-line Valley,Wild Lonavala Zip-line Valley,4.0,Local Market,3.6
Desi Spot near Indigenous Art Village of Lonavala,Indigenous Art Village of Lonavala,1.2,Food & Dining,4.7
Bustling Bazaar near Indigenous Art Village of Lonavala,Indigenous Art Village of Lonavala,0.3,Shopping,4.8
Hiking Point near Indigenous Art Village of Lonavala,Indigenous Art Village of Lonavala,1.4,Activity,3.8
Bistro Point near Lonavala Vibrant Cooperative Store,Lonavala Vibrant Cooperative Store,2.3,Food & Dining,4.4
Ethnic Hub near Lonavala Vibrant Cooperative Store,Lonavala Vibrant Cooperative Store,0.8,Shopping,3.8
Local Market Corner near Lonavala Vibrant Cooperative Store,Lonavala Vibrant Cooperative Store,3.8,Local Market,3.6
Cafe Bakery near Delight Lonavala Historic Cafe,Delight Lonavala Historic Cafe,2.4,Food & Dining,4.8
Artisans Cooperative near Delight Lonavala Historic Cafe,Delight Lonavala Historic Cafe,1.0,Shopping,4.7
Local Market Corner near Delight Lonavala Historic Cafe,Delight Lonavala Historic Cafe,3.4,Local Market,4.3
Laziz Chaat Bhandar near Metro Art Gallery of Lonavala,Metro Art Gallery of Lonavala,0.4,Food & Dining,4.0
Local Market near Metro Art Gallery of Lonavala,Metro Art Gallery of Lonavala,0.6,Shopping,4.7
Local Market Corner near Metro Art Gallery of Lonavala,Metro Art Gallery of Lonavala,3.1,Local Market,4.4
The Spicy Corner near Lonavala Mist-Clad River Confluence,Lonavala Mist-Clad River Confluence,0.5,Food & Dining,4.5
Traditional Arcade near Lonavala Mist-Clad River Confluence,Lonavala Mist-Clad River Confluence,0.6,Shopping,3.8
Transit Corner near Lonavala Mist-Clad River Confluence,Lonavala Mist-Clad River Confluence,3.3,Transit,4.1
Gourmet Diner near Historic Lonavala Ancient Caves,Historic Lonavala Ancient Caves,0.8,Food & Dining,3.6
Bustling Corner near Historic Lonavala Ancient Caves,Historic Lonavala Ancient Caves,0.3,Shopping,4.5
Boating Lake near Historic Lonavala Ancient Caves,Historic Lonavala Ancient Caves,2.9,Activity,3.6
The Spicy Diner near Eternal Mosque of Lonavala,Eternal Mosque of Lonavala,0.1,Food & Dining,4.1
Local Emporium near Eternal Mosque of Lonavala,Eternal Mosque of Lonavala,1.1,Shopping,3.9
Photography Spot near Eternal Mosque of Lonavala,Eternal Mosque of Lonavala,1.9,Viewpoint,3.9
Desi Kitchen near Lonavala Wild Rafting Camp,Lonavala Wild Rafting Camp,0.3,Food & Dining,4.2
Ethnic Hub near Lonavala Wild Rafting Camp,Lonavala Wild Rafting Camp,1.9,Shopping,4.4
Local Market Corner near Lonavala Wild Rafting Camp,Lonavala Wild Rafting Camp,0.6,Local Market,4.2
The Spicy Kitchen near Ethnic Lonavala Heritage Craft Complex,Ethnic Lonavala Heritage Craft Complex,0.8,Food & Dining,3.8
Handicrafts Flea Market near Ethnic Lonavala Heritage Craft Complex,Ethnic Lonavala Heritage Craft Complex,1.1,Shopping,4.3
Local Market Corner near Ethnic Lonavala Heritage Craft Complex,Ethnic Lonavala Heritage Craft Complex,2.8,Local Market,4.4
Laziz Spot near Central Emporium of Lonavala,Central Emporium of Lonavala,1.6,Food & Dining,3.6
Handicrafts Market near Central Emporium of Lonavala,Central Emporium of Lonavala,0.3,Shopping,3.5
Local Market Corner near Central Emporium of Lonavala,Central Emporium of Lonavala,2.1,Local Market,4.3
Desi Bakery near Lonavala Legacy Dhaba Zone,Lonavala Legacy Dhaba Zone,1.8,Food & Dining,3.8
Central Market near Lonavala Legacy Dhaba Zone,Lonavala Legacy Dhaba Zone,1.5,Shopping,4.3
Photography Spot near Lonavala Legacy Dhaba Zone,Lonavala Legacy Dhaba Zone,4.0,Viewpoint,3.9
Annapurna Dhaba near Stellar Lonavala Aquarium,Stellar Lonavala Aquarium,1.2,Food & Dining,3.5
Handicrafts Cooperative near Stellar Lonavala Aquarium,Stellar Lonavala Aquarium,1.1,Shopping,4.2
Photography Spot near Stellar Lonavala Aquarium,Stellar Lonavala Aquarium,2.4,Activity,3.6
The Spicy Cafe near Serene Hills of Lonavala,Serene Hills of Lonavala,1.6,Food & Dining,4.0
Handicrafts Arcade near Serene Hills of Lonavala,Serene Hills of Lonavala,2.2,Shopping,4.6
Photography Spot near Serene Hills of Lonavala,Serene Hills of Lonavala,1.8,Activity,4.6
Chai Villa Corner near Lonavala Sovereign Fort,Lonavala Sovereign Fort,0.8,Food & Dining,4.5
Central Flea Market near Lonavala Sovereign Fort,Lonavala Sovereign Fort,0.5,Shopping,4.0
Transit Corner near Lonavala Sovereign Fort,Lonavala Sovereign Fort,2.1,Transit,4.6
Chai Villa Corner near Eternal Lonavala Mosque,Eternal Lonavala Mosque,2.4,Food & Dining,3.9
Bustling Market near Eternal Lonavala Mosque,Eternal Lonavala Mosque,2.8,Shopping,4.5
Transit Corner near Eternal Lonavala Mosque,Eternal Lonavala Mosque,2.7,Transit,4.3
The Spicy Dhaba near Wild Camping Ridge of Lonavala,Wild Camping Ridge of Lonavala,1.2,Food & Dining,4.8
Artisans Flea Market near Wild Camping Ridge of Lonavala,Wild Camping Ridge of Lonavala,0.8,Shopping,3.6
Transit Corner near Wild Camping Ridge of Lonavala,Wild Camping Ridge of Lonavala,0.5,Transit,4.7
Laziz Cafe near Lonavala Classical Folk Centre,Lonavala Classical Folk Centre,1.6,Food & Dining,4.2
Bustling Cooperative near Lonavala Classical Folk Centre,Lonavala Classical Folk Centre,0.6,Shopping,4.8
Heritage Walk near Lonavala Classical Folk Centre,Lonavala Classical Folk Centre,1.8,Viewpoint,4.3
The Spicy Diner near Craft Lonavala Spices Corner,Craft Lonavala Spices Corner,1.7,Food & Dining,4.5
Ethnic Emporium near Craft Lonavala Spices Corner,Craft Lonavala Spices Corner,2.6,Shopping,4.1
Heritage Walk near Craft Lonavala Spices Corner,Craft Lonavala Spices Corner,4.2,Activity,4.3
Street Bakery near Flavors Sweet Alley of Lonavala,Flavors Sweet Alley of Lonavala,2.2,Food & Dining,3.9
Souvenir Cooperative near Flavors Sweet Alley of Lonavala,Flavors Sweet Alley of Lonavala,1.7,Shopping,4.5
Hiking Point near Flavors Sweet Alley of Lonavala,Flavors Sweet Alley of Lonavala,1.5,Activity,4.5
Royal Kitchen near Lonavala Futuristic Amusement Park,Lonavala Futuristic Amusement Park,1.6,Food & Dining,4.7
Traditional Hub near Lonavala Futuristic Amusement Park,Lonavala Futuristic Amusement Park,0.5,Shopping,3.9
Local Market Corner near Lonavala Futuristic Amusement Park,Lonavala Futuristic Amusement Park,4.3,Local Market,4.3
Street Corner near Silver Lonavala Valley,Silver Lonavala Valley,1.7,Food & Dining,4.6
Ethnic Cooperative near Silver Lonavala Valley,Silver Lonavala Valley,0.4,Shopping,4.2
Boating Lake near Silver Lonavala Valley,Silver Lonavala Valley,4.8,Activity,4.5
Chai Villa Dhaba near Grand Museum of Lonavala,Grand Museum of Lonavala,1.8,Food & Dining,4.3
Handicrafts Arcade near Grand Museum of Lonavala,Grand Museum of Lonavala,1.2,Shopping,4.3
Local Market Corner near Grand Museum of Lonavala,Grand Museum of Lonavala,4.2,Local Market,4.1
Cafe Treats near Lonavala Eternal Mosque,Lonavala Eternal Mosque,2.1,Food & Dining,4.1
Central Hub near Lonavala Eternal Mosque,Lonavala Eternal Mosque,2.9,Shopping,4.7
Hiking Point near Lonavala Eternal Mosque,Lonavala Eternal Mosque,2.4,Viewpoint,4.1
Bistro Cafe near Wild Lonavala Paragliding Launch,Wild Lonavala Paragliding Launch,1.0,Food & Dining,3.7
Souvenir Corner near Wild Lonavala Paragliding Launch,Wild Lonavala Paragliding Launch,0.8,Shopping,4.8
Boating Lake near Wild Lonavala Paragliding Launch,Wild Lonavala Paragliding Launch,4.2,Viewpoint,4.6
Street Corner near Legacy Art Village of Lonavala,Legacy Art Village of Lonavala,1.5,Food & Dining,3.5
Traditional Market near Legacy Art Village of Lonavala,Legacy Art Village of Lonavala,0.5,Shopping,3.7
Local Market Corner near Legacy Art Village of Lonavala,Legacy Art Village of Lonavala,3.8,Local Market,4.7
Street Bakery near Lonavala Royal Flea Market,Lonavala Royal Flea Market,0.7,Food & Dining,3.8
Handicrafts Cooperative near Lonavala Royal Flea Market,Lonavala Royal Flea Market,2.6,Shopping,3.6
Adventure Cliff near Lonavala Royal Flea Market,Lonavala Royal Flea Market,4.9,Activity,4.2
Bistro Chaat Bhandar near Traditional Lonavala Food Street,Traditional Lonavala Food Street,0.5,Food & Dining,4.7
Central Arcade near Traditional Lonavala Food Street,Traditional Lonavala Food Street,0.8,Shopping,4.0
Cable Car Station near Traditional Lonavala Food Street,Traditional Lonavala Food Street,4.9,Activity,4.9
Royal Chaat Bhandar near Cosmo Botanical Conservatory of Lonavala,Cosmo Botanical Conservatory of Lonavala,0.9,Food & Dining,4.2
Central Emporium near Cosmo Botanical Conservatory of Lonavala,Cosmo Botanical Conservatory of Lonavala,2.8,Shopping,4.1
Heritage Walk near Cosmo Botanical Conservatory of Lonavala,Cosmo Botanical Conservatory of Lonavala,3.3,Viewpoint,3.9
Royal Cafe near Lonavala Emerald River Confluence,Lonavala Emerald River Confluence,2.3,Food & Dining,4.7
Ethnic Emporium near Lonavala Emerald River Confluence,Lonavala Emerald River Confluence,0.9,Shopping,4.3
Hiking Point near Lonavala Emerald River Confluence,Lonavala Emerald River Confluence,0.5,Viewpoint,4.0
Annapurna Dhaba near Victorian Lonavala Gateway,Victorian Lonavala Gateway,0.8,Food & Dining,4.9
Artisans Hub near Victorian Lonavala Gateway,Victorian Lonavala Gateway,2.6,Shopping,3.5
Transit Corner near Victorian Lonavala Gateway,Victorian Lonavala Gateway,0.7,Transit,4.9
Cafe Point near Eternal Mosque of Lonavala,Eternal Mosque of Lonavala,0.7,Food & Dining,4.6
Traditional Cooperative near Eternal Mosque of Lonavala,Eternal Mosque of Lonavala,1.2,Shopping,4.2
Local Market Corner near Eternal Mosque of Lonavala,Eternal Mosque of Lonavala,4.2,Local Market,3.8
Gourmet Cafe near Lonavala Wild Climbing Wall,Lonavala Wild Climbing Wall,0.9,Food & Dining,4.5
Souvenir Flea Market near Lonavala Wild Climbing Wall,Lonavala Wild Climbing Wall,1.0,Shopping,3.9
Boating Lake near Lonavala Wild Climbing Wall,Lonavala Wild Climbing Wall,1.9,Viewpoint,4.7
Desi Chaat Bhandar near Creative Lonavala Heritage Craft Complex,Creative Lonavala Heritage Craft Complex,0.7,Food & Dining,4.8
Bustling Market near Creative Lonavala Heritage Craft Complex,Creative Lonavala Heritage Craft Complex,1.4,Shopping,3.8
Hiking Point near Creative Lonavala Heritage Craft Complex,Creative Lonavala Heritage Craft Complex,1.3,Viewpoint,3.7
The Spicy Chaat Bhandar near Hidden Peak of Bengaluru,Hidden Peak of Bengaluru,1.9,Food & Dining,4.3
Handicrafts Hub near Hidden Peak of Bengaluru,Hidden Peak of Bengaluru,0.2,Shopping,4.2
Heritage Walk near Hidden Peak of Bengaluru,Hidden Peak of Bengaluru,1.8,Activity,3.9
The Spicy Treats near Bengaluru Imperial Tomb,Bengaluru Imperial Tomb,2.4,Food & Dining,4.6
Ethnic Emporium near Bengaluru Imperial Tomb,Bengaluru Imperial Tomb,0.5,Shopping,4.2
Walkway Park near Bengaluru Imperial Tomb,Bengaluru Imperial Tomb,0.4,Viewpoint,4.5
Street Corner near Divine Bengaluru Gurudwara,Divine Bengaluru Gurudwara,1.8,Food & Dining,4.3
Souvenir Corner near Divine Bengaluru Gurudwara,Divine Bengaluru Gurudwara,3.5,Shopping,4.4
Local Market Corner near Divine Bengaluru Gurudwara,Divine Bengaluru Gurudwara,4.4,Local Market,4.8
Bistro Corner near Rogue Safari Zone of Bengaluru,Rogue Safari Zone of Bengaluru,1.9,Food & Dining,4.0
Traditional Flea Market near Rogue Safari Zone of Bengaluru,Rogue Safari Zone of Bengaluru,1.6,Shopping,4.6
Cable Car Station near Rogue Safari Zone of Bengaluru,Rogue Safari Zone of Bengaluru,0.9,Activity,3.7
Annapurna Spot near Bengaluru Creative Amphitheatre,Bengaluru Creative Amphitheatre,2.4,Food & Dining,4.5
Bustling Corner near Bengaluru Creative Amphitheatre,Bengaluru Creative Amphitheatre,0.6,Shopping,4.8
Transit Corner near Bengaluru Creative Amphitheatre,Bengaluru Creative Amphitheatre,1.9,Transit,4.0
Desi Treats near Local Bengaluru Shopping Arcade,Local Bengaluru Shopping Arcade,0.6,Food & Dining,3.5
Local Emporium near Local Bengaluru Shopping Arcade,Local Bengaluru Shopping Arcade,1.2,Shopping,3.7
Cable Car Station near Local Bengaluru Shopping Arcade,Local Bengaluru Shopping Arcade,0.7,Viewpoint,5.0
Chai Villa Point near Savory Gourmet Court of Bengaluru,Savory Gourmet Court of Bengaluru,2.5,Food & Dining,4.4
Central Arcade near Savory Gourmet Court of Bengaluru,Savory Gourmet Court of Bengaluru,3.2,Shopping,4.6
Transit Corner near Savory Gourmet Court of Bengaluru,Savory Gourmet Court of Bengaluru,3.2,Transit,3.7
The Spicy Diner near Bengaluru Apex Sky Deck,Bengaluru Apex Sky Deck,0.3,Food & Dining,3.7
Local Hub near Bengaluru Apex Sky Deck,Bengaluru Apex Sky Deck,2.7,Shopping,3.5
Hiking Point near Bengaluru Apex Sky Deck,Bengaluru Apex Sky Deck,2.2,Viewpoint,4.2
Chai Villa Treats near Whispering Bengaluru Gardens,Whispering Bengaluru Gardens,0.2,Food & Dining,4.8
Ethnic Market near Whispering Bengaluru Gardens,Whispering Bengaluru Gardens,1.8,Shopping,4.5
Boating Lake near Whispering Bengaluru Gardens,Whispering Bengaluru Gardens,0.5,Viewpoint,3.6
The Spicy Dhaba near Royal Palace of Bengaluru,Royal Palace of Bengaluru,2.4,Food & Dining,4.6
Artisans Bazaar near Royal Palace of Bengaluru,Royal Palace of Bengaluru,0.4,Shopping,3.9
Walkway Park near Royal Palace of Bengaluru,Royal Palace of Bengaluru,3.0,Activity,4.7
Bistro Bakery near Bengaluru Divine Gurudwara,Bengaluru Divine Gurudwara,2.0,Food & Dining,4.5
Ethnic Bazaar near Bengaluru Divine Gurudwara,Bengaluru Divine Gurudwara,0.9,Shopping,4.6
Local Market Corner near Bengaluru Divine Gurudwara,Bengaluru Divine Gurudwara,1.3,Local Market,4.5
Royal Treats near Rogue Bengaluru Trekking Trail,Rogue Bengaluru Trekking Trail,1.2,Food & Dining,4.5
Central Emporium near Rogue Bengaluru Trekking Trail,Rogue Bengaluru Trekking Trail,2.6,Shopping,3.5
Local Market Corner near Rogue Bengaluru Trekking Trail,Rogue Bengaluru Trekking Trail,3.9,Local Market,3.8
Chai Villa Bakery near Folk Cultural Theatre of Bengaluru,Folk Cultural Theatre of Bengaluru,1.4,Food & Dining,4.7
Handicrafts Hub near Folk Cultural Theatre of Bengaluru,Folk Cultural Theatre of Bengaluru,2.8,Shopping,4.0
Transit Corner near Folk Cultural Theatre of Bengaluru,Folk Cultural Theatre of Bengaluru,1.9,Transit,4.2
Bistro Kitchen near Bengaluru Traditional Bazaar,Bengaluru Traditional Bazaar,0.8,Food & Dining,4.3
Local Market near Bengaluru Traditional Bazaar,Bengaluru Traditional Bazaar,1.0,Shopping,3.8
Adventure Cliff near Bengaluru Traditional Bazaar,Bengaluru Traditional Bazaar,4.3,Activity,4.7
Cafe Point near Authentic Bengaluru Chaat Corner,Authentic Bengaluru Chaat Corner,0.7,Food & Dining,3.9
Ethnic Market near Authentic Bengaluru Chaat Corner,Authentic Bengaluru Chaat Corner,1.5,Shopping,4.4
Local Market Corner near Authentic Bengaluru Chaat Corner,Authentic Bengaluru Chaat Corner,3.4,Local Market,4.2
The Spicy Bakery near Tech Planetarium of Bengaluru,Tech Planetarium of Bengaluru,0.5,Food & Dining,3.7
Souvenir Corner near Tech Planetarium of Bengaluru,Tech Planetarium of Bengaluru,2.3,Shopping,4.5
Local Market Corner near Tech Planetarium of Bengaluru,Tech Planetarium of Bengaluru,2.4,Local Market,4.7
Chai Villa Bakery near Bengaluru Golden Meadow,Bengaluru Golden Meadow,0.8,Food & Dining,4.0
Artisans Corner near Bengaluru Golden Meadow,Bengaluru Golden Meadow,1.2,Shopping,3.9
Local Market Corner near Bengaluru Golden Meadow,Bengaluru Golden Meadow,1.1,Local Market,4.4
Street Treats near Historic Bengaluru Heritage Centre,Historic Bengaluru Heritage Centre,1.6,Food & Dining,4.3
Souvenir Emporium near Historic Bengaluru Heritage Centre,Historic Bengaluru Heritage Centre,1.5,Shopping,3.6
Sunset Deck near Historic Bengaluru Heritage Centre,Historic Bengaluru Heritage Centre,1.2,Activity,4.4
Chai Villa Point near Divine Gurudwara of Bengaluru,Divine Gurudwara of Bengaluru,2.3,Food & Dining,3.7
Artisans Corner near Divine Gurudwara of Bengaluru,Divine Gurudwara of Bengaluru,2.4,Shopping,3.6
Sunset Deck near Divine Gurudwara of Bengaluru,Divine Gurudwara of Bengaluru,3.7,Viewpoint,4.0
Chai Villa Kitchen near Bengaluru Rogue Zip-line Valley,Bengaluru Rogue Zip-line Valley,1.9,Food & Dining,4.8
Local Arcade near Bengaluru Rogue Zip-line Valley,Bengaluru Rogue Zip-line Valley,2.6,Shopping,4.5
Cable Car Station near Bengaluru Rogue Zip-line Valley,Bengaluru Rogue Zip-line Valley,1.1,Viewpoint,4.9
Bistro Cafe near Artistic Bengaluru Traditional Bazaar,Artistic Bengaluru Traditional Bazaar,1.2,Food & Dining,4.7
Central Bazaar near Artistic Bengaluru Traditional Bazaar,Artistic Bengaluru Traditional Bazaar,3.3,Shopping,4.8
Transit Corner near Artistic Bengaluru Traditional Bazaar,Artistic Bengaluru Traditional Bazaar,2.9,Transit,3.9
Desi Corner near Bustling Cooperative Store of Bengaluru,Bustling Cooperative Store of Bengaluru,1.8,Food & Dining,3.9
Artisans Emporium near Bustling Cooperative Store of Bengaluru,Bustling Cooperative Store of Bengaluru,0.4,Shopping,4.1
Boating Lake near Bustling Cooperative Store of Bengaluru,Bustling Cooperative Store of Bengaluru,4.1,Viewpoint,3.6
Desi Point near Bengaluru Culinary Historic Cafe,Bengaluru Culinary Historic Cafe,1.4,Food & Dining,3.7
Ethnic Flea Market near Bengaluru Culinary Historic Cafe,Bengaluru Culinary Historic Cafe,3.1,Shopping,4.4
Cable Car Station near Bengaluru Culinary Historic Cafe,Bengaluru Culinary Historic Cafe,1.4,Activity,4.3
Gourmet Kitchen near Infinity Bengaluru Art Gallery,Infinity Bengaluru Art Gallery,0.9,Food & Dining,4.0
Artisans Market near Infinity Bengaluru Art Gallery,Infinity Bengaluru Art Gallery,1.3,Shopping,4.4
Local Market Corner near Infinity Bengaluru Art Gallery,Infinity Bengaluru Art Gallery,2.2,Local Market,4.2
Gourmet Kitchen near Scenic Peak of Bengaluru,Scenic Peak of Bengaluru,1.0,Food & Dining,4.9
Artisans Emporium near Scenic Peak of Bengaluru,Scenic Peak of Bengaluru,0.4,Shopping,4.7
Transit Corner near Scenic Peak of Bengaluru,Scenic Peak of Bengaluru,4.6,Transit,4.5
Royal Spot near Bengaluru Sovereign Memorial,Bengaluru Sovereign Memorial,0.7,Food & Dining,4.2
Ethnic Corner near Bengaluru Sovereign Memorial,Bengaluru Sovereign Memorial,1.1,Shopping,4.0
Local Market Corner near Bengaluru Sovereign Memorial,Bengaluru Sovereign Memorial,0.7,Local Market,4.8
Chai Villa Corner near Divine Bengaluru Gurudwara,Divine Bengaluru Gurudwara,1.5,Food & Dining,4.0
Handicrafts Market near Divine Bengaluru Gurudwara,Divine Bengaluru Gurudwara,1.2,Shopping,4.0
Sunset Deck near Divine Bengaluru Gurudwara,Divine Bengaluru Gurudwara,2.8,Viewpoint,4.0
Chai Villa Kitchen near Rogue Rafting Camp of Bengaluru,Rogue Rafting Camp of Bengaluru,2.0,Food & Dining,3.6
Local Emporium near Rogue Rafting Camp of Bengaluru,Rogue Rafting Camp of Bengaluru,0.4,Shopping,4.3
Local Market Corner near Rogue Rafting Camp of Bengaluru,Rogue Rafting Camp of Bengaluru,2.9,Local Market,3.8
Royal Dhaba near Bengaluru Indigenous Amphitheatre,Bengaluru Indigenous Amphitheatre,2.4,Food & Dining,4.7
Central Bazaar near Bengaluru Indigenous Amphitheatre,Bengaluru Indigenous Amphitheatre,2.0,Shopping,4.2
Hiking Point near Bengaluru Indigenous Amphitheatre,Bengaluru Indigenous Amphitheatre,4.9,Viewpoint,4.6
Royal Treats near Vibrant Bengaluru Emporium,Vibrant Bengaluru Emporium,1.8,Food & Dining,3.7
Souvenir Market near Vibrant Bengaluru Emporium,Vibrant Bengaluru Emporium,2.9,Shopping,4.1
Transit Corner near Vibrant Bengaluru Emporium,Vibrant Bengaluru Emporium,0.5,Transit,4.7
Bistro Bakery near Delight Dhaba Zone of Bengaluru,Delight Dhaba Zone of Bengaluru,0.6,Food & Dining,4.3
Local Cooperative near Delight Dhaba Zone of Bengaluru,Delight Dhaba Zone of Bengaluru,2.5,Shopping,4.1
Hiking Point near Delight Dhaba Zone of Bengaluru,Delight Dhaba Zone of Bengaluru,3.4,Activity,4.4
Street Cafe near Bengaluru Metro Aquarium,Bengaluru Metro Aquarium,0.6,Food & Dining,4.5
Souvenir Cooperative near Bengaluru Metro Aquarium,Bengaluru Metro Aquarium,0.8,Shopping,4.4
Local Market Corner near Bengaluru Metro Aquarium,Bengaluru Metro Aquarium,3.0,Local Market,4.6
Royal Diner near Cloudy Bengaluru Gardens,Cloudy Bengaluru Gardens,0.6,Food & Dining,4.0
Central Bazaar near Cloudy Bengaluru Gardens,Cloudy Bengaluru Gardens,0.6,Shopping,3.9
Local Market Corner near Cloudy Bengaluru Gardens,Cloudy Bengaluru Gardens,3.4,Local Market,3.8
Chai Villa Chaat Bhandar near Grand Castle of Bengaluru,Grand Castle of Bengaluru,1.1,Food & Dining,3.8
Handicrafts Cooperative near Grand Castle of Bengaluru,Grand Castle of Bengaluru,1.8,Shopping,3.9
Transit Corner near Grand Castle of Bengaluru,Grand Castle of Bengaluru,1.7,Transit,3.5
The Spicy Spot near Bengaluru Divine Gurudwara,Bengaluru Divine Gurudwara,1.3,Food & Dining,3.8
Ethnic Corner near Bengaluru Divine Gurudwara,Bengaluru Divine Gurudwara,3.2,Shopping,3.9
Transit Corner near Bengaluru Divine Gurudwara,Bengaluru Divine Gurudwara,1.1,Transit,4.8
Cafe Kitchen near Rogue Bengaluru Camping Ridge,Rogue Bengaluru Camping Ridge,0.9,Food & Dining,3.8
Ethnic Cooperative near Rogue Bengaluru Camping Ridge,Rogue Bengaluru Camping Ridge,2.9,Shopping,4.7
Local Market Corner near Rogue Bengaluru Camping Ridge,Rogue Bengaluru Camping Ridge,4.3,Local Market,4.0
Laziz Treats near Ethnic Cultural Theatre of Bengaluru,Ethnic Cultural Theatre of Bengaluru,1.0,Food & Dining,4.8
Souvenir Arcade near Ethnic Cultural Theatre of Bengaluru,Ethnic Cultural Theatre of Bengaluru,0.2,Shopping,4.8
Photography Spot near Ethnic Cultural Theatre of Bengaluru,Ethnic Cultural Theatre of Bengaluru,0.5,Viewpoint,3.7
Gourmet Bakery near Bengaluru Central Spices Corner,Bengaluru Central Spices Corner,0.8,Food & Dining,4.3
Central Emporium near Bengaluru Central Spices Corner,Bengaluru Central Spices Corner,2.8,Shopping,4.6
Transit Corner near Bengaluru Central Spices Corner,Bengaluru Central Spices Corner,4.3,Transit,4.3
Gourmet Dhaba near Legacy Bengaluru Sweet Alley,Legacy Bengaluru Sweet Alley,0.3,Food & Dining,4.1
Traditional Emporium near Legacy Bengaluru Sweet Alley,Legacy Bengaluru Sweet Alley,1.9,Shopping,3.9
Local Market Corner near Legacy Bengaluru Sweet Alley,Legacy Bengaluru Sweet Alley,3.7,Local Market,3.5
Royal Point near Stellar Amusement Park of Bengaluru,Stellar Amusement Park of Bengaluru,1.9,Food & Dining,4.1
Souvenir Market near Stellar Amusement Park of Bengaluru,Stellar Amusement Park of Bengaluru,1.6,Shopping,4.5
Cable Car Station near Stellar Amusement Park of Bengaluru,Stellar Amusement Park of Bengaluru,0.4,Viewpoint,4.5
Street Spot near Bengaluru Hidden Meadow,Bengaluru Hidden Meadow,1.8,Food & Dining,4.8
Handicrafts Arcade near Bengaluru Hidden Meadow,Bengaluru Hidden Meadow,0.4,Shopping,4.3
Local Market Corner near Bengaluru Hidden Meadow,Bengaluru Hidden Meadow,4.0,Local Market,3.5
Street Corner near Victorian Bengaluru Tomb,Victorian Bengaluru Tomb,1.6,Food & Dining,3.8
Bustling Hub near Victorian Bengaluru Tomb,Victorian Bengaluru Tomb,2.6,Shopping,4.2
Hiking Point near Victorian Bengaluru Tomb,Victorian Bengaluru Tomb,4.6,Activity,4.3
Desi Diner near Divine Gurudwara of Bengaluru,Divine Gurudwara of Bengaluru,2.4,Food & Dining,4.6
Handicrafts Arcade near Divine Gurudwara of Bengaluru,Divine Gurudwara of Bengaluru,3.1,Shopping,3.7
Local Market Corner near Divine Gurudwara of Bengaluru,Divine Gurudwara of Bengaluru,2.9,Local Market,4.2
Chai Villa Dhaba near Bengaluru Rogue Paragliding Launch,Bengaluru Rogue Paragliding Launch,0.8,Food & Dining,4.6
Bustling Market near Bengaluru Rogue Paragliding Launch,Bengaluru Rogue Paragliding Launch,1.1,Shopping,4.4
Transit Corner near Bengaluru Rogue Paragliding Launch,Bengaluru Rogue Paragliding Launch,2.5,Transit,4.4
Cafe Diner near Classical Bengaluru Traditional Bazaar,Classical Bengaluru Traditional Bazaar,0.9,Food & Dining,4.8
Local Emporium near Classical Bengaluru Traditional Bazaar,Classical Bengaluru Traditional Bazaar,2.2,Shopping,4.7
Cable Car Station near Classical Bengaluru Traditional Bazaar,Classical Bengaluru Traditional Bazaar,3.2,Viewpoint,4.4
The Spicy Chaat Bhandar near Emerald Falls of Mysore,Emerald Falls of Mysore,1.4,Food & Dining,3.9
Handicrafts Corner near Emerald Falls of Mysore,Emerald Falls of Mysore,2.5,Shopping,4.6
Sunset Deck near Emerald Falls of Mysore,Emerald Falls of Mysore,0.4,Viewpoint,4.4
Desi Spot near Mysore Imperial Gateway,Mysore Imperial Gateway,1.2,Food & Dining,4.4
Ethnic Corner near Mysore Imperial Gateway,Mysore Imperial Gateway,0.5,Shopping,3.9
Walkway Park near Mysore Imperial Gateway,Mysore Imperial Gateway,0.9,Viewpoint,4.8
Bistro Cafe near Sacred Mysore Shrine,Sacred Mysore Shrine,2.1,Food & Dining,4.1
Ethnic Cooperative near Sacred Mysore Shrine,Sacred Mysore Shrine,1.3,Shopping,4.5
Local Market Corner near Sacred Mysore Shrine,Sacred Mysore Shrine,4.5,Local Market,4.6
Street Bakery near Apex Climbing Wall of Mysore,Apex Climbing Wall of Mysore,0.9,Food & Dining,4.1
Bustling Market near Apex Climbing Wall of Mysore,Apex Climbing Wall of Mysore,1.4,Shopping,3.8
Boating Lake near Apex Climbing Wall of Mysore,Apex Climbing Wall of Mysore,0.7,Activity,4.1
Gourmet Kitchen near Mysore Classical Folk Centre,Mysore Classical Folk Centre,1.5,Food & Dining,4.0
Local Corner near Mysore Classical Folk Centre,Mysore Classical Folk Centre,0.4,Shopping,4.1
Transit Corner near Mysore Classical Folk Centre,Mysore Classical Folk Centre,2.7,Transit,4.0
Gourmet Treats near Craft Mysore Market,Craft Mysore Market,0.9,Food & Dining,4.4
Souvenir Flea Market near Craft Mysore Market,Craft Mysore Market,0.8,Shopping,3.6
Boating Lake near Craft Mysore Market,Craft Mysore Market,0.4,Activity,4.5
Gourmet Bakery near Flavors Spice Lane of Mysore,Flavors Spice Lane of Mysore,0.6,Food & Dining,3.7
Souvenir Market near Flavors Spice Lane of Mysore,Flavors Spice Lane of Mysore,1.1,Shopping,3.6
Adventure Cliff near Flavors Spice Lane of Mysore,Flavors Spice Lane of Mysore,0.5,Activity,3.6
Street Spot near Mysore Futuristic Science Arena,Mysore Futuristic Science Arena,1.2,Food & Dining,4.5
Ethnic Arcade near Mysore Futuristic Science Arena,Mysore Futuristic Science Arena,2.5,Shopping,4.2
Walkway Park near Mysore Futuristic Science Arena,Mysore Futuristic Science Arena,4.4,Activity,3.8
Gourmet Dhaba near Silent Mysore Cave,Silent Mysore Cave,0.5,Food & Dining,3.6
Souvenir Arcade near Silent Mysore Cave,Silent Mysore Cave,2.9,Shopping,4.2
Local Market Corner near Silent Mysore Cave,Silent Mysore Cave,4.2,Local Market,4.2
Laziz Bakery near Royal Ruin of Mysore,Royal Ruin of Mysore,2.4,Food & Dining,4.5
Handicrafts Emporium near Royal Ruin of Mysore,Royal Ruin of Mysore,1.7,Shopping,4.3
Local Market Corner near Royal Ruin of Mysore,Royal Ruin of Mysore,2.4,Local Market,4.6
Bistro Spot near Mysore Sacred Shrine,Mysore Sacred Shrine,0.5,Food & Dining,3.9
Souvenir Hub near Mysore Sacred Shrine,Mysore Sacred Shrine,0.4,Shopping,3.7
Heritage Walk near Mysore Sacred Shrine,Mysore Sacred Shrine,4.1,Activity,4.5
Bistro Chaat Bhandar near Apex Mysore Safari Zone,Apex Mysore Safari Zone,1.1,Food & Dining,4.4
Handicrafts Hub near Apex Mysore Safari Zone,Apex Mysore Safari Zone,2.8,Shopping,3.7
Transit Corner near Apex Mysore Safari Zone,Apex Mysore Safari Zone,1.0,Transit,4.7
Annapurna Diner near Legacy Art Village of Mysore,Legacy Art Village of Mysore,1.8,Food & Dining,4.2
Bustling Bazaar near Legacy Art Village of Mysore,Legacy Art Village of Mysore,1.9,Shopping,4.0
Sunset Deck near Legacy Art Village of Mysore,Legacy Art Village of Mysore,4.1,Viewpoint,4.0
Chai Villa Kitchen near Mysore Royal Shopping Arcade,Mysore Royal Shopping Arcade,0.7,Food & Dining,4.1
Traditional Bazaar near Mysore Royal Shopping Arcade,Mysore Royal Shopping Arcade,2.0,Shopping,4.2
Sunset Deck near Mysore Royal Shopping Arcade,Mysore Royal Shopping Arcade,4.7,Activity,4.6
Cafe Chaat Bhandar near Traditional Mysore Gourmet Court,Traditional Mysore Gourmet Court,1.8,Food & Dining,4.3
Handicrafts Emporium near Traditional Mysore Gourmet Court,Traditional Mysore Gourmet Court,2.0,Shopping,3.9
Cable Car Station near Traditional Mysore Gourmet Court,Traditional Mysore Gourmet Court,2.7,Viewpoint,4.1
Royal Chaat Bhandar near Cosmo Sky Deck of Mysore,Cosmo Sky Deck of Mysore,1.4,Food & Dining,4.8
Souvenir Corner near Cosmo Sky Deck of Mysore,Cosmo Sky Deck of Mysore,0.6,Shopping,4.6
Local Market Corner near Cosmo Sky Deck of Mysore,Cosmo Sky Deck of Mysore,4.0,Local Market,4.2
Laziz Spot near Mysore Mist-Clad Sunset Point,Mysore Mist-Clad Sunset Point,0.8,Food & Dining,4.0
Traditional Flea Market near Mysore Mist-Clad Sunset Point,Mysore Mist-Clad Sunset Point,3.2,Shopping,4.3
Photography Spot near Mysore Mist-Clad Sunset Point,Mysore Mist-Clad Sunset Point,4.4,Viewpoint,3.5
Bistro Dhaba near Historic Mysore Ancient Caves,Historic Mysore Ancient Caves,2.3,Food & Dining,4.6
Local Flea Market near Historic Mysore Ancient Caves,Historic Mysore Ancient Caves,2.5,Shopping,3.7
Hiking Point near Historic Mysore Ancient Caves,Historic Mysore Ancient Caves,3.4,Activity,3.8
Street Bakery near Sacred Shrine of Mysore,Sacred Shrine of Mysore,0.1,Food & Dining,4.4
Local Corner near Sacred Shrine of Mysore,Sacred Shrine of Mysore,1.6,Shopping,4.3
Hiking Point near Sacred Shrine of Mysore,Sacred Shrine of Mysore,3.1,Viewpoint,3.7
Royal Diner near Mysore Apex Trekking Trail,Mysore Apex Trekking Trail,0.4,Food & Dining,4.3
Artisans Bazaar near Mysore Apex Trekking Trail,Mysore Apex Trekking Trail,0.9,Shopping,4.7
Adventure Cliff near Mysore Apex Trekking Trail,Mysore Apex Trekking Trail,3.6,Viewpoint,3.7
Royal Cafe near Creative Mysore Heritage Craft Complex,Creative Mysore Heritage Craft Complex,0.4,Food & Dining,3.9
Local Corner near Creative Mysore Heritage Craft Complex,Creative Mysore Heritage Craft Complex,0.4,Shopping,4.5
Transit Corner near Creative Mysore Heritage Craft Complex,Creative Mysore Heritage Craft Complex,4.2,Transit,4.3
Gourmet Bakery near Local Bazaar of Mysore,Local Bazaar of Mysore,2.3,Food & Dining,4.4
Souvenir Corner near Local Bazaar of Mysore,Local Bazaar of Mysore,2.0,Shopping,4.4
Sunset Deck near Local Bazaar of Mysore,Local Bazaar of Mysore,3.5,Viewpoint,3.8
Royal Bakery near Mysore Savory Chaat Corner,Mysore Savory Chaat Corner,2.4,Food & Dining,3.9
Artisans Market near Mysore Savory Chaat Corner,Mysore Savory Chaat Corner,2.2,Shopping,4.2
Hiking Point near Mysore Savory Chaat Corner,Mysore Savory Chaat Corner,2.6,Activity,3.6
Gourmet Chaat Bhandar near Apex Mysore Planetarium,Apex Mysore Planetarium,0.6,Food & Dining,4.8
Ethnic Flea Market near Apex Mysore Planetarium,Apex Mysore Planetarium,2.3,Shopping,4.1
Local Market Corner near Apex Mysore Planetarium,Apex Mysore Planetarium,3.6,Local Market,4.5
Royal Diner near Serene Falls of Mysore,Serene Falls of Mysore,2.0,Food & Dining,4.0
Traditional Corner near Serene Falls of Mysore,Serene Falls of Mysore,1.0,Shopping,3.7
Transit Corner near Serene Falls of Mysore,Serene Falls of Mysore,0.4,Transit,3.6
Chai Villa Bakery near Mysore Sovereign Fort,Mysore Sovereign Fort,2.3,Food & Dining,4.8
Bustling Corner near Mysore Sovereign Fort,Mysore Sovereign Fort,2.7,Shopping,3.7
Heritage Walk near Mysore Sovereign Fort,Mysore Sovereign Fort,3.1,Viewpoint,4.8
Annapurna Dhaba near Sacred Mysore Shrine,Sacred Mysore Shrine,0.6,Food & Dining,3.9
Traditional Bazaar near Sacred Mysore Shrine,Sacred Mysore Shrine,1.9,Shopping,4.5
Transit Corner near Sacred Mysore Shrine,Sacred Mysore Shrine,4.2,Transit,4.8
Royal Dhaba near Apex Zip-line Valley of Mysore,Apex Zip-line Valley of Mysore,1.9,Food & Dining,4.7
Handicrafts Cooperative near Apex Zip-line Valley of Mysore,Apex Zip-line Valley of Mysore,2.4,Shopping,4.6
Hiking Point near Apex Zip-line Valley of Mysore,Apex Zip-line Valley of Mysore,3.2,Viewpoint,4.2
Annapurna Chaat Bhandar near Mysore Folk Folk Centre,Mysore Folk Folk Centre,1.9,Food & Dining,4.0
Traditional Arcade near Mysore Folk Folk Centre,Mysore Folk Folk Centre,2.1,Shopping,4.1
Transit Corner near Mysore Folk Folk Centre,Mysore Folk Folk Centre,4.7,Transit,4.6
Cafe Cafe near Traditional Mysore Cooperative Store,Traditional Mysore Cooperative Store,2.1,Food & Dining,3.8
Traditional Flea Market near Traditional Mysore Cooperative Store,Traditional Mysore Cooperative Store,1.9,Shopping,4.1
Adventure Cliff near Traditional Mysore Cooperative Store,Traditional Mysore Cooperative Store,1.4,Activity,4.6
Desi Spot near Authentic Historic Cafe of Mysore,Authentic Historic Cafe of Mysore,2.0,Food & Dining,3.6
Artisans Corner near Authentic Historic Cafe of Mysore,Authentic Historic Cafe of Mysore,2.4,Shopping,4.1
Adventure Cliff near Authentic Historic Cafe of Mysore,Authentic Historic Cafe of Mysore,2.4,Activity,4.6
Gourmet Diner near Mysore Tech Art Gallery,Mysore Tech Art Gallery,0.5,Food & Dining,4.4
Handicrafts Hub near Mysore Tech Art Gallery,Mysore Tech Art Gallery,2.2,Shopping,4.0
Local Market Corner near Mysore Tech Art Gallery,Mysore Tech Art Gallery,2.8,Local Market,4.8
Desi Kitchen near Silver Mysore Cave,Silver Mysore Cave,0.5,Food & Dining,3.9
Local Hub near Silver Mysore Cave,Silver Mysore Cave,1.3,Shopping,3.7
Transit Corner near Silver Mysore Cave,Silver Mysore Cave,3.6,Transit,4.8
Street Treats near Grand Museum of Mysore,Grand Museum of Mysore,0.2,Food & Dining,4.2
Handicrafts Market near Grand Museum of Mysore,Grand Museum of Mysore,0.6,Shopping,3.9
Local Market Corner near Grand Museum of Mysore,Grand Museum of Mysore,1.8,Local Market,4.1
Street Spot near Mysore Sacred Shrine,Mysore Sacred Shrine,1.3,Food & Dining,4.0
Handicrafts Cooperative near Mysore Sacred Shrine,Mysore Sacred Shrine,1.7,Shopping,3.9
Local Market Corner near Mysore Sacred Shrine,Mysore Sacred Shrine,1.5,Local Market,4.4
Desi Bakery near Apex Mysore Rafting Camp,Apex Mysore Rafting Camp,1.5,Food & Dining,3.6
Bustling Market near Apex Mysore Rafting Camp,Apex Mysore Rafting Camp,2.5,Shopping,4.1
Transit Corner near Apex Mysore Rafting Camp,Apex Mysore Rafting Camp,2.7,Transit,4.8
Gourmet Dhaba near Artistic Art Village of Mysore,Artistic Art Village of Mysore,0.7,Food & Dining,4.6
Souvenir Emporium near Artistic Art Village of Mysore,Artistic Art Village of Mysore,0.9,Shopping,4.4
Hiking Point near Artistic Art Village of Mysore,Artistic Art Village of Mysore,2.9,Activity,3.8
The Spicy Bakery near Mysore Bustling Emporium,Mysore Bustling Emporium,1.3,Food & Dining,4.9
Traditional Arcade near Mysore Bustling Emporium,Mysore Bustling Emporium,2.8,Shopping,3.5
Sunset Deck near Mysore Bustling Emporium,Mysore Bustling Emporium,0.6,Viewpoint,4.8
Gourmet Dhaba near Culinary Mysore Dhaba Zone,Culinary Mysore Dhaba Zone,0.6,Food & Dining,4.0
Central Market near Culinary Mysore Dhaba Zone,Culinary Mysore Dhaba Zone,2.9,Shopping,3.8
Boating Lake near Culinary Mysore Dhaba Zone,Culinary Mysore Dhaba Zone,1.0,Viewpoint,4.6
Cafe Dhaba near Infinity Aquarium of Mysore,Infinity Aquarium of Mysore,2.0,Food & Dining,3.9
Ethnic Hub near Infinity Aquarium of Mysore,Infinity Aquarium of Mysore,2.5,Shopping,4.2
Transit Corner near Infinity Aquarium of Mysore,Infinity Aquarium of Mysore,1.4,Transit,4.5
Desi Treats near Mysore Emerald Sunset Point,Mysore Emerald Sunset Point,2.2,Food & Dining,4.2
Handicrafts Emporium near Mysore Emerald Sunset Point,Mysore Emerald Sunset Point,3.2,Shopping,3.8
Transit Corner near Mysore Emerald Sunset Point,Mysore Emerald Sunset Point,1.3,Transit,4.4
Laziz Chaat Bhandar near Victorian Mysore Gateway,Victorian Mysore Gateway,0.5,Food & Dining,3.9
Artisans Hub near Victorian Mysore Gateway,Victorian Mysore Gateway,2.1,Shopping,4.7
Sunset Deck near Victorian Mysore Gateway,Victorian Mysore Gateway,2.8,Activity,4.8
Desi Diner near Sacred Shrine of Mysore,Sacred Shrine of Mysore,2.3,Food & Dining,4.6
Artisans Hub near Sacred Shrine of Mysore,Sacred Shrine of Mysore,0.3,Shopping,4.3
Transit Corner near Sacred Shrine of Mysore,Sacred Shrine of Mysore,4.2,Transit,4.7
Chai Villa Spot near Mysore Apex Camping Ridge,Mysore Apex Camping Ridge,1.5,Food & Dining,3.7
Traditional Market near Mysore Apex Camping Ridge,Mysore Apex Camping Ridge,0.3,Shopping,3.9
Cable Car Station near Mysore Apex Camping Ridge,Mysore Apex Camping Ridge,3.9,Viewpoint,3.8
Cafe Cafe near Indigenous Mysore Heritage Craft Complex,Indigenous Mysore Heritage Craft Complex,0.6,Food & Dining,4.5
Handicrafts Hub near Indigenous Mysore Heritage Craft Complex,Indigenous Mysore Heritage Craft Complex,0.6,Shopping,4.2
Sunset Deck near Indigenous Mysore Heritage Craft Complex,Indigenous Mysore Heritage Craft Complex,0.4,Viewpoint,3.7
Street Treats near Hidden Beach of Coorg,Hidden Beach of Coorg,1.3,Food & Dining,4.8
Traditional Emporium near Hidden Beach of Coorg,Hidden Beach of Coorg,0.6,Shopping,3.9
Cable Car Station near Hidden Beach of Coorg,Hidden Beach of Coorg,3.9,Viewpoint,4.6
Royal Point near Coorg Imperial Tomb,Coorg Imperial Tomb,0.3,Food & Dining,3.7
Souvenir Flea Market near Coorg Imperial Tomb,Coorg Imperial Tomb,1.1,Shopping,4.4
Transit Corner near Coorg Imperial Tomb,Coorg Imperial Tomb,4.7,Transit,3.9
Royal Chaat Bhandar near Golden Coorg Church,Golden Coorg Church,1.2,Food & Dining,4.6
Bustling Emporium near Golden Coorg Church,Golden Coorg Church,1.7,Shopping,4.1
Local Market Corner near Golden Coorg Church,Golden Coorg Church,2.2,Local Market,4.0
Chai Villa Chaat Bhandar near Gorge Paragliding Launch of Coorg,Gorge Paragliding Launch of Coorg,2.3,Food & Dining,4.0
Bustling Corner near Gorge Paragliding Launch of Coorg,Gorge Paragliding Launch of Coorg,3.2,Shopping,4.5
Transit Corner near Gorge Paragliding Launch of Coorg,Gorge Paragliding Launch of Coorg,3.9,Transit,3.8
Gourmet Chaat Bhandar near Coorg Indigenous Amphitheatre,Coorg Indigenous Amphitheatre,2.0,Food & Dining,4.3
Bustling Market near Coorg Indigenous Amphitheatre,Coorg Indigenous Amphitheatre,1.6,Shopping,3.9
Transit Corner near Coorg Indigenous Amphitheatre,Coorg Indigenous Amphitheatre,3.9,Transit,4.4
Desi Diner near Vibrant Coorg Flea Market,Vibrant Coorg Flea Market,1.9,Food & Dining,4.2
Central Cooperative near Vibrant Coorg Flea Market,Vibrant Coorg Flea Market,2.7,Shopping,3.9
Boating Lake near Vibrant Coorg Flea Market,Vibrant Coorg Flea Market,0.7,Activity,3.5
Laziz Cafe near Delight Food Street of Coorg,Delight Food Street of Coorg,2.1,Food & Dining,4.2
Central Market near Delight Food Street of Coorg,Delight Food Street of Coorg,3.5,Shopping,4.2
Photography Spot near Delight Food Street of Coorg,Delight Food Street of Coorg,1.2,Viewpoint,4.5
The Spicy Corner near Coorg Metro Botanical Conservatory,Coorg Metro Botanical Conservatory,1.4,Food & Dining,4.5
Handicrafts Flea Market near Coorg Metro Botanical Conservatory,Coorg Metro Botanical Conservatory,3.2,Shopping,3.7
Boating Lake near Coorg Metro Botanical Conservatory,Coorg Metro Botanical Conservatory,3.2,Activity,3.8
Royal Treats near Whispering Coorg Wildlife Reserve,Whispering Coorg Wildlife Reserve,1.2,Food & Dining,4.7
Souvenir Arcade near Whispering Coorg Wildlife Reserve,Whispering Coorg Wildlife Reserve,1.1,Shopping,4.4
Local Market Corner near Whispering Coorg Wildlife Reserve,Whispering Coorg Wildlife Reserve,3.8,Local Market,4.9
Royal Cafe near Royal Palace of Coorg,Royal Palace of Coorg,1.3,Food & Dining,4.2
Local Corner near Royal Palace of Coorg,Royal Palace of Coorg,1.1,Shopping,4.1
Transit Corner near Royal Palace of Coorg,Royal Palace of Coorg,4.5,Transit,3.6
Chai Villa Dhaba near Coorg Golden Church,Coorg Golden Church,1.1,Food & Dining,4.0
Artisans Hub near Coorg Golden Church,Coorg Golden Church,2.1,Shopping,4.3
Local Market Corner near Coorg Golden Church,Coorg Golden Church,0.9,Local Market,3.5
Bistro Diner near Gorge Coorg Climbing Wall,Gorge Coorg Climbing Wall,0.6,Food & Dining,4.1
Local Flea Market near Gorge Coorg Climbing Wall,Gorge Coorg Climbing Wall,1.7,Shopping,3.6
Heritage Walk near Gorge Coorg Climbing Wall,Gorge Coorg Climbing Wall,4.8,Viewpoint,4.4
Annapurna Dhaba near Ethnic Cultural Theatre of Coorg,Ethnic Cultural Theatre of Coorg,1.4,Food & Dining,4.2
Bustling Bazaar near Ethnic Cultural Theatre of Coorg,Ethnic Cultural Theatre of Coorg,2.2,Shopping,3.7
Adventure Cliff near Ethnic Cultural Theatre of Coorg,Ethnic Cultural Theatre of Coorg,4.7,Activity,4.9
Bistro Point near Coorg Central Market,Coorg Central Market,0.9,Food & Dining,4.8
Ethnic Arcade near Coorg Central Market,Coorg Central Market,1.6,Shopping,3.6
Photography Spot near Coorg Central Market,Coorg Central Market,1.1,Viewpoint,4.6
The Spicy Corner near Legacy Coorg Spice Lane,Legacy Coorg Spice Lane,0.6,Food & Dining,3.9
Local Corner near Legacy Coorg Spice Lane,Legacy Coorg Spice Lane,1.2,Shopping,4.1
Adventure Cliff near Legacy Coorg Spice Lane,Legacy Coorg Spice Lane,4.4,Viewpoint,4.3
Laziz Diner near Stellar Science Arena of Coorg,Stellar Science Arena of Coorg,2.2,Food & Dining,4.0
Local Bazaar near Stellar Science Arena of Coorg,Stellar Science Arena of Coorg,0.3,Shopping,3.8
Boating Lake near Stellar Science Arena of Coorg,Stellar Science Arena of Coorg,2.8,Activity,4.3
The Spicy Treats near Coorg Golden Lake,Coorg Golden Lake,0.8,Food & Dining,4.8
Artisans Cooperative near Coorg Golden Lake,Coorg Golden Lake,1.6,Shopping,4.5
Transit Corner near Coorg Golden Lake,Coorg Golden Lake,2.7,Transit,3.5
The Spicy Cafe near Historic Coorg Heritage Centre,Historic Coorg Heritage Centre,0.5,Food & Dining,4.5
Handicrafts Flea Market near Historic Coorg Heritage Centre,Historic Coorg Heritage Centre,3.1,Shopping,4.1
Sunset Deck near Historic Coorg Heritage Centre,Historic Coorg Heritage Centre,2.5,Activity,4.8
Gourmet Spot near Golden Church of Coorg,Golden Church of Coorg,1.4,Food & Dining,3.9
Ethnic Cooperative near Golden Church of Coorg,Golden Church of Coorg,1.8,Shopping,4.3
Walkway Park near Golden Church of Coorg,Golden Church of Coorg,4.0,Activity,3.6
Royal Dhaba near Coorg Gorge Safari Zone,Coorg Gorge Safari Zone,1.3,Food & Dining,4.9
Artisans Arcade near Coorg Gorge Safari Zone,Coorg Gorge Safari Zone,1.0,Shopping,4.2
Walkway Park near Coorg Gorge Safari Zone,Coorg Gorge Safari Zone,0.5,Activity,4.9
Gourmet Spot near Classical Coorg Traditional Bazaar,Classical Coorg Traditional Bazaar,1.9,Food & Dining,4.0
Central Corner near Classical Coorg Traditional Bazaar,Classical Coorg Traditional Bazaar,0.4,Shopping,4.6
Cable Car Station near Classical Coorg Traditional Bazaar,Classical Coorg Traditional Bazaar,2.0,Activity,3.8
Street Corner near Craft Shopping Arcade of Coorg,Craft Shopping Arcade of Coorg,1.6,Food & Dining,3.7
Traditional Hub near Craft Shopping Arcade of Coorg,Craft Shopping Arcade of Coorg,2.8,Shopping,4.4
Local Market Corner near Craft Shopping Arcade of Coorg,Craft Shopping Arcade of Coorg,0.5,Local Market,4.9
Cafe Corner near Coorg Flavors Gourmet Court,Coorg Flavors Gourmet Court,0.7,Food & Dining,4.5
Ethnic Emporium near Coorg Flavors Gourmet Court,Coorg Flavors Gourmet Court,3.1,Shopping,3.7
Transit Corner near Coorg Flavors Gourmet Court,Coorg Flavors Gourmet Court,1.1,Transit,3.9
Chai Villa Corner near Futuristic Coorg Sky Deck,Futuristic Coorg Sky Deck,2.0,Food & Dining,4.8
Handicrafts Flea Market near Futuristic Coorg Sky Deck,Futuristic Coorg Sky Deck,2.4,Shopping,4.1
Local Market Corner near Futuristic Coorg Sky Deck,Futuristic Coorg Sky Deck,2.8,Local Market,4.0
Bistro Cafe near Scenic Beach of Coorg,Scenic Beach of Coorg,2.4,Food & Dining,3.7
Artisans Hub near Scenic Beach of Coorg,Scenic Beach of Coorg,2.4,Shopping,4.2
Cable Car Station near Scenic Beach of Coorg,Scenic Beach of Coorg,1.8,Activity,3.6
Annapurna Bakery near Coorg Sovereign Memorial,Coorg Sovereign Memorial,0.1,Food & Dining,4.1
Artisans Hub near Coorg Sovereign Memorial,Coorg Sovereign Memorial,2.3,Shopping,3.9
Cable Car Station near Coorg Sovereign Memorial,Coorg Sovereign Memorial,1.3,Activity,4.6
Royal Corner near Golden Coorg Church,Golden Coorg Church,2.4,Food & Dining,3.7
Artisans Corner near Golden Coorg Church,Golden Coorg Church,2.0,Shopping,3.8
Walkway Park near Golden Coorg Church,Golden Coorg Church,3.2,Activity,4.7
Chai Villa Spot near Gorge Trekking Trail of Coorg,Gorge Trekking Trail of Coorg,0.2,Food & Dining,4.5
Ethnic Arcade near Gorge Trekking Trail of Coorg,Gorge Trekking Trail of Coorg,1.5,Shopping,3.5
Local Market Corner near Gorge Trekking Trail of Coorg,Gorge Trekking Trail of Coorg,3.7,Local Market,3.9
Chai Villa Diner near Coorg Legacy Amphitheatre,Coorg Legacy Amphitheatre,2.5,Food & Dining,3.9
Local Emporium near Coorg Legacy Amphitheatre,Coorg Legacy Amphitheatre,2.0,Shopping,4.6
Transit Corner near Coorg Legacy Amphitheatre,Coorg Legacy Amphitheatre,0.5,Transit,3.7
Desi Point near Royal Coorg Bazaar,Royal Coorg Bazaar,2.4,Food & Dining,4.8
Ethnic Hub near Royal Coorg Bazaar,Royal Coorg Bazaar,2.8,Shopping,4.6
Transit Corner near Royal Coorg Bazaar,Royal Coorg Bazaar,1.2,Transit,4.4
Gourmet Dhaba near Traditional Chaat Corner of Coorg,Traditional Chaat Corner of Coorg,0.9,Food & Dining,3.9
Handicrafts Hub near Traditional Chaat Corner of Coorg,Traditional Chaat Corner of Coorg,0.2,Shopping,4.7
Local Market Corner near Traditional Chaat Corner of Coorg,Traditional Chaat Corner of Coorg,1.4,Local Market,4.5
The Spicy Cafe near Coorg Cosmo Planetarium,Coorg Cosmo Planetarium,1.0,Food & Dining,3.8
Bustling Emporium near Coorg Cosmo Planetarium,Coorg Cosmo Planetarium,1.6,Shopping,4.6
Walkway Park near Coorg Cosmo Planetarium,Coorg Cosmo Planetarium,1.8,Activity,3.8
The Spicy Spot near Cloudy Coorg Wildlife Reserve,Cloudy Coorg Wildlife Reserve,1.2,Food & Dining,4.3
Artisans Market near Cloudy Coorg Wildlife Reserve,Cloudy Coorg Wildlife Reserve,2.7,Shopping,4.0
Cable Car Station near Cloudy Coorg Wildlife Reserve,Cloudy Coorg Wildlife Reserve,2.0,Activity,4.0
Cafe Point near Grand Castle of Coorg,Grand Castle of Coorg,2.2,Food & Dining,4.3
Bustling Market near Grand Castle of Coorg,Grand Castle of Coorg,1.6,Shopping,4.0
Photography Spot near Grand Castle of Coorg,Grand Castle of Coorg,1.8,Activity,3.7
Gourmet Bakery near Coorg Golden Church,Coorg Golden Church,1.4,Food & Dining,3.9
Souvenir Hub near Coorg Golden Church,Coorg Golden Church,0.8,Shopping,3.7
Transit Corner near Coorg Golden Church,Coorg Golden Church,3.2,Transit,5.0
Cafe Spot near Gorge Coorg Zip-line Valley,Gorge Coorg Zip-line Valley,0.9,Food & Dining,3.9
Bustling Hub near Gorge Coorg Zip-line Valley,Gorge Coorg Zip-line Valley,0.3,Shopping,3.6
Local Market Corner near Gorge Coorg Zip-line Valley,Gorge Coorg Zip-line Valley,3.7,Local Market,4.3
Gourmet Point near Creative Cultural Theatre of Coorg,Creative Cultural Theatre of Coorg,0.8,Food & Dining,4.6
Artisans Corner near Creative Cultural Theatre of Coorg,Creative Cultural Theatre of Coorg,2.7,Shopping,4.4
Cable Car Station near Creative Cultural Theatre of Coorg,Creative Cultural Theatre of Coorg,3.5,Viewpoint,4.0
The Spicy Kitchen near Coorg Local Cooperative Store,Coorg Local Cooperative Store,1.1,Food & Dining,3.7
Bustling Bazaar near Coorg Local Cooperative Store,Coorg Local Cooperative Store,3.2,Shopping,4.7
Local Market Corner near Coorg Local Cooperative Store,Coorg Local Cooperative Store,4.1,Local Market,5.0
Royal Chaat Bhandar near Savory Coorg Historic Cafe,Savory Coorg Historic Cafe,1.1,Food & Dining,4.6
Ethnic Bazaar near Savory Coorg Historic Cafe,Savory Coorg Historic Cafe,2.9,Shopping,3.7
Hiking Point near Savory Coorg Historic Cafe,Savory Coorg Historic Cafe,0.5,Viewpoint,4.0
Bistro Point near Apex Art Gallery of Coorg,Apex Art Gallery of Coorg,2.1,Food & Dining,4.1
Souvenir Cooperative near Apex Art Gallery of Coorg,Apex Art Gallery of Coorg,0.3,Shopping,4.8
Transit Corner near Apex Art Gallery of Coorg,Apex Art Gallery of Coorg,3.2,Transit,4.3
Annapurna Treats near Coorg Hidden Lake,Coorg Hidden Lake,0.7,Food & Dining,4.0
Central Flea Market near Coorg Hidden Lake,Coorg Hidden Lake,2.6,Shopping,3.8
Walkway Park near Coorg Hidden Lake,Coorg Hidden Lake,3.0,Activity,4.5
Cafe Spot near Victorian Coorg Tomb,Victorian Coorg Tomb,1.3,Food & Dining,4.8
Local Emporium near Victorian Coorg Tomb,Victorian Coorg Tomb,2.7,Shopping,4.7
Transit Corner near Victorian Coorg Tomb,Victorian Coorg Tomb,2.3,Transit,4.0
Chai Villa Cafe near Golden Church of Coorg,Golden Church of Coorg,1.6,Food & Dining,4.8
Ethnic Bazaar near Golden Church of Coorg,Golden Church of Coorg,2.1,Shopping,3.5
Hiking Point near Golden Church of Coorg,Golden Church of Coorg,0.5,Activity,3.8
Royal Chaat Bhandar near Coorg Gorge Rafting Camp,Coorg Gorge Rafting Camp,1.1,Food & Dining,4.7
Bustling Bazaar near Coorg Gorge Rafting Camp,Coorg Gorge Rafting Camp,1.9,Shopping,4.2
Transit Corner near Coorg Gorge Rafting Camp,Coorg Gorge Rafting Camp,4.0,Transit,4.0
Desi Corner near Folk Coorg Traditional Bazaar,Folk Coorg Traditional Bazaar,2.2,Food & Dining,4.0
Local Hub near Folk Coorg Traditional Bazaar,Folk Coorg Traditional Bazaar,2.5,Shopping,4.5
Local Market Corner near Folk Coorg Traditional Bazaar,Folk Coorg Traditional Bazaar,0.3,Local Market,4.8
Desi Spot near Emerald Hills of Hampi,Emerald Hills of Hampi,2.3,Food & Dining,3.7
Handicrafts Market near Emerald Hills of Hampi,Emerald Hills of Hampi,0.7,Shopping,4.6
Heritage Walk near Emerald Hills of Hampi,Emerald Hills of Hampi,4.7,Activity,4.1
Street Kitchen near Hampi Imperial Gateway,Hampi Imperial Gateway,2.5,Food & Dining,4.9
Local Hub near Hampi Imperial Gateway,Hampi Imperial Gateway,0.4,Shopping,4.3
Transit Corner near Hampi Imperial Gateway,Hampi Imperial Gateway,3.7,Transit,4.9
Bistro Treats near Spiritual Hampi Cathedral,Spiritual Hampi Cathedral,0.8,Food & Dining,4.3
Central Flea Market near Spiritual Hampi Cathedral,Spiritual Hampi Cathedral,2.0,Shopping,3.6
Cable Car Station near Spiritual Hampi Cathedral,Spiritual Hampi Cathedral,4.4,Activity,3.6
Street Cafe near Vanguard Camping Ridge of Hampi,Vanguard Camping Ridge of Hampi,1.9,Food & Dining,4.8
Souvenir Cooperative near Vanguard Camping Ridge of Hampi,Vanguard Camping Ridge of Hampi,0.3,Shopping,3.8
Transit Corner near Vanguard Camping Ridge of Hampi,Vanguard Camping Ridge of Hampi,1.5,Transit,3.7
Cafe Dhaba near Hampi Folk Folk Centre,Hampi Folk Folk Centre,1.2,Food & Dining,4.6
Central Market near Hampi Folk Folk Centre,Hampi Folk Folk Centre,3.3,Shopping,4.7
Boating Lake near Hampi Folk Folk Centre,Hampi Folk Folk Centre,4.2,Viewpoint,4.8
Annapurna Spot near Traditional Hampi Spices Corner,Traditional Hampi Spices Corner,1.5,Food & Dining,4.0
Ethnic Hub near Traditional Hampi Spices Corner,Traditional Hampi Spices Corner,1.1,Shopping,4.3
Cable Car Station near Traditional Hampi Spices Corner,Traditional Hampi Spices Corner,1.9,Viewpoint,3.9
Bistro Spot near Authentic Sweet Alley of Hampi,Authentic Sweet Alley of Hampi,1.4,Food & Dining,4.5
Artisans Emporium near Authentic Sweet Alley of Hampi,Authentic Sweet Alley of Hampi,3.2,Shopping,3.7
Transit Corner near Authentic Sweet Alley of Hampi,Authentic Sweet Alley of Hampi,3.4,Transit,4.8
Royal Cafe near Hampi Tech Amusement Park,Hampi Tech Amusement Park,1.4,Food & Dining,3.5
Souvenir Cooperative near Hampi Tech Amusement Park,Hampi Tech Amusement Park,0.9,Shopping,4.0
Local Market Corner near Hampi Tech Amusement Park,Hampi Tech Amusement Park,3.3,Local Market,5.0
The Spicy Treats near Silent Hampi Valley,Silent Hampi Valley,0.3,Food & Dining,4.3
Ethnic Corner near Silent Hampi Valley,Silent Hampi Valley,3.3,Shopping,4.3
Local Market Corner near Silent Hampi Valley,Silent Hampi Valley,0.9,Local Market,3.8
Cafe Corner near Royal Ruin of Hampi,Royal Ruin of Hampi,1.0,Food & Dining,4.8
Ethnic Cooperative near Royal Ruin of Hampi,Royal Ruin of Hampi,1.4,Shopping,4.2
Transit Corner near Royal Ruin of Hampi,Royal Ruin of Hampi,0.6,Transit,4.7
Desi Spot near Hampi Spiritual Cathedral,Hampi Spiritual Cathedral,2.4,Food & Dining,4.0
Ethnic Corner near Hampi Spiritual Cathedral,Hampi Spiritual Cathedral,1.2,Shopping,4.5
Hiking Point near Hampi Spiritual Cathedral,Hampi Spiritual Cathedral,0.9,Activity,4.5
Annapurna Bakery near Vanguard Hampi Paragliding Launch,Vanguard Hampi Paragliding Launch,1.4,Food & Dining,4.2
Bustling Market near Vanguard Hampi Paragliding Launch,Vanguard Hampi Paragliding Launch,1.0,Shopping,4.5
Transit Corner near Vanguard Hampi Paragliding Launch,Vanguard Hampi Paragliding Launch,0.4,Transit,3.9
Royal Diner near Artistic Art Village of Hampi,Artistic Art Village of Hampi,0.4,Food & Dining,4.8
Handicrafts Bazaar near Artistic Art Village of Hampi,Artistic Art Village of Hampi,1.1,Shopping,4.2
Transit Corner near Artistic Art Village of Hampi,Artistic Art Village of Hampi,1.9,Transit,3.6
Laziz Bakery near Hampi Bustling Flea Market,Hampi Bustling Flea Market,0.8,Food & Dining,4.1
Souvenir Emporium near Hampi Bustling Flea Market,Hampi Bustling Flea Market,1.3,Shopping,4.7
Transit Corner near Hampi Bustling Flea Market,Hampi Bustling Flea Market,4.6,Transit,4.3
Royal Treats near Culinary Hampi Food Street,Culinary Hampi Food Street,0.5,Food & Dining,3.6
Traditional Corner near Culinary Hampi Food Street,Culinary Hampi Food Street,1.1,Shopping,3.6
Hiking Point near Culinary Hampi Food Street,Culinary Hampi Food Street,1.9,Activity,4.8
Street Point near Infinity Botanical Conservatory of Hampi,Infinity Botanical Conservatory of Hampi,1.5,Food & Dining,3.7
Central Cooperative near Infinity Botanical Conservatory of Hampi,Infinity Botanical Conservatory of Hampi,2.7,Shopping,4.6
Transit Corner near Infinity Botanical Conservatory of Hampi,Infinity Botanical Conservatory of Hampi,4.9,Transit,4.7
Chai Villa Bakery near Hampi Mist-Clad River Confluence,Hampi Mist-Clad River Confluence,1.7,Food & Dining,3.7
Central Arcade near Hampi Mist-Clad River Confluence,Hampi Mist-Clad River Confluence,2.7,Shopping,4.8
Heritage Walk near Hampi Mist-Clad River Confluence,Hampi Mist-Clad River Confluence,0.7,Viewpoint,4.8
Royal Dhaba near Historic Hampi Ancient Caves,Historic Hampi Ancient Caves,0.8,Food & Dining,4.2
Handicrafts Corner near Historic Hampi Ancient Caves,Historic Hampi Ancient Caves,1.9,Shopping,4.4
Transit Corner near Historic Hampi Ancient Caves,Historic Hampi Ancient Caves,2.1,Transit,4.2
Annapurna Treats near Spiritual Cathedral of Hampi,Spiritual Cathedral of Hampi,1.0,Food & Dining,3.8
Local Hub near Spiritual Cathedral of Hampi,Spiritual Cathedral of Hampi,3.0,Shopping,3.9
Adventure Cliff near Spiritual Cathedral of Hampi,Spiritual Cathedral of Hampi,3.5,Viewpoint,4.1
Royal Treats near Hampi Vanguard Climbing Wall,Hampi Vanguard Climbing Wall,0.9,Food & Dining,4.1
Central Corner near Hampi Vanguard Climbing Wall,Hampi Vanguard Climbing Wall,1.9,Shopping,4.1
Sunset Deck near Hampi Vanguard Climbing Wall,Hampi Vanguard Climbing Wall,4.2,Viewpoint,3.6
Bistro Spot near Indigenous Hampi Heritage Craft Complex,Indigenous Hampi Heritage Craft Complex,1.1,Food & Dining,4.0
Handicrafts Flea Market near Indigenous Hampi Heritage Craft Complex,Indigenous Hampi Heritage Craft Complex,1.9,Shopping,4.5
Local Market Corner near Indigenous Hampi Heritage Craft Complex,Indigenous Hampi Heritage Craft Complex,3.7,Local Market,4.8
The Spicy Bakery near Vibrant Market of Hampi,Vibrant Market of Hampi,0.9,Food & Dining,3.7
Central Hub near Vibrant Market of Hampi,Vibrant Market of Hampi,0.5,Shopping,3.6
Hiking Point near Vibrant Market of Hampi,Vibrant Market of Hampi,1.6,Activity,3.9
Annapurna Dhaba near Hampi Delight Spice Lane,Hampi Delight Spice Lane,1.0,Food & Dining,3.6
Handicrafts Flea Market near Hampi Delight Spice Lane,Hampi Delight Spice Lane,2.9,Shopping,3.6
Transit Corner near Hampi Delight Spice Lane,Hampi Delight Spice Lane,3.5,Transit,3.6
Gourmet Cafe near Metro Hampi Science Arena,Metro Hampi Science Arena,2.2,Food & Dining,4.1
Souvenir Cooperative near Metro Hampi Science Arena,Metro Hampi Science Arena,1.4,Shopping,4.2
Local Market Corner near Metro Hampi Science Arena,Metro Hampi Science Arena,1.0,Local Market,4.0
Street Cafe near Serene Hills of Hampi,Serene Hills of Hampi,1.0,Food & Dining,4.0
Traditional Arcade near Serene Hills of Hampi,Serene Hills of Hampi,2.5,Shopping,4.6
Local Market Corner near Serene Hills of Hampi,Serene Hills of Hampi,1.7,Local Market,3.7
Royal Cafe near Hampi Sovereign Fort,Hampi Sovereign Fort,1.3,Food & Dining,3.5
Central Emporium near Hampi Sovereign Fort,Hampi Sovereign Fort,2.9,Shopping,3.7
Transit Corner near Hampi Sovereign Fort,Hampi Sovereign Fort,4.1,Transit,4.0
Chai Villa Treats near Spiritual Hampi Cathedral,Spiritual Hampi Cathedral,2.2,Food & Dining,4.6
Local Market near Spiritual Hampi Cathedral,Spiritual Hampi Cathedral,1.6,Shopping,3.6
Local Market Corner near Spiritual Hampi Cathedral,Spiritual Hampi Cathedral,1.1,Local Market,4.3
The Spicy Spot near Vanguard Safari Zone of Hampi,Vanguard Safari Zone of Hampi,1.6,Food & Dining,4.1
Souvenir Emporium near Vanguard Safari Zone of Hampi,Vanguard Safari Zone of Hampi,2.7,Shopping,4.5
Heritage Walk near Vanguard Safari Zone of Hampi,Vanguard Safari Zone of Hampi,2.4,Viewpoint,4.2
Desi Point near Hampi Ethnic Folk Centre,Hampi Ethnic Folk Centre,0.4,Food & Dining,3.9
Souvenir Flea Market near Hampi Ethnic Folk Centre,Hampi Ethnic Folk Centre,1.9,Shopping,4.4
Photography Spot near Hampi Ethnic Folk Centre,Hampi Ethnic Folk Centre,1.0,Viewpoint,3.8
The Spicy Cafe near Central Hampi Shopping Arcade,Central Hampi Shopping Arcade,0.9,Food & Dining,4.0
Central Hub near Central Hampi Shopping Arcade,Central Hampi Shopping Arcade,0.9,Shopping,3.9
Transit Corner near Central Hampi Shopping Arcade,Central Hampi Shopping Arcade,4.8,Transit,4.5
Annapurna Dhaba near Legacy Gourmet Court of Hampi,Legacy Gourmet Court of Hampi,2.2,Food & Dining,4.5
Artisans Arcade near Legacy Gourmet Court of Hampi,Legacy Gourmet Court of Hampi,3.4,Shopping,4.0
Cable Car Station near Legacy Gourmet Court of Hampi,Legacy Gourmet Court of Hampi,4.4,Viewpoint,4.1
Cafe Spot near Hampi Stellar Sky Deck,Hampi Stellar Sky Deck,2.3,Food & Dining,4.4
Artisans Market near Hampi Stellar Sky Deck,Hampi Stellar Sky Deck,1.3,Shopping,4.3
Transit Corner near Hampi Stellar Sky Deck,Hampi Stellar Sky Deck,1.3,Transit,3.5
Annapurna Cafe near Silver Hampi Valley,Silver Hampi Valley,1.9,Food & Dining,4.8
Ethnic Corner near Silver Hampi Valley,Silver Hampi Valley,2.4,Shopping,4.4
Local Market Corner near Silver Hampi Valley,Silver Hampi Valley,3.2,Local Market,3.7
Desi Bakery near Grand Museum of Hampi,Grand Museum of Hampi,2.2,Food & Dining,3.8
Bustling Cooperative near Grand Museum of Hampi,Grand Museum of Hampi,0.6,Shopping,3.5
Local Market Corner near Grand Museum of Hampi,Grand Museum of Hampi,0.4,Local Market,4.1
The Spicy Kitchen near Hampi Spiritual Cathedral,Hampi Spiritual Cathedral,2.4,Food & Dining,4.0
Ethnic Bazaar near Hampi Spiritual Cathedral,Hampi Spiritual Cathedral,1.8,Shopping,3.9
Photography Spot near Hampi Spiritual Cathedral,Hampi Spiritual Cathedral,4.0,Activity,4.4
Bistro Diner near Vanguard Hampi Trekking Trail,Vanguard Hampi Trekking Trail,0.3,Food & Dining,4.3
Handicrafts Market near Vanguard Hampi Trekking Trail,Vanguard Hampi Trekking Trail,1.8,Shopping,4.5
Transit Corner near Vanguard Hampi Trekking Trail,Vanguard Hampi Trekking Trail,4.1,Transit,4.4
Laziz Diner near Classical Art Village of Hampi,Classical Art Village of Hampi,1.9,Food & Dining,4.7
Central Market near Classical Art Village of Hampi,Classical Art Village of Hampi,1.4,Shopping,4.0
Local Market Corner near Classical Art Village of Hampi,Classical Art Village of Hampi,1.2,Local Market,4.1
Cafe Diner near Hampi Craft Bazaar,Hampi Craft Bazaar,2.0,Food & Dining,4.1
Bustling Cooperative near Hampi Craft Bazaar,Hampi Craft Bazaar,2.2,Shopping,3.9
Heritage Walk near Hampi Craft Bazaar,Hampi Craft Bazaar,3.8,Viewpoint,4.8
Gourmet Treats near Flavors Hampi Chaat Corner,Flavors Hampi Chaat Corner,1.9,Food & Dining,4.6
Souvenir Hub near Flavors Hampi Chaat Corner,Flavors Hampi Chaat Corner,0.5,Shopping,4.5
Sunset Deck near Flavors Hampi Chaat Corner,Flavors Hampi Chaat Corner,1.1,Viewpoint,4.6
Laziz Cafe near Futuristic Planetarium of Hampi,Futuristic Planetarium of Hampi,2.0,Food & Dining,3.7
Bustling Arcade near Futuristic Planetarium of Hampi,Futuristic Planetarium of Hampi,2.3,Shopping,3.7
Sunset Deck near Futuristic Planetarium of Hampi,Futuristic Planetarium of Hampi,4.0,Viewpoint,4.7
Annapurna Spot near Hampi Emerald River Confluence,Hampi Emerald River Confluence,1.3,Food & Dining,4.3
Handicrafts Arcade near Hampi Emerald River Confluence,Hampi Emerald River Confluence,1.6,Shopping,3.8
Boating Lake near Hampi Emerald River Confluence,Hampi Emerald River Confluence,2.3,Viewpoint,4.7
The Spicy Dhaba near Victorian Hampi Gateway,Victorian Hampi Gateway,1.7,Food & Dining,3.9
Artisans Flea Market near Victorian Hampi Gateway,Victorian Hampi Gateway,2.7,Shopping,3.6
Photography Spot near Victorian Hampi Gateway,Victorian Hampi Gateway,3.8,Activity,4.6
Laziz Diner near Spiritual Cathedral of Hampi,Spiritual Cathedral of Hampi,1.5,Food & Dining,4.2
Central Arcade near Spiritual Cathedral of Hampi,Spiritual Cathedral of Hampi,0.3,Shopping,3.9
Local Market Corner near Spiritual Cathedral of Hampi,Spiritual Cathedral of Hampi,2.0,Local Market,3.8
Gourmet Diner near Hampi Vanguard Zip-line Valley,Hampi Vanguard Zip-line Valley,0.6,Food & Dining,3.6
Traditional Corner near Hampi Vanguard Zip-line Valley,Hampi Vanguard Zip-line Valley,3.2,Shopping,3.5
Transit Corner near Hampi Vanguard Zip-line Valley,Hampi Vanguard Zip-line Valley,1.2,Transit,4.7
Annapurna Kitchen near Legacy Hampi Heritage Craft Complex,Legacy Hampi Heritage Craft Complex,1.7,Food & Dining,4.6
Traditional Corner near Legacy Hampi Heritage Craft Complex,Legacy Hampi Heritage Craft Complex,2.5,Shopping,4.1
Transit Corner near Legacy Hampi Heritage Craft Complex,Legacy Hampi Heritage Craft Complex,1.5,Transit,4.8
The Spicy Bakery near Hidden Peak of Kochi,Hidden Peak of Kochi,2.1,Food & Dining,4.0
Local Corner near Hidden Peak of Kochi,Hidden Peak of Kochi,0.8,Shopping,4.2
Sunset Deck near Hidden Peak of Kochi,Hidden Peak of Kochi,0.7,Activity,4.8
Annapurna Corner near Kochi Imperial Tomb,Kochi Imperial Tomb,0.8,Food & Dining,4.4
Bustling Emporium near Kochi Imperial Tomb,Kochi Imperial Tomb,2.8,Shopping,4.6
Transit Corner near Kochi Imperial Tomb,Kochi Imperial Tomb,3.8,Transit,4.8
Cafe Bakery near Blessed Kochi Monastery,Blessed Kochi Monastery,0.8,Food & Dining,4.2
Handicrafts Emporium near Blessed Kochi Monastery,Blessed Kochi Monastery,0.6,Shopping,4.1
Transit Corner near Blessed Kochi Monastery,Blessed Kochi Monastery,4.8,Transit,4.5
Royal Diner near Adventure Rafting Camp of Kochi,Adventure Rafting Camp of Kochi,1.4,Food & Dining,3.6
Artisans Hub near Adventure Rafting Camp of Kochi,Adventure Rafting Camp of Kochi,0.6,Shopping,3.7
Walkway Park near Adventure Rafting Camp of Kochi,Adventure Rafting Camp of Kochi,1.5,Viewpoint,3.9
The Spicy Corner near Kochi Legacy Amphitheatre,Kochi Legacy Amphitheatre,0.2,Food & Dining,4.1
Souvenir Emporium near Kochi Legacy Amphitheatre,Kochi Legacy Amphitheatre,0.4,Shopping,4.6
Hiking Point near Kochi Legacy Amphitheatre,Kochi Legacy Amphitheatre,2.2,Viewpoint,4.6
Chai Villa Point near Royal Kochi Emporium,Royal Kochi Emporium,2.1,Food & Dining,4.2
Handicrafts Corner near Royal Kochi Emporium,Royal Kochi Emporium,0.8,Shopping,4.1
Local Market Corner near Royal Kochi Emporium,Royal Kochi Emporium,4.9,Local Market,3.8
Annapurna Cafe near Traditional Dhaba Zone of Kochi,Traditional Dhaba Zone of Kochi,2.5,Food & Dining,4.0
Souvenir Hub near Traditional Dhaba Zone of Kochi,Traditional Dhaba Zone of Kochi,0.6,Shopping,3.9
Transit Corner near Traditional Dhaba Zone of Kochi,Traditional Dhaba Zone of Kochi,2.7,Transit,4.9
Annapurna Treats near Kochi Cosmo Aquarium,Kochi Cosmo Aquarium,0.5,Food & Dining,4.0
Central Arcade near Kochi Cosmo Aquarium,Kochi Cosmo Aquarium,0.3,Shopping,4.7
Cable Car Station near Kochi Cosmo Aquarium,Kochi Cosmo Aquarium,4.6,Viewpoint,3.9
Bistro Corner near Whispering Kochi Gardens,Whispering Kochi Gardens,0.1,Food & Dining,3.8
Souvenir Hub near Whispering Kochi Gardens,Whispering Kochi Gardens,3.1,Shopping,3.8
Transit Corner near Whispering Kochi Gardens,Whispering Kochi Gardens,4.4,Transit,4.0
Street Cafe near Royal Palace of Kochi,Royal Palace of Kochi,1.8,Food & Dining,3.7
Local Market near Royal Palace of Kochi,Royal Palace of Kochi,3.0,Shopping,4.7
Hiking Point near Royal Palace of Kochi,Royal Palace of Kochi,0.5,Viewpoint,4.0
Royal Point near Kochi Blessed Monastery,Kochi Blessed Monastery,1.7,Food & Dining,3.9
Handicrafts Flea Market near Kochi Blessed Monastery,Kochi Blessed Monastery,0.9,Shopping,4.6
Transit Corner near Kochi Blessed Monastery,Kochi Blessed Monastery,3.2,Transit,4.3
Cafe Point near Adventure Kochi Camping Ridge,Adventure Kochi Camping Ridge,1.0,Food & Dining,3.5
Handicrafts Emporium near Adventure Kochi Camping Ridge,Adventure Kochi Camping Ridge,0.5,Shopping,4.4
Transit Corner near Adventure Kochi Camping Ridge,Adventure Kochi Camping Ridge,1.4,Transit,3.8
Bistro Chaat Bhandar near Creative Cultural Theatre of Kochi,Creative Cultural Theatre of Kochi,1.5,Food & Dining,4.4
Central Cooperative near Creative Cultural Theatre of Kochi,Creative Cultural Theatre of Kochi,3.1,Shopping,4.2
Local Market Corner near Creative Cultural Theatre of Kochi,Creative Cultural Theatre of Kochi,3.1,Local Market,4.4
Street Bakery near Kochi Local Spices Corner,Kochi Local Spices Corner,1.8,Food & Dining,3.9
Ethnic Flea Market near Kochi Local Spices Corner,Kochi Local Spices Corner,2.5,Shopping,4.7
Local Market Corner near Kochi Local Spices Corner,Kochi Local Spices Corner,4.0,Local Market,4.6
Annapurna Treats near Savory Kochi Sweet Alley,Savory Kochi Sweet Alley,1.5,Food & Dining,4.2
Central Hub near Savory Kochi Sweet Alley,Savory Kochi Sweet Alley,3.0,Shopping,4.3
Sunset Deck near Savory Kochi Sweet Alley,Savory Kochi Sweet Alley,0.7,Viewpoint,4.5
Gourmet Chaat Bhandar near Apex Amusement Park of Kochi,Apex Amusement Park of Kochi,0.4,Food & Dining,4.8
Artisans Flea Market near Apex Amusement Park of Kochi,Apex Amusement Park of Kochi,1.0,Shopping,3.9
Boating Lake near Apex Amusement Park of Kochi,Apex Amusement Park of Kochi,0.7,Activity,3.9
The Spicy Chaat Bhandar near Kochi Golden Meadow,Kochi Golden Meadow,1.3,Food & Dining,3.9
Bustling Hub near Kochi Golden Meadow,Kochi Golden Meadow,0.2,Shopping,4.0
Local Market Corner near Kochi Golden Meadow,Kochi Golden Meadow,3.4,Local Market,3.7
Chai Villa Dhaba near Historic Kochi Heritage Centre,Historic Kochi Heritage Centre,2.4,Food & Dining,4.1
Souvenir Hub near Historic Kochi Heritage Centre,Historic Kochi Heritage Centre,1.5,Shopping,3.6
Photography Spot near Historic Kochi Heritage Centre,Historic Kochi Heritage Centre,2.5,Viewpoint,4.5
Chai Villa Corner near Blessed Monastery of Kochi,Blessed Monastery of Kochi,2.2,Food & Dining,4.1
Central Arcade near Blessed Monastery of Kochi,Blessed Monastery of Kochi,0.5,Shopping,4.2
Local Market Corner near Blessed Monastery of Kochi,Blessed Monastery of Kochi,4.6,Local Market,4.1
Desi Point near Kochi Adventure Paragliding Launch,Kochi Adventure Paragliding Launch,0.6,Food & Dining,4.4
Traditional Cooperative near Kochi Adventure Paragliding Launch,Kochi Adventure Paragliding Launch,3.0,Shopping,3.6
Adventure Cliff near Kochi Adventure Paragliding Launch,Kochi Adventure Paragliding Launch,3.5,Viewpoint,4.8
Laziz Corner near Folk Kochi Traditional Bazaar,Folk Kochi Traditional Bazaar,2.1,Food & Dining,3.9
Artisans Bazaar near Folk Kochi Traditional Bazaar,Folk Kochi Traditional Bazaar,1.3,Shopping,4.1
Transit Corner near Folk Kochi Traditional Bazaar,Folk Kochi Traditional Bazaar,4.8,Transit,4.7
Bistro Diner near Traditional Flea Market of Kochi,Traditional Flea Market of Kochi,0.5,Food & Dining,4.3
Central Flea Market near Traditional Flea Market of Kochi,Traditional Flea Market of Kochi,2.8,Shopping,3.9
Walkway Park near Traditional Flea Market of Kochi,Traditional Flea Market of Kochi,2.1,Activity,4.7
Bistro Corner near Kochi Authentic Food Street,Kochi Authentic Food Street,1.9,Food & Dining,4.6
Local Arcade near Kochi Authentic Food Street,Kochi Authentic Food Street,2.4,Shopping,4.6
Walkway Park near Kochi Authentic Food Street,Kochi Authentic Food Street,3.3,Activity,3.8
Street Point near Tech Kochi Botanical Conservatory,Tech Kochi Botanical Conservatory,1.9,Food & Dining,4.4
Local Bazaar near Tech Kochi Botanical Conservatory,Tech Kochi Botanical Conservatory,1.9,Shopping,3.8
Photography Spot near Tech Kochi Botanical Conservatory,Tech Kochi Botanical Conservatory,3.5,Activity,4.3
Street Spot near Scenic Peak of Kochi,Scenic Peak of Kochi,2.2,Food & Dining,3.9
Bustling Cooperative near Scenic Peak of Kochi,Scenic Peak of Kochi,3.0,Shopping,4.7
Adventure Cliff near Scenic Peak of Kochi,Scenic Peak of Kochi,0.3,Viewpoint,3.6
The Spicy Diner near Kochi Sovereign Memorial,Kochi Sovereign Memorial,1.1,Food & Dining,3.9
Ethnic Emporium near Kochi Sovereign Memorial,Kochi Sovereign Memorial,1.5,Shopping,4.3
Cable Car Station near Kochi Sovereign Memorial,Kochi Sovereign Memorial,3.5,Activity,4.6
Cafe Point near Blessed Kochi Monastery,Blessed Kochi Monastery,1.8,Food & Dining,4.3
Bustling Corner near Blessed Kochi Monastery,Blessed Kochi Monastery,3.3,Shopping,3.5
Local Market Corner near Blessed Kochi Monastery,Blessed Kochi Monastery,0.7,Local Market,3.6
Desi Corner near Adventure Climbing Wall of Kochi,Adventure Climbing Wall of Kochi,0.8,Food & Dining,4.7
Traditional Market near Adventure Climbing Wall of Kochi,Adventure Climbing Wall of Kochi,3.0,Shopping,4.7
Local Market Corner near Adventure Climbing Wall of Kochi,Adventure Climbing Wall of Kochi,1.1,Local Market,3.6
Royal Treats near Kochi Artistic Amphitheatre,Kochi Artistic Amphitheatre,2.2,Food & Dining,3.9
Souvenir Arcade near Kochi Artistic Amphitheatre,Kochi Artistic Amphitheatre,0.5,Shopping,3.7
Heritage Walk near Kochi Artistic Amphitheatre,Kochi Artistic Amphitheatre,4.2,Viewpoint,4.8
Gourmet Corner near Bustling Kochi Market,Bustling Kochi Market,1.6,Food & Dining,4.8
Bustling Bazaar near Bustling Kochi Market,Bustling Kochi Market,2.0,Shopping,3.6
Heritage Walk near Bustling Kochi Market,Bustling Kochi Market,2.4,Viewpoint,3.9
The Spicy Bakery near Culinary Spice Lane of Kochi,Culinary Spice Lane of Kochi,1.5,Food & Dining,3.7
Handicrafts Corner near Culinary Spice Lane of Kochi,Culinary Spice Lane of Kochi,2.3,Shopping,4.3
Walkway Park near Culinary Spice Lane of Kochi,Culinary Spice Lane of Kochi,2.1,Viewpoint,4.8
The Spicy Treats near Kochi Infinity Science Arena,Kochi Infinity Science Arena,1.4,Food & Dining,4.0
Bustling Emporium near Kochi Infinity Science Arena,Kochi Infinity Science Arena,1.5,Shopping,4.6
Heritage Walk near Kochi Infinity Science Arena,Kochi Infinity Science Arena,0.5,Activity,3.6
Gourmet Chaat Bhandar near Cloudy Kochi Gardens,Cloudy Kochi Gardens,1.1,Food & Dining,4.7
Souvenir Emporium near Cloudy Kochi Gardens,Cloudy Kochi Gardens,2.6,Shopping,4.0
Transit Corner near Cloudy Kochi Gardens,Cloudy Kochi Gardens,3.1,Transit,5.0
Cafe Spot near Grand Castle of Kochi,Grand Castle of Kochi,1.7,Food & Dining,4.7
Artisans Corner near Grand Castle of Kochi,Grand Castle of Kochi,0.7,Shopping,4.3
Sunset Deck near Grand Castle of Kochi,Grand Castle of Kochi,4.2,Viewpoint,4.4
Gourmet Spot near Kochi Blessed Monastery,Kochi Blessed Monastery,2.0,Food & Dining,4.2
Bustling Cooperative near Kochi Blessed Monastery,Kochi Blessed Monastery,3.3,Shopping,4.4
Transit Corner near Kochi Blessed Monastery,Kochi Blessed Monastery,1.6,Transit,4.6
Gourmet Spot near Adventure Kochi Safari Zone,Adventure Kochi Safari Zone,0.3,Food & Dining,3.7
Local Flea Market near Adventure Kochi Safari Zone,Adventure Kochi Safari Zone,1.1,Shopping,4.0
Local Market Corner near Adventure Kochi Safari Zone,Adventure Kochi Safari Zone,3.1,Local Market,4.5
Street Dhaba near Indigenous Cultural Theatre of Kochi,Indigenous Cultural Theatre of Kochi,1.8,Food & Dining,3.7
Local Flea Market near Indigenous Cultural Theatre of Kochi,Indigenous Cultural Theatre of Kochi,1.3,Shopping,4.0
Photography Spot near Indigenous Cultural Theatre of Kochi,Indigenous Cultural Theatre of Kochi,0.7,Viewpoint,3.9
Gourmet Bakery near Kochi Vibrant Shopping Arcade,Kochi Vibrant Shopping Arcade,1.2,Food & Dining,4.5
Bustling Market near Kochi Vibrant Shopping Arcade,Kochi Vibrant Shopping Arcade,3.2,Shopping,4.1
Local Market Corner near Kochi Vibrant Shopping Arcade,Kochi Vibrant Shopping Arcade,2.6,Local Market,4.1
Chai Villa Bakery near Delight Kochi Gourmet Court,Delight Kochi Gourmet Court,1.3,Food & Dining,3.6
Handicrafts Cooperative near Delight Kochi Gourmet Court,Delight Kochi Gourmet Court,1.0,Shopping,3.7
Transit Corner near Delight Kochi Gourmet Court,Delight Kochi Gourmet Court,2.9,Transit,3.9
Annapurna Bakery near Metro Sky Deck of Kochi,Metro Sky Deck of Kochi,2.2,Food & Dining,4.4
Artisans Bazaar near Metro Sky Deck of Kochi,Metro Sky Deck of Kochi,0.6,Shopping,4.5
Local Market Corner near Metro Sky Deck of Kochi,Metro Sky Deck of Kochi,2.8,Local Market,4.6
Street Cafe near Kochi Hidden Meadow,Kochi Hidden Meadow,1.4,Food & Dining,4.0
Local Corner near Kochi Hidden Meadow,Kochi Hidden Meadow,2.2,Shopping,4.5
Sunset Deck near Kochi Hidden Meadow,Kochi Hidden Meadow,0.5,Viewpoint,4.5
The Spicy Corner near Victorian Kochi Tomb,Victorian Kochi Tomb,1.5,Food & Dining,3.8
Artisans Bazaar near Victorian Kochi Tomb,Victorian Kochi Tomb,1.0,Shopping,4.2
Transit Corner near Victorian Kochi Tomb,Victorian Kochi Tomb,4.8,Transit,4.4
Street Spot near Blessed Monastery of Kochi,Blessed Monastery of Kochi,2.5,Food & Dining,4.7
Central Cooperative near Blessed Monastery of Kochi,Blessed Monastery of Kochi,2.0,Shopping,4.1
Sunset Deck near Blessed Monastery of Kochi,Blessed Monastery of Kochi,2.4,Activity,4.2
Gourmet Chaat Bhandar near Kochi Adventure Trekking Trail,Kochi Adventure Trekking Trail,0.9,Food & Dining,4.7
Handicrafts Hub near Kochi Adventure Trekking Trail,Kochi Adventure Trekking Trail,1.1,Shopping,4.0
Adventure Cliff near Kochi Adventure Trekking Trail,Kochi Adventure Trekking Trail,0.5,Activity,4.8
Cafe Spot near Ethnic Kochi Traditional Bazaar,Ethnic Kochi Traditional Bazaar,0.9,Food & Dining,3.9
Artisans Flea Market near Ethnic Kochi Traditional Bazaar,Ethnic Kochi Traditional Bazaar,2.5,Shopping,4.5
Photography Spot near Ethnic Kochi Traditional Bazaar,Ethnic Kochi Traditional Bazaar,1.2,Viewpoint,4.6
The Spicy Point near Emerald Falls of Munnar,Emerald Falls of Munnar,2.3,Food & Dining,3.7
Local Emporium near Emerald Falls of Munnar,Emerald Falls of Munnar,0.9,Shopping,3.6
Local Market Corner near Emerald Falls of Munnar,Emerald Falls of Munnar,4.8,Local Market,3.8
Laziz Point near Munnar Imperial Gateway,Munnar Imperial Gateway,1.3,Food & Dining,4.5
Local Bazaar near Munnar Imperial Gateway,Munnar Imperial Gateway,1.2,Shopping,4.2
Cable Car Station near Munnar Imperial Gateway,Munnar Imperial Gateway,3.6,Viewpoint,4.9
The Spicy Treats near Tranquil Munnar Temple,Tranquil Munnar Temple,0.7,Food & Dining,4.0
Bustling Flea Market near Tranquil Munnar Temple,Tranquil Munnar Temple,2.6,Shopping,4.3
Local Market Corner near Tranquil Munnar Temple,Tranquil Munnar Temple,3.0,Local Market,3.6
Desi Treats near Extreme Zip-line Valley of Munnar,Extreme Zip-line Valley of Munnar,1.5,Food & Dining,4.5
Local Emporium near Extreme Zip-line Valley of Munnar,Extreme Zip-line Valley of Munnar,3.1,Shopping,3.6
Cable Car Station near Extreme Zip-line Valley of Munnar,Extreme Zip-line Valley of Munnar,0.4,Viewpoint,3.9
Street Spot near Munnar Ethnic Folk Centre,Munnar Ethnic Folk Centre,1.8,Food & Dining,4.4
Traditional Bazaar near Munnar Ethnic Folk Centre,Munnar Ethnic Folk Centre,3.2,Shopping,4.7
Local Market Corner near Munnar Ethnic Folk Centre,Munnar Ethnic Folk Centre,3.1,Local Market,3.6
The Spicy Point near Central Munnar Cooperative Store,Central Munnar Cooperative Store,1.5,Food & Dining,4.3
Central Cooperative near Central Munnar Cooperative Store,Central Munnar Cooperative Store,2.1,Shopping,4.5
Adventure Cliff near Central Munnar Cooperative Store,Central Munnar Cooperative Store,3.9,Viewpoint,4.3
The Spicy Point near Legacy Historic Cafe of Munnar,Legacy Historic Cafe of Munnar,1.4,Food & Dining,4.5
Central Flea Market near Legacy Historic Cafe of Munnar,Legacy Historic Cafe of Munnar,2.1,Shopping,4.6
Transit Corner near Legacy Historic Cafe of Munnar,Legacy Historic Cafe of Munnar,3.7,Transit,4.6
Annapurna Chaat Bhandar near Munnar Stellar Art Gallery,Munnar Stellar Art Gallery,0.3,Food & Dining,4.5
Handicrafts Corner near Munnar Stellar Art Gallery,Munnar Stellar Art Gallery,1.8,Shopping,4.0
Local Market Corner near Munnar Stellar Art Gallery,Munnar Stellar Art Gallery,4.4,Local Market,4.8
Bistro Diner near Silent Munnar Cave,Silent Munnar Cave,2.3,Food & Dining,4.5
Ethnic Market near Silent Munnar Cave,Silent Munnar Cave,2.3,Shopping,3.5
Local Market Corner near Silent Munnar Cave,Silent Munnar Cave,3.3,Local Market,3.7
Desi Treats near Royal Ruin of Munnar,Royal Ruin of Munnar,0.5,Food & Dining,3.8
Bustling Arcade near Royal Ruin of Munnar,Royal Ruin of Munnar,2.6,Shopping,4.2
Adventure Cliff near Royal Ruin of Munnar,Royal Ruin of Munnar,0.5,Viewpoint,4.9
Laziz Bakery near Munnar Tranquil Temple,Munnar Tranquil Temple,1.5,Food & Dining,4.2
Ethnic Bazaar near Munnar Tranquil Temple,Munnar Tranquil Temple,1.8,Shopping,3.8
Cable Car Station near Munnar Tranquil Temple,Munnar Tranquil Temple,1.7,Viewpoint,4.6
Gourmet Point near Extreme Munnar Rafting Camp,Extreme Munnar Rafting Camp,2.0,Food & Dining,3.6
Souvenir Corner near Extreme Munnar Rafting Camp,Extreme Munnar Rafting Camp,0.6,Shopping,4.2
Walkway Park near Extreme Munnar Rafting Camp,Extreme Munnar Rafting Camp,3.8,Viewpoint,3.9
Royal Kitchen near Classical Art Village of Munnar,Classical Art Village of Munnar,0.7,Food & Dining,3.9
Souvenir Corner near Classical Art Village of Munnar,Classical Art Village of Munnar,0.5,Shopping,4.1
Local Market Corner near Classical Art Village of Munnar,Classical Art Village of Munnar,2.8,Local Market,4.2
Street Dhaba near Munnar Craft Emporium,Munnar Craft Emporium,0.5,Food & Dining,4.3
Central Market near Munnar Craft Emporium,Munnar Craft Emporium,0.4,Shopping,3.6
Transit Corner near Munnar Craft Emporium,Munnar Craft Emporium,4.5,Transit,4.4
The Spicy Dhaba near Flavors Munnar Dhaba Zone,Flavors Munnar Dhaba Zone,0.8,Food & Dining,3.8
Bustling Emporium near Flavors Munnar Dhaba Zone,Flavors Munnar Dhaba Zone,3.3,Shopping,3.8
Local Market Corner near Flavors Munnar Dhaba Zone,Flavors Munnar Dhaba Zone,4.4,Local Market,3.5
Royal Spot near Futuristic Aquarium of Munnar,Futuristic Aquarium of Munnar,0.4,Food & Dining,3.6
Artisans Flea Market near Futuristic Aquarium of Munnar,Futuristic Aquarium of Munnar,0.6,Shopping,4.7
Photography Spot near Futuristic Aquarium of Munnar,Futuristic Aquarium of Munnar,4.2,Viewpoint,3.9
The Spicy Bakery near Munnar Mist-Clad Sunset Point,Munnar Mist-Clad Sunset Point,1.2,Food & Dining,4.6
Artisans Cooperative near Munnar Mist-Clad Sunset Point,Munnar Mist-Clad Sunset Point,0.5,Shopping,4.1
Transit Corner near Munnar Mist-Clad Sunset Point,Munnar Mist-Clad Sunset Point,3.2,Transit,4.2
Royal Corner near Historic Munnar Ancient Caves,Historic Munnar Ancient Caves,2.4,Food & Dining,3.7
Handicrafts Corner near Historic Munnar Ancient Caves,Historic Munnar Ancient Caves,0.8,Shopping,4.3
Local Market Corner near Historic Munnar Ancient Caves,Historic Munnar Ancient Caves,3.9,Local Market,4.3
The Spicy Dhaba near Tranquil Temple of Munnar,Tranquil Temple of Munnar,2.4,Food & Dining,4.5
Souvenir Market near Tranquil Temple of Munnar,Tranquil Temple of Munnar,0.4,Shopping,3.5
Heritage Walk near Tranquil Temple of Munnar,Tranquil Temple of Munnar,4.5,Viewpoint,4.5
Annapurna Dhaba near Munnar Extreme Camping Ridge,Munnar Extreme Camping Ridge,1.0,Food & Dining,3.6
Bustling Cooperative near Munnar Extreme Camping Ridge,Munnar Extreme Camping Ridge,2.0,Shopping,4.6
Local Market Corner near Munnar Extreme Camping Ridge,Munnar Extreme Camping Ridge,4.4,Local Market,4.0
Royal Bakery near Legacy Munnar Heritage Craft Complex,Legacy Munnar Heritage Craft Complex,1.3,Food & Dining,4.9
Souvenir Cooperative near Legacy Munnar Heritage Craft Complex,Legacy Munnar Heritage Craft Complex,3.3,Shopping,4.6
Local Market Corner near Legacy Munnar Heritage Craft Complex,Legacy Munnar Heritage Craft Complex,2.2,Local Market,3.5
Laziz Bakery near Royal Spices Corner of Munnar,Royal Spices Corner of Munnar,0.8,Food & Dining,4.4
Traditional Market near Royal Spices Corner of Munnar,Royal Spices Corner of Munnar,1.8,Shopping,4.7
Local Market Corner near Royal Spices Corner of Munnar,Royal Spices Corner of Munnar,0.9,Local Market,3.6
Chai Villa Cafe near Munnar Traditional Sweet Alley,Munnar Traditional Sweet Alley,0.6,Food & Dining,3.5
Bustling Hub near Munnar Traditional Sweet Alley,Munnar Traditional Sweet Alley,1.3,Shopping,3.7
Adventure Cliff near Munnar Traditional Sweet Alley,Munnar Traditional Sweet Alley,1.1,Viewpoint,4.6
Chai Villa Spot near Cosmo Munnar Amusement Park,Cosmo Munnar Amusement Park,0.4,Food & Dining,3.8
Central Arcade near Cosmo Munnar Amusement Park,Cosmo Munnar Amusement Park,2.0,Shopping,3.6
Boating Lake near Cosmo Munnar Amusement Park,Cosmo Munnar Amusement Park,0.6,Viewpoint,4.2
Street Dhaba near Serene Falls of Munnar,Serene Falls of Munnar,0.2,Food & Dining,3.8
Central Arcade near Serene Falls of Munnar,Serene Falls of Munnar,2.0,Shopping,3.8
Photography Spot near Serene Falls of Munnar,Serene Falls of Munnar,1.1,Activity,4.0
The Spicy Kitchen near Munnar Sovereign Fort,Munnar Sovereign Fort,1.2,Food & Dining,3.6
Central Emporium near Munnar Sovereign Fort,Munnar Sovereign Fort,1.9,Shopping,4.0
Walkway Park near Munnar Sovereign Fort,Munnar Sovereign Fort,0.7,Activity,3.6
Annapurna Kitchen near Tranquil Munnar Temple,Tranquil Munnar Temple,2.1,Food & Dining,3.8
Souvenir Market near Tranquil Munnar Temple,Tranquil Munnar Temple,2.6,Shopping,4.3
Walkway Park near Tranquil Munnar Temple,Tranquil Munnar Temple,4.1,Viewpoint,4.5
Street Spot near Extreme Paragliding Launch of Munnar,Extreme Paragliding Launch of Munnar,1.7,Food & Dining,4.4
Central Flea Market near Extreme Paragliding Launch of Munnar,Extreme Paragliding Launch of Munnar,3.5,Shopping,3.6
Sunset Deck near Extreme Paragliding Launch of Munnar,Extreme Paragliding Launch of Munnar,4.4,Activity,3.6
Cafe Bakery near Munnar Creative Folk Centre,Munnar Creative Folk Centre,2.0,Food & Dining,4.2
Traditional Arcade near Munnar Creative Folk Centre,Munnar Creative Folk Centre,1.0,Shopping,3.5
Transit Corner near Munnar Creative Folk Centre,Munnar Creative Folk Centre,0.9,Transit,3.7
Gourmet Dhaba near Local Munnar Flea Market,Local Munnar Flea Market,1.9,Food & Dining,4.3
Souvenir Market near Local Munnar Flea Market,Local Munnar Flea Market,3.4,Shopping,4.4
Local Market Corner near Local Munnar Flea Market,Local Munnar Flea Market,3.9,Local Market,4.2
Annapurna Point near Savory Food Street of Munnar,Savory Food Street of Munnar,0.6,Food & Dining,3.7
Central Cooperative near Savory Food Street of Munnar,Savory Food Street of Munnar,2.6,Shopping,4.6
Local Market Corner near Savory Food Street of Munnar,Savory Food Street of Munnar,2.2,Local Market,4.3
Laziz Treats near Munnar Apex Botanical Conservatory,Munnar Apex Botanical Conservatory,2.2,Food & Dining,3.5
Handicrafts Arcade near Munnar Apex Botanical Conservatory,Munnar Apex Botanical Conservatory,0.8,Shopping,4.4
Transit Corner near Munnar Apex Botanical Conservatory,Munnar Apex Botanical Conservatory,4.7,Transit,4.5
Desi Treats near Silver Munnar Cave,Silver Munnar Cave,1.2,Food & Dining,4.0
Central Emporium near Silver Munnar Cave,Silver Munnar Cave,3.4,Shopping,4.5
Transit Corner near Silver Munnar Cave,Silver Munnar Cave,1.8,Transit,4.3
Cafe Corner near Grand Museum of Munnar,Grand Museum of Munnar,0.3,Food & Dining,4.1
Local Bazaar near Grand Museum of Munnar,Grand Museum of Munnar,0.6,Shopping,3.8
Transit Corner near Grand Museum of Munnar,Grand Museum of Munnar,3.0,Transit,4.3
Annapurna Spot near Munnar Tranquil Temple,Munnar Tranquil Temple,0.1,Food & Dining,4.1
Bustling Market near Munnar Tranquil Temple,Munnar Tranquil Temple,2.8,Shopping,4.3
Boating Lake near Munnar Tranquil Temple,Munnar Tranquil Temple,3.7,Activity,4.3
Annapurna Diner near Extreme Munnar Climbing Wall,Extreme Munnar Climbing Wall,2.2,Food & Dining,4.1
Central Corner near Extreme Munnar Climbing Wall,Extreme Munnar Climbing Wall,2.9,Shopping,4.4
Transit Corner near Extreme Munnar Climbing Wall,Extreme Munnar Climbing Wall,1.2,Transit,3.6
Cafe Point near Folk Art Village of Munnar,Folk Art Village of Munnar,1.7,Food & Dining,3.8
Bustling Arcade near Folk Art Village of Munnar,Folk Art Village of Munnar,0.9,Shopping,4.1
Local Market Corner near Folk Art Village of Munnar,Folk Art Village of Munnar,0.9,Local Market,5.0
Gourmet Chaat Bhandar near Munnar Traditional Market,Munnar Traditional Market,0.3,Food & Dining,3.8
Local Corner near Munnar Traditional Market,Munnar Traditional Market,3.5,Shopping,4.7
Hiking Point near Munnar Traditional Market,Munnar Traditional Market,0.9,Activity,4.4
Street Kitchen near Authentic Munnar Spice Lane,Authentic Munnar Spice Lane,2.2,Food & Dining,3.6
Central Arcade near Authentic Munnar Spice Lane,Authentic Munnar Spice Lane,0.3,Shopping,3.6
Cable Car Station near Authentic Munnar Spice Lane,Authentic Munnar Spice Lane,4.7,Viewpoint,3.9
Gourmet Corner near Tech Science Arena of Munnar,Tech Science Arena of Munnar,1.3,Food & Dining,4.9
Bustling Corner near Tech Science Arena of Munnar,Tech Science Arena of Munnar,3.1,Shopping,4.7
Local Market Corner near Tech Science Arena of Munnar,Tech Science Arena of Munnar,0.7,Local Market,4.3
Laziz Treats near Munnar Emerald Sunset Point,Munnar Emerald Sunset Point,2.0,Food & Dining,3.9
Ethnic Corner near Munnar Emerald Sunset Point,Munnar Emerald Sunset Point,2.1,Shopping,4.6
Local Market Corner near Munnar Emerald Sunset Point,Munnar Emerald Sunset Point,0.6,Local Market,4.6
Chai Villa Spot near Victorian Munnar Gateway,Victorian Munnar Gateway,1.3,Food & Dining,4.4
Local Hub near Victorian Munnar Gateway,Victorian Munnar Gateway,2.3,Shopping,4.0
Adventure Cliff near Victorian Munnar Gateway,Victorian Munnar Gateway,0.3,Viewpoint,4.1
The Spicy Kitchen near Tranquil Temple of Munnar,Tranquil Temple of Munnar,1.9,Food & Dining,4.2
Souvenir Arcade near Tranquil Temple of Munnar,Tranquil Temple of Munnar,3.1,Shopping,3.7
Hiking Point near Tranquil Temple of Munnar,Tranquil Temple of Munnar,1.6,Viewpoint,3.9
Chai Villa Bakery near Munnar Extreme Safari Zone,Munnar Extreme Safari Zone,0.4,Food & Dining,4.8
Local Cooperative near Munnar Extreme Safari Zone,Munnar Extreme Safari Zone,1.9,Shopping,3.9
Sunset Deck near Munnar Extreme Safari Zone,Munnar Extreme Safari Zone,3.4,Viewpoint,4.9
Annapurna Diner near Artistic Munnar Heritage Craft Complex,Artistic Munnar Heritage Craft Complex,2.4,Food & Dining,4.4
Handicrafts Emporium near Artistic Munnar Heritage Craft Complex,Artistic Munnar Heritage Craft Complex,2.2,Shopping,3.8
Hiking Point near Artistic Munnar Heritage Craft Complex,Artistic Munnar Heritage Craft Complex,2.8,Activity,4.7
Laziz Point near Hidden Beach of Alleppey,Hidden Beach of Alleppey,1.6,Food & Dining,3.6
Souvenir Bazaar near Hidden Beach of Alleppey,Hidden Beach of Alleppey,1.8,Shopping,4.0
Transit Corner near Hidden Beach of Alleppey,Hidden Beach of Alleppey,2.8,Transit,4.2
The Spicy Chaat Bhandar near Alleppey Imperial Tomb,Alleppey Imperial Tomb,2.3,Food & Dining,3.9
Souvenir Corner near Alleppey Imperial Tomb,Alleppey Imperial Tomb,1.0,Shopping,3.6
Walkway Park near Alleppey Imperial Tomb,Alleppey Imperial Tomb,4.6,Viewpoint,4.9
Street Kitchen near Holy Alleppey Ashram,Holy Alleppey Ashram,2.2,Food & Dining,3.5
Local Flea Market near Holy Alleppey Ashram,Holy Alleppey Ashram,2.0,Shopping,4.2
Photography Spot near Holy Alleppey Ashram,Holy Alleppey Ashram,0.7,Activity,4.9
The Spicy Corner near Summit Trekking Trail of Alleppey,Summit Trekking Trail of Alleppey,2.2,Food & Dining,4.5
Handicrafts Hub near Summit Trekking Trail of Alleppey,Summit Trekking Trail of Alleppey,0.9,Shopping,4.6
Cable Car Station near Summit Trekking Trail of Alleppey,Summit Trekking Trail of Alleppey,0.9,Viewpoint,4.1
Cafe Kitchen near Alleppey Artistic Amphitheatre,Alleppey Artistic Amphitheatre,0.8,Food & Dining,4.2
Artisans Cooperative near Alleppey Artistic Amphitheatre,Alleppey Artistic Amphitheatre,0.9,Shopping,4.7
Transit Corner near Alleppey Artistic Amphitheatre,Alleppey Artistic Amphitheatre,1.1,Transit,3.8
Royal Point near Bustling Alleppey Bazaar,Bustling Alleppey Bazaar,1.4,Food & Dining,4.6
Local Hub near Bustling Alleppey Bazaar,Bustling Alleppey Bazaar,0.4,Shopping,4.3
Adventure Cliff near Bustling Alleppey Bazaar,Bustling Alleppey Bazaar,2.5,Viewpoint,4.5
Laziz Treats near Culinary Chaat Corner of Alleppey,Culinary Chaat Corner of Alleppey,1.0,Food & Dining,4.0
Traditional Emporium near Culinary Chaat Corner of Alleppey,Culinary Chaat Corner of Alleppey,1.1,Shopping,4.2
Adventure Cliff near Culinary Chaat Corner of Alleppey,Culinary Chaat Corner of Alleppey,1.4,Activity,4.6
The Spicy Dhaba near Alleppey Infinity Planetarium,Alleppey Infinity Planetarium,1.3,Food & Dining,4.2
Souvenir Bazaar near Alleppey Infinity Planetarium,Alleppey Infinity Planetarium,2.9,Shopping,4.5
Walkway Park near Alleppey Infinity Planetarium,Alleppey Infinity Planetarium,1.4,Activity,4.3
Royal Cafe near Whispering Alleppey Wildlife Reserve,Whispering Alleppey Wildlife Reserve,0.6,Food & Dining,4.4
Souvenir Bazaar near Whispering Alleppey Wildlife Reserve,Whispering Alleppey Wildlife Reserve,2.1,Shopping,3.8
Local Market Corner near Whispering Alleppey Wildlife Reserve,Whispering Alleppey Wildlife Reserve,2.6,Local Market,3.6
The Spicy Point near Royal Palace of Alleppey,Royal Palace of Alleppey,2.1,Food & Dining,3.7
Handicrafts Cooperative near Royal Palace of Alleppey,Royal Palace of Alleppey,0.7,Shopping,3.6
Local Market Corner near Royal Palace of Alleppey,Royal Palace of Alleppey,4.8,Local Market,3.6
Annapurna Kitchen near Alleppey Holy Ashram,Alleppey Holy Ashram,0.7,Food & Dining,3.8
Central Hub near Alleppey Holy Ashram,Alleppey Holy Ashram,0.4,Shopping,4.6
Local Market Corner near Alleppey Holy Ashram,Alleppey Holy Ashram,1.8,Local Market,4.6
Bistro Point near Summit Alleppey Zip-line Valley,Summit Alleppey Zip-line Valley,0.8,Food & Dining,4.3
Souvenir Market near Summit Alleppey Zip-line Valley,Summit Alleppey Zip-line Valley,3.0,Shopping,4.3
Transit Corner near Summit Alleppey Zip-line Valley,Summit Alleppey Zip-line Valley,4.8,Transit,4.5
Gourmet Dhaba near Indigenous Cultural Theatre of Alleppey,Indigenous Cultural Theatre of Alleppey,1.9,Food & Dining,4.8
Local Emporium near Indigenous Cultural Theatre of Alleppey,Indigenous Cultural Theatre of Alleppey,2.7,Shopping,4.3
Photography Spot near Indigenous Cultural Theatre of Alleppey,Indigenous Cultural Theatre of Alleppey,2.2,Viewpoint,3.7
Cafe Diner near Alleppey Vibrant Cooperative Store,Alleppey Vibrant Cooperative Store,1.6,Food & Dining,3.6
Handicrafts Emporium near Alleppey Vibrant Cooperative Store,Alleppey Vibrant Cooperative Store,2.7,Shopping,4.1
Local Market Corner near Alleppey Vibrant Cooperative Store,Alleppey Vibrant Cooperative Store,3.3,Local Market,3.9
Bistro Kitchen near Delight Alleppey Historic Cafe,Delight Alleppey Historic Cafe,2.2,Food & Dining,4.3
Local Arcade near Delight Alleppey Historic Cafe,Delight Alleppey Historic Cafe,0.3,Shopping,4.1
Sunset Deck near Delight Alleppey Historic Cafe,Delight Alleppey Historic Cafe,2.5,Viewpoint,4.5
Annapurna Chaat Bhandar near Metro Art Gallery of Alleppey,Metro Art Gallery of Alleppey,0.8,Food & Dining,4.6
Traditional Flea Market near Metro Art Gallery of Alleppey,Metro Art Gallery of Alleppey,1.8,Shopping,3.7
Local Market Corner near Metro Art Gallery of Alleppey,Metro Art Gallery of Alleppey,2.1,Local Market,3.6
Laziz Dhaba near Alleppey Golden Lake,Alleppey Golden Lake,1.6,Food & Dining,4.0
Central Bazaar near Alleppey Golden Lake,Alleppey Golden Lake,1.0,Shopping,4.5
Transit Corner near Alleppey Golden Lake,Alleppey Golden Lake,1.3,Transit,3.9
Laziz Treats near Historic Alleppey Heritage Centre,Historic Alleppey Heritage Centre,1.1,Food & Dining,4.5
Bustling Corner near Historic Alleppey Heritage Centre,Historic Alleppey Heritage Centre,1.8,Shopping,4.4
Photography Spot near Historic Alleppey Heritage Centre,Historic Alleppey Heritage Centre,2.1,Viewpoint,3.8
Royal Diner near Holy Ashram of Alleppey,Holy Ashram of Alleppey,1.1,Food & Dining,4.2
Souvenir Bazaar near Holy Ashram of Alleppey,Holy Ashram of Alleppey,0.8,Shopping,4.6
Transit Corner near Holy Ashram of Alleppey,Holy Ashram of Alleppey,4.0,Transit,4.7
Desi Point near Alleppey Summit Rafting Camp,Alleppey Summit Rafting Camp,1.9,Food & Dining,4.5
Central Corner near Alleppey Summit Rafting Camp,Alleppey Summit Rafting Camp,3.2,Shopping,4.3
Transit Corner near Alleppey Summit Rafting Camp,Alleppey Summit Rafting Camp,1.6,Transit,4.7
Desi Point near Ethnic Alleppey Traditional Bazaar,Ethnic Alleppey Traditional Bazaar,1.0,Food & Dining,4.4
Traditional Cooperative near Ethnic Alleppey Traditional Bazaar,Ethnic Alleppey Traditional Bazaar,0.7,Shopping,3.6
Local Market Corner near Ethnic Alleppey Traditional Bazaar,Ethnic Alleppey Traditional Bazaar,1.6,Local Market,4.6
Bistro Treats near Central Emporium of Alleppey,Central Emporium of Alleppey,2.1,Food & Dining,4.1
Ethnic Emporium near Central Emporium of Alleppey,Central Emporium of Alleppey,3.3,Shopping,4.5
Boating Lake near Central Emporium of Alleppey,Central Emporium of Alleppey,1.3,Activity,3.6
The Spicy Chaat Bhandar near Alleppey Legacy Dhaba Zone,Alleppey Legacy Dhaba Zone,1.0,Food & Dining,3.8
Local Market near Alleppey Legacy Dhaba Zone,Alleppey Legacy Dhaba Zone,2.5,Shopping,4.3
Transit Corner near Alleppey Legacy Dhaba Zone,Alleppey Legacy Dhaba Zone,4.8,Transit,4.4
The Spicy Spot near Stellar Alleppey Aquarium,Stellar Alleppey Aquarium,0.7,Food & Dining,4.2
Local Bazaar near Stellar Alleppey Aquarium,Stellar Alleppey Aquarium,2.7,Shopping,3.9
Cable Car Station near Stellar Alleppey Aquarium,Stellar Alleppey Aquarium,3.7,Viewpoint,4.1
Street Corner near Scenic Beach of Alleppey,Scenic Beach of Alleppey,0.3,Food & Dining,4.1
Bustling Cooperative near Scenic Beach of Alleppey,Scenic Beach of Alleppey,0.7,Shopping,4.6
Photography Spot near Scenic Beach of Alleppey,Scenic Beach of Alleppey,3.3,Viewpoint,3.6
Bistro Point near Alleppey Sovereign Memorial,Alleppey Sovereign Memorial,0.2,Food & Dining,4.9
Local Flea Market near Alleppey Sovereign Memorial,Alleppey Sovereign Memorial,2.5,Shopping,4.3
Cable Car Station near Alleppey Sovereign Memorial,Alleppey Sovereign Memorial,2.6,Activity,4.6
Cafe Chaat Bhandar near Holy Alleppey Ashram,Holy Alleppey Ashram,0.6,Food & Dining,3.8
Ethnic Hub near Holy Alleppey Ashram,Holy Alleppey Ashram,2.0,Shopping,4.5
Transit Corner near Holy Alleppey Ashram,Holy Alleppey Ashram,1.0,Transit,4.5
Desi Bakery near Summit Camping Ridge of Alleppey,Summit Camping Ridge of Alleppey,1.2,Food & Dining,3.8
Ethnic Bazaar near Summit Camping Ridge of Alleppey,Summit Camping Ridge of Alleppey,1.4,Shopping,4.4
Transit Corner near Summit Camping Ridge of Alleppey,Summit Camping Ridge of Alleppey,1.3,Transit,4.0
Bistro Bakery near Alleppey Classical Amphitheatre,Alleppey Classical Amphitheatre,0.9,Food & Dining,4.9
Handicrafts Corner near Alleppey Classical Amphitheatre,Alleppey Classical Amphitheatre,1.7,Shopping,4.4
Transit Corner near Alleppey Classical Amphitheatre,Alleppey Classical Amphitheatre,3.8,Transit,4.6
Desi Treats near Craft Alleppey Spices Corner,Craft Alleppey Spices Corner,1.5,Food & Dining,4.7
Artisans Market near Craft Alleppey Spices Corner,Craft Alleppey Spices Corner,1.5,Shopping,4.0
Hiking Point near Craft Alleppey Spices Corner,Craft Alleppey Spices Corner,2.8,Viewpoint,4.4
Royal Corner near Flavors Sweet Alley of Alleppey,Flavors Sweet Alley of Alleppey,1.0,Food & Dining,4.9
Artisans Flea Market near Flavors Sweet Alley of Alleppey,Flavors Sweet Alley of Alleppey,2.3,Shopping,4.6
Transit Corner near Flavors Sweet Alley of Alleppey,Flavors Sweet Alley of Alleppey,2.4,Transit,4.1
Desi Chaat Bhandar near Alleppey Futuristic Amusement Park,Alleppey Futuristic Amusement Park,1.0,Food & Dining,4.7
Local Hub near Alleppey Futuristic Amusement Park,Alleppey Futuristic Amusement Park,1.0,Shopping,3.5
Transit Corner near Alleppey Futuristic Amusement Park,Alleppey Futuristic Amusement Park,2.0,Transit,3.5
Laziz Bakery near Cloudy Alleppey Wildlife Reserve,Cloudy Alleppey Wildlife Reserve,0.8,Food & Dining,4.5
Central Bazaar near Cloudy Alleppey Wildlife Reserve,Cloudy Alleppey Wildlife Reserve,0.5,Shopping,4.1
Adventure Cliff near Cloudy Alleppey Wildlife Reserve,Cloudy Alleppey Wildlife Reserve,0.3,Viewpoint,5.0
Street Corner near Grand Castle of Alleppey,Grand Castle of Alleppey,0.1,Food & Dining,4.2
Artisans Market near Grand Castle of Alleppey,Grand Castle of Alleppey,3.2,Shopping,3.7
Transit Corner near Grand Castle of Alleppey,Grand Castle of Alleppey,3.5,Transit,4.1
Chai Villa Dhaba near Alleppey Holy Ashram,Alleppey Holy Ashram,2.2,Food & Dining,4.3
Handicrafts Emporium near Alleppey Holy Ashram,Alleppey Holy Ashram,3.1,Shopping,4.2
Adventure Cliff near Alleppey Holy Ashram,Alleppey Holy Ashram,4.5,Viewpoint,3.8
Chai Villa Spot near Summit Alleppey Paragliding Launch,Summit Alleppey Paragliding Launch,2.1,Food & Dining,4.1
Artisans Arcade near Summit Alleppey Paragliding Launch,Summit Alleppey Paragliding Launch,0.5,Shopping,4.4
Local Market Corner near Summit Alleppey Paragliding Launch,Summit Alleppey Paragliding Launch,2.9,Local Market,4.1
Royal Chaat Bhandar near Legacy Cultural Theatre of Alleppey,Legacy Cultural Theatre of Alleppey,1.0,Food & Dining,4.2
Handicrafts Corner near Legacy Cultural Theatre of Alleppey,Legacy Cultural Theatre of Alleppey,3.2,Shopping,4.2
Sunset Deck near Legacy Cultural Theatre of Alleppey,Legacy Cultural Theatre of Alleppey,3.8,Viewpoint,3.8
Gourmet Spot near Alleppey Royal Flea Market,Alleppey Royal Flea Market,0.2,Food & Dining,4.3
Ethnic Emporium near Alleppey Royal Flea Market,Alleppey Royal Flea Market,2.8,Shopping,4.7
Cable Car Station near Alleppey Royal Flea Market,Alleppey Royal Flea Market,2.2,Activity,3.9
Gourmet Kitchen near Traditional Alleppey Food Street,Traditional Alleppey Food Street,1.2,Food & Dining,4.9
Souvenir Emporium near Traditional Alleppey Food Street,Traditional Alleppey Food Street,1.7,Shopping,4.6
Local Market Corner near Traditional Alleppey Food Street,Traditional Alleppey Food Street,4.7,Local Market,4.5
Street Dhaba near Cosmo Botanical Conservatory of Alleppey,Cosmo Botanical Conservatory of Alleppey,1.8,Food & Dining,4.8
Souvenir Hub near Cosmo Botanical Conservatory of Alleppey,Cosmo Botanical Conservatory of Alleppey,0.7,Shopping,4.5
Photography Spot near Cosmo Botanical Conservatory of Alleppey,Cosmo Botanical Conservatory of Alleppey,1.5,Viewpoint,4.8
Cafe Treats near Alleppey Hidden Lake,Alleppey Hidden Lake,1.5,Food & Dining,4.1
Souvenir Hub near Alleppey Hidden Lake,Alleppey Hidden Lake,0.6,Shopping,4.3
Photography Spot near Alleppey Hidden Lake,Alleppey Hidden Lake,2.2,Activity,3.6
Annapurna Diner near Victorian Alleppey Tomb,Victorian Alleppey Tomb,1.8,Food & Dining,3.6
Ethnic Hub near Victorian Alleppey Tomb,Victorian Alleppey Tomb,2.1,Shopping,4.1
Transit Corner near Victorian Alleppey Tomb,Victorian Alleppey Tomb,4.6,Transit,3.6
Royal Treats near Holy Ashram of Alleppey,Holy Ashram of Alleppey,0.1,Food & Dining,4.4
Central Cooperative near Holy Ashram of Alleppey,Holy Ashram of Alleppey,1.2,Shopping,3.7
Adventure Cliff near Holy Ashram of Alleppey,Holy Ashram of Alleppey,1.4,Viewpoint,4.0
Royal Dhaba near Alleppey Summit Climbing Wall,Alleppey Summit Climbing Wall,1.5,Food & Dining,3.6
Souvenir Arcade near Alleppey Summit Climbing Wall,Alleppey Summit Climbing Wall,2.4,Shopping,4.0
Adventure Cliff near Alleppey Summit Climbing Wall,Alleppey Summit Climbing Wall,3.7,Activity,4.8
Royal Kitchen near Creative Alleppey Traditional Bazaar,Creative Alleppey Traditional Bazaar,0.7,Food & Dining,4.6
Handicrafts Corner near Creative Alleppey Traditional Bazaar,Creative Alleppey Traditional Bazaar,0.5,Shopping,4.6
Transit Corner near Creative Alleppey Traditional Bazaar,Creative Alleppey Traditional Bazaar,1.8,Transit,4.0
Cafe Kitchen near Emerald Hills of Wayanad,Emerald Hills of Wayanad,0.3,Food & Dining,4.6
Traditional Cooperative near Emerald Hills of Wayanad,Emerald Hills of Wayanad,2.6,Shopping,4.2
Transit Corner near Emerald Hills of Wayanad,Emerald Hills of Wayanad,1.7,Transit,4.4
Cafe Dhaba near Wayanad Imperial Gateway,Wayanad Imperial Gateway,2.1,Food & Dining,4.4
Local Cooperative near Wayanad Imperial Gateway,Wayanad Imperial Gateway,0.7,Shopping,4.7
Transit Corner near Wayanad Imperial Gateway,Wayanad Imperial Gateway,2.0,Transit,5.0
Royal Dhaba near Eternal Wayanad Mosque,Eternal Wayanad Mosque,2.4,Food & Dining,4.4
Central Market near Eternal Wayanad Mosque,Eternal Wayanad Mosque,1.1,Shopping,3.8
Photography Spot near Eternal Wayanad Mosque,Eternal Wayanad Mosque,0.8,Activity,3.9
Royal Bakery near Wild Safari Zone of Wayanad,Wild Safari Zone of Wayanad,1.3,Food & Dining,4.0
Souvenir Hub near Wild Safari Zone of Wayanad,Wild Safari Zone of Wayanad,0.3,Shopping,4.4
Photography Spot near Wild Safari Zone of Wayanad,Wild Safari Zone of Wayanad,3.0,Activity,4.6
Gourmet Diner near Wayanad Creative Folk Centre,Wayanad Creative Folk Centre,1.4,Food & Dining,3.7
Bustling Market near Wayanad Creative Folk Centre,Wayanad Creative Folk Centre,0.4,Shopping,3.9
Cable Car Station near Wayanad Creative Folk Centre,Wayanad Creative Folk Centre,0.7,Activity,3.7
Bistro Spot near Local Wayanad Shopping Arcade,Local Wayanad Shopping Arcade,1.1,Food & Dining,4.8
Handicrafts Cooperative near Local Wayanad Shopping Arcade,Local Wayanad Shopping Arcade,2.5,Shopping,4.7
Transit Corner near Local Wayanad Shopping Arcade,Local Wayanad Shopping Arcade,2.7,Transit,4.3
Laziz Point near Savory Gourmet Court of Wayanad,Savory Gourmet Court of Wayanad,1.5,Food & Dining,3.7
Bustling Hub near Savory Gourmet Court of Wayanad,Savory Gourmet Court of Wayanad,2.2,Shopping,3.5
Cable Car Station near Savory Gourmet Court of Wayanad,Savory Gourmet Court of Wayanad,1.8,Viewpoint,4.6
Gourmet Corner near Wayanad Apex Sky Deck,Wayanad Apex Sky Deck,0.9,Food & Dining,4.5
Souvenir Emporium near Wayanad Apex Sky Deck,Wayanad Apex Sky Deck,3.5,Shopping,4.3
Sunset Deck near Wayanad Apex Sky Deck,Wayanad Apex Sky Deck,2.9,Activity,4.9
Street Point near Silent Wayanad Valley,Silent Wayanad Valley,0.7,Food & Dining,4.2
Handicrafts Corner near Silent Wayanad Valley,Silent Wayanad Valley,3.2,Shopping,3.8
Adventure Cliff near Silent Wayanad Valley,Silent Wayanad Valley,3.3,Viewpoint,4.9
Bistro Corner near Royal Ruin of Wayanad,Royal Ruin of Wayanad,2.2,Food & Dining,4.4
Ethnic Bazaar near Royal Ruin of Wayanad,Royal Ruin of Wayanad,2.9,Shopping,4.5
Adventure Cliff near Royal Ruin of Wayanad,Royal Ruin of Wayanad,4.6,Viewpoint,3.6
Gourmet Chaat Bhandar near Wayanad Eternal Mosque,Wayanad Eternal Mosque,1.0,Food & Dining,4.0
Central Flea Market near Wayanad Eternal Mosque,Wayanad Eternal Mosque,1.1,Shopping,4.1
Sunset Deck near Wayanad Eternal Mosque,Wayanad Eternal Mosque,1.7,Activity,3.8
The Spicy Diner near Wild Wayanad Trekking Trail,Wild Wayanad Trekking Trail,2.3,Food & Dining,4.1
Souvenir Cooperative near Wild Wayanad Trekking Trail,Wild Wayanad Trekking Trail,1.7,Shopping,4.6
Transit Corner near Wild Wayanad Trekking Trail,Wild Wayanad Trekking Trail,1.3,Transit,4.6
The Spicy Spot near Folk Art Village of Wayanad,Folk Art Village of Wayanad,0.4,Food & Dining,4.7
Ethnic Hub near Folk Art Village of Wayanad,Folk Art Village of Wayanad,3.3,Shopping,4.6
Walkway Park near Folk Art Village of Wayanad,Folk Art Village of Wayanad,1.3,Viewpoint,3.7
Desi Cafe near Wayanad Traditional Bazaar,Wayanad Traditional Bazaar,1.5,Food & Dining,3.7
Bustling Cooperative near Wayanad Traditional Bazaar,Wayanad Traditional Bazaar,3.5,Shopping,4.1
Sunset Deck near Wayanad Traditional Bazaar,Wayanad Traditional Bazaar,1.8,Activity,4.6
Laziz Dhaba near Authentic Wayanad Chaat Corner,Authentic Wayanad Chaat Corner,1.9,Food & Dining,4.8
Souvenir Market near Authentic Wayanad Chaat Corner,Authentic Wayanad Chaat Corner,3.0,Shopping,3.7
Walkway Park near Authentic Wayanad Chaat Corner,Authentic Wayanad Chaat Corner,0.6,Viewpoint,4.3
Street Kitchen near Tech Planetarium of Wayanad,Tech Planetarium of Wayanad,0.7,Food & Dining,3.8
Local Cooperative near Tech Planetarium of Wayanad,Tech Planetarium of Wayanad,0.8,Shopping,4.4
Heritage Walk near Tech Planetarium of Wayanad,Tech Planetarium of Wayanad,4.6,Activity,4.9
Gourmet Corner near Wayanad Mist-Clad River Confluence,Wayanad Mist-Clad River Confluence,0.4,Food & Dining,4.4
Central Bazaar near Wayanad Mist-Clad River Confluence,Wayanad Mist-Clad River Confluence,2.1,Shopping,3.7
Sunset Deck near Wayanad Mist-Clad River Confluence,Wayanad Mist-Clad River Confluence,4.3,Viewpoint,3.5
Cafe Dhaba near Historic Wayanad Ancient Caves,Historic Wayanad Ancient Caves,0.6,Food & Dining,4.9
Artisans Bazaar near Historic Wayanad Ancient Caves,Historic Wayanad Ancient Caves,1.8,Shopping,4.3
Hiking Point near Historic Wayanad Ancient Caves,Historic Wayanad Ancient Caves,2.2,Viewpoint,4.3
Annapurna Spot near Eternal Mosque of Wayanad,Eternal Mosque of Wayanad,0.9,Food & Dining,3.7
Traditional Market near Eternal Mosque of Wayanad,Eternal Mosque of Wayanad,2.2,Shopping,4.4
Heritage Walk near Eternal Mosque of Wayanad,Eternal Mosque of Wayanad,1.8,Viewpoint,4.1
Desi Point near Wayanad Wild Zip-line Valley,Wayanad Wild Zip-line Valley,0.4,Food & Dining,4.8
Handicrafts Emporium near Wayanad Wild Zip-line Valley,Wayanad Wild Zip-line Valley,1.8,Shopping,4.1
Local Market Corner near Wayanad Wild Zip-line Valley,Wayanad Wild Zip-line Valley,2.8,Local Market,4.2
Bistro Kitchen near Artistic Wayanad Heritage Craft Complex,Artistic Wayanad Heritage Craft Complex,1.8,Food & Dining,4.9
Ethnic Emporium near Artistic Wayanad Heritage Craft Complex,Artistic Wayanad Heritage Craft Complex,1.9,Shopping,3.6
Transit Corner near Artistic Wayanad Heritage Craft Complex,Artistic Wayanad Heritage Craft Complex,3.1,Transit,4.8
Cafe Treats near Bustling Cooperative Store of Wayanad,Bustling Cooperative Store of Wayanad,2.2,Food & Dining,3.6
Traditional Flea Market near Bustling Cooperative Store of Wayanad,Bustling Cooperative Store of Wayanad,0.5,Shopping,4.6
Local Market Corner near Bustling Cooperative Store of Wayanad,Bustling Cooperative Store of Wayanad,2.1,Local Market,4.1
Gourmet Kitchen near Wayanad Culinary Historic Cafe,Wayanad Culinary Historic Cafe,1.6,Food & Dining,4.6
Central Corner near Wayanad Culinary Historic Cafe,Wayanad Culinary Historic Cafe,0.4,Shopping,4.8
Adventure Cliff near Wayanad Culinary Historic Cafe,Wayanad Culinary Historic Cafe,3.2,Viewpoint,4.5
Gourmet Diner near Infinity Wayanad Art Gallery,Infinity Wayanad Art Gallery,0.1,Food & Dining,3.7
Central Arcade near Infinity Wayanad Art Gallery,Infinity Wayanad Art Gallery,2.3,Shopping,3.8
Transit Corner near Infinity Wayanad Art Gallery,Infinity Wayanad Art Gallery,1.8,Transit,4.8
Chai Villa Kitchen near Serene Hills of Wayanad,Serene Hills of Wayanad,0.2,Food & Dining,4.2
Traditional Corner near Serene Hills of Wayanad,Serene Hills of Wayanad,2.0,Shopping,4.7
Photography Spot near Serene Hills of Wayanad,Serene Hills of Wayanad,2.9,Activity,4.0
Desi Bakery near Wayanad Sovereign Fort,Wayanad Sovereign Fort,1.2,Food & Dining,4.2
Souvenir Corner near Wayanad Sovereign Fort,Wayanad Sovereign Fort,2.7,Shopping,4.6
Transit Corner near Wayanad Sovereign Fort,Wayanad Sovereign Fort,0.5,Transit,4.7
Desi Dhaba near Eternal Wayanad Mosque,Eternal Wayanad Mosque,1.5,Food & Dining,4.0
Souvenir Bazaar near Eternal Wayanad Mosque,Eternal Wayanad Mosque,1.3,Shopping,4.3
Hiking Point near Eternal Wayanad Mosque,Eternal Wayanad Mosque,1.2,Activity,3.5
Street Cafe near Wild Rafting Camp of Wayanad,Wild Rafting Camp of Wayanad,1.3,Food & Dining,3.6
Ethnic Arcade near Wild Rafting Camp of Wayanad,Wild Rafting Camp of Wayanad,1.0,Shopping,3.7
Sunset Deck near Wild Rafting Camp of Wayanad,Wild Rafting Camp of Wayanad,1.2,Viewpoint,4.1
Street Cafe near Wayanad Indigenous Folk Centre,Wayanad Indigenous Folk Centre,0.2,Food & Dining,3.7
Bustling Emporium near Wayanad Indigenous Folk Centre,Wayanad Indigenous Folk Centre,1.4,Shopping,4.2
Adventure Cliff near Wayanad Indigenous Folk Centre,Wayanad Indigenous Folk Centre,4.6,Activity,4.5
Desi Diner near Vibrant Wayanad Emporium,Vibrant Wayanad Emporium,2.0,Food & Dining,3.7
Central Flea Market near Vibrant Wayanad Emporium,Vibrant Wayanad Emporium,0.7,Shopping,4.0
Local Market Corner near Vibrant Wayanad Emporium,Vibrant Wayanad Emporium,3.8,Local Market,4.7
Laziz Spot near Delight Dhaba Zone of Wayanad,Delight Dhaba Zone of Wayanad,1.9,Food & Dining,4.1
Bustling Corner near Delight Dhaba Zone of Wayanad,Delight Dhaba Zone of Wayanad,0.8,Shopping,3.6
Boating Lake near Delight Dhaba Zone of Wayanad,Delight Dhaba Zone of Wayanad,3.7,Activity,4.6
Cafe Spot near Wayanad Metro Aquarium,Wayanad Metro Aquarium,1.7,Food & Dining,3.9
Traditional Bazaar near Wayanad Metro Aquarium,Wayanad Metro Aquarium,0.7,Shopping,3.9
Transit Corner near Wayanad Metro Aquarium,Wayanad Metro Aquarium,3.5,Transit,3.5
The Spicy Chaat Bhandar near Silver Wayanad Valley,Silver Wayanad Valley,2.1,Food & Dining,3.6
Handicrafts Hub near Silver Wayanad Valley,Silver Wayanad Valley,0.5,Shopping,4.7
Transit Corner near Silver Wayanad Valley,Silver Wayanad Valley,3.4,Transit,4.8
Street Point near Grand Museum of Wayanad,Grand Museum of Wayanad,0.1,Food & Dining,4.4
Traditional Market near Grand Museum of Wayanad,Grand Museum of Wayanad,2.5,Shopping,4.3
Transit Corner near Grand Museum of Wayanad,Grand Museum of Wayanad,0.3,Transit,3.8
Street Treats near Wayanad Eternal Mosque,Wayanad Eternal Mosque,0.2,Food & Dining,3.6
Local Corner near Wayanad Eternal Mosque,Wayanad Eternal Mosque,0.2,Shopping,3.9
Boating Lake near Wayanad Eternal Mosque,Wayanad Eternal Mosque,1.0,Activity,4.2
Cafe Chaat Bhandar near Wild Wayanad Camping Ridge,Wild Wayanad Camping Ridge,2.4,Food & Dining,4.9
Central Corner near Wild Wayanad Camping Ridge,Wild Wayanad Camping Ridge,0.9,Shopping,3.6
Local Market Corner near Wild Wayanad Camping Ridge,Wild Wayanad Camping Ridge,2.0,Local Market,3.5
Royal Corner near Ethnic Art Village of Wayanad,Ethnic Art Village of Wayanad,0.1,Food & Dining,3.8
Local Cooperative near Ethnic Art Village of Wayanad,Ethnic Art Village of Wayanad,2.0,Shopping,4.1
Transit Corner near Ethnic Art Village of Wayanad,Ethnic Art Village of Wayanad,2.3,Transit,4.1
Bistro Corner near Wayanad Central Spices Corner,Wayanad Central Spices Corner,2.4,Food & Dining,4.6
Central Cooperative near Wayanad Central Spices Corner,Wayanad Central Spices Corner,1.0,Shopping,4.5
Hiking Point near Wayanad Central Spices Corner,Wayanad Central Spices Corner,2.9,Viewpoint,4.3
The Spicy Chaat Bhandar near Legacy Wayanad Sweet Alley,Legacy Wayanad Sweet Alley,1.3,Food & Dining,4.0
Ethnic Bazaar near Legacy Wayanad Sweet Alley,Legacy Wayanad Sweet Alley,2.5,Shopping,4.1
Boating Lake near Legacy Wayanad Sweet Alley,Legacy Wayanad Sweet Alley,3.8,Activity,4.1
Gourmet Cafe near Stellar Amusement Park of Wayanad,Stellar Amusement Park of Wayanad,2.2,Food & Dining,3.6
Local Hub near Stellar Amusement Park of Wayanad,Stellar Amusement Park of Wayanad,2.5,Shopping,3.8
Walkway Park near Stellar Amusement Park of Wayanad,Stellar Amusement Park of Wayanad,4.0,Viewpoint,4.2
Annapurna Diner near Wayanad Emerald River Confluence,Wayanad Emerald River Confluence,0.8,Food & Dining,4.5
Artisans Corner near Wayanad Emerald River Confluence,Wayanad Emerald River Confluence,0.7,Shopping,4.5
Sunset Deck near Wayanad Emerald River Confluence,Wayanad Emerald River Confluence,1.0,Viewpoint,3.9
Annapurna Corner near Victorian Wayanad Gateway,Victorian Wayanad Gateway,1.1,Food & Dining,4.3
Souvenir Hub near Victorian Wayanad Gateway,Victorian Wayanad Gateway,2.4,Shopping,4.1
Sunset Deck near Victorian Wayanad Gateway,Victorian Wayanad Gateway,2.6,Viewpoint,3.9
Desi Treats near Eternal Mosque of Wayanad,Eternal Mosque of Wayanad,1.6,Food & Dining,4.4
Central Flea Market near Eternal Mosque of Wayanad,Eternal Mosque of Wayanad,0.7,Shopping,4.7
Transit Corner near Eternal Mosque of Wayanad,Eternal Mosque of Wayanad,0.6,Transit,4.1
Desi Spot near Wayanad Wild Paragliding Launch,Wayanad Wild Paragliding Launch,1.1,Food & Dining,4.0
Local Hub near Wayanad Wild Paragliding Launch,Wayanad Wild Paragliding Launch,1.0,Shopping,4.0
Local Market Corner near Wayanad Wild Paragliding Launch,Wayanad Wild Paragliding Launch,3.6,Local Market,4.1
Cafe Bakery near Classical Wayanad Heritage Craft Complex,Classical Wayanad Heritage Craft Complex,0.5,Food & Dining,3.6
Artisans Market near Classical Wayanad Heritage Craft Complex,Classical Wayanad Heritage Craft Complex,0.9,Shopping,4.8
Adventure Cliff near Classical Wayanad Heritage Craft Complex,Classical Wayanad Heritage Craft Complex,3.8,Activity,4.3
Laziz Treats near Hidden Peak of Chennai,Hidden Peak of Chennai,0.9,Food & Dining,4.0
Ethnic Hub near Hidden Peak of Chennai,Hidden Peak of Chennai,1.1,Shopping,4.1
Local Market Corner near Hidden Peak of Chennai,Hidden Peak of Chennai,3.7,Local Market,3.6
Royal Spot near Chennai Imperial Tomb,Chennai Imperial Tomb,0.4,Food & Dining,3.7
Artisans Arcade near Chennai Imperial Tomb,Chennai Imperial Tomb,1.4,Shopping,4.0
Transit Corner near Chennai Imperial Tomb,Chennai Imperial Tomb,0.6,Transit,4.1
Annapurna Dhaba near Divine Chennai Gurudwara,Divine Chennai Gurudwara,2.2,Food & Dining,3.5
Local Corner near Divine Chennai Gurudwara,Divine Chennai Gurudwara,1.7,Shopping,4.0
Transit Corner near Divine Chennai Gurudwara,Divine Chennai Gurudwara,4.8,Transit,3.5
Cafe Point near Rogue Climbing Wall of Chennai,Rogue Climbing Wall of Chennai,0.3,Food & Dining,3.8
Bustling Flea Market near Rogue Climbing Wall of Chennai,Rogue Climbing Wall of Chennai,1.7,Shopping,4.1
Transit Corner near Rogue Climbing Wall of Chennai,Rogue Climbing Wall of Chennai,3.9,Transit,4.4
Annapurna Cafe near Chennai Classical Amphitheatre,Chennai Classical Amphitheatre,1.2,Food & Dining,4.2
Local Corner near Chennai Classical Amphitheatre,Chennai Classical Amphitheatre,2.7,Shopping,3.7
Local Market Corner near Chennai Classical Amphitheatre,Chennai Classical Amphitheatre,1.1,Local Market,4.3
The Spicy Treats near Craft Chennai Market,Craft Chennai Market,2.1,Food & Dining,4.4
Artisans Market near Craft Chennai Market,Craft Chennai Market,0.6,Shopping,4.5
Photography Spot near Craft Chennai Market,Craft Chennai Market,4.8,Viewpoint,3.7
Desi Corner near Flavors Spice Lane of Chennai,Flavors Spice Lane of Chennai,2.2,Food & Dining,4.3
Bustling Corner near Flavors Spice Lane of Chennai,Flavors Spice Lane of Chennai,2.4,Shopping,4.6
Walkway Park near Flavors Spice Lane of Chennai,Flavors Spice Lane of Chennai,3.5,Activity,3.6
Gourmet Diner near Chennai Futuristic Science Arena,Chennai Futuristic Science Arena,0.5,Food & Dining,4.1
Artisans Market near Chennai Futuristic Science Arena,Chennai Futuristic Science Arena,2.6,Shopping,3.9
Photography Spot near Chennai Futuristic Science Arena,Chennai Futuristic Science Arena,2.5,Activity,5.0
Royal Kitchen near Whispering Chennai Gardens,Whispering Chennai Gardens,2.0,Food & Dining,4.8
Souvenir Market near Whispering Chennai Gardens,Whispering Chennai Gardens,0.3,Shopping,4.6
Local Market Corner near Whispering Chennai Gardens,Whispering Chennai Gardens,2.4,Local Market,4.9
Bistro Kitchen near Royal Palace of Chennai,Royal Palace of Chennai,2.3,Food & Dining,4.4
Artisans Arcade near Royal Palace of Chennai,Royal Palace of Chennai,0.4,Shopping,3.7
Local Market Corner near Royal Palace of Chennai,Royal Palace of Chennai,1.5,Local Market,4.0
Royal Bakery near Chennai Divine Gurudwara,Chennai Divine Gurudwara,0.2,Food & Dining,4.2
Artisans Corner near Chennai Divine Gurudwara,Chennai Divine Gurudwara,1.7,Shopping,4.1
Photography Spot near Chennai Divine Gurudwara,Chennai Divine Gurudwara,4.7,Activity,4.1
Royal Dhaba near Rogue Chennai Safari Zone,Rogue Chennai Safari Zone,2.2,Food & Dining,3.7
Central Flea Market near Rogue Chennai Safari Zone,Rogue Chennai Safari Zone,1.5,Shopping,4.1
Photography Spot near Rogue Chennai Safari Zone,Rogue Chennai Safari Zone,2.0,Activity,3.9
Gourmet Diner near Legacy Cultural Theatre of Chennai,Legacy Cultural Theatre of Chennai,0.6,Food & Dining,4.2
Traditional Cooperative near Legacy Cultural Theatre of Chennai,Legacy Cultural Theatre of Chennai,2.5,Shopping,4.7
Local Market Corner near Legacy Cultural Theatre of Chennai,Legacy Cultural Theatre of Chennai,1.7,Local Market,3.8
The Spicy Treats near Chennai Royal Shopping Arcade,Chennai Royal Shopping Arcade,1.5,Food & Dining,3.5
Traditional Cooperative near Chennai Royal Shopping Arcade,Chennai Royal Shopping Arcade,0.9,Shopping,4.2
Local Market Corner near Chennai Royal Shopping Arcade,Chennai Royal Shopping Arcade,0.9,Local Market,4.7
Laziz Kitchen near Traditional Chennai Gourmet Court,Traditional Chennai Gourmet Court,2.1,Food & Dining,3.6
Traditional Market near Traditional Chennai Gourmet Court,Traditional Chennai Gourmet Court,2.7,Shopping,4.7
Transit Corner near Traditional Chennai Gourmet Court,Traditional Chennai Gourmet Court,3.3,Transit,4.6
Laziz Kitchen near Cosmo Sky Deck of Chennai,Cosmo Sky Deck of Chennai,1.4,Food & Dining,3.6
Traditional Emporium near Cosmo Sky Deck of Chennai,Cosmo Sky Deck of Chennai,2.3,Shopping,3.8
Heritage Walk near Cosmo Sky Deck of Chennai,Cosmo Sky Deck of Chennai,4.9,Activity,4.4
Annapurna Treats near Chennai Golden Meadow,Chennai Golden Meadow,0.5,Food & Dining,4.0
Bustling Bazaar near Chennai Golden Meadow,Chennai Golden Meadow,0.8,Shopping,3.6
Transit Corner near Chennai Golden Meadow,Chennai Golden Meadow,2.2,Transit,4.5
Laziz Treats near Historic Chennai Heritage Centre,Historic Chennai Heritage Centre,2.1,Food & Dining,4.4
Local Market near Historic Chennai Heritage Centre,Historic Chennai Heritage Centre,1.0,Shopping,4.2
Transit Corner near Historic Chennai Heritage Centre,Historic Chennai Heritage Centre,4.5,Transit,4.8
Desi Diner near Divine Gurudwara of Chennai,Divine Gurudwara of Chennai,2.1,Food & Dining,4.2
Ethnic Arcade near Divine Gurudwara of Chennai,Divine Gurudwara of Chennai,3.5,Shopping,4.4
Photography Spot near Divine Gurudwara of Chennai,Divine Gurudwara of Chennai,4.0,Viewpoint,4.6
The Spicy Kitchen near Chennai Rogue Trekking Trail,Chennai Rogue Trekking Trail,0.7,Food & Dining,3.8
Artisans Cooperative near Chennai Rogue Trekking Trail,Chennai Rogue Trekking Trail,2.7,Shopping,4.6
Local Market Corner near Chennai Rogue Trekking Trail,Chennai Rogue Trekking Trail,1.6,Local Market,3.8
Street Spot near Creative Chennai Traditional Bazaar,Creative Chennai Traditional Bazaar,0.6,Food & Dining,3.8
Local Cooperative near Creative Chennai Traditional Bazaar,Creative Chennai Traditional Bazaar,3.3,Shopping,4.1
Local Market Corner near Creative Chennai Traditional Bazaar,Creative Chennai Traditional Bazaar,4.0,Local Market,4.7
Bistro Diner near Local Bazaar of Chennai,Local Bazaar of Chennai,0.4,Food & Dining,4.0
Traditional Cooperative near Local Bazaar of Chennai,Local Bazaar of Chennai,2.1,Shopping,3.6
Transit Corner near Local Bazaar of Chennai,Local Bazaar of Chennai,4.5,Transit,4.4
Bistro Spot near Chennai Savory Chaat Corner,Chennai Savory Chaat Corner,1.7,Food & Dining,4.0
Bustling Cooperative near Chennai Savory Chaat Corner,Chennai Savory Chaat Corner,1.6,Shopping,4.5
Cable Car Station near Chennai Savory Chaat Corner,Chennai Savory Chaat Corner,4.6,Activity,3.7
Desi Chaat Bhandar near Apex Chennai Planetarium,Apex Chennai Planetarium,2.1,Food & Dining,4.7
Souvenir Hub near Apex Chennai Planetarium,Apex Chennai Planetarium,1.0,Shopping,4.1
Adventure Cliff near Apex Chennai Planetarium,Apex Chennai Planetarium,2.4,Activity,4.2
Royal Cafe near Scenic Peak of Chennai,Scenic Peak of Chennai,0.6,Food & Dining,3.7
Artisans Corner near Scenic Peak of Chennai,Scenic Peak of Chennai,1.5,Shopping,4.0
Boating Lake near Scenic Peak of Chennai,Scenic Peak of Chennai,2.5,Viewpoint,4.8
Bistro Kitchen near Chennai Sovereign Memorial,Chennai Sovereign Memorial,1.4,Food & Dining,4.8
Souvenir Flea Market near Chennai Sovereign Memorial,Chennai Sovereign Memorial,2.9,Shopping,4.1
Local Market Corner near Chennai Sovereign Memorial,Chennai Sovereign Memorial,4.1,Local Market,4.8
Gourmet Dhaba near Divine Chennai Gurudwara,Divine Chennai Gurudwara,1.7,Food & Dining,4.7
Souvenir Market near Divine Chennai Gurudwara,Divine Chennai Gurudwara,2.9,Shopping,4.0
Local Market Corner near Divine Chennai Gurudwara,Divine Chennai Gurudwara,4.9,Local Market,4.9
Street Point near Rogue Zip-line Valley of Chennai,Rogue Zip-line Valley of Chennai,1.4,Food & Dining,3.6
Artisans Hub near Rogue Zip-line Valley of Chennai,Rogue Zip-line Valley of Chennai,2.1,Shopping,4.3
Transit Corner near Rogue Zip-line Valley of Chennai,Rogue Zip-line Valley of Chennai,3.3,Transit,4.3
Cafe Chaat Bhandar near Chennai Folk Amphitheatre,Chennai Folk Amphitheatre,0.3,Food & Dining,4.4
Local Flea Market near Chennai Folk Amphitheatre,Chennai Folk Amphitheatre,3.0,Shopping,4.5
Transit Corner near Chennai Folk Amphitheatre,Chennai Folk Amphitheatre,1.3,Transit,4.8
Bistro Corner near Traditional Chennai Cooperative Store,Traditional Chennai Cooperative Store,0.8,Food & Dining,4.3
Central Hub near Traditional Chennai Cooperative Store,Traditional Chennai Cooperative Store,1.5,Shopping,4.1
Transit Corner near Traditional Chennai Cooperative Store,Traditional Chennai Cooperative Store,2.0,Transit,4.9
Chai Villa Cafe near Authentic Historic Cafe of Chennai,Authentic Historic Cafe of Chennai,0.4,Food & Dining,4.6
Ethnic Hub near Authentic Historic Cafe of Chennai,Authentic Historic Cafe of Chennai,1.4,Shopping,3.8
Photography Spot near Authentic Historic Cafe of Chennai,Authentic Historic Cafe of Chennai,0.8,Activity,4.5
Desi Cafe near Chennai Tech Art Gallery,Chennai Tech Art Gallery,2.0,Food & Dining,4.7
Ethnic Market near Chennai Tech Art Gallery,Chennai Tech Art Gallery,2.9,Shopping,3.9
Walkway Park near Chennai Tech Art Gallery,Chennai Tech Art Gallery,4.1,Viewpoint,3.6
Laziz Treats near Cloudy Chennai Gardens,Cloudy Chennai Gardens,0.4,Food & Dining,4.3
Artisans Emporium near Cloudy Chennai Gardens,Cloudy Chennai Gardens,1.6,Shopping,4.0
Transit Corner near Cloudy Chennai Gardens,Cloudy Chennai Gardens,4.5,Transit,3.7
Street Bakery near Grand Castle of Chennai,Grand Castle of Chennai,1.8,Food & Dining,4.7
Central Flea Market near Grand Castle of Chennai,Grand Castle of Chennai,0.8,Shopping,4.6
Transit Corner near Grand Castle of Chennai,Grand Castle of Chennai,4.5,Transit,5.0
Annapurna Diner near Chennai Divine Gurudwara,Chennai Divine Gurudwara,1.5,Food & Dining,4.6
Local Corner near Chennai Divine Gurudwara,Chennai Divine Gurudwara,0.8,Shopping,4.3
Adventure Cliff near Chennai Divine Gurudwara,Chennai Divine Gurudwara,4.4,Activity,3.6
Street Bakery near Rogue Chennai Rafting Camp,Rogue Chennai Rafting Camp,1.8,Food & Dining,4.1
Artisans Hub near Rogue Chennai Rafting Camp,Rogue Chennai Rafting Camp,0.6,Shopping,4.0
Transit Corner near Rogue Chennai Rafting Camp,Rogue Chennai Rafting Camp,3.0,Transit,4.5
Street Dhaba near Artistic Cultural Theatre of Chennai,Artistic Cultural Theatre of Chennai,0.3,Food & Dining,4.4
Central Corner near Artistic Cultural Theatre of Chennai,Artistic Cultural Theatre of Chennai,2.5,Shopping,3.9
Transit Corner near Artistic Cultural Theatre of Chennai,Artistic Cultural Theatre of Chennai,1.6,Transit,3.5
The Spicy Kitchen near Chennai Bustling Emporium,Chennai Bustling Emporium,0.2,Food & Dining,4.1
Artisans Arcade near Chennai Bustling Emporium,Chennai Bustling Emporium,3.2,Shopping,4.2
Hiking Point near Chennai Bustling Emporium,Chennai Bustling Emporium,0.4,Viewpoint,4.0
Street Bakery near Culinary Chennai Dhaba Zone,Culinary Chennai Dhaba Zone,2.2,Food & Dining,4.2
Traditional Emporium near Culinary Chennai Dhaba Zone,Culinary Chennai Dhaba Zone,0.7,Shopping,4.6
Hiking Point near Culinary Chennai Dhaba Zone,Culinary Chennai Dhaba Zone,3.8,Activity,4.9
Cafe Corner near Infinity Aquarium of Chennai,Infinity Aquarium of Chennai,2.3,Food & Dining,4.4
Souvenir Market near Infinity Aquarium of Chennai,Infinity Aquarium of Chennai,1.2,Shopping,3.7
Boating Lake near Infinity Aquarium of Chennai,Infinity Aquarium of Chennai,2.6,Activity,4.9
Annapurna Spot near Chennai Hidden Meadow,Chennai Hidden Meadow,2.4,Food & Dining,3.5
Artisans Hub near Chennai Hidden Meadow,Chennai Hidden Meadow,3.0,Shopping,3.7
Transit Corner near Chennai Hidden Meadow,Chennai Hidden Meadow,0.4,Transit,4.8
Bistro Chaat Bhandar near Victorian Chennai Tomb,Victorian Chennai Tomb,1.4,Food & Dining,4.2
Handicrafts Market near Victorian Chennai Tomb,Victorian Chennai Tomb,2.8,Shopping,4.3
Boating Lake near Victorian Chennai Tomb,Victorian Chennai Tomb,0.7,Viewpoint,4.2
The Spicy Treats near Divine Gurudwara of Chennai,Divine Gurudwara of Chennai,0.7,Food & Dining,3.9
Traditional Flea Market near Divine Gurudwara of Chennai,Divine Gurudwara of Chennai,3.4,Shopping,4.0
Local Market Corner near Divine Gurudwara of Chennai,Divine Gurudwara of Chennai,3.1,Local Market,4.3
The Spicy Chaat Bhandar near Chennai Rogue Camping Ridge,Chennai Rogue Camping Ridge,1.7,Food & Dining,4.0
Ethnic Flea Market near Chennai Rogue Camping Ridge,Chennai Rogue Camping Ridge,1.6,Shopping,4.0
Adventure Cliff near Chennai Rogue Camping Ridge,Chennai Rogue Camping Ridge,3.8,Viewpoint,3.7
Laziz Bakery near Indigenous Chennai Traditional Bazaar,Indigenous Chennai Traditional Bazaar,1.0,Food & Dining,3.6
Handicrafts Emporium near Indigenous Chennai Traditional Bazaar,Indigenous Chennai Traditional Bazaar,0.5,Shopping,4.6
Local Market Corner near Indigenous Chennai Traditional Bazaar,Indigenous Chennai Traditional Bazaar,0.4,Local Market,4.4
Bistro Point near Emerald Falls of Ooty,Emerald Falls of Ooty,1.5,Food & Dining,3.9
Central Corner near Emerald Falls of Ooty,Emerald Falls of Ooty,1.9,Shopping,3.6
Local Market Corner near Emerald Falls of Ooty,Emerald Falls of Ooty,2.1,Local Market,4.6
Gourmet Treats near Ooty Imperial Gateway,Ooty Imperial Gateway,0.7,Food & Dining,4.1
Handicrafts Hub near Ooty Imperial Gateway,Ooty Imperial Gateway,2.1,Shopping,4.6
Walkway Park near Ooty Imperial Gateway,Ooty Imperial Gateway,1.7,Viewpoint,4.7
Street Kitchen near Sacred Ooty Shrine,Sacred Ooty Shrine,1.0,Food & Dining,4.7
Ethnic Cooperative near Sacred Ooty Shrine,Sacred Ooty Shrine,0.8,Shopping,3.8
Adventure Cliff near Sacred Ooty Shrine,Sacred Ooty Shrine,3.2,Viewpoint,3.5
Desi Cafe near Apex Paragliding Launch of Ooty,Apex Paragliding Launch of Ooty,2.0,Food & Dining,3.6
Central Emporium near Apex Paragliding Launch of Ooty,Apex Paragliding Launch of Ooty,2.8,Shopping,4.0
Cable Car Station near Apex Paragliding Launch of Ooty,Apex Paragliding Launch of Ooty,1.0,Activity,4.5
Laziz Kitchen near Ooty Indigenous Folk Centre,Ooty Indigenous Folk Centre,1.7,Food & Dining,4.5
Central Flea Market near Ooty Indigenous Folk Centre,Ooty Indigenous Folk Centre,3.3,Shopping,3.6
Walkway Park near Ooty Indigenous Folk Centre,Ooty Indigenous Folk Centre,1.9,Activity,4.3
Bistro Cafe near Vibrant Ooty Flea Market,Vibrant Ooty Flea Market,2.1,Food & Dining,4.3
Ethnic Flea Market near Vibrant Ooty Flea Market,Vibrant Ooty Flea Market,0.2,Shopping,3.7
Boating Lake near Vibrant Ooty Flea Market,Vibrant Ooty Flea Market,4.7,Activity,4.0
Laziz Kitchen near Delight Food Street of Ooty,Delight Food Street of Ooty,0.5,Food & Dining,3.8
Ethnic Hub near Delight Food Street of Ooty,Delight Food Street of Ooty,3.1,Shopping,4.0
Transit Corner near Delight Food Street of Ooty,Delight Food Street of Ooty,2.6,Transit,3.8
Chai Villa Diner near Ooty Metro Botanical Conservatory,Ooty Metro Botanical Conservatory,0.5,Food & Dining,4.0
Traditional Bazaar near Ooty Metro Botanical Conservatory,Ooty Metro Botanical Conservatory,2.5,Shopping,4.7
Local Market Corner near Ooty Metro Botanical Conservatory,Ooty Metro Botanical Conservatory,0.9,Local Market,3.6
Desi Kitchen near Silent Ooty Cave,Silent Ooty Cave,2.0,Food & Dining,4.3
Local Emporium near Silent Ooty Cave,Silent Ooty Cave,0.8,Shopping,4.3
Local Market Corner near Silent Ooty Cave,Silent Ooty Cave,1.5,Local Market,4.8
Laziz Chaat Bhandar near Royal Ruin of Ooty,Royal Ruin of Ooty,1.1,Food & Dining,4.8
Ethnic Arcade near Royal Ruin of Ooty,Royal Ruin of Ooty,2.1,Shopping,3.7
Adventure Cliff near Royal Ruin of Ooty,Royal Ruin of Ooty,0.5,Viewpoint,4.4
Bistro Spot near Ooty Sacred Shrine,Ooty Sacred Shrine,2.1,Food & Dining,4.0
Central Emporium near Ooty Sacred Shrine,Ooty Sacred Shrine,1.3,Shopping,4.6
Walkway Park near Ooty Sacred Shrine,Ooty Sacred Shrine,1.3,Activity,4.7
The Spicy Cafe near Apex Ooty Climbing Wall,Apex Ooty Climbing Wall,0.5,Food & Dining,4.0
Handicrafts Arcade near Apex Ooty Climbing Wall,Apex Ooty Climbing Wall,0.5,Shopping,3.7
Photography Spot near Apex Ooty Climbing Wall,Apex Ooty Climbing Wall,0.8,Activity,4.9
Gourmet Dhaba near Ethnic Art Village of Ooty,Ethnic Art Village of Ooty,1.4,Food & Dining,4.8
Central Arcade near Ethnic Art Village of Ooty,Ethnic Art Village of Ooty,0.9,Shopping,4.2
Local Market Corner near Ethnic Art Village of Ooty,Ethnic Art Village of Ooty,2.3,Local Market,3.8
Chai Villa Treats near Ooty Central Market,Ooty Central Market,2.3,Food & Dining,4.7
Traditional Hub near Ooty Central Market,Ooty Central Market,0.4,Shopping,3.8
Local Market Corner near Ooty Central Market,Ooty Central Market,2.9,Local Market,4.1
Royal Kitchen near Legacy Ooty Spice Lane,Legacy Ooty Spice Lane,1.2,Food & Dining,4.2
Local Hub near Legacy Ooty Spice Lane,Legacy Ooty Spice Lane,3.0,Shopping,4.5
Hiking Point near Legacy Ooty Spice Lane,Legacy Ooty Spice Lane,3.5,Viewpoint,4.6
Desi Corner near Stellar Science Arena of Ooty,Stellar Science Arena of Ooty,1.4,Food & Dining,4.7
Ethnic Market near Stellar Science Arena of Ooty,Stellar Science Arena of Ooty,2.6,Shopping,3.7
Sunset Deck near Stellar Science Arena of Ooty,Stellar Science Arena of Ooty,2.5,Activity,3.8
Bistro Diner near Ooty Mist-Clad Sunset Point,Ooty Mist-Clad Sunset Point,1.0,Food & Dining,3.6
Bustling Emporium near Ooty Mist-Clad Sunset Point,Ooty Mist-Clad Sunset Point,2.9,Shopping,3.6
Walkway Park near Ooty Mist-Clad Sunset Point,Ooty Mist-Clad Sunset Point,0.7,Viewpoint,4.7
Bistro Treats near Historic Ooty Ancient Caves,Historic Ooty Ancient Caves,0.3,Food & Dining,4.2
Handicrafts Flea Market near Historic Ooty Ancient Caves,Historic Ooty Ancient Caves,3.0,Shopping,3.5
Walkway Park near Historic Ooty Ancient Caves,Historic Ooty Ancient Caves,3.6,Activity,4.5
Desi Point near Sacred Shrine of Ooty,Sacred Shrine of Ooty,1.4,Food & Dining,4.7
Souvenir Market near Sacred Shrine of Ooty,Sacred Shrine of Ooty,2.8,Shopping,4.5
Boating Lake near Sacred Shrine of Ooty,Sacred Shrine of Ooty,3.4,Viewpoint,4.6
Gourmet Corner near Ooty Apex Safari Zone,Ooty Apex Safari Zone,0.5,Food & Dining,3.6
Central Market near Ooty Apex Safari Zone,Ooty Apex Safari Zone,1.0,Shopping,4.1
Transit Corner near Ooty Apex Safari Zone,Ooty Apex Safari Zone,4.1,Transit,4.3
Street Diner near Classical Ooty Heritage Craft Complex,Classical Ooty Heritage Craft Complex,0.6,Food & Dining,4.8
Handicrafts Corner near Classical Ooty Heritage Craft Complex,Classical Ooty Heritage Craft Complex,0.7,Shopping,3.8
Transit Corner near Classical Ooty Heritage Craft Complex,Classical Ooty Heritage Craft Complex,3.4,Transit,4.3
Laziz Corner near Craft Shopping Arcade of Ooty,Craft Shopping Arcade of Ooty,0.1,Food & Dining,4.5
Bustling Hub near Craft Shopping Arcade of Ooty,Craft Shopping Arcade of Ooty,2.2,Shopping,3.9
Transit Corner near Craft Shopping Arcade of Ooty,Craft Shopping Arcade of Ooty,4.3,Transit,4.6
Desi Cafe near Ooty Flavors Gourmet Court,Ooty Flavors Gourmet Court,1.4,Food & Dining,4.0
Traditional Flea Market near Ooty Flavors Gourmet Court,Ooty Flavors Gourmet Court,3.0,Shopping,4.5
Sunset Deck near Ooty Flavors Gourmet Court,Ooty Flavors Gourmet Court,4.5,Activity,4.0
Chai Villa Diner near Futuristic Ooty Sky Deck,Futuristic Ooty Sky Deck,0.6,Food & Dining,4.7
Bustling Corner near Futuristic Ooty Sky Deck,Futuristic Ooty Sky Deck,1.0,Shopping,4.4
Local Market Corner near Futuristic Ooty Sky Deck,Futuristic Ooty Sky Deck,4.0,Local Market,3.7
Desi Kitchen near Serene Falls of Ooty,Serene Falls of Ooty,0.7,Food & Dining,4.8
Central Flea Market near Serene Falls of Ooty,Serene Falls of Ooty,1.1,Shopping,3.6
Local Market Corner near Serene Falls of Ooty,Serene Falls of Ooty,3.6,Local Market,4.5
Cafe Kitchen near Ooty Sovereign Fort,Ooty Sovereign Fort,2.3,Food & Dining,3.5
Local Market near Ooty Sovereign Fort,Ooty Sovereign Fort,1.7,Shopping,4.8
Transit Corner near Ooty Sovereign Fort,Ooty Sovereign Fort,1.6,Transit,4.0
The Spicy Kitchen near Sacred Ooty Shrine,Sacred Ooty Shrine,1.5,Food & Dining,4.4
Artisans Corner near Sacred Ooty Shrine,Sacred Ooty Shrine,2.4,Shopping,4.0
Cable Car Station near Sacred Ooty Shrine,Sacred Ooty Shrine,3.4,Activity,4.7
Cafe Spot near Apex Trekking Trail of Ooty,Apex Trekking Trail of Ooty,1.3,Food & Dining,4.2
Bustling Arcade near Apex Trekking Trail of Ooty,Apex Trekking Trail of Ooty,1.0,Shopping,4.2
Cable Car Station near Apex Trekking Trail of Ooty,Apex Trekking Trail of Ooty,4.0,Activity,4.3
Cafe Point near Ooty Legacy Folk Centre,Ooty Legacy Folk Centre,0.4,Food & Dining,4.2
Ethnic Market near Ooty Legacy Folk Centre,Ooty Legacy Folk Centre,0.2,Shopping,4.7
Photography Spot near Ooty Legacy Folk Centre,Ooty Legacy Folk Centre,1.0,Activity,5.0
Gourmet Corner near Royal Ooty Bazaar,Royal Ooty Bazaar,2.2,Food & Dining,4.2
Souvenir Cooperative near Royal Ooty Bazaar,Royal Ooty Bazaar,2.1,Shopping,4.8
Photography Spot near Royal Ooty Bazaar,Royal Ooty Bazaar,2.9,Activity,3.6
Cafe Diner near Traditional Chaat Corner of Ooty,Traditional Chaat Corner of Ooty,1.0,Food & Dining,4.4
Handicrafts Hub near Traditional Chaat Corner of Ooty,Traditional Chaat Corner of Ooty,0.4,Shopping,3.9
Local Market Corner near Traditional Chaat Corner of Ooty,Traditional Chaat Corner of Ooty,1.9,Local Market,4.4
Bistro Spot near Ooty Cosmo Planetarium,Ooty Cosmo Planetarium,2.1,Food & Dining,4.7
Central Bazaar near Ooty Cosmo Planetarium,Ooty Cosmo Planetarium,1.5,Shopping,4.7
Hiking Point near Ooty Cosmo Planetarium,Ooty Cosmo Planetarium,0.8,Activity,4.5
Gourmet Spot near Silver Ooty Cave,Silver Ooty Cave,0.5,Food & Dining,3.9
Souvenir Cooperative near Silver Ooty Cave,Silver Ooty Cave,3.0,Shopping,4.7
Sunset Deck near Silver Ooty Cave,Silver Ooty Cave,0.6,Activity,4.6
Chai Villa Cafe near Grand Museum of Ooty,Grand Museum of Ooty,2.3,Food & Dining,4.5
Handicrafts Hub near Grand Museum of Ooty,Grand Museum of Ooty,1.4,Shopping,3.9
Adventure Cliff near Grand Museum of Ooty,Grand Museum of Ooty,3.6,Viewpoint,4.9
Cafe Corner near Ooty Sacred Shrine,Ooty Sacred Shrine,2.3,Food & Dining,4.5
Traditional Market near Ooty Sacred Shrine,Ooty Sacred Shrine,1.0,Shopping,3.8
Transit Corner near Ooty Sacred Shrine,Ooty Sacred Shrine,3.7,Transit,4.1
Chai Villa Point near Apex Ooty Zip-line Valley,Apex Ooty Zip-line Valley,0.4,Food & Dining,3.8
Artisans Flea Market near Apex Ooty Zip-line Valley,Apex Ooty Zip-line Valley,1.4,Shopping,3.7
Transit Corner near Apex Ooty Zip-line Valley,Apex Ooty Zip-line Valley,2.8,Transit,4.7
Street Cafe near Creative Art Village of Ooty,Creative Art Village of Ooty,1.3,Food & Dining,3.7
Handicrafts Corner near Creative Art Village of Ooty,Creative Art Village of Ooty,1.0,Shopping,4.2
Transit Corner near Creative Art Village of Ooty,Creative Art Village of Ooty,4.2,Transit,4.3
Gourmet Spot near Ooty Local Cooperative Store,Ooty Local Cooperative Store,0.4,Food & Dining,4.7
Artisans Cooperative near Ooty Local Cooperative Store,Ooty Local Cooperative Store,1.2,Shopping,3.9
Local Market Corner near Ooty Local Cooperative Store,Ooty Local Cooperative Store,2.0,Local Market,3.8
Desi Treats near Savory Ooty Historic Cafe,Savory Ooty Historic Cafe,1.4,Food & Dining,3.5
Central Corner near Savory Ooty Historic Cafe,Savory Ooty Historic Cafe,1.8,Shopping,4.7
Transit Corner near Savory Ooty Historic Cafe,Savory Ooty Historic Cafe,1.7,Transit,4.1
Chai Villa Spot near Apex Art Gallery of Ooty,Apex Art Gallery of Ooty,0.1,Food & Dining,4.1
Souvenir Emporium near Apex Art Gallery of Ooty,Apex Art Gallery of Ooty,1.3,Shopping,3.7
Photography Spot near Apex Art Gallery of Ooty,Apex Art Gallery of Ooty,3.0,Viewpoint,3.5
Gourmet Dhaba near Ooty Emerald Sunset Point,Ooty Emerald Sunset Point,0.3,Food & Dining,4.4
Bustling Emporium near Ooty Emerald Sunset Point,Ooty Emerald Sunset Point,0.6,Shopping,3.7
Hiking Point near Ooty Emerald Sunset Point,Ooty Emerald Sunset Point,4.5,Viewpoint,3.6
Laziz Kitchen near Victorian Ooty Gateway,Victorian Ooty Gateway,2.4,Food & Dining,4.4
Traditional Hub near Victorian Ooty Gateway,Victorian Ooty Gateway,3.1,Shopping,3.7
Photography Spot near Victorian Ooty Gateway,Victorian Ooty Gateway,3.4,Viewpoint,4.1
Laziz Diner near Sacred Shrine of Ooty,Sacred Shrine of Ooty,1.4,Food & Dining,4.1
Ethnic Flea Market near Sacred Shrine of Ooty,Sacred Shrine of Ooty,3.3,Shopping,4.5
Transit Corner near Sacred Shrine of Ooty,Sacred Shrine of Ooty,3.4,Transit,5.0
Bistro Corner near Ooty Apex Rafting Camp,Ooty Apex Rafting Camp,0.9,Food & Dining,4.3
Traditional Market near Ooty Apex Rafting Camp,Ooty Apex Rafting Camp,1.9,Shopping,3.9
Local Market Corner near Ooty Apex Rafting Camp,Ooty Apex Rafting Camp,3.3,Local Market,4.9
Annapurna Kitchen near Folk Ooty Heritage Craft Complex,Folk Ooty Heritage Craft Complex,0.2,Food & Dining,4.6
Souvenir Hub near Folk Ooty Heritage Craft Complex,Folk Ooty Heritage Craft Complex,2.9,Shopping,3.6
Adventure Cliff near Folk Ooty Heritage Craft Complex,Folk Ooty Heritage Craft Complex,1.1,Viewpoint,4.3
Cafe Chaat Bhandar near Hidden Beach of Kodaikanal,Hidden Beach of Kodaikanal,2.2,Food & Dining,4.8
Central Cooperative near Hidden Beach of Kodaikanal,Hidden Beach of Kodaikanal,1.5,Shopping,4.6
Adventure Cliff near Hidden Beach of Kodaikanal,Hidden Beach of Kodaikanal,1.3,Activity,3.7
The Spicy Cafe near Kodaikanal Imperial Tomb,Kodaikanal Imperial Tomb,1.6,Food & Dining,4.4
Ethnic Market near Kodaikanal Imperial Tomb,Kodaikanal Imperial Tomb,3.0,Shopping,3.7
Sunset Deck near Kodaikanal Imperial Tomb,Kodaikanal Imperial Tomb,0.4,Activity,4.6
The Spicy Dhaba near Golden Kodaikanal Church,Golden Kodaikanal Church,0.5,Food & Dining,3.6
Handicrafts Arcade near Golden Kodaikanal Church,Golden Kodaikanal Church,3.2,Shopping,4.2
Local Market Corner near Golden Kodaikanal Church,Golden Kodaikanal Church,2.4,Local Market,4.8
Desi Chaat Bhandar near Gorge Camping Ridge of Kodaikanal,Gorge Camping Ridge of Kodaikanal,1.7,Food & Dining,4.5
Artisans Emporium near Gorge Camping Ridge of Kodaikanal,Gorge Camping Ridge of Kodaikanal,1.0,Shopping,4.7
Walkway Park near Gorge Camping Ridge of Kodaikanal,Gorge Camping Ridge of Kodaikanal,2.4,Activity,4.6
Street Chaat Bhandar near Kodaikanal Folk Amphitheatre,Kodaikanal Folk Amphitheatre,2.4,Food & Dining,4.2
Souvenir Flea Market near Kodaikanal Folk Amphitheatre,Kodaikanal Folk Amphitheatre,1.1,Shopping,4.3
Local Market Corner near Kodaikanal Folk Amphitheatre,Kodaikanal Folk Amphitheatre,1.8,Local Market,3.7
Cafe Spot near Traditional Kodaikanal Spices Corner,Traditional Kodaikanal Spices Corner,1.1,Food & Dining,3.8
Bustling Flea Market near Traditional Kodaikanal Spices Corner,Traditional Kodaikanal Spices Corner,1.0,Shopping,4.7
Sunset Deck near Traditional Kodaikanal Spices Corner,Traditional Kodaikanal Spices Corner,3.7,Activity,3.9
The Spicy Chaat Bhandar near Authentic Sweet Alley of Kodaikanal,Authentic Sweet Alley of Kodaikanal,1.7,Food & Dining,4.6
Local Flea Market near Authentic Sweet Alley of Kodaikanal,Authentic Sweet Alley of Kodaikanal,1.1,Shopping,4.3
Local Market Corner near Authentic Sweet Alley of Kodaikanal,Authentic Sweet Alley of Kodaikanal,1.4,Local Market,4.5
Laziz Diner near Kodaikanal Tech Amusement Park,Kodaikanal Tech Amusement Park,2.3,Food & Dining,4.4
Ethnic Corner near Kodaikanal Tech Amusement Park,Kodaikanal Tech Amusement Park,0.2,Shopping,3.5
Adventure Cliff near Kodaikanal Tech Amusement Park,Kodaikanal Tech Amusement Park,3.0,Activity,3.7
Street Bakery near Whispering Kodaikanal Wildlife Reserve,Whispering Kodaikanal Wildlife Reserve,0.3,Food & Dining,4.2
Souvenir Market near Whispering Kodaikanal Wildlife Reserve,Whispering Kodaikanal Wildlife Reserve,1.2,Shopping,4.0
Transit Corner near Whispering Kodaikanal Wildlife Reserve,Whispering Kodaikanal Wildlife Reserve,3.3,Transit,4.2
Street Dhaba near Royal Palace of Kodaikanal,Royal Palace of Kodaikanal,1.6,Food & Dining,4.6
Central Hub near Royal Palace of Kodaikanal,Royal Palace of Kodaikanal,0.8,Shopping,4.7
Local Market Corner near Royal Palace of Kodaikanal,Royal Palace of Kodaikanal,0.7,Local Market,3.9
Annapurna Kitchen near Kodaikanal Golden Church,Kodaikanal Golden Church,0.9,Food & Dining,3.9
Local Emporium near Kodaikanal Golden Church,Kodaikanal Golden Church,0.7,Shopping,4.2
Local Market Corner near Kodaikanal Golden Church,Kodaikanal Golden Church,2.4,Local Market,4.9
Bistro Dhaba near Gorge Kodaikanal Paragliding Launch,Gorge Kodaikanal Paragliding Launch,0.2,Food & Dining,4.2
Handicrafts Market near Gorge Kodaikanal Paragliding Launch,Gorge Kodaikanal Paragliding Launch,2.3,Shopping,4.0
Heritage Walk near Gorge Kodaikanal Paragliding Launch,Gorge Kodaikanal Paragliding Launch,2.9,Viewpoint,4.1
Chai Villa Diner near Artistic Cultural Theatre of Kodaikanal,Artistic Cultural Theatre of Kodaikanal,1.4,Food & Dining,4.7
Souvenir Bazaar near Artistic Cultural Theatre of Kodaikanal,Artistic Cultural Theatre of Kodaikanal,0.4,Shopping,4.7
Transit Corner near Artistic Cultural Theatre of Kodaikanal,Artistic Cultural Theatre of Kodaikanal,1.8,Transit,3.5
Chai Villa Chaat Bhandar near Kodaikanal Bustling Flea Market,Kodaikanal Bustling Flea Market,1.5,Food & Dining,3.9
Souvenir Arcade near Kodaikanal Bustling Flea Market,Kodaikanal Bustling Flea Market,3.2,Shopping,4.5
Transit Corner near Kodaikanal Bustling Flea Market,Kodaikanal Bustling Flea Market,4.7,Transit,4.0
Bistro Diner near Culinary Kodaikanal Food Street,Culinary Kodaikanal Food Street,0.5,Food & Dining,3.9
Handicrafts Market near Culinary Kodaikanal Food Street,Culinary Kodaikanal Food Street,2.7,Shopping,3.9
Hiking Point near Culinary Kodaikanal Food Street,Culinary Kodaikanal Food Street,4.4,Viewpoint,3.5
The Spicy Kitchen near Infinity Botanical Conservatory of Kodaikanal,Infinity Botanical Conservatory of Kodaikanal,0.2,Food & Dining,4.1
Souvenir Emporium near Infinity Botanical Conservatory of Kodaikanal,Infinity Botanical Conservatory of Kodaikanal,0.3,Shopping,3.7
Cable Car Station near Infinity Botanical Conservatory of Kodaikanal,Infinity Botanical Conservatory of Kodaikanal,0.9,Activity,3.8
Desi Spot near Kodaikanal Golden Lake,Kodaikanal Golden Lake,0.6,Food & Dining,3.7
Handicrafts Emporium near Kodaikanal Golden Lake,Kodaikanal Golden Lake,1.2,Shopping,4.6
Heritage Walk near Kodaikanal Golden Lake,Kodaikanal Golden Lake,2.4,Activity,4.6
Street Point near Historic Kodaikanal Heritage Centre,Historic Kodaikanal Heritage Centre,0.8,Food & Dining,4.4
Central Hub near Historic Kodaikanal Heritage Centre,Historic Kodaikanal Heritage Centre,0.7,Shopping,3.6
Transit Corner near Historic Kodaikanal Heritage Centre,Historic Kodaikanal Heritage Centre,1.3,Transit,4.2
Annapurna Chaat Bhandar near Golden Church of Kodaikanal,Golden Church of Kodaikanal,1.9,Food & Dining,4.2
Bustling Corner near Golden Church of Kodaikanal,Golden Church of Kodaikanal,2.1,Shopping,4.2
Local Market Corner near Golden Church of Kodaikanal,Golden Church of Kodaikanal,1.3,Local Market,4.8
Cafe Treats near Kodaikanal Gorge Climbing Wall,Kodaikanal Gorge Climbing Wall,0.9,Food & Dining,3.9
Central Arcade near Kodaikanal Gorge Climbing Wall,Kodaikanal Gorge Climbing Wall,1.3,Shopping,4.5
Local Market Corner near Kodaikanal Gorge Climbing Wall,Kodaikanal Gorge Climbing Wall,0.9,Local Market,3.9
Chai Villa Point near Indigenous Kodaikanal Traditional Bazaar,Indigenous Kodaikanal Traditional Bazaar,1.1,Food & Dining,3.6
Central Hub near Indigenous Kodaikanal Traditional Bazaar,Indigenous Kodaikanal Traditional Bazaar,0.6,Shopping,3.9
Walkway Park near Indigenous Kodaikanal Traditional Bazaar,Indigenous Kodaikanal Traditional Bazaar,2.9,Activity,4.1
Laziz Chaat Bhandar near Vibrant Market of Kodaikanal,Vibrant Market of Kodaikanal,2.1,Food & Dining,4.4
Souvenir Corner near Vibrant Market of Kodaikanal,Vibrant Market of Kodaikanal,2.6,Shopping,4.0
Photography Spot near Vibrant Market of Kodaikanal,Vibrant Market of Kodaikanal,3.0,Activity,3.9
Street Kitchen near Kodaikanal Delight Spice Lane,Kodaikanal Delight Spice Lane,1.8,Food & Dining,4.3
Handicrafts Market near Kodaikanal Delight Spice Lane,Kodaikanal Delight Spice Lane,1.3,Shopping,4.0
Hiking Point near Kodaikanal Delight Spice Lane,Kodaikanal Delight Spice Lane,4.3,Activity,3.8
Cafe Bakery near Metro Kodaikanal Science Arena,Metro Kodaikanal Science Arena,0.8,Food & Dining,3.9
Handicrafts Arcade near Metro Kodaikanal Science Arena,Metro Kodaikanal Science Arena,3.2,Shopping,4.4
Photography Spot near Metro Kodaikanal Science Arena,Metro Kodaikanal Science Arena,1.9,Viewpoint,4.2
Chai Villa Cafe near Scenic Beach of Kodaikanal,Scenic Beach of Kodaikanal,1.1,Food & Dining,4.2
Handicrafts Arcade near Scenic Beach of Kodaikanal,Scenic Beach of Kodaikanal,3.3,Shopping,4.0
Heritage Walk near Scenic Beach of Kodaikanal,Scenic Beach of Kodaikanal,0.5,Viewpoint,3.6
Gourmet Point near Kodaikanal Sovereign Memorial,Kodaikanal Sovereign Memorial,0.8,Food & Dining,4.9
Local Hub near Kodaikanal Sovereign Memorial,Kodaikanal Sovereign Memorial,1.4,Shopping,3.8
Transit Corner near Kodaikanal Sovereign Memorial,Kodaikanal Sovereign Memorial,3.4,Transit,3.7
Chai Villa Treats near Golden Kodaikanal Church,Golden Kodaikanal Church,2.2,Food & Dining,4.3
Handicrafts Flea Market near Golden Kodaikanal Church,Golden Kodaikanal Church,2.3,Shopping,4.1
Photography Spot near Golden Kodaikanal Church,Golden Kodaikanal Church,2.8,Viewpoint,3.9
Royal Diner near Gorge Safari Zone of Kodaikanal,Gorge Safari Zone of Kodaikanal,0.4,Food & Dining,3.9
Souvenir Bazaar near Gorge Safari Zone of Kodaikanal,Gorge Safari Zone of Kodaikanal,2.3,Shopping,4.6
Local Market Corner near Gorge Safari Zone of Kodaikanal,Gorge Safari Zone of Kodaikanal,2.1,Local Market,4.1
Annapurna Spot near Kodaikanal Ethnic Amphitheatre,Kodaikanal Ethnic Amphitheatre,1.6,Food & Dining,3.8
Artisans Cooperative near Kodaikanal Ethnic Amphitheatre,Kodaikanal Ethnic Amphitheatre,3.1,Shopping,4.7
Walkway Park near Kodaikanal Ethnic Amphitheatre,Kodaikanal Ethnic Amphitheatre,3.1,Viewpoint,4.1
Laziz Kitchen near Central Kodaikanal Shopping Arcade,Central Kodaikanal Shopping Arcade,1.9,Food & Dining,4.2
Central Bazaar near Central Kodaikanal Shopping Arcade,Central Kodaikanal Shopping Arcade,1.1,Shopping,3.9
Local Market Corner near Central Kodaikanal Shopping Arcade,Central Kodaikanal Shopping Arcade,1.2,Local Market,5.0
Annapurna Point near Legacy Gourmet Court of Kodaikanal,Legacy Gourmet Court of Kodaikanal,0.3,Food & Dining,4.9
Central Market near Legacy Gourmet Court of Kodaikanal,Legacy Gourmet Court of Kodaikanal,2.5,Shopping,4.4
Boating Lake near Legacy Gourmet Court of Kodaikanal,Legacy Gourmet Court of Kodaikanal,0.8,Activity,4.9
Laziz Point near Kodaikanal Stellar Sky Deck,Kodaikanal Stellar Sky Deck,1.4,Food & Dining,4.2
Handicrafts Bazaar near Kodaikanal Stellar Sky Deck,Kodaikanal Stellar Sky Deck,3.3,Shopping,4.5
Photography Spot near Kodaikanal Stellar Sky Deck,Kodaikanal Stellar Sky Deck,2.8,Activity,4.9
Laziz Chaat Bhandar near Cloudy Kodaikanal Wildlife Reserve,Cloudy Kodaikanal Wildlife Reserve,2.2,Food & Dining,4.8
Souvenir Flea Market near Cloudy Kodaikanal Wildlife Reserve,Cloudy Kodaikanal Wildlife Reserve,2.9,Shopping,4.7
Transit Corner near Cloudy Kodaikanal Wildlife Reserve,Cloudy Kodaikanal Wildlife Reserve,1.8,Transit,4.4
Annapurna Point near Grand Castle of Kodaikanal,Grand Castle of Kodaikanal,2.3,Food & Dining,3.6
Local Hub near Grand Castle of Kodaikanal,Grand Castle of Kodaikanal,0.7,Shopping,3.9
Boating Lake near Grand Castle of Kodaikanal,Grand Castle of Kodaikanal,4.2,Activity,3.9
Cafe Spot near Kodaikanal Golden Church,Kodaikanal Golden Church,0.6,Food & Dining,4.3
Souvenir Cooperative near Kodaikanal Golden Church,Kodaikanal Golden Church,3.4,Shopping,4.2
Local Market Corner near Kodaikanal Golden Church,Kodaikanal Golden Church,2.5,Local Market,3.9
Chai Villa Point near Gorge Kodaikanal Trekking Trail,Gorge Kodaikanal Trekking Trail,1.5,Food & Dining,4.6
Bustling Emporium near Gorge Kodaikanal Trekking Trail,Gorge Kodaikanal Trekking Trail,3.4,Shopping,4.4
Boating Lake near Gorge Kodaikanal Trekking Trail,Gorge Kodaikanal Trekking Trail,4.1,Activity,4.0
Annapurna Kitchen near Classical Cultural Theatre of Kodaikanal,Classical Cultural Theatre of Kodaikanal,1.4,Food & Dining,4.3
Local Bazaar near Classical Cultural Theatre of Kodaikanal,Classical Cultural Theatre of Kodaikanal,0.3,Shopping,3.7
Hiking Point near Classical Cultural Theatre of Kodaikanal,Classical Cultural Theatre of Kodaikanal,1.0,Viewpoint,3.7
Desi Treats near Kodaikanal Craft Bazaar,Kodaikanal Craft Bazaar,1.0,Food & Dining,4.3
Artisans Bazaar near Kodaikanal Craft Bazaar,Kodaikanal Craft Bazaar,3.0,Shopping,4.1
Local Market Corner near Kodaikanal Craft Bazaar,Kodaikanal Craft Bazaar,1.8,Local Market,4.0
Cafe Dhaba near Flavors Kodaikanal Chaat Corner,Flavors Kodaikanal Chaat Corner,0.9,Food & Dining,4.4
Ethnic Hub near Flavors Kodaikanal Chaat Corner,Flavors Kodaikanal Chaat Corner,3.0,Shopping,4.7
Walkway Park near Flavors Kodaikanal Chaat Corner,Flavors Kodaikanal Chaat Corner,1.0,Activity,4.7
Royal Spot near Futuristic Planetarium of Kodaikanal,Futuristic Planetarium of Kodaikanal,0.8,Food & Dining,4.1
Bustling Bazaar near Futuristic Planetarium of Kodaikanal,Futuristic Planetarium of Kodaikanal,2.9,Shopping,4.3
Boating Lake near Futuristic Planetarium of Kodaikanal,Futuristic Planetarium of Kodaikanal,0.4,Activity,3.6
Royal Chaat Bhandar near Kodaikanal Hidden Lake,Kodaikanal Hidden Lake,2.2,Food & Dining,4.4
Central Arcade near Kodaikanal Hidden Lake,Kodaikanal Hidden Lake,2.4,Shopping,4.1
Local Market Corner near Kodaikanal Hidden Lake,Kodaikanal Hidden Lake,4.6,Local Market,3.9
Cafe Treats near Victorian Kodaikanal Tomb,Victorian Kodaikanal Tomb,1.3,Food & Dining,4.5
Ethnic Hub near Victorian Kodaikanal Tomb,Victorian Kodaikanal Tomb,1.8,Shopping,4.3
Hiking Point near Victorian Kodaikanal Tomb,Victorian Kodaikanal Tomb,2.0,Activity,3.8
Royal Kitchen near Golden Church of Kodaikanal,Golden Church of Kodaikanal,1.1,Food & Dining,4.0
Central Hub near Golden Church of Kodaikanal,Golden Church of Kodaikanal,0.9,Shopping,3.8
Local Market Corner near Golden Church of Kodaikanal,Golden Church of Kodaikanal,2.8,Local Market,4.4
Desi Dhaba near Kodaikanal Gorge Zip-line Valley,Kodaikanal Gorge Zip-line Valley,0.2,Food & Dining,4.7
Handicrafts Bazaar near Kodaikanal Gorge Zip-line Valley,Kodaikanal Gorge Zip-line Valley,0.8,Shopping,3.7
Adventure Cliff near Kodaikanal Gorge Zip-line Valley,Kodaikanal Gorge Zip-line Valley,2.4,Activity,4.1
Laziz Chaat Bhandar near Legacy Kodaikanal Traditional Bazaar,Legacy Kodaikanal Traditional Bazaar,2.4,Food & Dining,4.9
Local Arcade near Legacy Kodaikanal Traditional Bazaar,Legacy Kodaikanal Traditional Bazaar,2.4,Shopping,4.0
Transit Corner near Legacy Kodaikanal Traditional Bazaar,Legacy Kodaikanal Traditional Bazaar,2.8,Transit,3.9
The Spicy Diner near Emerald Hills of Madurai,Emerald Hills of Madurai,0.4,Food & Dining,4.2
Souvenir Emporium near Emerald Hills of Madurai,Emerald Hills of Madurai,0.5,Shopping,4.8
Cable Car Station near Emerald Hills of Madurai,Emerald Hills of Madurai,1.5,Viewpoint,4.9
Royal Diner near Madurai Imperial Gateway,Madurai Imperial Gateway,2.5,Food & Dining,4.4
Handicrafts Corner near Madurai Imperial Gateway,Madurai Imperial Gateway,3.4,Shopping,4.1
Sunset Deck near Madurai Imperial Gateway,Madurai Imperial Gateway,2.3,Activity,3.7
The Spicy Chaat Bhandar near Spiritual Madurai Cathedral,Spiritual Madurai Cathedral,1.4,Food & Dining,3.9
Ethnic Emporium near Spiritual Madurai Cathedral,Spiritual Madurai Cathedral,1.5,Shopping,3.8
Cable Car Station near Spiritual Madurai Cathedral,Spiritual Madurai Cathedral,4.3,Viewpoint,4.0
Chai Villa Kitchen near Vanguard Rafting Camp of Madurai,Vanguard Rafting Camp of Madurai,1.6,Food & Dining,4.6
Handicrafts Hub near Vanguard Rafting Camp of Madurai,Vanguard Rafting Camp of Madurai,1.0,Shopping,4.5
Hiking Point near Vanguard Rafting Camp of Madurai,Vanguard Rafting Camp of Madurai,3.1,Viewpoint,4.3
Laziz Point near Madurai Legacy Folk Centre,Madurai Legacy Folk Centre,2.2,Food & Dining,4.2
Souvenir Emporium near Madurai Legacy Folk Centre,Madurai Legacy Folk Centre,3.2,Shopping,4.2
Cable Car Station near Madurai Legacy Folk Centre,Madurai Legacy Folk Centre,0.6,Viewpoint,4.4
Annapurna Spot near Royal Madurai Emporium,Royal Madurai Emporium,0.8,Food & Dining,3.9
Artisans Flea Market near Royal Madurai Emporium,Royal Madurai Emporium,2.9,Shopping,3.9
Local Market Corner near Royal Madurai Emporium,Royal Madurai Emporium,2.5,Local Market,4.4
Cafe Corner near Traditional Dhaba Zone of Madurai,Traditional Dhaba Zone of Madurai,0.4,Food & Dining,3.6
Handicrafts Market near Traditional Dhaba Zone of Madurai,Traditional Dhaba Zone of Madurai,3.3,Shopping,4.0
Boating Lake near Traditional Dhaba Zone of Madurai,Traditional Dhaba Zone of Madurai,4.8,Viewpoint,4.4
The Spicy Kitchen near Madurai Cosmo Aquarium,Madurai Cosmo Aquarium,2.2,Food & Dining,4.3
Ethnic Emporium near Madurai Cosmo Aquarium,Madurai Cosmo Aquarium,0.8,Shopping,4.5
Transit Corner near Madurai Cosmo Aquarium,Madurai Cosmo Aquarium,2.1,Transit,4.3
Gourmet Treats near Silent Madurai Valley,Silent Madurai Valley,0.7,Food & Dining,3.8
Traditional Market near Silent Madurai Valley,Silent Madurai Valley,0.4,Shopping,4.4
Local Market Corner near Silent Madurai Valley,Silent Madurai Valley,3.6,Local Market,3.8
Chai Villa Corner near Royal Ruin of Madurai,Royal Ruin of Madurai,1.7,Food & Dining,3.9
Bustling Bazaar near Royal Ruin of Madurai,Royal Ruin of Madurai,0.9,Shopping,4.1
Hiking Point near Royal Ruin of Madurai,Royal Ruin of Madurai,4.1,Activity,4.7
Annapurna Treats near Madurai Spiritual Cathedral,Madurai Spiritual Cathedral,0.8,Food & Dining,3.6
Bustling Flea Market near Madurai Spiritual Cathedral,Madurai Spiritual Cathedral,0.4,Shopping,3.6
Walkway Park near Madurai Spiritual Cathedral,Madurai Spiritual Cathedral,1.1,Activity,3.8
Cafe Cafe near Vanguard Madurai Camping Ridge,Vanguard Madurai Camping Ridge,2.4,Food & Dining,4.5
Souvenir Arcade near Vanguard Madurai Camping Ridge,Vanguard Madurai Camping Ridge,3.0,Shopping,3.7
Transit Corner near Vanguard Madurai Camping Ridge,Vanguard Madurai Camping Ridge,3.8,Transit,3.8
Annapurna Dhaba near Creative Art Village of Madurai,Creative Art Village of Madurai,0.3,Food & Dining,4.0
Souvenir Hub near Creative Art Village of Madurai,Creative Art Village of Madurai,1.5,Shopping,4.1
Heritage Walk near Creative Art Village of Madurai,Creative Art Village of Madurai,3.7,Activity,3.6
Bistro Kitchen near Madurai Local Spices Corner,Madurai Local Spices Corner,0.9,Food & Dining,4.4
Ethnic Hub near Madurai Local Spices Corner,Madurai Local Spices Corner,0.7,Shopping,4.2
Local Market Corner near Madurai Local Spices Corner,Madurai Local Spices Corner,1.0,Local Market,4.7
Bistro Dhaba near Savory Madurai Sweet Alley,Savory Madurai Sweet Alley,2.2,Food & Dining,4.2
Ethnic Corner near Savory Madurai Sweet Alley,Savory Madurai Sweet Alley,3.3,Shopping,4.7
Adventure Cliff near Savory Madurai Sweet Alley,Savory Madurai Sweet Alley,4.1,Viewpoint,3.7
Chai Villa Kitchen near Apex Amusement Park of Madurai,Apex Amusement Park of Madurai,0.6,Food & Dining,3.6
Artisans Arcade near Apex Amusement Park of Madurai,Apex Amusement Park of Madurai,0.5,Shopping,3.9
Local Market Corner near Apex Amusement Park of Madurai,Apex Amusement Park of Madurai,4.3,Local Market,3.6
Laziz Kitchen near Madurai Mist-Clad River Confluence,Madurai Mist-Clad River Confluence,0.7,Food & Dining,3.5
Traditional Flea Market near Madurai Mist-Clad River Confluence,Madurai Mist-Clad River Confluence,1.9,Shopping,4.6
Walkway Park near Madurai Mist-Clad River Confluence,Madurai Mist-Clad River Confluence,3.8,Activity,3.5
Street Corner near Historic Madurai Ancient Caves,Historic Madurai Ancient Caves,1.1,Food & Dining,3.6
Handicrafts Hub near Historic Madurai Ancient Caves,Historic Madurai Ancient Caves,2.2,Shopping,4.5
Transit Corner near Historic Madurai Ancient Caves,Historic Madurai Ancient Caves,1.8,Transit,4.4
The Spicy Point near Spiritual Cathedral of Madurai,Spiritual Cathedral of Madurai,0.3,Food & Dining,4.3
Bustling Bazaar near Spiritual Cathedral of Madurai,Spiritual Cathedral of Madurai,3.4,Shopping,4.4
Transit Corner near Spiritual Cathedral of Madurai,Spiritual Cathedral of Madurai,2.7,Transit,3.6
Street Spot near Madurai Vanguard Paragliding Launch,Madurai Vanguard Paragliding Launch,1.8,Food & Dining,4.8
Ethnic Cooperative near Madurai Vanguard Paragliding Launch,Madurai Vanguard Paragliding Launch,3.0,Shopping,3.6
Local Market Corner near Madurai Vanguard Paragliding Launch,Madurai Vanguard Paragliding Launch,2.3,Local Market,3.6
Desi Bakery near Folk Madurai Heritage Craft Complex,Folk Madurai Heritage Craft Complex,2.3,Food & Dining,4.1
Traditional Market near Folk Madurai Heritage Craft Complex,Folk Madurai Heritage Craft Complex,2.6,Shopping,4.2
Sunset Deck near Folk Madurai Heritage Craft Complex,Folk Madurai Heritage Craft Complex,4.7,Activity,5.0
Cafe Treats near Traditional Flea Market of Madurai,Traditional Flea Market of Madurai,1.7,Food & Dining,4.0
Souvenir Bazaar near Traditional Flea Market of Madurai,Traditional Flea Market of Madurai,0.4,Shopping,4.6
Local Market Corner near Traditional Flea Market of Madurai,Traditional Flea Market of Madurai,4.6,Local Market,3.6
Cafe Dhaba near Madurai Authentic Food Street,Madurai Authentic Food Street,1.1,Food & Dining,4.6
Traditional Market near Madurai Authentic Food Street,Madurai Authentic Food Street,0.5,Shopping,4.2
Boating Lake near Madurai Authentic Food Street,Madurai Authentic Food Street,2.1,Activity,4.7
Street Bakery near Tech Madurai Botanical Conservatory,Tech Madurai Botanical Conservatory,1.3,Food & Dining,3.9
Handicrafts Arcade near Tech Madurai Botanical Conservatory,Tech Madurai Botanical Conservatory,0.6,Shopping,3.8
Transit Corner near Tech Madurai Botanical Conservatory,Tech Madurai Botanical Conservatory,4.3,Transit,4.2
Street Diner near Serene Hills of Madurai,Serene Hills of Madurai,1.8,Food & Dining,4.0
Traditional Corner near Serene Hills of Madurai,Serene Hills of Madurai,0.3,Shopping,3.7
Walkway Park near Serene Hills of Madurai,Serene Hills of Madurai,4.7,Viewpoint,4.5
Gourmet Point near Madurai Sovereign Fort,Madurai Sovereign Fort,1.6,Food & Dining,4.6
Artisans Arcade near Madurai Sovereign Fort,Madurai Sovereign Fort,1.7,Shopping,4.8
Local Market Corner near Madurai Sovereign Fort,Madurai Sovereign Fort,2.4,Local Market,3.6
Bistro Bakery near Spiritual Madurai Cathedral,Spiritual Madurai Cathedral,2.4,Food & Dining,4.0
Local Emporium near Spiritual Madurai Cathedral,Spiritual Madurai Cathedral,2.6,Shopping,4.6
Adventure Cliff near Spiritual Madurai Cathedral,Spiritual Madurai Cathedral,1.3,Activity,4.6
Gourmet Corner near Vanguard Climbing Wall of Madurai,Vanguard Climbing Wall of Madurai,1.7,Food & Dining,3.8
Central Market near Vanguard Climbing Wall of Madurai,Vanguard Climbing Wall of Madurai,3.2,Shopping,4.4
Transit Corner near Vanguard Climbing Wall of Madurai,Vanguard Climbing Wall of Madurai,4.7,Transit,3.6
Laziz Corner near Madurai Artistic Folk Centre,Madurai Artistic Folk Centre,1.1,Food & Dining,4.5
Local Cooperative near Madurai Artistic Folk Centre,Madurai Artistic Folk Centre,0.7,Shopping,4.2
Adventure Cliff near Madurai Artistic Folk Centre,Madurai Artistic Folk Centre,1.9,Viewpoint,4.9
Cafe Point near Bustling Madurai Market,Bustling Madurai Market,1.2,Food & Dining,3.7
Handicrafts Arcade near Bustling Madurai Market,Bustling Madurai Market,0.9,Shopping,4.4
Cable Car Station near Bustling Madurai Market,Bustling Madurai Market,4.0,Viewpoint,4.7
Laziz Chaat Bhandar near Culinary Spice Lane of Madurai,Culinary Spice Lane of Madurai,1.1,Food & Dining,4.0
Souvenir Bazaar near Culinary Spice Lane of Madurai,Culinary Spice Lane of Madurai,1.4,Shopping,4.3
Hiking Point near Culinary Spice Lane of Madurai,Culinary Spice Lane of Madurai,1.4,Viewpoint,4.0
Annapurna Cafe near Madurai Infinity Science Arena,Madurai Infinity Science Arena,2.0,Food & Dining,4.0
Handicrafts Flea Market near Madurai Infinity Science Arena,Madurai Infinity Science Arena,0.2,Shopping,4.0
Walkway Park near Madurai Infinity Science Arena,Madurai Infinity Science Arena,2.7,Viewpoint,4.8
Laziz Spot near Silver Madurai Valley,Silver Madurai Valley,2.4,Food & Dining,4.5
Bustling Emporium near Silver Madurai Valley,Silver Madurai Valley,2.1,Shopping,3.7
Boating Lake near Silver Madurai Valley,Silver Madurai Valley,2.3,Activity,4.9
Annapurna Cafe near Grand Museum of Madurai,Grand Museum of Madurai,1.8,Food & Dining,4.2
Handicrafts Bazaar near Grand Museum of Madurai,Grand Museum of Madurai,1.1,Shopping,4.7
Hiking Point near Grand Museum of Madurai,Grand Museum of Madurai,1.1,Viewpoint,4.6
Gourmet Bakery near Madurai Spiritual Cathedral,Madurai Spiritual Cathedral,1.8,Food & Dining,4.9
Bustling Hub near Madurai Spiritual Cathedral,Madurai Spiritual Cathedral,0.2,Shopping,4.2
Transit Corner near Madurai Spiritual Cathedral,Madurai Spiritual Cathedral,2.5,Transit,4.8
Cafe Treats near Vanguard Madurai Safari Zone,Vanguard Madurai Safari Zone,2.2,Food & Dining,3.9
Local Corner near Vanguard Madurai Safari Zone,Vanguard Madurai Safari Zone,1.1,Shopping,3.6
Sunset Deck near Vanguard Madurai Safari Zone,Vanguard Madurai Safari Zone,4.0,Viewpoint,3.6
Annapurna Chaat Bhandar near Indigenous Art Village of Madurai,Indigenous Art Village of Madurai,1.2,Food & Dining,4.7
Handicrafts Bazaar near Indigenous Art Village of Madurai,Indigenous Art Village of Madurai,2.1,Shopping,4.8
Local Market Corner near Indigenous Art Village of Madurai,Indigenous Art Village of Madurai,4.1,Local Market,4.5
Chai Villa Treats near Madurai Vibrant Shopping Arcade,Madurai Vibrant Shopping Arcade,1.3,Food & Dining,4.6
Central Market near Madurai Vibrant Shopping Arcade,Madurai Vibrant Shopping Arcade,2.5,Shopping,4.2
Hiking Point near Madurai Vibrant Shopping Arcade,Madurai Vibrant Shopping Arcade,1.4,Activity,3.9
Laziz Cafe near Delight Madurai Gourmet Court,Delight Madurai Gourmet Court,0.4,Food & Dining,4.7
Central Bazaar near Delight Madurai Gourmet Court,Delight Madurai Gourmet Court,3.3,Shopping,4.5
Local Market Corner near Delight Madurai Gourmet Court,Delight Madurai Gourmet Court,1.9,Local Market,4.7
Gourmet Treats near Metro Sky Deck of Madurai,Metro Sky Deck of Madurai,2.3,Food & Dining,4.4
Artisans Arcade near Metro Sky Deck of Madurai,Metro Sky Deck of Madurai,3.5,Shopping,3.6
Transit Corner near Metro Sky Deck of Madurai,Metro Sky Deck of Madurai,1.6,Transit,4.3
Chai Villa Chaat Bhandar near Madurai Emerald River Confluence,Madurai Emerald River Confluence,1.7,Food & Dining,3.9
Local Emporium near Madurai Emerald River Confluence,Madurai Emerald River Confluence,0.8,Shopping,4.5
Transit Corner near Madurai Emerald River Confluence,Madurai Emerald River Confluence,4.8,Transit,3.9
Cafe Dhaba near Victorian Madurai Gateway,Victorian Madurai Gateway,0.8,Food & Dining,3.9
Bustling Market near Victorian Madurai Gateway,Victorian Madurai Gateway,3.3,Shopping,4.8
Transit Corner near Victorian Madurai Gateway,Victorian Madurai Gateway,1.6,Transit,4.1
Gourmet Bakery near Spiritual Cathedral of Madurai,Spiritual Cathedral of Madurai,2.3,Food & Dining,3.9
Handicrafts Cooperative near Spiritual Cathedral of Madurai,Spiritual Cathedral of Madurai,1.6,Shopping,3.6
Walkway Park near Spiritual Cathedral of Madurai,Spiritual Cathedral of Madurai,1.9,Viewpoint,3.6
Bistro Dhaba near Madurai Vanguard Trekking Trail,Madurai Vanguard Trekking Trail,2.0,Food & Dining,3.7
Souvenir Market near Madurai Vanguard Trekking Trail,Madurai Vanguard Trekking Trail,3.0,Shopping,3.6
Transit Corner near Madurai Vanguard Trekking Trail,Madurai Vanguard Trekking Trail,0.5,Transit,4.1
The Spicy Dhaba near Ethnic Madurai Heritage Craft Complex,Ethnic Madurai Heritage Craft Complex,1.5,Food & Dining,4.6
Local Cooperative near Ethnic Madurai Heritage Craft Complex,Ethnic Madurai Heritage Craft Complex,2.6,Shopping,3.6
Local Market Corner near Ethnic Madurai Heritage Craft Complex,Ethnic Madurai Heritage Craft Complex,2.5,Local Market,4.6
Royal Dhaba near Hidden Peak of New Delhi,Hidden Peak of New Delhi,1.0,Food & Dining,3.6
Souvenir Market near Hidden Peak of New Delhi,Hidden Peak of New Delhi,2.9,Shopping,4.7
Walkway Park near Hidden Peak of New Delhi,Hidden Peak of New Delhi,1.5,Viewpoint,3.8
Cafe Spot near New Delhi Imperial Tomb,New Delhi Imperial Tomb,0.1,Food & Dining,4.0
Artisans Cooperative near New Delhi Imperial Tomb,New Delhi Imperial Tomb,1.1,Shopping,4.7
Transit Corner near New Delhi Imperial Tomb,New Delhi Imperial Tomb,3.7,Transit,4.6
Street Treats near Blessed New Delhi Monastery,Blessed New Delhi Monastery,1.9,Food & Dining,4.6
Bustling Emporium near Blessed New Delhi Monastery,Blessed New Delhi Monastery,2.9,Shopping,4.4
Cable Car Station near Blessed New Delhi Monastery,Blessed New Delhi Monastery,0.5,Activity,4.9
Chai Villa Spot near Adventure Zip-line Valley of New Delhi,Adventure Zip-line Valley of New Delhi,1.0,Food & Dining,3.5
Bustling Corner near Adventure Zip-line Valley of New Delhi,Adventure Zip-line Valley of New Delhi,3.3,Shopping,4.5
Transit Corner near Adventure Zip-line Valley of New Delhi,Adventure Zip-line Valley of New Delhi,0.6,Transit,4.4
Bistro Cafe near New Delhi Ethnic Amphitheatre,New Delhi Ethnic Amphitheatre,0.6,Food & Dining,4.5
Ethnic Corner near New Delhi Ethnic Amphitheatre,New Delhi Ethnic Amphitheatre,0.7,Shopping,3.6
Local Market Corner near New Delhi Ethnic Amphitheatre,New Delhi Ethnic Amphitheatre,0.4,Local Market,4.5
The Spicy Point near Central New Delhi Cooperative Store,Central New Delhi Cooperative Store,2.4,Food & Dining,4.4
Souvenir Emporium near Central New Delhi Cooperative Store,Central New Delhi Cooperative Store,2.9,Shopping,3.5
Sunset Deck near Central New Delhi Cooperative Store,Central New Delhi Cooperative Store,2.7,Activity,3.8
Desi Spot near Legacy Historic Cafe of New Delhi,Legacy Historic Cafe of New Delhi,0.5,Food & Dining,3.7
Central Corner near Legacy Historic Cafe of New Delhi,Legacy Historic Cafe of New Delhi,0.7,Shopping,4.1
Transit Corner near Legacy Historic Cafe of New Delhi,Legacy Historic Cafe of New Delhi,3.4,Transit,3.9
Desi Treats near New Delhi Stellar Art Gallery,New Delhi Stellar Art Gallery,0.4,Food & Dining,3.7
Bustling Market near New Delhi Stellar Art Gallery,New Delhi Stellar Art Gallery,1.6,Shopping,4.6
Hiking Point near New Delhi Stellar Art Gallery,New Delhi Stellar Art Gallery,1.6,Activity,4.3
Desi Kitchen near Whispering New Delhi Gardens,Whispering New Delhi Gardens,2.1,Food & Dining,3.9
Souvenir Flea Market near Whispering New Delhi Gardens,Whispering New Delhi Gardens,2.3,Shopping,4.5
Local Market Corner near Whispering New Delhi Gardens,Whispering New Delhi Gardens,2.3,Local Market,4.1
Bistro Point near Royal Palace of New Delhi,Royal Palace of New Delhi,1.5,Food & Dining,3.6
Handicrafts Market near Royal Palace of New Delhi,Royal Palace of New Delhi,0.7,Shopping,4.7
Transit Corner near Royal Palace of New Delhi,Royal Palace of New Delhi,1.3,Transit,4.0
Street Kitchen near New Delhi Blessed Monastery,New Delhi Blessed Monastery,1.6,Food & Dining,4.4
Bustling Corner near New Delhi Blessed Monastery,New Delhi Blessed Monastery,2.2,Shopping,3.9
Transit Corner near New Delhi Blessed Monastery,New Delhi Blessed Monastery,2.4,Transit,4.1
Bistro Chaat Bhandar near Adventure New Delhi Rafting Camp,Adventure New Delhi Rafting Camp,1.3,Food & Dining,4.1
Bustling Corner near Adventure New Delhi Rafting Camp,Adventure New Delhi Rafting Camp,3.4,Shopping,4.4
Walkway Park near Adventure New Delhi Rafting Camp,Adventure New Delhi Rafting Camp,3.5,Viewpoint,3.7
Desi Spot near Classical Cultural Theatre of New Delhi,Classical Cultural Theatre of New Delhi,2.3,Food & Dining,3.8
Souvenir Emporium near Classical Cultural Theatre of New Delhi,Classical Cultural Theatre of New Delhi,0.7,Shopping,4.1
Local Market Corner near Classical Cultural Theatre of New Delhi,Classical Cultural Theatre of New Delhi,3.7,Local Market,3.8
Royal Spot near New Delhi Craft Emporium,New Delhi Craft Emporium,1.8,Food & Dining,3.9
Local Market near New Delhi Craft Emporium,New Delhi Craft Emporium,1.2,Shopping,3.6
Walkway Park near New Delhi Craft Emporium,New Delhi Craft Emporium,2.9,Activity,3.8
Desi Dhaba near Flavors New Delhi Dhaba Zone,Flavors New Delhi Dhaba Zone,2.1,Food & Dining,4.0
Ethnic Flea Market near Flavors New Delhi Dhaba Zone,Flavors New Delhi Dhaba Zone,1.6,Shopping,3.6
Local Market Corner near Flavors New Delhi Dhaba Zone,Flavors New Delhi Dhaba Zone,2.1,Local Market,3.6
Desi Diner near Futuristic Aquarium of New Delhi,Futuristic Aquarium of New Delhi,1.4,Food & Dining,3.8
Artisans Arcade near Futuristic Aquarium of New Delhi,Futuristic Aquarium of New Delhi,0.9,Shopping,4.1
Hiking Point near Futuristic Aquarium of New Delhi,Futuristic Aquarium of New Delhi,1.8,Activity,5.0
Annapurna Spot near New Delhi Golden Meadow,New Delhi Golden Meadow,0.3,Food & Dining,4.3
Bustling Arcade near New Delhi Golden Meadow,New Delhi Golden Meadow,0.3,Shopping,4.7
Local Market Corner near New Delhi Golden Meadow,New Delhi Golden Meadow,0.6,Local Market,4.9
Annapurna Kitchen near Historic New Delhi Heritage Centre,Historic New Delhi Heritage Centre,0.8,Food & Dining,4.8
Ethnic Flea Market near Historic New Delhi Heritage Centre,Historic New Delhi Heritage Centre,3.2,Shopping,4.8
Adventure Cliff near Historic New Delhi Heritage Centre,Historic New Delhi Heritage Centre,3.6,Activity,4.4
Chai Villa Treats near Blessed Monastery of New Delhi,Blessed Monastery of New Delhi,2.4,Food & Dining,3.7
Handicrafts Arcade near Blessed Monastery of New Delhi,Blessed Monastery of New Delhi,2.1,Shopping,3.5
Boating Lake near Blessed Monastery of New Delhi,Blessed Monastery of New Delhi,1.0,Viewpoint,4.6
The Spicy Kitchen near New Delhi Adventure Camping Ridge,New Delhi Adventure Camping Ridge,0.9,Food & Dining,4.3
Traditional Emporium near New Delhi Adventure Camping Ridge,New Delhi Adventure Camping Ridge,3.2,Shopping,3.6
Transit Corner near New Delhi Adventure Camping Ridge,New Delhi Adventure Camping Ridge,0.8,Transit,4.1
Cafe Point near Legacy New Delhi Traditional Bazaar,Legacy New Delhi Traditional Bazaar,1.0,Food & Dining,3.6
Ethnic Market near Legacy New Delhi Traditional Bazaar,Legacy New Delhi Traditional Bazaar,2.3,Shopping,4.5
Adventure Cliff near Legacy New Delhi Traditional Bazaar,Legacy New Delhi Traditional Bazaar,2.8,Viewpoint,4.5
Royal Kitchen near Royal Spices Corner of New Delhi,Royal Spices Corner of New Delhi,0.6,Food & Dining,3.8
Ethnic Corner near Royal Spices Corner of New Delhi,Royal Spices Corner of New Delhi,1.1,Shopping,4.6
Cable Car Station near Royal Spices Corner of New Delhi,Royal Spices Corner of New Delhi,3.0,Activity,4.7
Bistro Kitchen near New Delhi Traditional Sweet Alley,New Delhi Traditional Sweet Alley,0.3,Food & Dining,4.7
Ethnic Market near New Delhi Traditional Sweet Alley,New Delhi Traditional Sweet Alley,0.5,Shopping,4.7
Local Market Corner near New Delhi Traditional Sweet Alley,New Delhi Traditional Sweet Alley,4.4,Local Market,4.1
Street Treats near Cosmo New Delhi Amusement Park,Cosmo New Delhi Amusement Park,1.0,Food & Dining,3.7
Central Hub near Cosmo New Delhi Amusement Park,Cosmo New Delhi Amusement Park,0.2,Shopping,3.7
Walkway Park near Cosmo New Delhi Amusement Park,Cosmo New Delhi Amusement Park,1.9,Viewpoint,4.8
Cafe Kitchen near Scenic Peak of New Delhi,Scenic Peak of New Delhi,1.6,Food & Dining,4.3
Bustling Flea Market near Scenic Peak of New Delhi,Scenic Peak of New Delhi,0.5,Shopping,4.4
Boating Lake near Scenic Peak of New Delhi,Scenic Peak of New Delhi,1.2,Viewpoint,4.8
The Spicy Treats near New Delhi Sovereign Memorial,New Delhi Sovereign Memorial,0.8,Food & Dining,3.9
Artisans Cooperative near New Delhi Sovereign Memorial,New Delhi Sovereign Memorial,2.5,Shopping,3.7
Sunset Deck near New Delhi Sovereign Memorial,New Delhi Sovereign Memorial,4.5,Activity,4.7
Royal Diner near Blessed New Delhi Monastery,Blessed New Delhi Monastery,0.9,Food & Dining,4.3
Souvenir Bazaar near Blessed New Delhi Monastery,Blessed New Delhi Monastery,2.7,Shopping,3.5
Local Market Corner near Blessed New Delhi Monastery,Blessed New Delhi Monastery,2.2,Local Market,3.7
Royal Dhaba near Adventure Paragliding Launch of New Delhi,Adventure Paragliding Launch of New Delhi,0.9,Food & Dining,4.9
Souvenir Corner near Adventure Paragliding Launch of New Delhi,Adventure Paragliding Launch of New Delhi,1.1,Shopping,4.1
Sunset Deck near Adventure Paragliding Launch of New Delhi,Adventure Paragliding Launch of New Delhi,2.3,Viewpoint,3.6
Street Spot near New Delhi Creative Amphitheatre,New Delhi Creative Amphitheatre,1.3,Food & Dining,4.8
Central Arcade near New Delhi Creative Amphitheatre,New Delhi Creative Amphitheatre,1.0,Shopping,4.7
Photography Spot near New Delhi Creative Amphitheatre,New Delhi Creative Amphitheatre,4.5,Viewpoint,3.9
Street Kitchen near Local New Delhi Flea Market,Local New Delhi Flea Market,0.4,Food & Dining,3.5
Handicrafts Hub near Local New Delhi Flea Market,Local New Delhi Flea Market,2.4,Shopping,4.0
Heritage Walk near Local New Delhi Flea Market,Local New Delhi Flea Market,4.7,Viewpoint,3.9
Annapurna Bakery near Savory Food Street of New Delhi,Savory Food Street of New Delhi,1.1,Food & Dining,4.5
Artisans Market near Savory Food Street of New Delhi,Savory Food Street of New Delhi,0.7,Shopping,4.7
Local Market Corner near Savory Food Street of New Delhi,Savory Food Street of New Delhi,3.8,Local Market,4.2
Laziz Kitchen near New Delhi Apex Botanical Conservatory,New Delhi Apex Botanical Conservatory,0.1,Food & Dining,4.6
Handicrafts Bazaar near New Delhi Apex Botanical Conservatory,New Delhi Apex Botanical Conservatory,1.8,Shopping,3.7
Local Market Corner near New Delhi Apex Botanical Conservatory,New Delhi Apex Botanical Conservatory,4.7,Local Market,4.5
Cafe Chaat Bhandar near Cloudy New Delhi Gardens,Cloudy New Delhi Gardens,2.4,Food & Dining,3.8
Artisans Cooperative near Cloudy New Delhi Gardens,Cloudy New Delhi Gardens,1.7,Shopping,3.6
Photography Spot near Cloudy New Delhi Gardens,Cloudy New Delhi Gardens,3.7,Viewpoint,4.5
Bistro Point near Grand Castle of New Delhi,Grand Castle of New Delhi,0.6,Food & Dining,4.3
Traditional Corner near Grand Castle of New Delhi,Grand Castle of New Delhi,1.8,Shopping,3.7
Adventure Cliff near Grand Castle of New Delhi,Grand Castle of New Delhi,0.7,Activity,3.8
Cafe Corner near New Delhi Blessed Monastery,New Delhi Blessed Monastery,2.1,Food & Dining,4.5
Central Corner near New Delhi Blessed Monastery,New Delhi Blessed Monastery,0.7,Shopping,4.1
Adventure Cliff near New Delhi Blessed Monastery,New Delhi Blessed Monastery,4.5,Viewpoint,4.3
Gourmet Diner near Adventure New Delhi Climbing Wall,Adventure New Delhi Climbing Wall,1.9,Food & Dining,4.7
Traditional Cooperative near Adventure New Delhi Climbing Wall,Adventure New Delhi Climbing Wall,0.2,Shopping,3.6
Transit Corner near Adventure New Delhi Climbing Wall,Adventure New Delhi Climbing Wall,1.6,Transit,4.2
Laziz Chaat Bhandar near Folk Cultural Theatre of New Delhi,Folk Cultural Theatre of New Delhi,0.8,Food & Dining,3.6
Central Arcade near Folk Cultural Theatre of New Delhi,Folk Cultural Theatre of New Delhi,1.8,Shopping,4.8
Adventure Cliff near Folk Cultural Theatre of New Delhi,Folk Cultural Theatre of New Delhi,1.5,Viewpoint,4.6
Royal Point near New Delhi Traditional Market,New Delhi Traditional Market,2.2,Food & Dining,4.6
Artisans Corner near New Delhi Traditional Market,New Delhi Traditional Market,0.9,Shopping,4.3
Photography Spot near New Delhi Traditional Market,New Delhi Traditional Market,0.4,Viewpoint,4.5
Bistro Point near Authentic New Delhi Spice Lane,Authentic New Delhi Spice Lane,1.4,Food & Dining,3.7
Ethnic Emporium near Authentic New Delhi Spice Lane,Authentic New Delhi Spice Lane,2.1,Shopping,4.1
Transit Corner near Authentic New Delhi Spice Lane,Authentic New Delhi Spice Lane,1.6,Transit,4.7
Cafe Chaat Bhandar near Tech Science Arena of New Delhi,Tech Science Arena of New Delhi,1.8,Food & Dining,4.5
Handicrafts Flea Market near Tech Science Arena of New Delhi,Tech Science Arena of New Delhi,2.4,Shopping,4.3
Transit Corner near Tech Science Arena of New Delhi,Tech Science Arena of New Delhi,2.6,Transit,4.7
Cafe Corner near New Delhi Hidden Meadow,New Delhi Hidden Meadow,0.5,Food & Dining,4.3
Souvenir Market near New Delhi Hidden Meadow,New Delhi Hidden Meadow,2.9,Shopping,3.7
Transit Corner near New Delhi Hidden Meadow,New Delhi Hidden Meadow,1.7,Transit,5.0
Chai Villa Bakery near Victorian New Delhi Tomb,Victorian New Delhi Tomb,2.1,Food & Dining,4.8
Bustling Hub near Victorian New Delhi Tomb,Victorian New Delhi Tomb,0.6,Shopping,4.5
Local Market Corner near Victorian New Delhi Tomb,Victorian New Delhi Tomb,3.1,Local Market,4.9
The Spicy Corner near Blessed Monastery of New Delhi,Blessed Monastery of New Delhi,1.9,Food & Dining,3.9
Central Cooperative near Blessed Monastery of New Delhi,Blessed Monastery of New Delhi,1.2,Shopping,4.4
Transit Corner near Blessed Monastery of New Delhi,Blessed Monastery of New Delhi,1.0,Transit,3.6
Gourmet Bakery near New Delhi Adventure Safari Zone,New Delhi Adventure Safari Zone,2.5,Food & Dining,4.7
Handicrafts Market near New Delhi Adventure Safari Zone,New Delhi Adventure Safari Zone,2.8,Shopping,4.1
Adventure Cliff near New Delhi Adventure Safari Zone,New Delhi Adventure Safari Zone,4.8,Activity,3.6
Desi Chaat Bhandar near Artistic New Delhi Traditional Bazaar,Artistic New Delhi Traditional Bazaar,0.4,Food & Dining,4.4
Traditional Emporium near Artistic New Delhi Traditional Bazaar,Artistic New Delhi Traditional Bazaar,2.5,Shopping,4.2
Local Market Corner near Artistic New Delhi Traditional Bazaar,Artistic New Delhi Traditional Bazaar,4.5,Local Market,3.8
Street Diner near Emerald Falls of Agra,Emerald Falls of Agra,1.6,Food & Dining,4.2
Handicrafts Corner near Emerald Falls of Agra,Emerald Falls of Agra,1.4,Shopping,4.3
Adventure Cliff near Emerald Falls of Agra,Emerald Falls of Agra,4.6,Activity,4.8
Desi Corner near Agra Imperial Gateway,Agra Imperial Gateway,1.0,Food & Dining,3.7
Bustling Corner near Agra Imperial Gateway,Agra Imperial Gateway,2.7,Shopping,4.3
Local Market Corner near Agra Imperial Gateway,Agra Imperial Gateway,4.0,Local Market,4.9
Bistro Point near Tranquil Agra Temple,Tranquil Agra Temple,1.0,Food & Dining,3.7
Central Hub near Tranquil Agra Temple,Tranquil Agra Temple,0.3,Shopping,4.1
Sunset Deck near Tranquil Agra Temple,Tranquil Agra Temple,4.3,Viewpoint,4.6
Royal Kitchen near Extreme Trekking Trail of Agra,Extreme Trekking Trail of Agra,0.2,Food & Dining,4.6
Local Market near Extreme Trekking Trail of Agra,Extreme Trekking Trail of Agra,2.6,Shopping,3.7
Heritage Walk near Extreme Trekking Trail of Agra,Extreme Trekking Trail of Agra,2.7,Viewpoint,4.7
Desi Cafe near Agra Artistic Folk Centre,Agra Artistic Folk Centre,2.5,Food & Dining,4.4
Traditional Market near Agra Artistic Folk Centre,Agra Artistic Folk Centre,2.3,Shopping,4.6
Transit Corner near Agra Artistic Folk Centre,Agra Artistic Folk Centre,3.2,Transit,4.6
Cafe Treats near Bustling Agra Bazaar,Bustling Agra Bazaar,0.7,Food & Dining,4.0
Bustling Emporium near Bustling Agra Bazaar,Bustling Agra Bazaar,1.0,Shopping,4.5
Heritage Walk near Bustling Agra Bazaar,Bustling Agra Bazaar,3.9,Activity,4.0
Royal Corner near Culinary Chaat Corner of Agra,Culinary Chaat Corner of Agra,0.5,Food & Dining,4.1
Handicrafts Emporium near Culinary Chaat Corner of Agra,Culinary Chaat Corner of Agra,1.4,Shopping,4.3
Local Market Corner near Culinary Chaat Corner of Agra,Culinary Chaat Corner of Agra,1.9,Local Market,4.7
Cafe Spot near Agra Infinity Planetarium,Agra Infinity Planetarium,0.4,Food & Dining,4.7
Traditional Corner near Agra Infinity Planetarium,Agra Infinity Planetarium,2.6,Shopping,4.2
Transit Corner near Agra Infinity Planetarium,Agra Infinity Planetarium,4.6,Transit,4.8
Desi Diner near Silent Agra Cave,Silent Agra Cave,0.5,Food & Dining,4.2
Artisans Hub near Silent Agra Cave,Silent Agra Cave,1.0,Shopping,4.3
Cable Car Station near Silent Agra Cave,Silent Agra Cave,0.4,Viewpoint,4.4
Annapurna Treats near Royal Ruin of Agra,Royal Ruin of Agra,0.6,Food & Dining,3.5
Ethnic Hub near Royal Ruin of Agra,Royal Ruin of Agra,0.5,Shopping,4.8
Local Market Corner near Royal Ruin of Agra,Royal Ruin of Agra,4.7,Local Market,4.0
Street Chaat Bhandar near Agra Tranquil Temple,Agra Tranquil Temple,0.6,Food & Dining,4.3
Traditional Market near Agra Tranquil Temple,Agra Tranquil Temple,1.5,Shopping,4.0
Heritage Walk near Agra Tranquil Temple,Agra Tranquil Temple,3.5,Activity,4.5
Street Spot near Extreme Agra Zip-line Valley,Extreme Agra Zip-line Valley,2.0,Food & Dining,4.5
Central Hub near Extreme Agra Zip-line Valley,Extreme Agra Zip-line Valley,1.1,Shopping,4.1
Hiking Point near Extreme Agra Zip-line Valley,Extreme Agra Zip-line Valley,1.3,Viewpoint,4.1
Gourmet Chaat Bhandar near Indigenous Art Village of Agra,Indigenous Art Village of Agra,1.7,Food & Dining,3.6
Artisans Hub near Indigenous Art Village of Agra,Indigenous Art Village of Agra,2.9,Shopping,4.4
Local Market Corner near Indigenous Art Village of Agra,Indigenous Art Village of Agra,4.6,Local Market,3.9
Laziz Kitchen near Agra Vibrant Cooperative Store,Agra Vibrant Cooperative Store,0.6,Food & Dining,4.6
Artisans Arcade near Agra Vibrant Cooperative Store,Agra Vibrant Cooperative Store,2.0,Shopping,3.7
Transit Corner near Agra Vibrant Cooperative Store,Agra Vibrant Cooperative Store,2.1,Transit,3.7
Royal Cafe near Delight Agra Historic Cafe,Delight Agra Historic Cafe,0.8,Food & Dining,4.1
Handicrafts Flea Market near Delight Agra Historic Cafe,Delight Agra Historic Cafe,3.1,Shopping,3.6
Local Market Corner near Delight Agra Historic Cafe,Delight Agra Historic Cafe,4.3,Local Market,4.9
Gourmet Treats near Metro Art Gallery of Agra,Metro Art Gallery of Agra,2.0,Food & Dining,4.1
Central Arcade near Metro Art Gallery of Agra,Metro Art Gallery of Agra,0.5,Shopping,3.6
Local Market Corner near Metro Art Gallery of Agra,Metro Art Gallery of Agra,3.4,Local Market,4.5
Street Spot near Agra Mist-Clad Sunset Point,Agra Mist-Clad Sunset Point,0.9,Food & Dining,4.7
Handicrafts Hub near Agra Mist-Clad Sunset Point,Agra Mist-Clad Sunset Point,0.4,Shopping,3.8
Local Market Corner near Agra Mist-Clad Sunset Point,Agra Mist-Clad Sunset Point,0.5,Local Market,4.9
Street Diner near Historic Agra Ancient Caves,Historic Agra Ancient Caves,1.6,Food & Dining,4.5
Central Corner near Historic Agra Ancient Caves,Historic Agra Ancient Caves,3.4,Shopping,3.6
Local Market Corner near Historic Agra Ancient Caves,Historic Agra Ancient Caves,4.2,Local Market,4.0
Cafe Treats near Tranquil Temple of Agra,Tranquil Temple of Agra,2.1,Food & Dining,3.9
Handicrafts Emporium near Tranquil Temple of Agra,Tranquil Temple of Agra,3.3,Shopping,4.2
Hiking Point near Tranquil Temple of Agra,Tranquil Temple of Agra,0.8,Viewpoint,4.3
The Spicy Point near Agra Extreme Rafting Camp,Agra Extreme Rafting Camp,2.3,Food & Dining,4.8
Central Arcade near Agra Extreme Rafting Camp,Agra Extreme Rafting Camp,0.8,Shopping,3.6
Transit Corner near Agra Extreme Rafting Camp,Agra Extreme Rafting Camp,3.2,Transit,4.0
The Spicy Kitchen near Ethnic Agra Heritage Craft Complex,Ethnic Agra Heritage Craft Complex,2.0,Food & Dining,3.7
Central Corner near Ethnic Agra Heritage Craft Complex,Ethnic Agra Heritage Craft Complex,1.3,Shopping,4.5
Transit Corner near Ethnic Agra Heritage Craft Complex,Ethnic Agra Heritage Craft Complex,0.4,Transit,4.7
Street Diner near Central Emporium of Agra,Central Emporium of Agra,2.3,Food & Dining,4.7
Bustling Cooperative near Central Emporium of Agra,Central Emporium of Agra,1.5,Shopping,4.1
Photography Spot near Central Emporium of Agra,Central Emporium of Agra,3.8,Activity,4.1
Cafe Dhaba near Agra Legacy Dhaba Zone,Agra Legacy Dhaba Zone,1.8,Food & Dining,3.9
Traditional Market near Agra Legacy Dhaba Zone,Agra Legacy Dhaba Zone,0.5,Shopping,3.8
Local Market Corner near Agra Legacy Dhaba Zone,Agra Legacy Dhaba Zone,0.4,Local Market,4.5
The Spicy Spot near Stellar Agra Aquarium,Stellar Agra Aquarium,1.8,Food & Dining,3.6
Handicrafts Corner near Stellar Agra Aquarium,Stellar Agra Aquarium,0.9,Shopping,4.2
Heritage Walk near Stellar Agra Aquarium,Stellar Agra Aquarium,1.3,Viewpoint,4.2
Royal Spot near Serene Falls of Agra,Serene Falls of Agra,1.1,Food & Dining,4.0
Traditional Emporium near Serene Falls of Agra,Serene Falls of Agra,0.7,Shopping,4.3
Boating Lake near Serene Falls of Agra,Serene Falls of Agra,1.4,Activity,3.9
Chai Villa Bakery near Agra Sovereign Fort,Agra Sovereign Fort,2.1,Food & Dining,3.6
Artisans Emporium near Agra Sovereign Fort,Agra Sovereign Fort,3.1,Shopping,4.0
Heritage Walk near Agra Sovereign Fort,Agra Sovereign Fort,4.7,Viewpoint,3.8
Annapurna Bakery near Tranquil Agra Temple,Tranquil Agra Temple,0.6,Food & Dining,4.8
Artisans Arcade near Tranquil Agra Temple,Tranquil Agra Temple,1.5,Shopping,4.4
Transit Corner near Tranquil Agra Temple,Tranquil Agra Temple,4.8,Transit,5.0
Chai Villa Kitchen near Extreme Camping Ridge of Agra,Extreme Camping Ridge of Agra,1.9,Food & Dining,4.2
Souvenir Hub near Extreme Camping Ridge of Agra,Extreme Camping Ridge of Agra,0.4,Shopping,4.3
Boating Lake near Extreme Camping Ridge of Agra,Extreme Camping Ridge of Agra,3.1,Viewpoint,4.2
Desi Chaat Bhandar near Agra Classical Folk Centre,Agra Classical Folk Centre,0.9,Food & Dining,3.6
Central Corner near Agra Classical Folk Centre,Agra Classical Folk Centre,3.1,Shopping,4.6
Local Market Corner near Agra Classical Folk Centre,Agra Classical Folk Centre,3.1,Local Market,3.5
Gourmet Spot near Craft Agra Spices Corner,Craft Agra Spices Corner,0.9,Food & Dining,4.7
Souvenir Corner near Craft Agra Spices Corner,Craft Agra Spices Corner,2.2,Shopping,4.4
Sunset Deck near Craft Agra Spices Corner,Craft Agra Spices Corner,0.6,Viewpoint,4.7
Street Diner near Flavors Sweet Alley of Agra,Flavors Sweet Alley of Agra,2.2,Food & Dining,4.6
Artisans Arcade near Flavors Sweet Alley of Agra,Flavors Sweet Alley of Agra,3.2,Shopping,3.5
Photography Spot near Flavors Sweet Alley of Agra,Flavors Sweet Alley of Agra,0.4,Viewpoint,3.6
The Spicy Bakery near Agra Futuristic Amusement Park,Agra Futuristic Amusement Park,0.7,Food & Dining,4.1
Ethnic Bazaar near Agra Futuristic Amusement Park,Agra Futuristic Amusement Park,1.9,Shopping,4.5
Sunset Deck near Agra Futuristic Amusement Park,Agra Futuristic Amusement Park,2.5,Activity,3.6
The Spicy Dhaba near Silver Agra Cave,Silver Agra Cave,0.8,Food & Dining,3.5
Souvenir Corner near Silver Agra Cave,Silver Agra Cave,2.5,Shopping,3.8
Local Market Corner near Silver Agra Cave,Silver Agra Cave,4.2,Local Market,3.8
Royal Kitchen near Grand Museum of Agra,Grand Museum of Agra,1.1,Food & Dining,3.7
Ethnic Arcade near Grand Museum of Agra,Grand Museum of Agra,0.5,Shopping,4.6
Walkway Park near Grand Museum of Agra,Grand Museum of Agra,2.0,Activity,4.5
Royal Chaat Bhandar near Agra Tranquil Temple,Agra Tranquil Temple,0.9,Food & Dining,4.6
Local Market near Agra Tranquil Temple,Agra Tranquil Temple,1.5,Shopping,4.0
Local Market Corner near Agra Tranquil Temple,Agra Tranquil Temple,4.0,Local Market,3.8
Laziz Dhaba near Extreme Agra Paragliding Launch,Extreme Agra Paragliding Launch,0.1,Food & Dining,4.9
Bustling Cooperative near Extreme Agra Paragliding Launch,Extreme Agra Paragliding Launch,1.2,Shopping,4.5
Local Market Corner near Extreme Agra Paragliding Launch,Extreme Agra Paragliding Launch,1.4,Local Market,4.8
Royal Treats near Legacy Art Village of Agra,Legacy Art Village of Agra,0.5,Food & Dining,4.0
Artisans Flea Market near Legacy Art Village of Agra,Legacy Art Village of Agra,0.5,Shopping,4.5
Heritage Walk near Legacy Art Village of Agra,Legacy Art Village of Agra,1.6,Viewpoint,4.3
Laziz Cafe near Agra Royal Flea Market,Agra Royal Flea Market,0.6,Food & Dining,4.1
Ethnic Bazaar near Agra Royal Flea Market,Agra Royal Flea Market,1.0,Shopping,4.7
Transit Corner near Agra Royal Flea Market,Agra Royal Flea Market,1.4,Transit,3.6
Royal Kitchen near Traditional Agra Food Street,Traditional Agra Food Street,1.8,Food & Dining,3.8
Bustling Arcade near Traditional Agra Food Street,Traditional Agra Food Street,3.0,Shopping,4.3
Heritage Walk near Traditional Agra Food Street,Traditional Agra Food Street,4.6,Viewpoint,4.0
Cafe Diner near Cosmo Botanical Conservatory of Agra,Cosmo Botanical Conservatory of Agra,1.6,Food & Dining,4.3
Handicrafts Bazaar near Cosmo Botanical Conservatory of Agra,Cosmo Botanical Conservatory of Agra,1.8,Shopping,4.7
Transit Corner near Cosmo Botanical Conservatory of Agra,Cosmo Botanical Conservatory of Agra,4.3,Transit,4.2
Annapurna Corner near Agra Emerald Sunset Point,Agra Emerald Sunset Point,1.2,Food & Dining,4.4
Ethnic Market near Agra Emerald Sunset Point,Agra Emerald Sunset Point,1.9,Shopping,4.2
Hiking Point near Agra Emerald Sunset Point,Agra Emerald Sunset Point,2.3,Activity,4.8
Laziz Kitchen near Victorian Agra Gateway,Victorian Agra Gateway,1.7,Food & Dining,4.6
Traditional Arcade near Victorian Agra Gateway,Victorian Agra Gateway,2.0,Shopping,4.3
Transit Corner near Victorian Agra Gateway,Victorian Agra Gateway,4.9,Transit,3.6
Royal Kitchen near Tranquil Temple of Agra,Tranquil Temple of Agra,0.6,Food & Dining,4.1
Bustling Cooperative near Tranquil Temple of Agra,Tranquil Temple of Agra,2.2,Shopping,4.8
Transit Corner near Tranquil Temple of Agra,Tranquil Temple of Agra,3.6,Transit,3.7
Cafe Spot near Agra Extreme Climbing Wall,Agra Extreme Climbing Wall,1.5,Food & Dining,4.0
Bustling Bazaar near Agra Extreme Climbing Wall,Agra Extreme Climbing Wall,0.8,Shopping,4.3
Cable Car Station near Agra Extreme Climbing Wall,Agra Extreme Climbing Wall,4.2,Viewpoint,3.8
Laziz Kitchen near Creative Agra Heritage Craft Complex,Creative Agra Heritage Craft Complex,1.2,Food & Dining,4.9
Ethnic Cooperative near Creative Agra Heritage Craft Complex,Creative Agra Heritage Craft Complex,3.0,Shopping,4.5
Transit Corner near Creative Agra Heritage Craft Complex,Creative Agra Heritage Craft Complex,1.1,Transit,4.1
Bistro Bakery near Hidden Beach of Varanasi,Hidden Beach of Varanasi,1.6,Food & Dining,4.5
Bustling Flea Market near Hidden Beach of Varanasi,Hidden Beach of Varanasi,1.1,Shopping,4.2
Walkway Park near Hidden Beach of Varanasi,Hidden Beach of Varanasi,1.1,Activity,4.3
Chai Villa Spot near Varanasi Imperial Tomb,Varanasi Imperial Tomb,1.0,Food & Dining,3.5
Artisans Arcade near Varanasi Imperial Tomb,Varanasi Imperial Tomb,3.3,Shopping,4.8
Adventure Cliff near Varanasi Imperial Tomb,Varanasi Imperial Tomb,0.6,Viewpoint,3.6
Annapurna Point near Holy Varanasi Ashram,Holy Varanasi Ashram,1.9,Food & Dining,4.8
Souvenir Emporium near Holy Varanasi Ashram,Holy Varanasi Ashram,0.5,Shopping,4.3
Walkway Park near Holy Varanasi Ashram,Holy Varanasi Ashram,4.7,Viewpoint,4.3
Cafe Chaat Bhandar near Summit Safari Zone of Varanasi,Summit Safari Zone of Varanasi,0.7,Food & Dining,4.0
Handicrafts Corner near Summit Safari Zone of Varanasi,Summit Safari Zone of Varanasi,1.2,Shopping,3.7
Walkway Park near Summit Safari Zone of Varanasi,Summit Safari Zone of Varanasi,3.5,Activity,4.6
Chai Villa Diner near Varanasi Creative Amphitheatre,Varanasi Creative Amphitheatre,1.1,Food & Dining,3.8
Artisans Cooperative near Varanasi Creative Amphitheatre,Varanasi Creative Amphitheatre,2.7,Shopping,3.9
Cable Car Station near Varanasi Creative Amphitheatre,Varanasi Creative Amphitheatre,0.6,Activity,3.6
Annapurna Cafe near Local Varanasi Shopping Arcade,Local Varanasi Shopping Arcade,1.5,Food & Dining,3.9
Bustling Corner near Local Varanasi Shopping Arcade,Local Varanasi Shopping Arcade,2.8,Shopping,3.7
Photography Spot near Local Varanasi Shopping Arcade,Local Varanasi Shopping Arcade,4.0,Activity,4.5
Laziz Kitchen near Savory Gourmet Court of Varanasi,Savory Gourmet Court of Varanasi,2.2,Food & Dining,4.6
Handicrafts Arcade near Savory Gourmet Court of Varanasi,Savory Gourmet Court of Varanasi,1.6,Shopping,4.7
Boating Lake near Savory Gourmet Court of Varanasi,Savory Gourmet Court of Varanasi,3.2,Viewpoint,3.6
Gourmet Bakery near Varanasi Apex Sky Deck,Varanasi Apex Sky Deck,0.1,Food & Dining,4.6
Souvenir Emporium near Varanasi Apex Sky Deck,Varanasi Apex Sky Deck,3.3,Shopping,4.1
Hiking Point near Varanasi Apex Sky Deck,Varanasi Apex Sky Deck,4.7,Viewpoint,4.3
Street Cafe near Whispering Varanasi Wildlife Reserve,Whispering Varanasi Wildlife Reserve,0.5,Food & Dining,4.0
Artisans Cooperative near Whispering Varanasi Wildlife Reserve,Whispering Varanasi Wildlife Reserve,3.3,Shopping,3.8
Local Market Corner near Whispering Varanasi Wildlife Reserve,Whispering Varanasi Wildlife Reserve,4.4,Local Market,4.3
Bistro Dhaba near Royal Palace of Varanasi,Royal Palace of Varanasi,0.3,Food & Dining,4.0
Handicrafts Bazaar near Royal Palace of Varanasi,Royal Palace of Varanasi,1.9,Shopping,4.5
Local Market Corner near Royal Palace of Varanasi,Royal Palace of Varanasi,3.8,Local Market,4.4
Chai Villa Chaat Bhandar near Varanasi Holy Ashram,Varanasi Holy Ashram,0.9,Food & Dining,4.1
Bustling Emporium near Varanasi Holy Ashram,Varanasi Holy Ashram,3.4,Shopping,3.7
Heritage Walk near Varanasi Holy Ashram,Varanasi Holy Ashram,1.0,Activity,3.6
The Spicy Bakery near Summit Varanasi Trekking Trail,Summit Varanasi Trekking Trail,1.1,Food & Dining,3.6
Artisans Flea Market near Summit Varanasi Trekking Trail,Summit Varanasi Trekking Trail,3.0,Shopping,4.4
Transit Corner near Summit Varanasi Trekking Trail,Summit Varanasi Trekking Trail,0.9,Transit,3.5
The Spicy Chaat Bhandar near Folk Cultural Theatre of Varanasi,Folk Cultural Theatre of Varanasi,0.7,Food & Dining,4.4
Traditional Corner near Folk Cultural Theatre of Varanasi,Folk Cultural Theatre of Varanasi,1.7,Shopping,3.8
Heritage Walk near Folk Cultural Theatre of Varanasi,Folk Cultural Theatre of Varanasi,2.8,Viewpoint,4.6
Bistro Point near Varanasi Traditional Bazaar,Varanasi Traditional Bazaar,0.7,Food & Dining,4.7
Central Bazaar near Varanasi Traditional Bazaar,Varanasi Traditional Bazaar,3.0,Shopping,3.9
Photography Spot near Varanasi Traditional Bazaar,Varanasi Traditional Bazaar,4.3,Viewpoint,5.0
Bistro Corner near Authentic Varanasi Chaat Corner,Authentic Varanasi Chaat Corner,0.4,Food & Dining,4.0
Central Bazaar near Authentic Varanasi Chaat Corner,Authentic Varanasi Chaat Corner,1.3,Shopping,4.5
Cable Car Station near Authentic Varanasi Chaat Corner,Authentic Varanasi Chaat Corner,3.5,Activity,3.7
Chai Villa Dhaba near Tech Planetarium of Varanasi,Tech Planetarium of Varanasi,0.8,Food & Dining,4.1
Ethnic Bazaar near Tech Planetarium of Varanasi,Tech Planetarium of Varanasi,3.0,Shopping,3.5
Heritage Walk near Tech Planetarium of Varanasi,Tech Planetarium of Varanasi,3.7,Activity,4.8
Bistro Diner near Varanasi Golden Lake,Varanasi Golden Lake,1.4,Food & Dining,3.8
Local Cooperative near Varanasi Golden Lake,Varanasi Golden Lake,1.3,Shopping,4.8
Transit Corner near Varanasi Golden Lake,Varanasi Golden Lake,3.9,Transit,3.9
Laziz Diner near Historic Varanasi Heritage Centre,Historic Varanasi Heritage Centre,1.4,Food & Dining,4.3
Traditional Bazaar near Historic Varanasi Heritage Centre,Historic Varanasi Heritage Centre,3.4,Shopping,4.6
Local Market Corner near Historic Varanasi Heritage Centre,Historic Varanasi Heritage Centre,3.8,Local Market,3.8
The Spicy Treats near Holy Ashram of Varanasi,Holy Ashram of Varanasi,0.9,Food & Dining,3.9
Artisans Market near Holy Ashram of Varanasi,Holy Ashram of Varanasi,3.4,Shopping,4.7
Adventure Cliff near Holy Ashram of Varanasi,Holy Ashram of Varanasi,1.7,Activity,4.0
Royal Diner near Varanasi Summit Zip-line Valley,Varanasi Summit Zip-line Valley,0.5,Food & Dining,4.6
Central Flea Market near Varanasi Summit Zip-line Valley,Varanasi Summit Zip-line Valley,2.0,Shopping,3.8
Photography Spot near Varanasi Summit Zip-line Valley,Varanasi Summit Zip-line Valley,0.5,Activity,3.9
Royal Bakery near Artistic Varanasi Traditional Bazaar,Artistic Varanasi Traditional Bazaar,1.5,Food & Dining,4.3
Traditional Hub near Artistic Varanasi Traditional Bazaar,Artistic Varanasi Traditional Bazaar,0.9,Shopping,4.5
Transit Corner near Artistic Varanasi Traditional Bazaar,Artistic Varanasi Traditional Bazaar,2.0,Transit,4.9
Chai Villa Diner near Bustling Cooperative Store of Varanasi,Bustling Cooperative Store of Varanasi,0.2,Food & Dining,4.3
Souvenir Arcade near Bustling Cooperative Store of Varanasi,Bustling Cooperative Store of Varanasi,0.7,Shopping,4.1
Local Market Corner near Bustling Cooperative Store of Varanasi,Bustling Cooperative Store of Varanasi,3.1,Local Market,3.9
Laziz Point near Varanasi Culinary Historic Cafe,Varanasi Culinary Historic Cafe,1.3,Food & Dining,3.9
Souvenir Market near Varanasi Culinary Historic Cafe,Varanasi Culinary Historic Cafe,0.8,Shopping,3.8
Walkway Park near Varanasi Culinary Historic Cafe,Varanasi Culinary Historic Cafe,3.7,Activity,4.0
Royal Kitchen near Infinity Varanasi Art Gallery,Infinity Varanasi Art Gallery,0.9,Food & Dining,4.8
Souvenir Emporium near Infinity Varanasi Art Gallery,Infinity Varanasi Art Gallery,0.8,Shopping,3.9
Walkway Park near Infinity Varanasi Art Gallery,Infinity Varanasi Art Gallery,0.7,Activity,3.9
Bistro Point near Scenic Beach of Varanasi,Scenic Beach of Varanasi,0.5,Food & Dining,4.7
Artisans Market near Scenic Beach of Varanasi,Scenic Beach of Varanasi,1.0,Shopping,4.5
Hiking Point near Scenic Beach of Varanasi,Scenic Beach of Varanasi,1.9,Viewpoint,3.6
Annapurna Diner near Varanasi Sovereign Memorial,Varanasi Sovereign Memorial,0.3,Food & Dining,4.4
Central Hub near Varanasi Sovereign Memorial,Varanasi Sovereign Memorial,0.7,Shopping,3.8
Transit Corner near Varanasi Sovereign Memorial,Varanasi Sovereign Memorial,2.5,Transit,4.5
Laziz Bakery near Holy Varanasi Ashram,Holy Varanasi Ashram,0.5,Food & Dining,4.8
Central Arcade near Holy Varanasi Ashram,Holy Varanasi Ashram,2.6,Shopping,3.7
Boating Lake near Holy Varanasi Ashram,Holy Varanasi Ashram,4.0,Viewpoint,3.6
Gourmet Corner near Summit Rafting Camp of Varanasi,Summit Rafting Camp of Varanasi,0.2,Food & Dining,4.3
Central Bazaar near Summit Rafting Camp of Varanasi,Summit Rafting Camp of Varanasi,1.9,Shopping,4.3
Sunset Deck near Summit Rafting Camp of Varanasi,Summit Rafting Camp of Varanasi,1.3,Viewpoint,4.4
The Spicy Point near Varanasi Indigenous Amphitheatre,Varanasi Indigenous Amphitheatre,1.3,Food & Dining,4.4
Ethnic Cooperative near Varanasi Indigenous Amphitheatre,Varanasi Indigenous Amphitheatre,2.9,Shopping,3.5
Adventure Cliff near Varanasi Indigenous Amphitheatre,Varanasi Indigenous Amphitheatre,2.9,Activity,4.1
Gourmet Diner near Vibrant Varanasi Emporium,Vibrant Varanasi Emporium,1.4,Food & Dining,3.9
Central Arcade near Vibrant Varanasi Emporium,Vibrant Varanasi Emporium,3.2,Shopping,4.3
Transit Corner near Vibrant Varanasi Emporium,Vibrant Varanasi Emporium,1.1,Transit,4.3
Cafe Bakery near Delight Dhaba Zone of Varanasi,Delight Dhaba Zone of Varanasi,1.8,Food & Dining,3.5
Bustling Hub near Delight Dhaba Zone of Varanasi,Delight Dhaba Zone of Varanasi,2.4,Shopping,4.6
Transit Corner near Delight Dhaba Zone of Varanasi,Delight Dhaba Zone of Varanasi,2.6,Transit,4.2
Gourmet Cafe near Varanasi Metro Aquarium,Varanasi Metro Aquarium,1.5,Food & Dining,3.7
Souvenir Cooperative near Varanasi Metro Aquarium,Varanasi Metro Aquarium,1.1,Shopping,3.7
Heritage Walk near Varanasi Metro Aquarium,Varanasi Metro Aquarium,4.6,Viewpoint,4.3
Bistro Spot near Cloudy Varanasi Wildlife Reserve,Cloudy Varanasi Wildlife Reserve,1.3,Food & Dining,3.5
Local Hub near Cloudy Varanasi Wildlife Reserve,Cloudy Varanasi Wildlife Reserve,0.3,Shopping,3.7
Cable Car Station near Cloudy Varanasi Wildlife Reserve,Cloudy Varanasi Wildlife Reserve,4.5,Activity,3.9
Royal Treats near Grand Castle of Varanasi,Grand Castle of Varanasi,2.3,Food & Dining,4.4
Handicrafts Market near Grand Castle of Varanasi,Grand Castle of Varanasi,1.2,Shopping,4.0
Photography Spot near Grand Castle of Varanasi,Grand Castle of Varanasi,1.2,Viewpoint,4.5
The Spicy Kitchen near Varanasi Holy Ashram,Varanasi Holy Ashram,2.2,Food & Dining,4.0
Artisans Cooperative near Varanasi Holy Ashram,Varanasi Holy Ashram,2.4,Shopping,4.4
Walkway Park near Varanasi Holy Ashram,Varanasi Holy Ashram,0.5,Activity,3.9
Chai Villa Bakery near Summit Varanasi Camping Ridge,Summit Varanasi Camping Ridge,2.1,Food & Dining,4.7
Souvenir Arcade near Summit Varanasi Camping Ridge,Summit Varanasi Camping Ridge,1.0,Shopping,4.1
Adventure Cliff near Summit Varanasi Camping Ridge,Summit Varanasi Camping Ridge,4.5,Viewpoint,3.8
Chai Villa Kitchen near Ethnic Cultural Theatre of Varanasi,Ethnic Cultural Theatre of Varanasi,1.7,Food & Dining,3.6
Ethnic Market near Ethnic Cultural Theatre of Varanasi,Ethnic Cultural Theatre of Varanasi,3.2,Shopping,4.0
Transit Corner near Ethnic Cultural Theatre of Varanasi,Ethnic Cultural Theatre of Varanasi,2.2,Transit,3.6
Chai Villa Spot near Varanasi Central Spices Corner,Varanasi Central Spices Corner,1.7,Food & Dining,4.0
Souvenir Bazaar near Varanasi Central Spices Corner,Varanasi Central Spices Corner,1.9,Shopping,4.3
Local Market Corner near Varanasi Central Spices Corner,Varanasi Central Spices Corner,2.5,Local Market,3.6
Laziz Chaat Bhandar near Legacy Varanasi Sweet Alley,Legacy Varanasi Sweet Alley,0.4,Food & Dining,3.9
Handicrafts Emporium near Legacy Varanasi Sweet Alley,Legacy Varanasi Sweet Alley,0.8,Shopping,3.8
Local Market Corner near Legacy Varanasi Sweet Alley,Legacy Varanasi Sweet Alley,4.4,Local Market,4.9
Bistro Dhaba near Stellar Amusement Park of Varanasi,Stellar Amusement Park of Varanasi,1.0,Food & Dining,4.0
Traditional Arcade near Stellar Amusement Park of Varanasi,Stellar Amusement Park of Varanasi,0.8,Shopping,4.7
Local Market Corner near Stellar Amusement Park of Varanasi,Stellar Amusement Park of Varanasi,0.4,Local Market,4.5
Chai Villa Point near Varanasi Hidden Lake,Varanasi Hidden Lake,1.1,Food & Dining,4.6
Souvenir Corner near Varanasi Hidden Lake,Varanasi Hidden Lake,2.0,Shopping,4.4
Transit Corner near Varanasi Hidden Lake,Varanasi Hidden Lake,3.6,Transit,3.6
The Spicy Cafe near Victorian Varanasi Tomb,Victorian Varanasi Tomb,0.8,Food & Dining,4.1
Traditional Hub near Victorian Varanasi Tomb,Victorian Varanasi Tomb,1.5,Shopping,4.7
Transit Corner near Victorian Varanasi Tomb,Victorian Varanasi Tomb,3.3,Transit,4.7
Desi Dhaba near Holy Ashram of Varanasi,Holy Ashram of Varanasi,1.6,Food & Dining,4.8
Bustling Flea Market near Holy Ashram of Varanasi,Holy Ashram of Varanasi,2.3,Shopping,3.6
Transit Corner near Holy Ashram of Varanasi,Holy Ashram of Varanasi,1.9,Transit,4.4
Laziz Cafe near Varanasi Summit Paragliding Launch,Varanasi Summit Paragliding Launch,1.2,Food & Dining,4.1
Souvenir Flea Market near Varanasi Summit Paragliding Launch,Varanasi Summit Paragliding Launch,0.8,Shopping,4.7
Transit Corner near Varanasi Summit Paragliding Launch,Varanasi Summit Paragliding Launch,0.5,Transit,4.0
Laziz Diner near Classical Varanasi Traditional Bazaar,Classical Varanasi Traditional Bazaar,1.8,Food & Dining,4.4
Central Flea Market near Classical Varanasi Traditional Bazaar,Classical Varanasi Traditional Bazaar,0.8,Shopping,4.8
Local Market Corner near Classical Varanasi Traditional Bazaar,Classical Varanasi Traditional Bazaar,4.3,Local Market,5.0
The Spicy Cafe near Emerald Hills of Lucknow,Emerald Hills of Lucknow,1.8,Food & Dining,4.9
Bustling Corner near Emerald Hills of Lucknow,Emerald Hills of Lucknow,2.3,Shopping,4.0
Boating Lake near Emerald Hills of Lucknow,Emerald Hills of Lucknow,2.6,Viewpoint,4.3
Annapurna Spot near Lucknow Imperial Gateway,Lucknow Imperial Gateway,0.1,Food & Dining,3.7
Ethnic Bazaar near Lucknow Imperial Gateway,Lucknow Imperial Gateway,0.6,Shopping,4.5
Local Market Corner near Lucknow Imperial Gateway,Lucknow Imperial Gateway,4.7,Local Market,3.7
Annapurna Treats near Eternal Lucknow Mosque,Eternal Lucknow Mosque,0.6,Food & Dining,3.6
Bustling Arcade near Eternal Lucknow Mosque,Eternal Lucknow Mosque,1.7,Shopping,4.2
Local Market Corner near Eternal Lucknow Mosque,Eternal Lucknow Mosque,2.2,Local Market,4.9
Cafe Spot near Wild Climbing Wall of Lucknow,Wild Climbing Wall of Lucknow,0.4,Food & Dining,4.5
Ethnic Market near Wild Climbing Wall of Lucknow,Wild Climbing Wall of Lucknow,1.9,Shopping,4.0
Cable Car Station near Wild Climbing Wall of Lucknow,Wild Climbing Wall of Lucknow,1.1,Viewpoint,3.8
Chai Villa Dhaba near Lucknow Classical Folk Centre,Lucknow Classical Folk Centre,0.3,Food & Dining,4.2
Ethnic Corner near Lucknow Classical Folk Centre,Lucknow Classical Folk Centre,2.1,Shopping,4.6
Transit Corner near Lucknow Classical Folk Centre,Lucknow Classical Folk Centre,3.6,Transit,3.7
The Spicy Bakery near Craft Lucknow Market,Craft Lucknow Market,1.8,Food & Dining,3.7
Ethnic Arcade near Craft Lucknow Market,Craft Lucknow Market,3.3,Shopping,4.5
Sunset Deck near Craft Lucknow Market,Craft Lucknow Market,3.8,Activity,4.4
Gourmet Treats near Flavors Spice Lane of Lucknow,Flavors Spice Lane of Lucknow,1.9,Food & Dining,4.3
Local Hub near Flavors Spice Lane of Lucknow,Flavors Spice Lane of Lucknow,1.6,Shopping,3.8
Walkway Park near Flavors Spice Lane of Lucknow,Flavors Spice Lane of Lucknow,2.3,Viewpoint,4.1
The Spicy Bakery near Lucknow Futuristic Science Arena,Lucknow Futuristic Science Arena,2.0,Food & Dining,4.6
Artisans Flea Market near Lucknow Futuristic Science Arena,Lucknow Futuristic Science Arena,1.2,Shopping,3.9
Cable Car Station near Lucknow Futuristic Science Arena,Lucknow Futuristic Science Arena,1.6,Viewpoint,4.2
Chai Villa Cafe near Silent Lucknow Valley,Silent Lucknow Valley,0.5,Food & Dining,3.9
Bustling Flea Market near Silent Lucknow Valley,Silent Lucknow Valley,0.6,Shopping,4.4
Cable Car Station near Silent Lucknow Valley,Silent Lucknow Valley,0.6,Activity,3.9
Bistro Cafe near Royal Ruin of Lucknow,Royal Ruin of Lucknow,1.3,Food & Dining,4.5
Ethnic Arcade near Royal Ruin of Lucknow,Royal Ruin of Lucknow,1.4,Shopping,4.7
Sunset Deck near Royal Ruin of Lucknow,Royal Ruin of Lucknow,2.3,Viewpoint,4.4
Desi Cafe near Lucknow Eternal Mosque,Lucknow Eternal Mosque,1.2,Food & Dining,4.5
Handicrafts Corner near Lucknow Eternal Mosque,Lucknow Eternal Mosque,2.4,Shopping,3.8
Local Market Corner near Lucknow Eternal Mosque,Lucknow Eternal Mosque,4.5,Local Market,4.3
Bistro Diner near Wild Lucknow Safari Zone,Wild Lucknow Safari Zone,0.6,Food & Dining,3.9
Local Flea Market near Wild Lucknow Safari Zone,Wild Lucknow Safari Zone,1.4,Shopping,4.5
Photography Spot near Wild Lucknow Safari Zone,Wild Lucknow Safari Zone,1.4,Activity,4.8
Street Cafe near Legacy Art Village of Lucknow,Legacy Art Village of Lucknow,0.9,Food & Dining,4.0
Souvenir Corner near Legacy Art Village of Lucknow,Legacy Art Village of Lucknow,0.3,Shopping,3.5
Boating Lake near Legacy Art Village of Lucknow,Legacy Art Village of Lucknow,4.0,Viewpoint,5.0
Desi Corner near Lucknow Royal Shopping Arcade,Lucknow Royal Shopping Arcade,1.3,Food & Dining,4.5
Traditional Hub near Lucknow Royal Shopping Arcade,Lucknow Royal Shopping Arcade,1.5,Shopping,3.5
Transit Corner near Lucknow Royal Shopping Arcade,Lucknow Royal Shopping Arcade,3.6,Transit,4.9
Bistro Cafe near Traditional Lucknow Gourmet Court,Traditional Lucknow Gourmet Court,1.5,Food & Dining,4.7
Local Hub near Traditional Lucknow Gourmet Court,Traditional Lucknow Gourmet Court,3.2,Shopping,4.4
Photography Spot near Traditional Lucknow Gourmet Court,Traditional Lucknow Gourmet Court,3.2,Viewpoint,3.5
Street Corner near Cosmo Sky Deck of Lucknow,Cosmo Sky Deck of Lucknow,1.3,Food & Dining,3.6
Bustling Emporium near Cosmo Sky Deck of Lucknow,Cosmo Sky Deck of Lucknow,2.9,Shopping,4.1
Sunset Deck near Cosmo Sky Deck of Lucknow,Cosmo Sky Deck of Lucknow,2.7,Viewpoint,4.8
The Spicy Point near Lucknow Mist-Clad River Confluence,Lucknow Mist-Clad River Confluence,1.1,Food & Dining,3.7
Handicrafts Flea Market near Lucknow Mist-Clad River Confluence,Lucknow Mist-Clad River Confluence,0.5,Shopping,3.9
Photography Spot near Lucknow Mist-Clad River Confluence,Lucknow Mist-Clad River Confluence,1.5,Viewpoint,4.1
Chai Villa Spot near Historic Lucknow Ancient Caves,Historic Lucknow Ancient Caves,2.3,Food & Dining,4.1
Central Emporium near Historic Lucknow Ancient Caves,Historic Lucknow Ancient Caves,0.7,Shopping,4.3
Local Market Corner near Historic Lucknow Ancient Caves,Historic Lucknow Ancient Caves,0.4,Local Market,4.0
Bistro Cafe near Eternal Mosque of Lucknow,Eternal Mosque of Lucknow,1.9,Food & Dining,4.7
Souvenir Bazaar near Eternal Mosque of Lucknow,Eternal Mosque of Lucknow,2.7,Shopping,4.7
Local Market Corner near Eternal Mosque of Lucknow,Eternal Mosque of Lucknow,1.5,Local Market,3.9
Laziz Dhaba near Lucknow Wild Trekking Trail,Lucknow Wild Trekking Trail,0.4,Food & Dining,4.9
Local Flea Market near Lucknow Wild Trekking Trail,Lucknow Wild Trekking Trail,1.2,Shopping,4.8
Transit Corner near Lucknow Wild Trekking Trail,Lucknow Wild Trekking Trail,4.3,Transit,3.6
Chai Villa Treats near Creative Lucknow Heritage Craft Complex,Creative Lucknow Heritage Craft Complex,2.1,Food & Dining,3.9
Handicrafts Market near Creative Lucknow Heritage Craft Complex,Creative Lucknow Heritage Craft Complex,1.0,Shopping,4.4
Walkway Park near Creative Lucknow Heritage Craft Complex,Creative Lucknow Heritage Craft Complex,3.1,Viewpoint,4.3
Chai Villa Dhaba near Local Bazaar of Lucknow,Local Bazaar of Lucknow,2.0,Food & Dining,4.6
Artisans Cooperative near Local Bazaar of Lucknow,Local Bazaar of Lucknow,1.2,Shopping,3.8
Local Market Corner near Local Bazaar of Lucknow,Local Bazaar of Lucknow,1.4,Local Market,4.2
The Spicy Treats near Lucknow Savory Chaat Corner,Lucknow Savory Chaat Corner,2.3,Food & Dining,3.5
Local Market near Lucknow Savory Chaat Corner,Lucknow Savory Chaat Corner,2.9,Shopping,3.9
Heritage Walk near Lucknow Savory Chaat Corner,Lucknow Savory Chaat Corner,2.1,Activity,3.8
Royal Treats near Apex Lucknow Planetarium,Apex Lucknow Planetarium,0.7,Food & Dining,4.4
Central Emporium near Apex Lucknow Planetarium,Apex Lucknow Planetarium,2.3,Shopping,4.8
Sunset Deck near Apex Lucknow Planetarium,Apex Lucknow Planetarium,3.9,Activity,4.6
Annapurna Cafe near Serene Hills of Lucknow,Serene Hills of Lucknow,1.4,Food & Dining,4.7
Handicrafts Cooperative near Serene Hills of Lucknow,Serene Hills of Lucknow,2.0,Shopping,3.5
Transit Corner near Serene Hills of Lucknow,Serene Hills of Lucknow,1.6,Transit,5.0
Desi Point near Lucknow Sovereign Fort,Lucknow Sovereign Fort,1.4,Food & Dining,4.7
Traditional Arcade near Lucknow Sovereign Fort,Lucknow Sovereign Fort,0.3,Shopping,4.3
Adventure Cliff near Lucknow Sovereign Fort,Lucknow Sovereign Fort,3.9,Viewpoint,4.8
Laziz Dhaba near Eternal Lucknow Mosque,Eternal Lucknow Mosque,1.8,Food & Dining,4.5
Local Emporium near Eternal Lucknow Mosque,Eternal Lucknow Mosque,2.8,Shopping,3.9
Sunset Deck near Eternal Lucknow Mosque,Eternal Lucknow Mosque,0.5,Activity,4.1
The Spicy Dhaba near Wild Zip-line Valley of Lucknow,Wild Zip-line Valley of Lucknow,1.3,Food & Dining,3.9
Bustling Bazaar near Wild Zip-line Valley of Lucknow,Wild Zip-line Valley of Lucknow,1.1,Shopping,4.3
Transit Corner near Wild Zip-line Valley of Lucknow,Wild Zip-line Valley of Lucknow,1.5,Transit,4.7
Bistro Spot near Lucknow Folk Folk Centre,Lucknow Folk Folk Centre,2.4,Food & Dining,4.0
Ethnic Market near Lucknow Folk Folk Centre,Lucknow Folk Folk Centre,1.9,Shopping,3.7
Local Market Corner near Lucknow Folk Folk Centre,Lucknow Folk Folk Centre,0.8,Local Market,4.5
Royal Corner near Traditional Lucknow Cooperative Store,Traditional Lucknow Cooperative Store,1.0,Food & Dining,3.6
Local Flea Market near Traditional Lucknow Cooperative Store,Traditional Lucknow Cooperative Store,0.8,Shopping,4.6
Boating Lake near Traditional Lucknow Cooperative Store,Traditional Lucknow Cooperative Store,1.3,Viewpoint,4.4
Royal Bakery near Authentic Historic Cafe of Lucknow,Authentic Historic Cafe of Lucknow,0.9,Food & Dining,4.7
Ethnic Corner near Authentic Historic Cafe of Lucknow,Authentic Historic Cafe of Lucknow,3.4,Shopping,4.1
Local Market Corner near Authentic Historic Cafe of Lucknow,Authentic Historic Cafe of Lucknow,0.5,Local Market,3.7
Chai Villa Corner near Lucknow Tech Art Gallery,Lucknow Tech Art Gallery,0.3,Food & Dining,4.7
Handicrafts Market near Lucknow Tech Art Gallery,Lucknow Tech Art Gallery,2.2,Shopping,4.6
Local Market Corner near Lucknow Tech Art Gallery,Lucknow Tech Art Gallery,1.3,Local Market,3.7
The Spicy Dhaba near Silver Lucknow Valley,Silver Lucknow Valley,0.9,Food & Dining,4.2
Souvenir Emporium near Silver Lucknow Valley,Silver Lucknow Valley,2.9,Shopping,4.6
Walkway Park near Silver Lucknow Valley,Silver Lucknow Valley,4.6,Activity,4.8
Cafe Diner near Grand Museum of Lucknow,Grand Museum of Lucknow,1.8,Food & Dining,4.4
Souvenir Market near Grand Museum of Lucknow,Grand Museum of Lucknow,2.3,Shopping,4.2
Cable Car Station near Grand Museum of Lucknow,Grand Museum of Lucknow,2.2,Activity,3.5
The Spicy Corner near Lucknow Eternal Mosque,Lucknow Eternal Mosque,2.1,Food & Dining,4.5
Ethnic Market near Lucknow Eternal Mosque,Lucknow Eternal Mosque,1.3,Shopping,4.5
Boating Lake near Lucknow Eternal Mosque,Lucknow Eternal Mosque,4.0,Viewpoint,4.5
Laziz Diner near Wild Lucknow Rafting Camp,Wild Lucknow Rafting Camp,1.7,Food & Dining,3.7
Handicrafts Corner near Wild Lucknow Rafting Camp,Wild Lucknow Rafting Camp,2.4,Shopping,4.7
Hiking Point near Wild Lucknow Rafting Camp,Wild Lucknow Rafting Camp,2.2,Viewpoint,4.5
Bistro Treats near Artistic Art Village of Lucknow,Artistic Art Village of Lucknow,1.7,Food & Dining,3.5
Handicrafts Flea Market near Artistic Art Village of Lucknow,Artistic Art Village of Lucknow,2.3,Shopping,4.4
Photography Spot near Artistic Art Village of Lucknow,Artistic Art Village of Lucknow,3.8,Viewpoint,3.7
Desi Point near Lucknow Bustling Emporium,Lucknow Bustling Emporium,1.6,Food & Dining,3.7
Local Bazaar near Lucknow Bustling Emporium,Lucknow Bustling Emporium,2.7,Shopping,4.3
Transit Corner near Lucknow Bustling Emporium,Lucknow Bustling Emporium,1.9,Transit,4.5
Street Corner near Culinary Lucknow Dhaba Zone,Culinary Lucknow Dhaba Zone,1.8,Food & Dining,4.7
Artisans Hub near Culinary Lucknow Dhaba Zone,Culinary Lucknow Dhaba Zone,3.3,Shopping,3.6
Cable Car Station near Culinary Lucknow Dhaba Zone,Culinary Lucknow Dhaba Zone,4.1,Viewpoint,4.9
Desi Spot near Infinity Aquarium of Lucknow,Infinity Aquarium of Lucknow,2.0,Food & Dining,4.5
Ethnic Flea Market near Infinity Aquarium of Lucknow,Infinity Aquarium of Lucknow,0.3,Shopping,4.8
Transit Corner near Infinity Aquarium of Lucknow,Infinity Aquarium of Lucknow,0.9,Transit,4.7
Annapurna Treats near Lucknow Emerald River Confluence,Lucknow Emerald River Confluence,0.8,Food & Dining,4.4
Bustling Bazaar near Lucknow Emerald River Confluence,Lucknow Emerald River Confluence,1.7,Shopping,3.8
Transit Corner near Lucknow Emerald River Confluence,Lucknow Emerald River Confluence,2.9,Transit,4.8
Gourmet Cafe near Victorian Lucknow Gateway,Victorian Lucknow Gateway,2.4,Food & Dining,4.7
Ethnic Emporium near Victorian Lucknow Gateway,Victorian Lucknow Gateway,3.3,Shopping,4.6
Adventure Cliff near Victorian Lucknow Gateway,Victorian Lucknow Gateway,2.8,Viewpoint,4.0
Laziz Spot near Eternal Mosque of Lucknow,Eternal Mosque of Lucknow,0.1,Food & Dining,4.1
Ethnic Cooperative near Eternal Mosque of Lucknow,Eternal Mosque of Lucknow,3.1,Shopping,4.5
Local Market Corner near Eternal Mosque of Lucknow,Eternal Mosque of Lucknow,1.8,Local Market,3.6
Cafe Chaat Bhandar near Lucknow Wild Camping Ridge,Lucknow Wild Camping Ridge,1.9,Food & Dining,3.7
Traditional Corner near Lucknow Wild Camping Ridge,Lucknow Wild Camping Ridge,1.9,Shopping,4.3
Photography Spot near Lucknow Wild Camping Ridge,Lucknow Wild Camping Ridge,0.4,Activity,4.0
Desi Bakery near Indigenous Lucknow Heritage Craft Complex,Indigenous Lucknow Heritage Craft Complex,0.5,Food & Dining,4.1
Ethnic Corner near Indigenous Lucknow Heritage Craft Complex,Indigenous Lucknow Heritage Craft Complex,3.2,Shopping,4.8
Local Market Corner near Indigenous Lucknow Heritage Craft Complex,Indigenous Lucknow Heritage Craft Complex,3.4,Local Market,4.2
Desi Cafe near Hidden Peak of Srinagar,Hidden Peak of Srinagar,1.7,Food & Dining,4.7
Local Market near Hidden Peak of Srinagar,Hidden Peak of Srinagar,0.8,Shopping,4.2
Heritage Walk near Hidden Peak of Srinagar,Hidden Peak of Srinagar,4.1,Activity,3.8
Cafe Point near Srinagar Imperial Tomb,Srinagar Imperial Tomb,0.6,Food & Dining,3.9
Central Bazaar near Srinagar Imperial Tomb,Srinagar Imperial Tomb,2.2,Shopping,3.7
Transit Corner near Srinagar Imperial Tomb,Srinagar Imperial Tomb,2.6,Transit,4.5
Annapurna Diner near Divine Srinagar Gurudwara,Divine Srinagar Gurudwara,0.2,Food & Dining,4.5
Handicrafts Arcade near Divine Srinagar Gurudwara,Divine Srinagar Gurudwara,2.5,Shopping,3.6
Local Market Corner near Divine Srinagar Gurudwara,Divine Srinagar Gurudwara,2.1,Local Market,4.0
Gourmet Dhaba near Rogue Paragliding Launch of Srinagar,Rogue Paragliding Launch of Srinagar,2.5,Food & Dining,3.9
Handicrafts Arcade near Rogue Paragliding Launch of Srinagar,Rogue Paragliding Launch of Srinagar,2.0,Shopping,4.0
Local Market Corner near Rogue Paragliding Launch of Srinagar,Rogue Paragliding Launch of Srinagar,3.7,Local Market,4.7
The Spicy Corner near Srinagar Indigenous Amphitheatre,Srinagar Indigenous Amphitheatre,2.1,Food & Dining,4.5
Central Arcade near Srinagar Indigenous Amphitheatre,Srinagar Indigenous Amphitheatre,3.3,Shopping,3.8
Local Market Corner near Srinagar Indigenous Amphitheatre,Srinagar Indigenous Amphitheatre,3.8,Local Market,5.0
Chai Villa Corner near Vibrant Srinagar Flea Market,Vibrant Srinagar Flea Market,1.9,Food & Dining,4.6
Handicrafts Arcade near Vibrant Srinagar Flea Market,Vibrant Srinagar Flea Market,1.1,Shopping,4.0
Adventure Cliff near Vibrant Srinagar Flea Market,Vibrant Srinagar Flea Market,3.8,Activity,3.8
The Spicy Cafe near Delight Food Street of Srinagar,Delight Food Street of Srinagar,2.2,Food & Dining,4.3
Souvenir Corner near Delight Food Street of Srinagar,Delight Food Street of Srinagar,3.2,Shopping,4.7
Sunset Deck near Delight Food Street of Srinagar,Delight Food Street of Srinagar,0.9,Viewpoint,4.5
Cafe Bakery near Srinagar Metro Botanical Conservatory,Srinagar Metro Botanical Conservatory,2.2,Food & Dining,4.9
Souvenir Emporium near Srinagar Metro Botanical Conservatory,Srinagar Metro Botanical Conservatory,1.6,Shopping,4.8
Transit Corner near Srinagar Metro Botanical Conservatory,Srinagar Metro Botanical Conservatory,3.7,Transit,3.5
Chai Villa Corner near Whispering Srinagar Gardens,Whispering Srinagar Gardens,2.2,Food & Dining,4.7
Traditional Bazaar near Whispering Srinagar Gardens,Whispering Srinagar Gardens,2.1,Shopping,4.5
Local Market Corner near Whispering Srinagar Gardens,Whispering Srinagar Gardens,4.8,Local Market,4.3
Bistro Spot near Royal Palace of Srinagar,Royal Palace of Srinagar,0.3,Food & Dining,4.1
Local Market near Royal Palace of Srinagar,Royal Palace of Srinagar,0.2,Shopping,4.4
Local Market Corner near Royal Palace of Srinagar,Royal Palace of Srinagar,3.6,Local Market,4.3
Royal Kitchen near Srinagar Divine Gurudwara,Srinagar Divine Gurudwara,0.3,Food & Dining,3.6
Souvenir Cooperative near Srinagar Divine Gurudwara,Srinagar Divine Gurudwara,0.7,Shopping,4.8
Photography Spot near Srinagar Divine Gurudwara,Srinagar Divine Gurudwara,4.8,Activity,4.1
Cafe Chaat Bhandar near Rogue Srinagar Climbing Wall,Rogue Srinagar Climbing Wall,0.6,Food & Dining,4.4
Central Bazaar near Rogue Srinagar Climbing Wall,Rogue Srinagar Climbing Wall,0.4,Shopping,4.4
Sunset Deck near Rogue Srinagar Climbing Wall,Rogue Srinagar Climbing Wall,1.8,Viewpoint,4.8
Laziz Diner near Ethnic Cultural Theatre of Srinagar,Ethnic Cultural Theatre of Srinagar,0.9,Food & Dining,4.7
Handicrafts Hub near Ethnic Cultural Theatre of Srinagar,Ethnic Cultural Theatre of Srinagar,2.4,Shopping,4.3
Local Market Corner near Ethnic Cultural Theatre of Srinagar,Ethnic Cultural Theatre of Srinagar,3.6,Local Market,4.4
The Spicy Spot near Srinagar Central Market,Srinagar Central Market,2.3,Food & Dining,4.9
Bustling Flea Market near Srinagar Central Market,Srinagar Central Market,1.3,Shopping,4.7
Sunset Deck near Srinagar Central Market,Srinagar Central Market,3.6,Viewpoint,4.8
Bistro Treats near Legacy Srinagar Spice Lane,Legacy Srinagar Spice Lane,1.0,Food & Dining,4.2
Bustling Corner near Legacy Srinagar Spice Lane,Legacy Srinagar Spice Lane,2.5,Shopping,4.4
Photography Spot near Legacy Srinagar Spice Lane,Legacy Srinagar Spice Lane,4.5,Activity,4.0
Bistro Kitchen near Stellar Science Arena of Srinagar,Stellar Science Arena of Srinagar,2.3,Food & Dining,4.1
Handicrafts Cooperative near Stellar Science Arena of Srinagar,Stellar Science Arena of Srinagar,0.9,Shopping,4.0
Local Market Corner near Stellar Science Arena of Srinagar,Stellar Science Arena of Srinagar,2.6,Local Market,3.7
The Spicy Diner near Srinagar Golden Meadow,Srinagar Golden Meadow,0.2,Food & Dining,4.3
Artisans Hub near Srinagar Golden Meadow,Srinagar Golden Meadow,2.1,Shopping,4.3
Walkway Park near Srinagar Golden Meadow,Srinagar Golden Meadow,4.4,Viewpoint,4.5
Royal Point near Historic Srinagar Heritage Centre,Historic Srinagar Heritage Centre,0.8,Food & Dining,3.8
Local Arcade near Historic Srinagar Heritage Centre,Historic Srinagar Heritage Centre,0.5,Shopping,4.0
Cable Car Station near Historic Srinagar Heritage Centre,Historic Srinagar Heritage Centre,3.1,Viewpoint,3.9
Street Spot near Divine Gurudwara of Srinagar,Divine Gurudwara of Srinagar,0.3,Food & Dining,4.5
Central Flea Market near Divine Gurudwara of Srinagar,Divine Gurudwara of Srinagar,1.6,Shopping,4.7
Hiking Point near Divine Gurudwara of Srinagar,Divine Gurudwara of Srinagar,4.7,Activity,4.9
Bistro Cafe near Srinagar Rogue Safari Zone,Srinagar Rogue Safari Zone,1.0,Food & Dining,4.5
Traditional Flea Market near Srinagar Rogue Safari Zone,Srinagar Rogue Safari Zone,1.1,Shopping,4.8
Sunset Deck near Srinagar Rogue Safari Zone,Srinagar Rogue Safari Zone,1.8,Activity,4.3
The Spicy Chaat Bhandar near Classical Srinagar Traditional Bazaar,Classical Srinagar Traditional Bazaar,1.7,Food & Dining,4.6
Traditional Corner near Classical Srinagar Traditional Bazaar,Classical Srinagar Traditional Bazaar,2.2,Shopping,4.7
Photography Spot near Classical Srinagar Traditional Bazaar,Classical Srinagar Traditional Bazaar,0.8,Activity,4.8
Bistro Spot near Craft Shopping Arcade of Srinagar,Craft Shopping Arcade of Srinagar,1.4,Food & Dining,4.7
Artisans Bazaar near Craft Shopping Arcade of Srinagar,Craft Shopping Arcade of Srinagar,3.4,Shopping,4.4
Local Market Corner near Craft Shopping Arcade of Srinagar,Craft Shopping Arcade of Srinagar,4.2,Local Market,4.9
Chai Villa Chaat Bhandar near Srinagar Flavors Gourmet Court,Srinagar Flavors Gourmet Court,2.0,Food & Dining,3.5
Artisans Flea Market near Srinagar Flavors Gourmet Court,Srinagar Flavors Gourmet Court,2.4,Shopping,4.6
Photography Spot near Srinagar Flavors Gourmet Court,Srinagar Flavors Gourmet Court,2.2,Viewpoint,3.7
The Spicy Corner near Futuristic Srinagar Sky Deck,Futuristic Srinagar Sky Deck,2.4,Food & Dining,3.7
Bustling Flea Market near Futuristic Srinagar Sky Deck,Futuristic Srinagar Sky Deck,1.6,Shopping,4.5
Local Market Corner near Futuristic Srinagar Sky Deck,Futuristic Srinagar Sky Deck,4.8,Local Market,4.1
Annapurna Corner near Scenic Peak of Srinagar,Scenic Peak of Srinagar,0.2,Food & Dining,4.8
Handicrafts Hub near Scenic Peak of Srinagar,Scenic Peak of Srinagar,3.2,Shopping,4.1
Transit Corner near Scenic Peak of Srinagar,Scenic Peak of Srinagar,3.8,Transit,4.9
Annapurna Chaat Bhandar near Srinagar Sovereign Memorial,Srinagar Sovereign Memorial,1.0,Food & Dining,4.1
Ethnic Corner near Srinagar Sovereign Memorial,Srinagar Sovereign Memorial,1.7,Shopping,4.1
Local Market Corner near Srinagar Sovereign Memorial,Srinagar Sovereign Memorial,3.5,Local Market,4.6
Street Diner near Divine Srinagar Gurudwara,Divine Srinagar Gurudwara,1.1,Food & Dining,3.5
Local Emporium near Divine Srinagar Gurudwara,Divine Srinagar Gurudwara,1.5,Shopping,4.7
Sunset Deck near Divine Srinagar Gurudwara,Divine Srinagar Gurudwara,1.5,Viewpoint,4.9
Chai Villa Kitchen near Rogue Trekking Trail of Srinagar,Rogue Trekking Trail of Srinagar,1.8,Food & Dining,3.7
Souvenir Market near Rogue Trekking Trail of Srinagar,Rogue Trekking Trail of Srinagar,1.7,Shopping,3.9
Photography Spot near Rogue Trekking Trail of Srinagar,Rogue Trekking Trail of Srinagar,0.7,Viewpoint,4.7
The Spicy Dhaba near Srinagar Legacy Amphitheatre,Srinagar Legacy Amphitheatre,1.5,Food & Dining,4.8
Traditional Hub near Srinagar Legacy Amphitheatre,Srinagar Legacy Amphitheatre,1.9,Shopping,3.6
Sunset Deck near Srinagar Legacy Amphitheatre,Srinagar Legacy Amphitheatre,2.7,Viewpoint,4.6
Street Dhaba near Royal Srinagar Bazaar,Royal Srinagar Bazaar,0.6,Food & Dining,3.8
Ethnic Arcade near Royal Srinagar Bazaar,Royal Srinagar Bazaar,1.5,Shopping,4.0
Transit Corner near Royal Srinagar Bazaar,Royal Srinagar Bazaar,0.3,Transit,3.8
Annapurna Dhaba near Traditional Chaat Corner of Srinagar,Traditional Chaat Corner of Srinagar,1.4,Food & Dining,4.0
Central Cooperative near Traditional Chaat Corner of Srinagar,Traditional Chaat Corner of Srinagar,0.4,Shopping,4.2
Walkway Park near Traditional Chaat Corner of Srinagar,Traditional Chaat Corner of Srinagar,4.9,Viewpoint,4.3
Desi Kitchen near Srinagar Cosmo Planetarium,Srinagar Cosmo Planetarium,1.1,Food & Dining,4.3
Ethnic Bazaar near Srinagar Cosmo Planetarium,Srinagar Cosmo Planetarium,3.0,Shopping,3.5
Transit Corner near Srinagar Cosmo Planetarium,Srinagar Cosmo Planetarium,4.3,Transit,4.3
Annapurna Bakery near Cloudy Srinagar Gardens,Cloudy Srinagar Gardens,1.8,Food & Dining,4.6
Souvenir Bazaar near Cloudy Srinagar Gardens,Cloudy Srinagar Gardens,2.9,Shopping,4.5
Photography Spot near Cloudy Srinagar Gardens,Cloudy Srinagar Gardens,0.6,Activity,4.1
The Spicy Point near Grand Castle of Srinagar,Grand Castle of Srinagar,2.0,Food & Dining,4.1
Traditional Corner near Grand Castle of Srinagar,Grand Castle of Srinagar,1.9,Shopping,3.8
Transit Corner near Grand Castle of Srinagar,Grand Castle of Srinagar,0.7,Transit,4.7
Laziz Spot near Srinagar Divine Gurudwara,Srinagar Divine Gurudwara,2.0,Food & Dining,4.6
Handicrafts Arcade near Srinagar Divine Gurudwara,Srinagar Divine Gurudwara,3.0,Shopping,4.1
Local Market Corner near Srinagar Divine Gurudwara,Srinagar Divine Gurudwara,4.9,Local Market,4.5
Gourmet Cafe near Rogue Srinagar Zip-line Valley,Rogue Srinagar Zip-line Valley,1.0,Food & Dining,4.5
Souvenir Bazaar near Rogue Srinagar Zip-line Valley,Rogue Srinagar Zip-line Valley,0.8,Shopping,4.5
Cable Car Station near Rogue Srinagar Zip-line Valley,Rogue Srinagar Zip-line Valley,0.6,Viewpoint,3.8
Desi Corner near Creative Cultural Theatre of Srinagar,Creative Cultural Theatre of Srinagar,1.9,Food & Dining,4.1
Central Arcade near Creative Cultural Theatre of Srinagar,Creative Cultural Theatre of Srinagar,2.4,Shopping,4.5
Local Market Corner near Creative Cultural Theatre of Srinagar,Creative Cultural Theatre of Srinagar,3.5,Local Market,4.0
Gourmet Corner near Srinagar Local Cooperative Store,Srinagar Local Cooperative Store,0.2,Food & Dining,4.7
Bustling Flea Market near Srinagar Local Cooperative Store,Srinagar Local Cooperative Store,2.4,Shopping,4.7
Local Market Corner near Srinagar Local Cooperative Store,Srinagar Local Cooperative Store,0.9,Local Market,3.6
Chai Villa Kitchen near Savory Srinagar Historic Cafe,Savory Srinagar Historic Cafe,2.0,Food & Dining,4.1
Local Corner near Savory Srinagar Historic Cafe,Savory Srinagar Historic Cafe,1.4,Shopping,4.3
Transit Corner near Savory Srinagar Historic Cafe,Savory Srinagar Historic Cafe,1.4,Transit,3.8
Cafe Diner near Apex Art Gallery of Srinagar,Apex Art Gallery of Srinagar,0.4,Food & Dining,4.8
Artisans Flea Market near Apex Art Gallery of Srinagar,Apex Art Gallery of Srinagar,2.9,Shopping,4.3
Transit Corner near Apex Art Gallery of Srinagar,Apex Art Gallery of Srinagar,1.4,Transit,3.6
Street Point near Srinagar Hidden Meadow,Srinagar Hidden Meadow,0.6,Food & Dining,4.8
Traditional Cooperative near Srinagar Hidden Meadow,Srinagar Hidden Meadow,2.0,Shopping,3.8
Local Market Corner near Srinagar Hidden Meadow,Srinagar Hidden Meadow,2.4,Local Market,4.6
Laziz Diner near Victorian Srinagar Tomb,Victorian Srinagar Tomb,0.9,Food & Dining,3.5
Central Corner near Victorian Srinagar Tomb,Victorian Srinagar Tomb,0.9,Shopping,4.8
Transit Corner near Victorian Srinagar Tomb,Victorian Srinagar Tomb,1.0,Transit,3.8
Cafe Chaat Bhandar near Divine Gurudwara of Srinagar,Divine Gurudwara of Srinagar,0.5,Food & Dining,4.7
Souvenir Flea Market near Divine Gurudwara of Srinagar,Divine Gurudwara of Srinagar,1.0,Shopping,4.7
Adventure Cliff near Divine Gurudwara of Srinagar,Divine Gurudwara of Srinagar,0.4,Activity,5.0
Street Spot near Srinagar Rogue Rafting Camp,Srinagar Rogue Rafting Camp,1.6,Food & Dining,4.6
Central Cooperative near Srinagar Rogue Rafting Camp,Srinagar Rogue Rafting Camp,0.2,Shopping,4.2
Transit Corner near Srinagar Rogue Rafting Camp,Srinagar Rogue Rafting Camp,3.8,Transit,4.7
Gourmet Cafe near Folk Srinagar Traditional Bazaar,Folk Srinagar Traditional Bazaar,0.2,Food & Dining,4.9
Traditional Cooperative near Folk Srinagar Traditional Bazaar,Folk Srinagar Traditional Bazaar,1.2,Shopping,4.4
Boating Lake near Folk Srinagar Traditional Bazaar,Folk Srinagar Traditional Bazaar,3.4,Viewpoint,3.6
Bistro Corner near Emerald Falls of Gulmarg,Emerald Falls of Gulmarg,1.8,Food & Dining,4.2
Handicrafts Cooperative near Emerald Falls of Gulmarg,Emerald Falls of Gulmarg,0.3,Shopping,4.2
Transit Corner near Emerald Falls of Gulmarg,Emerald Falls of Gulmarg,1.7,Transit,3.8
Cafe Corner near Gulmarg Imperial Gateway,Gulmarg Imperial Gateway,1.9,Food & Dining,3.9
Bustling Market near Gulmarg Imperial Gateway,Gulmarg Imperial Gateway,1.5,Shopping,4.4
Local Market Corner near Gulmarg Imperial Gateway,Gulmarg Imperial Gateway,4.3,Local Market,4.5
Bistro Point near Sacred Gulmarg Shrine,Sacred Gulmarg Shrine,0.7,Food & Dining,3.5
Ethnic Bazaar near Sacred Gulmarg Shrine,Sacred Gulmarg Shrine,2.7,Shopping,4.4
Adventure Cliff near Sacred Gulmarg Shrine,Sacred Gulmarg Shrine,1.3,Viewpoint,3.8
Laziz Point near Apex Camping Ridge of Gulmarg,Apex Camping Ridge of Gulmarg,2.2,Food & Dining,4.2
Artisans Corner near Apex Camping Ridge of Gulmarg,Apex Camping Ridge of Gulmarg,1.7,Shopping,4.8
Boating Lake near Apex Camping Ridge of Gulmarg,Apex Camping Ridge of Gulmarg,2.2,Activity,5.0
Annapurna Kitchen near Gulmarg Folk Folk Centre,Gulmarg Folk Folk Centre,0.2,Food & Dining,4.5
Souvenir Emporium near Gulmarg Folk Folk Centre,Gulmarg Folk Folk Centre,0.3,Shopping,3.7
Local Market Corner near Gulmarg Folk Folk Centre,Gulmarg Folk Folk Centre,3.7,Local Market,4.6
Chai Villa Treats near Traditional Gulmarg Spices Corner,Traditional Gulmarg Spices Corner,0.8,Food & Dining,4.8
Traditional Market near Traditional Gulmarg Spices Corner,Traditional Gulmarg Spices Corner,2.3,Shopping,4.4
Adventure Cliff near Traditional Gulmarg Spices Corner,Traditional Gulmarg Spices Corner,0.6,Viewpoint,3.6
Chai Villa Point near Authentic Sweet Alley of Gulmarg,Authentic Sweet Alley of Gulmarg,1.6,Food & Dining,4.2
Traditional Hub near Authentic Sweet Alley of Gulmarg,Authentic Sweet Alley of Gulmarg,1.0,Shopping,4.8
Local Market Corner near Authentic Sweet Alley of Gulmarg,Authentic Sweet Alley of Gulmarg,2.1,Local Market,4.9
Street Chaat Bhandar near Gulmarg Tech Amusement Park,Gulmarg Tech Amusement Park,2.3,Food & Dining,4.1
Local Flea Market near Gulmarg Tech Amusement Park,Gulmarg Tech Amusement Park,0.4,Shopping,3.5
Transit Corner near Gulmarg Tech Amusement Park,Gulmarg Tech Amusement Park,1.3,Transit,3.5
Gourmet Cafe near Silent Gulmarg Cave,Silent Gulmarg Cave,2.0,Food & Dining,3.9
Artisans Corner near Silent Gulmarg Cave,Silent Gulmarg Cave,1.0,Shopping,4.4
Adventure Cliff near Silent Gulmarg Cave,Silent Gulmarg Cave,2.0,Activity,4.2
Chai Villa Spot near Royal Ruin of Gulmarg,Royal Ruin of Gulmarg,2.3,Food & Dining,4.6
Traditional Corner near Royal Ruin of Gulmarg,Royal Ruin of Gulmarg,0.7,Shopping,3.8
Transit Corner near Royal Ruin of Gulmarg,Royal Ruin of Gulmarg,3.2,Transit,3.8
Laziz Corner near Gulmarg Sacred Shrine,Gulmarg Sacred Shrine,0.7,Food & Dining,4.7
Handicrafts Arcade near Gulmarg Sacred Shrine,Gulmarg Sacred Shrine,2.8,Shopping,4.4
Transit Corner near Gulmarg Sacred Shrine,Gulmarg Sacred Shrine,4.2,Transit,4.4
Chai Villa Bakery near Apex Gulmarg Paragliding Launch,Apex Gulmarg Paragliding Launch,1.5,Food & Dining,3.8
Ethnic Cooperative near Apex Gulmarg Paragliding Launch,Apex Gulmarg Paragliding Launch,2.9,Shopping,4.7
Cable Car Station near Apex Gulmarg Paragliding Launch,Apex Gulmarg Paragliding Launch,2.0,Activity,4.6
Annapurna Corner near Artistic Art Village of Gulmarg,Artistic Art Village of Gulmarg,0.7,Food & Dining,4.5
Traditional Cooperative near Artistic Art Village of Gulmarg,Artistic Art Village of Gulmarg,1.7,Shopping,4.5
Transit Corner near Artistic Art Village of Gulmarg,Artistic Art Village of Gulmarg,3.9,Transit,4.9
Chai Villa Treats near Gulmarg Bustling Flea Market,Gulmarg Bustling Flea Market,1.2,Food & Dining,4.3
Central Cooperative near Gulmarg Bustling Flea Market,Gulmarg Bustling Flea Market,2.7,Shopping,3.9
Local Market Corner near Gulmarg Bustling Flea Market,Gulmarg Bustling Flea Market,3.2,Local Market,4.5
Annapurna Bakery near Culinary Gulmarg Food Street,Culinary Gulmarg Food Street,1.6,Food & Dining,3.5
Traditional Flea Market near Culinary Gulmarg Food Street,Culinary Gulmarg Food Street,3.3,Shopping,4.0
Local Market Corner near Culinary Gulmarg Food Street,Culinary Gulmarg Food Street,2.3,Local Market,4.9
The Spicy Chaat Bhandar near Infinity Botanical Conservatory of Gulmarg,Infinity Botanical Conservatory of Gulmarg,1.3,Food & Dining,3.6
Bustling Bazaar near Infinity Botanical Conservatory of Gulmarg,Infinity Botanical Conservatory of Gulmarg,1.3,Shopping,4.4
Local Market Corner near Infinity Botanical Conservatory of Gulmarg,Infinity Botanical Conservatory of Gulmarg,1.5,Local Market,4.7
Desi Treats near Gulmarg Mist-Clad Sunset Point,Gulmarg Mist-Clad Sunset Point,1.0,Food & Dining,3.8
Souvenir Market near Gulmarg Mist-Clad Sunset Point,Gulmarg Mist-Clad Sunset Point,1.1,Shopping,3.5
Transit Corner near Gulmarg Mist-Clad Sunset Point,Gulmarg Mist-Clad Sunset Point,1.5,Transit,4.4
The Spicy Bakery near Historic Gulmarg Ancient Caves,Historic Gulmarg Ancient Caves,1.5,Food & Dining,3.6
Handicrafts Arcade near Historic Gulmarg Ancient Caves,Historic Gulmarg Ancient Caves,1.9,Shopping,4.1
Transit Corner near Historic Gulmarg Ancient Caves,Historic Gulmarg Ancient Caves,4.0,Transit,4.6
Bistro Diner near Sacred Shrine of Gulmarg,Sacred Shrine of Gulmarg,1.4,Food & Dining,3.9
Ethnic Cooperative near Sacred Shrine of Gulmarg,Sacred Shrine of Gulmarg,1.3,Shopping,4.1
Local Market Corner near Sacred Shrine of Gulmarg,Sacred Shrine of Gulmarg,0.8,Local Market,4.2
Gourmet Cafe near Gulmarg Apex Climbing Wall,Gulmarg Apex Climbing Wall,1.9,Food & Dining,4.9
Ethnic Bazaar near Gulmarg Apex Climbing Wall,Gulmarg Apex Climbing Wall,1.3,Shopping,4.0
Photography Spot near Gulmarg Apex Climbing Wall,Gulmarg Apex Climbing Wall,4.5,Viewpoint,4.8
Bistro Point near Indigenous Gulmarg Heritage Craft Complex,Indigenous Gulmarg Heritage Craft Complex,2.3,Food & Dining,3.5
Traditional Hub near Indigenous Gulmarg Heritage Craft Complex,Indigenous Gulmarg Heritage Craft Complex,2.0,Shopping,4.0
Heritage Walk near Indigenous Gulmarg Heritage Craft Complex,Indigenous Gulmarg Heritage Craft Complex,2.5,Viewpoint,4.1
Bistro Cafe near Vibrant Market of Gulmarg,Vibrant Market of Gulmarg,2.3,Food & Dining,4.1
Handicrafts Flea Market near Vibrant Market of Gulmarg,Vibrant Market of Gulmarg,3.2,Shopping,4.6
Adventure Cliff near Vibrant Market of Gulmarg,Vibrant Market of Gulmarg,1.6,Activity,4.3
The Spicy Kitchen near Gulmarg Delight Spice Lane,Gulmarg Delight Spice Lane,2.2,Food & Dining,4.2
Souvenir Corner near Gulmarg Delight Spice Lane,Gulmarg Delight Spice Lane,2.5,Shopping,3.6
Local Market Corner near Gulmarg Delight Spice Lane,Gulmarg Delight Spice Lane,0.6,Local Market,4.4
Gourmet Point near Metro Gulmarg Science Arena,Metro Gulmarg Science Arena,1.8,Food & Dining,4.2
Artisans Emporium near Metro Gulmarg Science Arena,Metro Gulmarg Science Arena,2.8,Shopping,4.7
Adventure Cliff near Metro Gulmarg Science Arena,Metro Gulmarg Science Arena,4.5,Activity,4.2
Laziz Kitchen near Serene Falls of Gulmarg,Serene Falls of Gulmarg,1.5,Food & Dining,3.5
Local Flea Market near Serene Falls of Gulmarg,Serene Falls of Gulmarg,0.9,Shopping,4.3
Walkway Park near Serene Falls of Gulmarg,Serene Falls of Gulmarg,2.4,Activity,5.0
Royal Cafe near Gulmarg Sovereign Fort,Gulmarg Sovereign Fort,2.0,Food & Dining,3.8
Souvenir Flea Market near Gulmarg Sovereign Fort,Gulmarg Sovereign Fort,2.5,Shopping,4.5
Local Market Corner near Gulmarg Sovereign Fort,Gulmarg Sovereign Fort,4.7,Local Market,4.6
The Spicy Diner near Sacred Gulmarg Shrine,Sacred Gulmarg Shrine,1.1,Food & Dining,4.0
Artisans Hub near Sacred Gulmarg Shrine,Sacred Gulmarg Shrine,3.3,Shopping,4.2
Boating Lake near Sacred Gulmarg Shrine,Sacred Gulmarg Shrine,1.5,Activity,4.9
Street Cafe near Apex Safari Zone of Gulmarg,Apex Safari Zone of Gulmarg,1.2,Food & Dining,3.7
Central Market near Apex Safari Zone of Gulmarg,Apex Safari Zone of Gulmarg,2.5,Shopping,4.3
Hiking Point near Apex Safari Zone of Gulmarg,Apex Safari Zone of Gulmarg,3.0,Viewpoint,4.1
Street Bakery near Gulmarg Ethnic Folk Centre,Gulmarg Ethnic Folk Centre,1.9,Food & Dining,4.7
Ethnic Market near Gulmarg Ethnic Folk Centre,Gulmarg Ethnic Folk Centre,1.9,Shopping,4.2
Sunset Deck near Gulmarg Ethnic Folk Centre,Gulmarg Ethnic Folk Centre,3.5,Viewpoint,3.9
Chai Villa Dhaba near Central Gulmarg Shopping Arcade,Central Gulmarg Shopping Arcade,2.1,Food & Dining,4.1
Handicrafts Flea Market near Central Gulmarg Shopping Arcade,Central Gulmarg Shopping Arcade,1.3,Shopping,4.2
Transit Corner near Central Gulmarg Shopping Arcade,Central Gulmarg Shopping Arcade,1.6,Transit,4.5
Cafe Spot near Legacy Gourmet Court of Gulmarg,Legacy Gourmet Court of Gulmarg,0.2,Food & Dining,4.8
Traditional Corner near Legacy Gourmet Court of Gulmarg,Legacy Gourmet Court of Gulmarg,0.7,Shopping,3.5
Local Market Corner near Legacy Gourmet Court of Gulmarg,Legacy Gourmet Court of Gulmarg,3.2,Local Market,4.9
Royal Bakery near Gulmarg Stellar Sky Deck,Gulmarg Stellar Sky Deck,1.3,Food & Dining,4.8
Traditional Cooperative near Gulmarg Stellar Sky Deck,Gulmarg Stellar Sky Deck,1.7,Shopping,3.8
Transit Corner near Gulmarg Stellar Sky Deck,Gulmarg Stellar Sky Deck,2.2,Transit,4.3
Chai Villa Kitchen near Silver Gulmarg Cave,Silver Gulmarg Cave,2.5,Food & Dining,3.8
Local Corner near Silver Gulmarg Cave,Silver Gulmarg Cave,2.9,Shopping,4.8
Sunset Deck near Silver Gulmarg Cave,Silver Gulmarg Cave,2.5,Viewpoint,3.8
Royal Chaat Bhandar near Grand Museum of Gulmarg,Grand Museum of Gulmarg,1.7,Food & Dining,4.7
Ethnic Corner near Grand Museum of Gulmarg,Grand Museum of Gulmarg,1.2,Shopping,4.2
Adventure Cliff near Grand Museum of Gulmarg,Grand Museum of Gulmarg,0.4,Activity,3.9
Street Point near Gulmarg Sacred Shrine,Gulmarg Sacred Shrine,1.0,Food & Dining,4.3
Local Market near Gulmarg Sacred Shrine,Gulmarg Sacred Shrine,1.2,Shopping,4.8
Transit Corner near Gulmarg Sacred Shrine,Gulmarg Sacred Shrine,4.1,Transit,3.9
Chai Villa Bakery near Apex Gulmarg Trekking Trail,Apex Gulmarg Trekking Trail,2.1,Food & Dining,3.7
Artisans Market near Apex Gulmarg Trekking Trail,Apex Gulmarg Trekking Trail,2.9,Shopping,3.5
Local Market Corner near Apex Gulmarg Trekking Trail,Apex Gulmarg Trekking Trail,1.0,Local Market,4.8
Street Dhaba near Classical Art Village of Gulmarg,Classical Art Village of Gulmarg,0.2,Food & Dining,4.3
Artisans Emporium near Classical Art Village of Gulmarg,Classical Art Village of Gulmarg,3.5,Shopping,4.1
Local Market Corner near Classical Art Village of Gulmarg,Classical Art Village of Gulmarg,1.0,Local Market,5.0
Royal Treats near Gulmarg Craft Bazaar,Gulmarg Craft Bazaar,0.9,Food & Dining,3.7
Souvenir Flea Market near Gulmarg Craft Bazaar,Gulmarg Craft Bazaar,1.7,Shopping,4.5
Hiking Point near Gulmarg Craft Bazaar,Gulmarg Craft Bazaar,2.2,Viewpoint,4.9
Chai Villa Kitchen near Flavors Gulmarg Chaat Corner,Flavors Gulmarg Chaat Corner,2.3,Food & Dining,4.7
Artisans Hub near Flavors Gulmarg Chaat Corner,Flavors Gulmarg Chaat Corner,0.4,Shopping,3.7
Cable Car Station near Flavors Gulmarg Chaat Corner,Flavors Gulmarg Chaat Corner,0.5,Activity,4.7
Desi Kitchen near Futuristic Planetarium of Gulmarg,Futuristic Planetarium of Gulmarg,2.4,Food & Dining,4.7
Bustling Arcade near Futuristic Planetarium of Gulmarg,Futuristic Planetarium of Gulmarg,1.0,Shopping,4.2
Heritage Walk near Futuristic Planetarium of Gulmarg,Futuristic Planetarium of Gulmarg,3.9,Viewpoint,4.2
Chai Villa Point near Gulmarg Emerald Sunset Point,Gulmarg Emerald Sunset Point,1.2,Food & Dining,4.9
Bustling Market near Gulmarg Emerald Sunset Point,Gulmarg Emerald Sunset Point,3.0,Shopping,4.4
Local Market Corner near Gulmarg Emerald Sunset Point,Gulmarg Emerald Sunset Point,4.2,Local Market,4.5
Bistro Corner near Victorian Gulmarg Gateway,Victorian Gulmarg Gateway,0.4,Food & Dining,3.6
Bustling Market near Victorian Gulmarg Gateway,Victorian Gulmarg Gateway,1.9,Shopping,4.1
Local Market Corner near Victorian Gulmarg Gateway,Victorian Gulmarg Gateway,4.5,Local Market,4.3
The Spicy Kitchen near Sacred Shrine of Gulmarg,Sacred Shrine of Gulmarg,1.4,Food & Dining,4.6
Artisans Emporium near Sacred Shrine of Gulmarg,Sacred Shrine of Gulmarg,1.0,Shopping,3.8
Local Market Corner near Sacred Shrine of Gulmarg,Sacred Shrine of Gulmarg,0.6,Local Market,4.5
The Spicy Corner near Gulmarg Apex Zip-line Valley,Gulmarg Apex Zip-line Valley,1.0,Food & Dining,3.6
Artisans Emporium near Gulmarg Apex Zip-line Valley,Gulmarg Apex Zip-line Valley,2.7,Shopping,3.5
Hiking Point near Gulmarg Apex Zip-line Valley,Gulmarg Apex Zip-line Valley,1.5,Activity,4.2
The Spicy Corner near Legacy Gulmarg Heritage Craft Complex,Legacy Gulmarg Heritage Craft Complex,1.9,Food & Dining,3.6
Traditional Cooperative near Legacy Gulmarg Heritage Craft Complex,Legacy Gulmarg Heritage Craft Complex,1.9,Shopping,4.5
Hiking Point near Legacy Gulmarg Heritage Craft Complex,Legacy Gulmarg Heritage Craft Complex,1.2,Activity,4.2
Laziz Bakery near Hidden Beach of Leh,Hidden Beach of Leh,2.3,Food & Dining,4.9
Ethnic Corner near Hidden Beach of Leh,Hidden Beach of Leh,1.6,Shopping,3.8
Hiking Point near Hidden Beach of Leh,Hidden Beach of Leh,1.0,Activity,4.8
Chai Villa Treats near Leh Imperial Tomb,Leh Imperial Tomb,0.6,Food & Dining,4.6
Central Hub near Leh Imperial Tomb,Leh Imperial Tomb,3.5,Shopping,4.1
Boating Lake near Leh Imperial Tomb,Leh Imperial Tomb,3.6,Viewpoint,4.8
Street Dhaba near Golden Leh Church,Golden Leh Church,2.5,Food & Dining,4.9
Artisans Bazaar near Golden Leh Church,Golden Leh Church,2.7,Shopping,4.6
Adventure Cliff near Golden Leh Church,Golden Leh Church,2.2,Viewpoint,4.4
Annapurna Chaat Bhandar near Gorge Rafting Camp of Leh,Gorge Rafting Camp of Leh,0.4,Food & Dining,4.9
Central Corner near Gorge Rafting Camp of Leh,Gorge Rafting Camp of Leh,0.7,Shopping,3.6
Transit Corner near Gorge Rafting Camp of Leh,Gorge Rafting Camp of Leh,2.3,Transit,3.5
Desi Bakery near Leh Legacy Amphitheatre,Leh Legacy Amphitheatre,1.0,Food & Dining,3.7
Ethnic Market near Leh Legacy Amphitheatre,Leh Legacy Amphitheatre,2.0,Shopping,3.8
Transit Corner near Leh Legacy Amphitheatre,Leh Legacy Amphitheatre,3.5,Transit,4.3
Annapurna Kitchen near Royal Leh Emporium,Royal Leh Emporium,1.5,Food & Dining,3.8
Traditional Emporium near Royal Leh Emporium,Royal Leh Emporium,2.4,Shopping,3.8
Local Market Corner near Royal Leh Emporium,Royal Leh Emporium,2.4,Local Market,4.9
Gourmet Treats near Traditional Dhaba Zone of Leh,Traditional Dhaba Zone of Leh,0.8,Food & Dining,4.5
Ethnic Hub near Traditional Dhaba Zone of Leh,Traditional Dhaba Zone of Leh,2.0,Shopping,4.4
Boating Lake near Traditional Dhaba Zone of Leh,Traditional Dhaba Zone of Leh,3.9,Viewpoint,3.7
Royal Bakery near Leh Cosmo Aquarium,Leh Cosmo Aquarium,1.3,Food & Dining,4.4
Central Emporium near Leh Cosmo Aquarium,Leh Cosmo Aquarium,2.5,Shopping,4.6
Local Market Corner near Leh Cosmo Aquarium,Leh Cosmo Aquarium,1.7,Local Market,4.7
Gourmet Cafe near Whispering Leh Wildlife Reserve,Whispering Leh Wildlife Reserve,0.2,Food & Dining,4.8
Souvenir Corner near Whispering Leh Wildlife Reserve,Whispering Leh Wildlife Reserve,0.3,Shopping,4.7
Local Market Corner near Whispering Leh Wildlife Reserve,Whispering Leh Wildlife Reserve,2.5,Local Market,4.0
Royal Spot near Royal Palace of Leh,Royal Palace of Leh,2.5,Food & Dining,4.8
Artisans Bazaar near Royal Palace of Leh,Royal Palace of Leh,2.9,Shopping,3.5
Walkway Park near Royal Palace of Leh,Royal Palace of Leh,3.0,Viewpoint,4.9
Chai Villa Diner near Leh Golden Church,Leh Golden Church,0.1,Food & Dining,4.2
Ethnic Hub near Leh Golden Church,Leh Golden Church,2.9,Shopping,4.1
Transit Corner near Leh Golden Church,Leh Golden Church,2.6,Transit,4.0
Annapurna Chaat Bhandar near Gorge Leh Camping Ridge,Gorge Leh Camping Ridge,2.3,Food & Dining,3.5
Traditional Corner near Gorge Leh Camping Ridge,Gorge Leh Camping Ridge,1.3,Shopping,4.3
Cable Car Station near Gorge Leh Camping Ridge,Gorge Leh Camping Ridge,4.3,Viewpoint,3.8
Annapurna Cafe near Creative Cultural Theatre of Leh,Creative Cultural Theatre of Leh,0.6,Food & Dining,4.8
Traditional Flea Market near Creative Cultural Theatre of Leh,Creative Cultural Theatre of Leh,1.7,Shopping,3.8
Local Market Corner near Creative Cultural Theatre of Leh,Creative Cultural Theatre of Leh,2.9,Local Market,4.2
The Spicy Treats near Leh Local Spices Corner,Leh Local Spices Corner,2.3,Food & Dining,4.0
Traditional Market near Leh Local Spices Corner,Leh Local Spices Corner,1.2,Shopping,4.7
Photography Spot near Leh Local Spices Corner,Leh Local Spices Corner,3.0,Viewpoint,4.9
Laziz Dhaba near Savory Leh Sweet Alley,Savory Leh Sweet Alley,1.5,Food & Dining,4.6
Traditional Arcade near Savory Leh Sweet Alley,Savory Leh Sweet Alley,1.0,Shopping,3.9
Adventure Cliff near Savory Leh Sweet Alley,Savory Leh Sweet Alley,3.1,Activity,4.9
Gourmet Corner near Apex Amusement Park of Leh,Apex Amusement Park of Leh,1.0,Food & Dining,4.2
Bustling Bazaar near Apex Amusement Park of Leh,Apex Amusement Park of Leh,3.3,Shopping,4.4
Boating Lake near Apex Amusement Park of Leh,Apex Amusement Park of Leh,1.2,Activity,4.8
Chai Villa Bakery near Leh Golden Lake,Leh Golden Lake,1.5,Food & Dining,4.7
Local Cooperative near Leh Golden Lake,Leh Golden Lake,3.0,Shopping,4.7
Transit Corner near Leh Golden Lake,Leh Golden Lake,3.1,Transit,3.9
The Spicy Dhaba near Historic Leh Heritage Centre,Historic Leh Heritage Centre,0.9,Food & Dining,4.8
Central Market near Historic Leh Heritage Centre,Historic Leh Heritage Centre,2.0,Shopping,3.5
Local Market Corner near Historic Leh Heritage Centre,Historic Leh Heritage Centre,3.9,Local Market,4.4
Laziz Kitchen near Golden Church of Leh,Golden Church of Leh,0.2,Food & Dining,4.5
Traditional Market near Golden Church of Leh,Golden Church of Leh,1.3,Shopping,3.9
Photography Spot near Golden Church of Leh,Golden Church of Leh,3.8,Activity,3.9
Cafe Chaat Bhandar near Leh Gorge Paragliding Launch,Leh Gorge Paragliding Launch,1.6,Food & Dining,4.9
Bustling Bazaar near Leh Gorge Paragliding Launch,Leh Gorge Paragliding Launch,3.1,Shopping,3.6
Local Market Corner near Leh Gorge Paragliding Launch,Leh Gorge Paragliding Launch,0.5,Local Market,5.0
Desi Diner near Folk Leh Traditional Bazaar,Folk Leh Traditional Bazaar,1.3,Food & Dining,3.6
Traditional Flea Market near Folk Leh Traditional Bazaar,Folk Leh Traditional Bazaar,1.7,Shopping,4.2
Cable Car Station near Folk Leh Traditional Bazaar,Folk Leh Traditional Bazaar,2.5,Activity,4.6
Laziz Bakery near Traditional Flea Market of Leh,Traditional Flea Market of Leh,1.6,Food & Dining,4.2
Bustling Hub near Traditional Flea Market of Leh,Traditional Flea Market of Leh,1.4,Shopping,3.8
Heritage Walk near Traditional Flea Market of Leh,Traditional Flea Market of Leh,3.7,Activity,3.9
The Spicy Chaat Bhandar near Leh Authentic Food Street,Leh Authentic Food Street,0.8,Food & Dining,4.5
Local Flea Market near Leh Authentic Food Street,Leh Authentic Food Street,1.5,Shopping,4.5
Transit Corner near Leh Authentic Food Street,Leh Authentic Food Street,4.7,Transit,3.6
Street Spot near Tech Leh Botanical Conservatory,Tech Leh Botanical Conservatory,2.1,Food & Dining,4.7
Artisans Emporium near Tech Leh Botanical Conservatory,Tech Leh Botanical Conservatory,2.7,Shopping,4.4
Transit Corner near Tech Leh Botanical Conservatory,Tech Leh Botanical Conservatory,3.7,Transit,4.2
The Spicy Corner near Scenic Beach of Leh,Scenic Beach of Leh,1.7,Food & Dining,4.3
Bustling Emporium near Scenic Beach of Leh,Scenic Beach of Leh,2.3,Shopping,4.4
Cable Car Station near Scenic Beach of Leh,Scenic Beach of Leh,1.9,Activity,4.9
Street Bakery near Leh Sovereign Memorial,Leh Sovereign Memorial,1.1,Food & Dining,4.4
Artisans Arcade near Leh Sovereign Memorial,Leh Sovereign Memorial,3.0,Shopping,3.8
Hiking Point near Leh Sovereign Memorial,Leh Sovereign Memorial,0.5,Viewpoint,4.8
Annapurna Treats near Golden Leh Church,Golden Leh Church,0.5,Food & Dining,4.1
Artisans Emporium near Golden Leh Church,Golden Leh Church,0.3,Shopping,4.3
Transit Corner near Golden Leh Church,Golden Leh Church,1.1,Transit,5.0
Annapurna Chaat Bhandar near Gorge Climbing Wall of Leh,Gorge Climbing Wall of Leh,2.0,Food & Dining,4.3
Souvenir Market near Gorge Climbing Wall of Leh,Gorge Climbing Wall of Leh,2.6,Shopping,3.5
Photography Spot near Gorge Climbing Wall of Leh,Gorge Climbing Wall of Leh,1.2,Viewpoint,4.6
Laziz Treats near Leh Artistic Amphitheatre,Leh Artistic Amphitheatre,1.1,Food & Dining,4.6
Local Bazaar near Leh Artistic Amphitheatre,Leh Artistic Amphitheatre,1.0,Shopping,4.0
Adventure Cliff near Leh Artistic Amphitheatre,Leh Artistic Amphitheatre,3.7,Viewpoint,4.0
Gourmet Diner near Bustling Leh Market,Bustling Leh Market,1.8,Food & Dining,4.1
Local Emporium near Bustling Leh Market,Bustling Leh Market,1.3,Shopping,4.2
Transit Corner near Bustling Leh Market,Bustling Leh Market,1.4,Transit,4.1
The Spicy Treats near Culinary Spice Lane of Leh,Culinary Spice Lane of Leh,0.6,Food & Dining,4.0
Central Emporium near Culinary Spice Lane of Leh,Culinary Spice Lane of Leh,3.0,Shopping,3.7
Hiking Point near Culinary Spice Lane of Leh,Culinary Spice Lane of Leh,0.6,Activity,3.6
The Spicy Treats near Leh Infinity Science Arena,Leh Infinity Science Arena,2.3,Food & Dining,3.8
Handicrafts Hub near Leh Infinity Science Arena,Leh Infinity Science Arena,0.9,Shopping,4.2
Boating Lake near Leh Infinity Science Arena,Leh Infinity Science Arena,3.2,Activity,3.7
Royal Spot near Cloudy Leh Wildlife Reserve,Cloudy Leh Wildlife Reserve,1.6,Food & Dining,4.5
Artisans Arcade near Cloudy Leh Wildlife Reserve,Cloudy Leh Wildlife Reserve,3.3,Shopping,4.7
Hiking Point near Cloudy Leh Wildlife Reserve,Cloudy Leh Wildlife Reserve,0.7,Activity,4.2
Chai Villa Kitchen near Grand Castle of Leh,Grand Castle of Leh,0.5,Food & Dining,4.7
Traditional Bazaar near Grand Castle of Leh,Grand Castle of Leh,0.3,Shopping,4.7
Boating Lake near Grand Castle of Leh,Grand Castle of Leh,3.1,Activity,4.6
The Spicy Kitchen near Leh Golden Church,Leh Golden Church,1.3,Food & Dining,4.2
Traditional Market near Leh Golden Church,Leh Golden Church,0.5,Shopping,4.4
Local Market Corner near Leh Golden Church,Leh Golden Church,0.4,Local Market,4.6
The Spicy Treats near Gorge Leh Safari Zone,Gorge Leh Safari Zone,2.1,Food & Dining,4.5
Traditional Bazaar near Gorge Leh Safari Zone,Gorge Leh Safari Zone,3.0,Shopping,3.6
Cable Car Station near Gorge Leh Safari Zone,Gorge Leh Safari Zone,3.9,Viewpoint,4.9
Laziz Bakery near Indigenous Cultural Theatre of Leh,Indigenous Cultural Theatre of Leh,0.5,Food & Dining,4.2
Handicrafts Flea Market near Indigenous Cultural Theatre of Leh,Indigenous Cultural Theatre of Leh,2.1,Shopping,4.3
Hiking Point near Indigenous Cultural Theatre of Leh,Indigenous Cultural Theatre of Leh,2.3,Viewpoint,4.4
Chai Villa Corner near Leh Vibrant Shopping Arcade,Leh Vibrant Shopping Arcade,2.4,Food & Dining,4.2
Ethnic Market near Leh Vibrant Shopping Arcade,Leh Vibrant Shopping Arcade,0.3,Shopping,4.0
Local Market Corner near Leh Vibrant Shopping Arcade,Leh Vibrant Shopping Arcade,0.9,Local Market,4.1
Gourmet Bakery near Delight Leh Gourmet Court,Delight Leh Gourmet Court,2.0,Food & Dining,3.7
Bustling Arcade near Delight Leh Gourmet Court,Delight Leh Gourmet Court,2.7,Shopping,3.6
Local Market Corner near Delight Leh Gourmet Court,Delight Leh Gourmet Court,2.9,Local Market,4.7
Chai Villa Bakery near Metro Sky Deck of Leh,Metro Sky Deck of Leh,1.8,Food & Dining,4.0
Ethnic Emporium near Metro Sky Deck of Leh,Metro Sky Deck of Leh,1.7,Shopping,4.6
Transit Corner near Metro Sky Deck of Leh,Metro Sky Deck of Leh,3.7,Transit,4.0
Street Corner near Leh Hidden Lake,Leh Hidden Lake,2.5,Food & Dining,4.5
Traditional Emporium near Leh Hidden Lake,Leh Hidden Lake,2.7,Shopping,4.4
Local Market Corner near Leh Hidden Lake,Leh Hidden Lake,2.5,Local Market,3.5
Desi Diner near Victorian Leh Tomb,Victorian Leh Tomb,2.2,Food & Dining,4.3
Traditional Cooperative near Victorian Leh Tomb,Victorian Leh Tomb,0.8,Shopping,4.3
Local Market Corner near Victorian Leh Tomb,Victorian Leh Tomb,4.2,Local Market,5.0
Cafe Bakery near Golden Church of Leh,Golden Church of Leh,2.4,Food & Dining,4.2
Ethnic Market near Golden Church of Leh,Golden Church of Leh,2.0,Shopping,4.0
Transit Corner near Golden Church of Leh,Golden Church of Leh,0.7,Transit,5.0
Street Cafe near Leh Gorge Trekking Trail,Leh Gorge Trekking Trail,1.0,Food & Dining,4.1
Artisans Emporium near Leh Gorge Trekking Trail,Leh Gorge Trekking Trail,3.5,Shopping,4.1
Photography Spot near Leh Gorge Trekking Trail,Leh Gorge Trekking Trail,0.8,Activity,3.6
Royal Dhaba near Ethnic Leh Traditional Bazaar,Ethnic Leh Traditional Bazaar,0.7,Food & Dining,4.2
Traditional Flea Market near Ethnic Leh Traditional Bazaar,Ethnic Leh Traditional Bazaar,2.1,Shopping,4.2
Heritage Walk near Ethnic Leh Traditional Bazaar,Ethnic Leh Traditional Bazaar,3.2,Activity,4.9
Gourmet Dhaba near Emerald Hills of Kolkata,Emerald Hills of Kolkata,0.1,Food & Dining,4.2
Artisans Market near Emerald Hills of Kolkata,Emerald Hills of Kolkata,3.2,Shopping,4.1
Hiking Point near Emerald Hills of Kolkata,Emerald Hills of Kolkata,4.1,Activity,4.0
Chai Villa Cafe near Kolkata Imperial Gateway,Kolkata Imperial Gateway,0.9,Food & Dining,3.6
Bustling Corner near Kolkata Imperial Gateway,Kolkata Imperial Gateway,3.4,Shopping,3.6
Local Market Corner near Kolkata Imperial Gateway,Kolkata Imperial Gateway,4.6,Local Market,3.9
Desi Spot near Spiritual Kolkata Cathedral,Spiritual Kolkata Cathedral,0.8,Food & Dining,4.5
Local Cooperative near Spiritual Kolkata Cathedral,Spiritual Kolkata Cathedral,1.5,Shopping,4.0
Heritage Walk near Spiritual Kolkata Cathedral,Spiritual Kolkata Cathedral,0.7,Viewpoint,4.9
Gourmet Diner near Vanguard Zip-line Valley of Kolkata,Vanguard Zip-line Valley of Kolkata,1.8,Food & Dining,3.8
Central Flea Market near Vanguard Zip-line Valley of Kolkata,Vanguard Zip-line Valley of Kolkata,1.1,Shopping,4.4
Local Market Corner near Vanguard Zip-line Valley of Kolkata,Vanguard Zip-line Valley of Kolkata,4.7,Local Market,4.0
Cafe Treats near Kolkata Ethnic Folk Centre,Kolkata Ethnic Folk Centre,1.5,Food & Dining,4.7
Local Hub near Kolkata Ethnic Folk Centre,Kolkata Ethnic Folk Centre,1.7,Shopping,4.8
Transit Corner near Kolkata Ethnic Folk Centre,Kolkata Ethnic Folk Centre,0.7,Transit,4.1
Desi Corner near Central Kolkata Cooperative Store,Central Kolkata Cooperative Store,2.4,Food & Dining,4.4
Ethnic Cooperative near Central Kolkata Cooperative Store,Central Kolkata Cooperative Store,0.3,Shopping,3.6
Boating Lake near Central Kolkata Cooperative Store,Central Kolkata Cooperative Store,1.4,Activity,5.0
Street Bakery near Legacy Historic Cafe of Kolkata,Legacy Historic Cafe of Kolkata,1.2,Food & Dining,4.6
Bustling Hub near Legacy Historic Cafe of Kolkata,Legacy Historic Cafe of Kolkata,2.4,Shopping,4.2
Sunset Deck near Legacy Historic Cafe of Kolkata,Legacy Historic Cafe of Kolkata,0.6,Viewpoint,3.6
Street Cafe near Kolkata Stellar Art Gallery,Kolkata Stellar Art Gallery,0.4,Food & Dining,3.9
Souvenir Bazaar near Kolkata Stellar Art Gallery,Kolkata Stellar Art Gallery,2.9,Shopping,3.6
Photography Spot near Kolkata Stellar Art Gallery,Kolkata Stellar Art Gallery,4.6,Activity,4.5
Laziz Corner near Silent Kolkata Valley,Silent Kolkata Valley,2.5,Food & Dining,3.9
Artisans Cooperative near Silent Kolkata Valley,Silent Kolkata Valley,0.2,Shopping,4.6
Photography Spot near Silent Kolkata Valley,Silent Kolkata Valley,2.7,Activity,3.5
Royal Kitchen near Royal Ruin of Kolkata,Royal Ruin of Kolkata,1.9,Food & Dining,4.5
Bustling Flea Market near Royal Ruin of Kolkata,Royal Ruin of Kolkata,1.7,Shopping,4.2
Cable Car Station near Royal Ruin of Kolkata,Royal Ruin of Kolkata,3.3,Activity,3.9
The Spicy Corner near Kolkata Spiritual Cathedral,Kolkata Spiritual Cathedral,0.2,Food & Dining,4.9
Ethnic Cooperative near Kolkata Spiritual Cathedral,Kolkata Spiritual Cathedral,3.4,Shopping,4.5
Cable Car Station near Kolkata Spiritual Cathedral,Kolkata Spiritual Cathedral,2.4,Activity,3.7
Street Corner near Vanguard Kolkata Rafting Camp,Vanguard Kolkata Rafting Camp,1.6,Food & Dining,4.6
Handicrafts Bazaar near Vanguard Kolkata Rafting Camp,Vanguard Kolkata Rafting Camp,1.3,Shopping,3.8
Hiking Point near Vanguard Kolkata Rafting Camp,Vanguard Kolkata Rafting Camp,0.8,Viewpoint,4.4
Cafe Diner near Classical Art Village of Kolkata,Classical Art Village of Kolkata,2.1,Food & Dining,4.2
Artisans Corner near Classical Art Village of Kolkata,Classical Art Village of Kolkata,1.7,Shopping,3.8
Local Market Corner near Classical Art Village of Kolkata,Classical Art Village of Kolkata,3.7,Local Market,4.0
Royal Point near Kolkata Craft Emporium,Kolkata Craft Emporium,0.3,Food & Dining,4.6
Souvenir Corner near Kolkata Craft Emporium,Kolkata Craft Emporium,3.0,Shopping,3.7
Local Market Corner near Kolkata Craft Emporium,Kolkata Craft Emporium,4.5,Local Market,4.0
Annapurna Cafe near Flavors Kolkata Dhaba Zone,Flavors Kolkata Dhaba Zone,0.3,Food & Dining,4.9
Handicrafts Bazaar near Flavors Kolkata Dhaba Zone,Flavors Kolkata Dhaba Zone,1.8,Shopping,4.2
Adventure Cliff near Flavors Kolkata Dhaba Zone,Flavors Kolkata Dhaba Zone,2.3,Viewpoint,3.7
Laziz Diner near Futuristic Aquarium of Kolkata,Futuristic Aquarium of Kolkata,0.4,Food & Dining,3.7
Ethnic Arcade near Futuristic Aquarium of Kolkata,Futuristic Aquarium of Kolkata,2.9,Shopping,4.0
Hiking Point near Futuristic Aquarium of Kolkata,Futuristic Aquarium of Kolkata,2.5,Viewpoint,4.9
Bistro Cafe near Kolkata Mist-Clad River Confluence,Kolkata Mist-Clad River Confluence,1.5,Food & Dining,4.5
Bustling Arcade near Kolkata Mist-Clad River Confluence,Kolkata Mist-Clad River Confluence,2.4,Shopping,3.6
Transit Corner near Kolkata Mist-Clad River Confluence,Kolkata Mist-Clad River Confluence,4.4,Transit,4.7
Street Treats near Historic Kolkata Ancient Caves,Historic Kolkata Ancient Caves,1.0,Food & Dining,4.6
Artisans Hub near Historic Kolkata Ancient Caves,Historic Kolkata Ancient Caves,1.0,Shopping,3.9
Transit Corner near Historic Kolkata Ancient Caves,Historic Kolkata Ancient Caves,4.0,Transit,4.5
Desi Spot near Spiritual Cathedral of Kolkata,Spiritual Cathedral of Kolkata,1.5,Food & Dining,3.7
Central Market near Spiritual Cathedral of Kolkata,Spiritual Cathedral of Kolkata,2.3,Shopping,3.6
Boating Lake near Spiritual Cathedral of Kolkata,Spiritual Cathedral of Kolkata,4.0,Activity,4.3
The Spicy Point near Kolkata Vanguard Camping Ridge,Kolkata Vanguard Camping Ridge,0.9,Food & Dining,4.1
Handicrafts Flea Market near Kolkata Vanguard Camping Ridge,Kolkata Vanguard Camping Ridge,2.5,Shopping,4.0
Cable Car Station near Kolkata Vanguard Camping Ridge,Kolkata Vanguard Camping Ridge,4.8,Activity,4.0
Gourmet Diner near Legacy Kolkata Heritage Craft Complex,Legacy Kolkata Heritage Craft Complex,1.4,Food & Dining,4.2
Central Hub near Legacy Kolkata Heritage Craft Complex,Legacy Kolkata Heritage Craft Complex,3.0,Shopping,4.8
Transit Corner near Legacy Kolkata Heritage Craft Complex,Legacy Kolkata Heritage Craft Complex,0.6,Transit,4.6
The Spicy Treats near Royal Spices Corner of Kolkata,Royal Spices Corner of Kolkata,2.4,Food & Dining,4.0
Handicrafts Hub near Royal Spices Corner of Kolkata,Royal Spices Corner of Kolkata,1.3,Shopping,3.8
Boating Lake near Royal Spices Corner of Kolkata,Royal Spices Corner of Kolkata,4.0,Viewpoint,4.2
Gourmet Treats near Kolkata Traditional Sweet Alley,Kolkata Traditional Sweet Alley,2.1,Food & Dining,4.7
Souvenir Bazaar near Kolkata Traditional Sweet Alley,Kolkata Traditional Sweet Alley,2.8,Shopping,4.7
Local Market Corner near Kolkata Traditional Sweet Alley,Kolkata Traditional Sweet Alley,4.6,Local Market,3.9
Annapurna Spot near Cosmo Kolkata Amusement Park,Cosmo Kolkata Amusement Park,0.2,Food & Dining,4.7
Traditional Arcade near Cosmo Kolkata Amusement Park,Cosmo Kolkata Amusement Park,2.2,Shopping,4.7
Cable Car Station near Cosmo Kolkata Amusement Park,Cosmo Kolkata Amusement Park,2.4,Activity,4.2
Bistro Chaat Bhandar near Serene Hills of Kolkata,Serene Hills of Kolkata,1.8,Food & Dining,3.8
Bustling Bazaar near Serene Hills of Kolkata,Serene Hills of Kolkata,3.0,Shopping,4.6
Photography Spot near Serene Hills of Kolkata,Serene Hills of Kolkata,3.8,Activity,3.8
Laziz Dhaba near Kolkata Sovereign Fort,Kolkata Sovereign Fort,1.2,Food & Dining,4.5
Artisans Arcade near Kolkata Sovereign Fort,Kolkata Sovereign Fort,3.1,Shopping,3.8
Boating Lake near Kolkata Sovereign Fort,Kolkata Sovereign Fort,0.9,Activity,4.9
Desi Corner near Spiritual Kolkata Cathedral,Spiritual Kolkata Cathedral,0.5,Food & Dining,4.4
Local Emporium near Spiritual Kolkata Cathedral,Spiritual Kolkata Cathedral,1.1,Shopping,4.7
Transit Corner near Spiritual Kolkata Cathedral,Spiritual Kolkata Cathedral,0.7,Transit,4.4
Annapurna Spot near Vanguard Paragliding Launch of Kolkata,Vanguard Paragliding Launch of Kolkata,2.1,Food & Dining,4.2
Artisans Bazaar near Vanguard Paragliding Launch of Kolkata,Vanguard Paragliding Launch of Kolkata,0.5,Shopping,3.6
Transit Corner near Vanguard Paragliding Launch of Kolkata,Vanguard Paragliding Launch of Kolkata,0.9,Transit,4.0
The Spicy Diner near Kolkata Creative Folk Centre,Kolkata Creative Folk Centre,2.3,Food & Dining,4.6
Ethnic Emporium near Kolkata Creative Folk Centre,Kolkata Creative Folk Centre,2.7,Shopping,3.9
Cable Car Station near Kolkata Creative Folk Centre,Kolkata Creative Folk Centre,0.8,Viewpoint,3.5
Gourmet Spot near Local Kolkata Flea Market,Local Kolkata Flea Market,1.1,Food & Dining,4.7
Artisans Arcade near Local Kolkata Flea Market,Local Kolkata Flea Market,3.0,Shopping,4.0
Local Market Corner near Local Kolkata Flea Market,Local Kolkata Flea Market,0.4,Local Market,3.8
Desi Diner near Savory Food Street of Kolkata,Savory Food Street of Kolkata,1.6,Food & Dining,3.8
Bustling Corner near Savory Food Street of Kolkata,Savory Food Street of Kolkata,2.1,Shopping,4.1
Transit Corner near Savory Food Street of Kolkata,Savory Food Street of Kolkata,1.7,Transit,4.1
The Spicy Treats near Kolkata Apex Botanical Conservatory,Kolkata Apex Botanical Conservatory,2.1,Food & Dining,4.5
Souvenir Hub near Kolkata Apex Botanical Conservatory,Kolkata Apex Botanical Conservatory,1.6,Shopping,4.7
Heritage Walk near Kolkata Apex Botanical Conservatory,Kolkata Apex Botanical Conservatory,1.9,Activity,4.7
Royal Diner near Silver Kolkata Valley,Silver Kolkata Valley,1.7,Food & Dining,4.8
Ethnic Market near Silver Kolkata Valley,Silver Kolkata Valley,1.0,Shopping,4.8
Hiking Point near Silver Kolkata Valley,Silver Kolkata Valley,1.1,Viewpoint,4.7
Royal Corner near Grand Museum of Kolkata,Grand Museum of Kolkata,1.2,Food & Dining,4.2
Local Emporium near Grand Museum of Kolkata,Grand Museum of Kolkata,2.8,Shopping,4.1
Boating Lake near Grand Museum of Kolkata,Grand Museum of Kolkata,1.3,Activity,4.0
Annapurna Point near Kolkata Spiritual Cathedral,Kolkata Spiritual Cathedral,1.1,Food & Dining,4.2
Souvenir Corner near Kolkata Spiritual Cathedral,Kolkata Spiritual Cathedral,2.2,Shopping,4.1
Photography Spot near Kolkata Spiritual Cathedral,Kolkata Spiritual Cathedral,2.5,Viewpoint,3.9
Street Point near Vanguard Kolkata Climbing Wall,Vanguard Kolkata Climbing Wall,0.5,Food & Dining,3.9
Bustling Market near Vanguard Kolkata Climbing Wall,Vanguard Kolkata Climbing Wall,3.3,Shopping,4.2
Local Market Corner near Vanguard Kolkata Climbing Wall,Vanguard Kolkata Climbing Wall,4.7,Local Market,4.0
Desi Chaat Bhandar near Folk Art Village of Kolkata,Folk Art Village of Kolkata,1.4,Food & Dining,4.2
Bustling Cooperative near Folk Art Village of Kolkata,Folk Art Village of Kolkata,0.3,Shopping,3.6
Boating Lake near Folk Art Village of Kolkata,Folk Art Village of Kolkata,2.5,Viewpoint,3.7
The Spicy Chaat Bhandar near Kolkata Traditional Market,Kolkata Traditional Market,2.5,Food & Dining,4.3
Souvenir Corner near Kolkata Traditional Market,Kolkata Traditional Market,1.2,Shopping,4.3
Photography Spot near Kolkata Traditional Market,Kolkata Traditional Market,1.3,Viewpoint,4.7
Chai Villa Cafe near Authentic Kolkata Spice Lane,Authentic Kolkata Spice Lane,0.2,Food & Dining,3.5
Local Arcade near Authentic Kolkata Spice Lane,Authentic Kolkata Spice Lane,3.4,Shopping,4.7
Local Market Corner near Authentic Kolkata Spice Lane,Authentic Kolkata Spice Lane,4.9,Local Market,4.2
The Spicy Treats near Tech Science Arena of Kolkata,Tech Science Arena of Kolkata,0.2,Food & Dining,4.1
Ethnic Cooperative near Tech Science Arena of Kolkata,Tech Science Arena of Kolkata,2.0,Shopping,4.2
Transit Corner near Tech Science Arena of Kolkata,Tech Science Arena of Kolkata,3.9,Transit,3.8
Royal Point near Kolkata Emerald River Confluence,Kolkata Emerald River Confluence,1.6,Food & Dining,4.3
Bustling Cooperative near Kolkata Emerald River Confluence,Kolkata Emerald River Confluence,2.5,Shopping,4.8
Adventure Cliff near Kolkata Emerald River Confluence,Kolkata Emerald River Confluence,4.6,Viewpoint,4.4
Gourmet Point near Victorian Kolkata Gateway,Victorian Kolkata Gateway,1.5,Food & Dining,4.3
Traditional Bazaar near Victorian Kolkata Gateway,Victorian Kolkata Gateway,1.4,Shopping,4.2
Walkway Park near Victorian Kolkata Gateway,Victorian Kolkata Gateway,2.7,Activity,3.9
Chai Villa Diner near Spiritual Cathedral of Kolkata,Spiritual Cathedral of Kolkata,0.3,Food & Dining,4.2
Handicrafts Flea Market near Spiritual Cathedral of Kolkata,Spiritual Cathedral of Kolkata,2.6,Shopping,4.0
Hiking Point near Spiritual Cathedral of Kolkata,Spiritual Cathedral of Kolkata,2.2,Activity,4.6
Desi Point near Kolkata Vanguard Safari Zone,Kolkata Vanguard Safari Zone,1.4,Food & Dining,3.9
Central Market near Kolkata Vanguard Safari Zone,Kolkata Vanguard Safari Zone,0.3,Shopping,4.4
Cable Car Station near Kolkata Vanguard Safari Zone,Kolkata Vanguard Safari Zone,4.2,Viewpoint,4.9
Street Treats near Artistic Kolkata Heritage Craft Complex,Artistic Kolkata Heritage Craft Complex,0.3,Food & Dining,4.0
Local Emporium near Artistic Kolkata Heritage Craft Complex,Artistic Kolkata Heritage Craft Complex,1.5,Shopping,4.0
Local Market Corner near Artistic Kolkata Heritage Craft Complex,Artistic Kolkata Heritage Craft Complex,0.5,Local Market,3.9
Chai Villa Corner near Hidden Peak of Darjeeling,Hidden Peak of Darjeeling,1.3,Food & Dining,4.0
Handicrafts Market near Hidden Peak of Darjeeling,Hidden Peak of Darjeeling,1.8,Shopping,4.8
Local Market Corner near Hidden Peak of Darjeeling,Hidden Peak of Darjeeling,0.6,Local Market,5.0
The Spicy Cafe near Darjeeling Imperial Tomb,Darjeeling Imperial Tomb,1.0,Food & Dining,3.5
Central Arcade near Darjeeling Imperial Tomb,Darjeeling Imperial Tomb,1.7,Shopping,3.6
Adventure Cliff near Darjeeling Imperial Tomb,Darjeeling Imperial Tomb,4.7,Activity,4.9
Laziz Diner near Blessed Darjeeling Monastery,Blessed Darjeeling Monastery,2.1,Food & Dining,4.5
Central Flea Market near Blessed Darjeeling Monastery,Blessed Darjeeling Monastery,3.4,Shopping,4.2
Sunset Deck near Blessed Darjeeling Monastery,Blessed Darjeeling Monastery,4.2,Viewpoint,3.8
The Spicy Treats near Adventure Trekking Trail of Darjeeling,Adventure Trekking Trail of Darjeeling,2.1,Food & Dining,4.2
Ethnic Market near Adventure Trekking Trail of Darjeeling,Adventure Trekking Trail of Darjeeling,2.4,Shopping,4.7
Local Market Corner near Adventure Trekking Trail of Darjeeling,Adventure Trekking Trail of Darjeeling,4.4,Local Market,4.7
Laziz Cafe near Darjeeling Artistic Amphitheatre,Darjeeling Artistic Amphitheatre,0.7,Food & Dining,4.6
Artisans Emporium near Darjeeling Artistic Amphitheatre,Darjeeling Artistic Amphitheatre,2.0,Shopping,4.4
Local Market Corner near Darjeeling Artistic Amphitheatre,Darjeeling Artistic Amphitheatre,1.3,Local Market,4.9
Street Chaat Bhandar near Bustling Darjeeling Bazaar,Bustling Darjeeling Bazaar,0.2,Food & Dining,4.5
Central Arcade near Bustling Darjeeling Bazaar,Bustling Darjeeling Bazaar,1.4,Shopping,4.8
Local Market Corner near Bustling Darjeeling Bazaar,Bustling Darjeeling Bazaar,1.6,Local Market,3.7
Street Treats near Culinary Chaat Corner of Darjeeling,Culinary Chaat Corner of Darjeeling,2.2,Food & Dining,3.7
Artisans Corner near Culinary Chaat Corner of Darjeeling,Culinary Chaat Corner of Darjeeling,3.3,Shopping,3.7
Sunset Deck near Culinary Chaat Corner of Darjeeling,Culinary Chaat Corner of Darjeeling,1.3,Viewpoint,4.6
Royal Chaat Bhandar near Darjeeling Infinity Planetarium,Darjeeling Infinity Planetarium,0.2,Food & Dining,4.7
Central Emporium near Darjeeling Infinity Planetarium,Darjeeling Infinity Planetarium,0.6,Shopping,4.4
Local Market Corner near Darjeeling Infinity Planetarium,Darjeeling Infinity Planetarium,2.0,Local Market,4.2
Cafe Bakery near Whispering Darjeeling Gardens,Whispering Darjeeling Gardens,0.6,Food & Dining,4.5
Ethnic Hub near Whispering Darjeeling Gardens,Whispering Darjeeling Gardens,0.9,Shopping,4.3
Boating Lake near Whispering Darjeeling Gardens,Whispering Darjeeling Gardens,3.6,Activity,4.4
Royal Spot near Royal Palace of Darjeeling,Royal Palace of Darjeeling,1.9,Food & Dining,4.7
Local Corner near Royal Palace of Darjeeling,Royal Palace of Darjeeling,0.6,Shopping,4.6
Transit Corner near Royal Palace of Darjeeling,Royal Palace of Darjeeling,4.8,Transit,4.0
Desi Cafe near Darjeeling Blessed Monastery,Darjeeling Blessed Monastery,1.0,Food & Dining,3.7
Central Emporium near Darjeeling Blessed Monastery,Darjeeling Blessed Monastery,0.3,Shopping,4.3
Transit Corner near Darjeeling Blessed Monastery,Darjeeling Blessed Monastery,3.8,Transit,4.4
Laziz Dhaba near Adventure Darjeeling Zip-line Valley,Adventure Darjeeling Zip-line Valley,2.1,Food & Dining,4.3
Central Cooperative near Adventure Darjeeling Zip-line Valley,Adventure Darjeeling Zip-line Valley,1.7,Shopping,4.2
Walkway Park near Adventure Darjeeling Zip-line Valley,Adventure Darjeeling Zip-line Valley,4.6,Activity,4.0
Desi Spot near Indigenous Cultural Theatre of Darjeeling,Indigenous Cultural Theatre of Darjeeling,0.8,Food & Dining,4.5
Local Hub near Indigenous Cultural Theatre of Darjeeling,Indigenous Cultural Theatre of Darjeeling,3.2,Shopping,4.1
Transit Corner near Indigenous Cultural Theatre of Darjeeling,Indigenous Cultural Theatre of Darjeeling,2.9,Transit,3.7
Annapurna Point near Darjeeling Vibrant Cooperative Store,Darjeeling Vibrant Cooperative Store,2.4,Food & Dining,3.9
Central Flea Market near Darjeeling Vibrant Cooperative Store,Darjeeling Vibrant Cooperative Store,1.8,Shopping,4.0
Transit Corner near Darjeeling Vibrant Cooperative Store,Darjeeling Vibrant Cooperative Store,3.2,Transit,4.8
Annapurna Cafe near Delight Darjeeling Historic Cafe,Delight Darjeeling Historic Cafe,1.4,Food & Dining,3.6
Central Market near Delight Darjeeling Historic Cafe,Delight Darjeeling Historic Cafe,0.6,Shopping,4.7
Transit Corner near Delight Darjeeling Historic Cafe,Delight Darjeeling Historic Cafe,1.8,Transit,3.7
Bistro Spot near Metro Art Gallery of Darjeeling,Metro Art Gallery of Darjeeling,0.9,Food & Dining,4.0
Artisans Hub near Metro Art Gallery of Darjeeling,Metro Art Gallery of Darjeeling,3.2,Shopping,4.6
Heritage Walk near Metro Art Gallery of Darjeeling,Metro Art Gallery of Darjeeling,2.5,Activity,4.7
Street Diner near Darjeeling Golden Meadow,Darjeeling Golden Meadow,1.0,Food & Dining,4.4
Central Flea Market near Darjeeling Golden Meadow,Darjeeling Golden Meadow,2.8,Shopping,3.8
Local Market Corner near Darjeeling Golden Meadow,Darjeeling Golden Meadow,2.1,Local Market,4.7
Cafe Kitchen near Historic Darjeeling Heritage Centre,Historic Darjeeling Heritage Centre,0.1,Food & Dining,3.8
Souvenir Market near Historic Darjeeling Heritage Centre,Historic Darjeeling Heritage Centre,2.7,Shopping,3.6
Walkway Park near Historic Darjeeling Heritage Centre,Historic Darjeeling Heritage Centre,0.7,Viewpoint,4.8
Street Point near Blessed Monastery of Darjeeling,Blessed Monastery of Darjeeling,2.1,Food & Dining,3.7
Local Emporium near Blessed Monastery of Darjeeling,Blessed Monastery of Darjeeling,0.3,Shopping,4.8
Transit Corner near Blessed Monastery of Darjeeling,Blessed Monastery of Darjeeling,1.4,Transit,4.7
Royal Treats near Darjeeling Adventure Rafting Camp,Darjeeling Adventure Rafting Camp,1.6,Food & Dining,4.6
Handicrafts Cooperative near Darjeeling Adventure Rafting Camp,Darjeeling Adventure Rafting Camp,2.0,Shopping,4.3
Transit Corner near Darjeeling Adventure Rafting Camp,Darjeeling Adventure Rafting Camp,2.2,Transit,3.5
Street Dhaba near Ethnic Darjeeling Traditional Bazaar,Ethnic Darjeeling Traditional Bazaar,1.6,Food & Dining,4.9
Souvenir Cooperative near Ethnic Darjeeling Traditional Bazaar,Ethnic Darjeeling Traditional Bazaar,2.8,Shopping,4.7
Transit Corner near Ethnic Darjeeling Traditional Bazaar,Ethnic Darjeeling Traditional Bazaar,1.7,Transit,4.1
The Spicy Corner near Central Emporium of Darjeeling,Central Emporium of Darjeeling,0.5,Food & Dining,4.3
Traditional Market near Central Emporium of Darjeeling,Central Emporium of Darjeeling,0.5,Shopping,3.5
Local Market Corner near Central Emporium of Darjeeling,Central Emporium of Darjeeling,3.0,Local Market,3.8
Annapurna Kitchen near Darjeeling Legacy Dhaba Zone,Darjeeling Legacy Dhaba Zone,0.1,Food & Dining,4.3
Local Hub near Darjeeling Legacy Dhaba Zone,Darjeeling Legacy Dhaba Zone,1.4,Shopping,3.7
Transit Corner near Darjeeling Legacy Dhaba Zone,Darjeeling Legacy Dhaba Zone,3.1,Transit,4.8
Bistro Point near Stellar Darjeeling Aquarium,Stellar Darjeeling Aquarium,2.2,Food & Dining,4.4
Handicrafts Market near Stellar Darjeeling Aquarium,Stellar Darjeeling Aquarium,3.0,Shopping,4.4
Photography Spot near Stellar Darjeeling Aquarium,Stellar Darjeeling Aquarium,4.1,Activity,4.7
Annapurna Treats near Scenic Peak of Darjeeling,Scenic Peak of Darjeeling,0.7,Food & Dining,4.5
Artisans Market near Scenic Peak of Darjeeling,Scenic Peak of Darjeeling,2.9,Shopping,4.4
Transit Corner near Scenic Peak of Darjeeling,Scenic Peak of Darjeeling,2.0,Transit,4.8
The Spicy Diner near Darjeeling Sovereign Memorial,Darjeeling Sovereign Memorial,0.9,Food & Dining,4.9
Artisans Corner near Darjeeling Sovereign Memorial,Darjeeling Sovereign Memorial,2.9,Shopping,4.5
Local Market Corner near Darjeeling Sovereign Memorial,Darjeeling Sovereign Memorial,4.6,Local Market,4.7
Desi Treats near Blessed Darjeeling Monastery,Blessed Darjeeling Monastery,0.6,Food & Dining,4.1
Traditional Hub near Blessed Darjeeling Monastery,Blessed Darjeeling Monastery,2.1,Shopping,4.1
Hiking Point near Blessed Darjeeling Monastery,Blessed Darjeeling Monastery,2.7,Activity,3.5
Street Dhaba near Adventure Camping Ridge of Darjeeling,Adventure Camping Ridge of Darjeeling,0.6,Food & Dining,3.7
Handicrafts Bazaar near Adventure Camping Ridge of Darjeeling,Adventure Camping Ridge of Darjeeling,2.9,Shopping,4.2
Local Market Corner near Adventure Camping Ridge of Darjeeling,Adventure Camping Ridge of Darjeeling,4.3,Local Market,4.5
Desi Diner near Darjeeling Classical Amphitheatre,Darjeeling Classical Amphitheatre,0.6,Food & Dining,4.9
Bustling Flea Market near Darjeeling Classical Amphitheatre,Darjeeling Classical Amphitheatre,0.6,Shopping,4.7
Heritage Walk near Darjeeling Classical Amphitheatre,Darjeeling Classical Amphitheatre,1.3,Activity,4.3
Desi Point near Craft Darjeeling Spices Corner,Craft Darjeeling Spices Corner,0.3,Food & Dining,3.7
Handicrafts Corner near Craft Darjeeling Spices Corner,Craft Darjeeling Spices Corner,3.1,Shopping,4.5
Adventure Cliff near Craft Darjeeling Spices Corner,Craft Darjeeling Spices Corner,1.4,Viewpoint,4.1
Bistro Dhaba near Flavors Sweet Alley of Darjeeling,Flavors Sweet Alley of Darjeeling,1.9,Food & Dining,3.5
Bustling Emporium near Flavors Sweet Alley of Darjeeling,Flavors Sweet Alley of Darjeeling,2.7,Shopping,4.6
Adventure Cliff near Flavors Sweet Alley of Darjeeling,Flavors Sweet Alley of Darjeeling,0.6,Viewpoint,4.8
The Spicy Dhaba near Darjeeling Futuristic Amusement Park,Darjeeling Futuristic Amusement Park,0.3,Food & Dining,4.0
Ethnic Bazaar near Darjeeling Futuristic Amusement Park,Darjeeling Futuristic Amusement Park,3.2,Shopping,4.8
Transit Corner near Darjeeling Futuristic Amusement Park,Darjeeling Futuristic Amusement Park,4.0,Transit,4.0
Street Dhaba near Cloudy Darjeeling Gardens,Cloudy Darjeeling Gardens,0.8,Food & Dining,4.4
Local Bazaar near Cloudy Darjeeling Gardens,Cloudy Darjeeling Gardens,2.1,Shopping,4.4
Transit Corner near Cloudy Darjeeling Gardens,Cloudy Darjeeling Gardens,4.1,Transit,4.1
Bistro Point near Grand Castle of Darjeeling,Grand Castle of Darjeeling,0.3,Food & Dining,3.5
Souvenir Arcade near Grand Castle of Darjeeling,Grand Castle of Darjeeling,0.9,Shopping,4.3
Local Market Corner near Grand Castle of Darjeeling,Grand Castle of Darjeeling,0.9,Local Market,4.9
Bistro Kitchen near Darjeeling Blessed Monastery,Darjeeling Blessed Monastery,1.9,Food & Dining,3.8
Bustling Market near Darjeeling Blessed Monastery,Darjeeling Blessed Monastery,1.1,Shopping,4.6
Heritage Walk near Darjeeling Blessed Monastery,Darjeeling Blessed Monastery,0.4,Viewpoint,4.9
Royal Point near Adventure Darjeeling Paragliding Launch,Adventure Darjeeling Paragliding Launch,0.6,Food & Dining,3.7
Bustling Arcade near Adventure Darjeeling Paragliding Launch,Adventure Darjeeling Paragliding Launch,0.3,Shopping,4.4
Local Market Corner near Adventure Darjeeling Paragliding Launch,Adventure Darjeeling Paragliding Launch,4.1,Local Market,4.9
Gourmet Point near Legacy Cultural Theatre of Darjeeling,Legacy Cultural Theatre of Darjeeling,0.3,Food & Dining,4.8
Souvenir Flea Market near Legacy Cultural Theatre of Darjeeling,Legacy Cultural Theatre of Darjeeling,3.5,Shopping,3.5
Photography Spot near Legacy Cultural Theatre of Darjeeling,Legacy Cultural Theatre of Darjeeling,0.7,Activity,4.6
Street Chaat Bhandar near Darjeeling Royal Flea Market,Darjeeling Royal Flea Market,0.6,Food & Dining,3.5
Bustling Flea Market near Darjeeling Royal Flea Market,Darjeeling Royal Flea Market,1.7,Shopping,3.7
Local Market Corner near Darjeeling Royal Flea Market,Darjeeling Royal Flea Market,2.5,Local Market,4.3
Gourmet Point near Traditional Darjeeling Food Street,Traditional Darjeeling Food Street,1.1,Food & Dining,4.3
Bustling Bazaar near Traditional Darjeeling Food Street,Traditional Darjeeling Food Street,0.5,Shopping,3.8
Hiking Point near Traditional Darjeeling Food Street,Traditional Darjeeling Food Street,1.0,Activity,4.0
Street Bakery near Cosmo Botanical Conservatory of Darjeeling,Cosmo Botanical Conservatory of Darjeeling,1.3,Food & Dining,3.7
Central Flea Market near Cosmo Botanical Conservatory of Darjeeling,Cosmo Botanical Conservatory of Darjeeling,2.4,Shopping,4.6
Local Market Corner near Cosmo Botanical Conservatory of Darjeeling,Cosmo Botanical Conservatory of Darjeeling,2.7,Local Market,3.7
Chai Villa Treats near Darjeeling Hidden Meadow,Darjeeling Hidden Meadow,1.7,Food & Dining,3.8
Souvenir Emporium near Darjeeling Hidden Meadow,Darjeeling Hidden Meadow,0.7,Shopping,3.9
Boating Lake near Darjeeling Hidden Meadow,Darjeeling Hidden Meadow,1.5,Activity,3.9
Royal Point near Victorian Darjeeling Tomb,Victorian Darjeeling Tomb,2.2,Food & Dining,4.0
Artisans Arcade near Victorian Darjeeling Tomb,Victorian Darjeeling Tomb,2.7,Shopping,4.1
Photography Spot near Victorian Darjeeling Tomb,Victorian Darjeeling Tomb,0.8,Activity,4.5
Cafe Diner near Blessed Monastery of Darjeeling,Blessed Monastery of Darjeeling,1.3,Food & Dining,3.8
Local Market near Blessed Monastery of Darjeeling,Blessed Monastery of Darjeeling,0.3,Shopping,3.9
Hiking Point near Blessed Monastery of Darjeeling,Blessed Monastery of Darjeeling,1.4,Viewpoint,3.7
Desi Chaat Bhandar near Darjeeling Adventure Climbing Wall,Darjeeling Adventure Climbing Wall,0.7,Food & Dining,4.1
Handicrafts Emporium near Darjeeling Adventure Climbing Wall,Darjeeling Adventure Climbing Wall,2.9,Shopping,4.0
Transit Corner near Darjeeling Adventure Climbing Wall,Darjeeling Adventure Climbing Wall,1.6,Transit,4.3
The Spicy Diner near Creative Darjeeling Traditional Bazaar,Creative Darjeeling Traditional Bazaar,1.2,Food & Dining,4.7
Artisans Market near Creative Darjeeling Traditional Bazaar,Creative Darjeeling Traditional Bazaar,0.7,Shopping,4.1
Transit Corner near Creative Darjeeling Traditional Bazaar,Creative Darjeeling Traditional Bazaar,4.5,Transit,5.0
Cafe Corner near Emerald Falls of Shimla,Emerald Falls of Shimla,1.2,Food & Dining,4.1
Artisans Emporium near Emerald Falls of Shimla,Emerald Falls of Shimla,3.2,Shopping,4.0
Adventure Cliff near Emerald Falls of Shimla,Emerald Falls of Shimla,2.8,Activity,3.7
Street Spot near Shimla Imperial Gateway,Shimla Imperial Gateway,1.1,Food & Dining,4.9
Souvenir Emporium near Shimla Imperial Gateway,Shimla Imperial Gateway,1.3,Shopping,3.9
Local Market Corner near Shimla Imperial Gateway,Shimla Imperial Gateway,2.5,Local Market,3.9
Chai Villa Cafe near Tranquil Shimla Temple,Tranquil Shimla Temple,1.7,Food & Dining,4.9
Handicrafts Bazaar near Tranquil Shimla Temple,Tranquil Shimla Temple,0.6,Shopping,4.1
Transit Corner near Tranquil Shimla Temple,Tranquil Shimla Temple,2.7,Transit,4.0
Royal Bakery near Extreme Safari Zone of Shimla,Extreme Safari Zone of Shimla,0.3,Food & Dining,4.2
Souvenir Emporium near Extreme Safari Zone of Shimla,Extreme Safari Zone of Shimla,3.1,Shopping,3.6
Local Market Corner near Extreme Safari Zone of Shimla,Extreme Safari Zone of Shimla,2.2,Local Market,4.1
Cafe Treats near Shimla Creative Folk Centre,Shimla Creative Folk Centre,0.3,Food & Dining,4.2
Handicrafts Arcade near Shimla Creative Folk Centre,Shimla Creative Folk Centre,2.9,Shopping,4.6
Photography Spot near Shimla Creative Folk Centre,Shimla Creative Folk Centre,4.0,Viewpoint,4.2
Gourmet Point near Local Shimla Shopping Arcade,Local Shimla Shopping Arcade,2.2,Food & Dining,4.6
Handicrafts Emporium near Local Shimla Shopping Arcade,Local Shimla Shopping Arcade,2.6,Shopping,3.6
Walkway Park near Local Shimla Shopping Arcade,Local Shimla Shopping Arcade,1.2,Activity,3.6
Street Cafe near Savory Gourmet Court of Shimla,Savory Gourmet Court of Shimla,1.5,Food & Dining,3.5
Handicrafts Market near Savory Gourmet Court of Shimla,Savory Gourmet Court of Shimla,0.6,Shopping,3.6
Local Market Corner near Savory Gourmet Court of Shimla,Savory Gourmet Court of Shimla,4.4,Local Market,3.8
Gourmet Bakery near Shimla Apex Sky Deck,Shimla Apex Sky Deck,0.8,Food & Dining,4.7
Traditional Arcade near Shimla Apex Sky Deck,Shimla Apex Sky Deck,1.3,Shopping,4.7
Transit Corner near Shimla Apex Sky Deck,Shimla Apex Sky Deck,4.1,Transit,4.2
Gourmet Diner near Silent Shimla Cave,Silent Shimla Cave,0.2,Food & Dining,3.8
Traditional Corner near Silent Shimla Cave,Silent Shimla Cave,1.1,Shopping,4.2
Transit Corner near Silent Shimla Cave,Silent Shimla Cave,2.1,Transit,4.8
Bistro Spot near Royal Ruin of Shimla,Royal Ruin of Shimla,1.8,Food & Dining,4.1
Handicrafts Cooperative near Royal Ruin of Shimla,Royal Ruin of Shimla,1.3,Shopping,4.0
Adventure Cliff near Royal Ruin of Shimla,Royal Ruin of Shimla,4.9,Activity,4.0
Chai Villa Cafe near Shimla Tranquil Temple,Shimla Tranquil Temple,2.1,Food & Dining,4.2
Souvenir Emporium near Shimla Tranquil Temple,Shimla Tranquil Temple,2.8,Shopping,3.6
Local Market Corner near Shimla Tranquil Temple,Shimla Tranquil Temple,0.8,Local Market,3.7
Gourmet Cafe near Extreme Shimla Trekking Trail,Extreme Shimla Trekking Trail,1.2,Food & Dining,4.6
Bustling Bazaar near Extreme Shimla Trekking Trail,Extreme Shimla Trekking Trail,2.7,Shopping,3.5
Local Market Corner near Extreme Shimla Trekking Trail,Extreme Shimla Trekking Trail,1.5,Local Market,4.0
Bistro Corner near Folk Art Village of Shimla,Folk Art Village of Shimla,0.6,Food & Dining,4.0
Bustling Cooperative near Folk Art Village of Shimla,Folk Art Village of Shimla,1.0,Shopping,3.8
Adventure Cliff near Folk Art Village of Shimla,Folk Art Village of Shimla,1.2,Activity,4.0
Chai Villa Point near Shimla Traditional Bazaar,Shimla Traditional Bazaar,2.4,Food & Dining,4.4
Artisans Bazaar near Shimla Traditional Bazaar,Shimla Traditional Bazaar,3.4,Shopping,3.7
Cable Car Station near Shimla Traditional Bazaar,Shimla Traditional Bazaar,4.8,Viewpoint,3.6
Laziz Cafe near Authentic Shimla Chaat Corner,Authentic Shimla Chaat Corner,0.2,Food & Dining,3.8
Central Cooperative near Authentic Shimla Chaat Corner,Authentic Shimla Chaat Corner,1.6,Shopping,4.2
Boating Lake near Authentic Shimla Chaat Corner,Authentic Shimla Chaat Corner,2.3,Viewpoint,4.4
Street Chaat Bhandar near Tech Planetarium of Shimla,Tech Planetarium of Shimla,0.1,Food & Dining,4.5
Handicrafts Corner near Tech Planetarium of Shimla,Tech Planetarium of Shimla,3.2,Shopping,4.3
Hiking Point near Tech Planetarium of Shimla,Tech Planetarium of Shimla,1.8,Activity,4.4
Annapurna Diner near Shimla Mist-Clad Sunset Point,Shimla Mist-Clad Sunset Point,1.5,Food & Dining,3.9
Central Corner near Shimla Mist-Clad Sunset Point,Shimla Mist-Clad Sunset Point,1.1,Shopping,4.4
Photography Spot near Shimla Mist-Clad Sunset Point,Shimla Mist-Clad Sunset Point,0.7,Activity,4.4
Royal Bakery near Historic Shimla Ancient Caves,Historic Shimla Ancient Caves,1.2,Food & Dining,4.5
Local Cooperative near Historic Shimla Ancient Caves,Historic Shimla Ancient Caves,2.4,Shopping,3.7
Local Market Corner near Historic Shimla Ancient Caves,Historic Shimla Ancient Caves,1.8,Local Market,4.0
Chai Villa Diner near Tranquil Temple of Shimla,Tranquil Temple of Shimla,1.6,Food & Dining,3.9
Traditional Bazaar near Tranquil Temple of Shimla,Tranquil Temple of Shimla,1.9,Shopping,4.7
Photography Spot near Tranquil Temple of Shimla,Tranquil Temple of Shimla,2.1,Activity,3.8
Annapurna Spot near Shimla Extreme Zip-line Valley,Shimla Extreme Zip-line Valley,0.1,Food & Dining,4.4
Artisans Market near Shimla Extreme Zip-line Valley,Shimla Extreme Zip-line Valley,3.2,Shopping,4.2
Sunset Deck near Shimla Extreme Zip-line Valley,Shimla Extreme Zip-line Valley,4.6,Activity,4.8
Annapurna Chaat Bhandar near Artistic Shimla Heritage Craft Complex,Artistic Shimla Heritage Craft Complex,0.6,Food & Dining,4.0
Local Bazaar near Artistic Shimla Heritage Craft Complex,Artistic Shimla Heritage Craft Complex,1.1,Shopping,3.8
Photography Spot near Artistic Shimla Heritage Craft Complex,Artistic Shimla Heritage Craft Complex,1.5,Viewpoint,3.9
Cafe Bakery near Bustling Cooperative Store of Shimla,Bustling Cooperative Store of Shimla,0.3,Food & Dining,3.9
Souvenir Cooperative near Bustling Cooperative Store of Shimla,Bustling Cooperative Store of Shimla,3.2,Shopping,4.5
Photography Spot near Bustling Cooperative Store of Shimla,Bustling Cooperative Store of Shimla,2.8,Viewpoint,4.0
Desi Diner near Shimla Culinary Historic Cafe,Shimla Culinary Historic Cafe,1.0,Food & Dining,4.2
Handicrafts Hub near Shimla Culinary Historic Cafe,Shimla Culinary Historic Cafe,2.5,Shopping,4.3
Cable Car Station near Shimla Culinary Historic Cafe,Shimla Culinary Historic Cafe,3.3,Activity,4.8
Laziz Chaat Bhandar near Infinity Shimla Art Gallery,Infinity Shimla Art Gallery,0.1,Food & Dining,4.5
Ethnic Emporium near Infinity Shimla Art Gallery,Infinity Shimla Art Gallery,1.3,Shopping,4.6
Transit Corner near Infinity Shimla Art Gallery,Infinity Shimla Art Gallery,0.4,Transit,4.5
Gourmet Treats near Serene Falls of Shimla,Serene Falls of Shimla,2.4,Food & Dining,3.9
Bustling Market near Serene Falls of Shimla,Serene Falls of Shimla,1.2,Shopping,3.6
Transit Corner near Serene Falls of Shimla,Serene Falls of Shimla,2.5,Transit,4.4
Cafe Dhaba near Shimla Sovereign Fort,Shimla Sovereign Fort,2.5,Food & Dining,4.6
Handicrafts Emporium near Shimla Sovereign Fort,Shimla Sovereign Fort,3.0,Shopping,4.4
Transit Corner near Shimla Sovereign Fort,Shimla Sovereign Fort,3.2,Transit,4.9
Bistro Spot near Tranquil Shimla Temple,Tranquil Shimla Temple,2.0,Food & Dining,4.1
Souvenir Cooperative near Tranquil Shimla Temple,Tranquil Shimla Temple,2.4,Shopping,3.6
Local Market Corner near Tranquil Shimla Temple,Tranquil Shimla Temple,2.1,Local Market,3.7
Bistro Chaat Bhandar near Extreme Rafting Camp of Shimla,Extreme Rafting Camp of Shimla,0.4,Food & Dining,4.1
Traditional Market near Extreme Rafting Camp of Shimla,Extreme Rafting Camp of Shimla,0.7,Shopping,4.0
Transit Corner near Extreme Rafting Camp of Shimla,Extreme Rafting Camp of Shimla,3.9,Transit,4.8
Gourmet Dhaba near Shimla Indigenous Folk Centre,Shimla Indigenous Folk Centre,0.5,Food & Dining,4.8
Souvenir Emporium near Shimla Indigenous Folk Centre,Shimla Indigenous Folk Centre,3.2,Shopping,4.6
Local Market Corner near Shimla Indigenous Folk Centre,Shimla Indigenous Folk Centre,2.6,Local Market,4.1
Street Bakery near Vibrant Shimla Emporium,Vibrant Shimla Emporium,0.9,Food & Dining,3.7
Artisans Market near Vibrant Shimla Emporium,Vibrant Shimla Emporium,2.2,Shopping,4.7
Walkway Park near Vibrant Shimla Emporium,Vibrant Shimla Emporium,1.5,Activity,4.1
Cafe Bakery near Delight Dhaba Zone of Shimla,Delight Dhaba Zone of Shimla,2.4,Food & Dining,4.6
Local Hub near Delight Dhaba Zone of Shimla,Delight Dhaba Zone of Shimla,3.4,Shopping,3.7
Cable Car Station near Delight Dhaba Zone of Shimla,Delight Dhaba Zone of Shimla,0.8,Activity,3.7
Royal Diner near Shimla Metro Aquarium,Shimla Metro Aquarium,2.4,Food & Dining,4.4
Traditional Corner near Shimla Metro Aquarium,Shimla Metro Aquarium,0.4,Shopping,4.8
Transit Corner near Shimla Metro Aquarium,Shimla Metro Aquarium,3.2,Transit,4.6
Royal Chaat Bhandar near Silver Shimla Cave,Silver Shimla Cave,1.6,Food & Dining,4.6
Central Market near Silver Shimla Cave,Silver Shimla Cave,2.8,Shopping,4.8
Local Market Corner near Silver Shimla Cave,Silver Shimla Cave,3.0,Local Market,4.1
Street Bakery near Grand Museum of Shimla,Grand Museum of Shimla,0.3,Food & Dining,4.2
Traditional Emporium near Grand Museum of Shimla,Grand Museum of Shimla,0.6,Shopping,4.3
Heritage Walk near Grand Museum of Shimla,Grand Museum of Shimla,1.1,Viewpoint,3.7
Desi Point near Shimla Tranquil Temple,Shimla Tranquil Temple,0.4,Food & Dining,3.6
Local Flea Market near Shimla Tranquil Temple,Shimla Tranquil Temple,0.5,Shopping,4.0
Local Market Corner near Shimla Tranquil Temple,Shimla Tranquil Temple,2.5,Local Market,4.8
Street Dhaba near Extreme Shimla Camping Ridge,Extreme Shimla Camping Ridge,0.7,Food & Dining,4.4
Central Market near Extreme Shimla Camping Ridge,Extreme Shimla Camping Ridge,2.8,Shopping,4.4
Hiking Point near Extreme Shimla Camping Ridge,Extreme Shimla Camping Ridge,2.0,Viewpoint,3.6
Annapurna Corner near Ethnic Art Village of Shimla,Ethnic Art Village of Shimla,0.9,Food & Dining,4.6
Central Emporium near Ethnic Art Village of Shimla,Ethnic Art Village of Shimla,3.2,Shopping,3.9
Adventure Cliff near Ethnic Art Village of Shimla,Ethnic Art Village of Shimla,4.1,Activity,4.5
Desi Point near Shimla Central Spices Corner,Shimla Central Spices Corner,1.4,Food & Dining,4.5
Souvenir Flea Market near Shimla Central Spices Corner,Shimla Central Spices Corner,0.5,Shopping,4.1
Walkway Park near Shimla Central Spices Corner,Shimla Central Spices Corner,4.7,Activity,4.3
Bistro Spot near Legacy Shimla Sweet Alley,Legacy Shimla Sweet Alley,0.5,Food & Dining,3.8
Handicrafts Emporium near Legacy Shimla Sweet Alley,Legacy Shimla Sweet Alley,0.4,Shopping,4.5
Transit Corner near Legacy Shimla Sweet Alley,Legacy Shimla Sweet Alley,0.6,Transit,4.7
Desi Bakery near Stellar Amusement Park of Shimla,Stellar Amusement Park of Shimla,0.6,Food & Dining,4.6
Local Corner near Stellar Amusement Park of Shimla,Stellar Amusement Park of Shimla,0.4,Shopping,3.6
Hiking Point near Stellar Amusement Park of Shimla,Stellar Amusement Park of Shimla,0.7,Viewpoint,4.1
Laziz Cafe near Shimla Emerald Sunset Point,Shimla Emerald Sunset Point,0.7,Food & Dining,3.7
Ethnic Hub near Shimla Emerald Sunset Point,Shimla Emerald Sunset Point,3.1,Shopping,4.3
Cable Car Station near Shimla Emerald Sunset Point,Shimla Emerald Sunset Point,2.6,Activity,3.6
Gourmet Corner near Victorian Shimla Gateway,Victorian Shimla Gateway,2.5,Food & Dining,4.1
Traditional Bazaar near Victorian Shimla Gateway,Victorian Shimla Gateway,2.4,Shopping,4.1
Local Market Corner near Victorian Shimla Gateway,Victorian Shimla Gateway,1.4,Local Market,5.0
Laziz Dhaba near Tranquil Temple of Shimla,Tranquil Temple of Shimla,2.0,Food & Dining,4.1
Bustling Market near Tranquil Temple of Shimla,Tranquil Temple of Shimla,1.6,Shopping,4.1
Transit Corner near Tranquil Temple of Shimla,Tranquil Temple of Shimla,2.3,Transit,3.9
Desi Corner near Shimla Extreme Paragliding Launch,Shimla Extreme Paragliding Launch,2.3,Food & Dining,3.9
Central Market near Shimla Extreme Paragliding Launch,Shimla Extreme Paragliding Launch,2.5,Shopping,4.3
Transit Corner near Shimla Extreme Paragliding Launch,Shimla Extreme Paragliding Launch,0.7,Transit,3.6
Bistro Corner near Classical Shimla Heritage Craft Complex,Classical Shimla Heritage Craft Complex,1.3,Food & Dining,4.7
Local Market near Classical Shimla Heritage Craft Complex,Classical Shimla Heritage Craft Complex,1.9,Shopping,4.2
Hiking Point near Classical Shimla Heritage Craft Complex,Classical Shimla Heritage Craft Complex,4.6,Viewpoint,4.8
Chai Villa Corner near Hidden Beach of Manali,Hidden Beach of Manali,0.4,Food & Dining,4.8
Souvenir Cooperative near Hidden Beach of Manali,Hidden Beach of Manali,2.8,Shopping,4.2
Transit Corner near Hidden Beach of Manali,Hidden Beach of Manali,2.1,Transit,3.7
Bistro Diner near Manali Imperial Tomb,Manali Imperial Tomb,0.4,Food & Dining,4.0
Handicrafts Bazaar near Manali Imperial Tomb,Manali Imperial Tomb,0.5,Shopping,3.5
Hiking Point near Manali Imperial Tomb,Manali Imperial Tomb,4.6,Viewpoint,4.7
Annapurna Cafe near Holy Manali Ashram,Holy Manali Ashram,1.4,Food & Dining,4.5
Artisans Arcade near Holy Manali Ashram,Holy Manali Ashram,1.4,Shopping,4.7
Transit Corner near Holy Manali Ashram,Holy Manali Ashram,4.4,Transit,4.4
Cafe Cafe near Summit Climbing Wall of Manali,Summit Climbing Wall of Manali,0.5,Food & Dining,3.6
Souvenir Market near Summit Climbing Wall of Manali,Summit Climbing Wall of Manali,2.4,Shopping,4.2
Local Market Corner near Summit Climbing Wall of Manali,Summit Climbing Wall of Manali,0.6,Local Market,4.1
Street Point near Manali Classical Amphitheatre,Manali Classical Amphitheatre,1.7,Food & Dining,3.7
Bustling Emporium near Manali Classical Amphitheatre,Manali Classical Amphitheatre,1.3,Shopping,4.3
Photography Spot near Manali Classical Amphitheatre,Manali Classical Amphitheatre,4.6,Activity,4.0
Annapurna Diner near Craft Manali Market,Craft Manali Market,0.5,Food & Dining,3.7
Traditional Market near Craft Manali Market,Craft Manali Market,2.4,Shopping,3.6
Adventure Cliff near Craft Manali Market,Craft Manali Market,3.2,Activity,4.4
Royal Spot near Flavors Spice Lane of Manali,Flavors Spice Lane of Manali,1.4,Food & Dining,4.8
Ethnic Flea Market near Flavors Spice Lane of Manali,Flavors Spice Lane of Manali,2.5,Shopping,3.6
Heritage Walk near Flavors Spice Lane of Manali,Flavors Spice Lane of Manali,4.5,Viewpoint,3.5
Street Diner near Manali Futuristic Science Arena,Manali Futuristic Science Arena,0.2,Food & Dining,4.3
Local Bazaar near Manali Futuristic Science Arena,Manali Futuristic Science Arena,3.3,Shopping,3.8
Local Market Corner near Manali Futuristic Science Arena,Manali Futuristic Science Arena,4.2,Local Market,4.4
Gourmet Cafe near Whispering Manali Wildlife Reserve,Whispering Manali Wildlife Reserve,1.6,Food & Dining,4.4
Artisans Flea Market near Whispering Manali Wildlife Reserve,Whispering Manali Wildlife Reserve,1.9,Shopping,3.9
Heritage Walk near Whispering Manali Wildlife Reserve,Whispering Manali Wildlife Reserve,3.6,Viewpoint,4.8
Gourmet Diner near Royal Palace of Manali,Royal Palace of Manali,1.6,Food & Dining,4.0
Central Bazaar near Royal Palace of Manali,Royal Palace of Manali,0.2,Shopping,4.6
Photography Spot near Royal Palace of Manali,Royal Palace of Manali,1.2,Viewpoint,4.7
Cafe Cafe near Manali Holy Ashram,Manali Holy Ashram,2.3,Food & Dining,4.6
Ethnic Arcade near Manali Holy Ashram,Manali Holy Ashram,0.4,Shopping,4.2
Cable Car Station near Manali Holy Ashram,Manali Holy Ashram,2.6,Activity,4.8
Annapurna Point near Summit Manali Safari Zone,Summit Manali Safari Zone,2.0,Food & Dining,4.2
Artisans Market near Summit Manali Safari Zone,Summit Manali Safari Zone,1.2,Shopping,4.6
Local Market Corner near Summit Manali Safari Zone,Summit Manali Safari Zone,2.1,Local Market,4.9
Cafe Kitchen near Legacy Cultural Theatre of Manali,Legacy Cultural Theatre of Manali,1.2,Food & Dining,4.7
Ethnic Bazaar near Legacy Cultural Theatre of Manali,Legacy Cultural Theatre of Manali,3.1,Shopping,4.7
Transit Corner near Legacy Cultural Theatre of Manali,Legacy Cultural Theatre of Manali,4.3,Transit,4.9
Desi Cafe near Manali Royal Shopping Arcade,Manali Royal Shopping Arcade,0.8,Food & Dining,4.8
Bustling Arcade near Manali Royal Shopping Arcade,Manali Royal Shopping Arcade,1.7,Shopping,3.6
Adventure Cliff near Manali Royal Shopping Arcade,Manali Royal Shopping Arcade,4.9,Activity,4.0
Desi Diner near Traditional Manali Gourmet Court,Traditional Manali Gourmet Court,1.7,Food & Dining,4.0
Bustling Corner near Traditional Manali Gourmet Court,Traditional Manali Gourmet Court,1.1,Shopping,3.8
Heritage Walk near Traditional Manali Gourmet Court,Traditional Manali Gourmet Court,2.8,Activity,4.1
Bistro Bakery near Cosmo Sky Deck of Manali,Cosmo Sky Deck of Manali,2.2,Food & Dining,3.9
Local Hub near Cosmo Sky Deck of Manali,Cosmo Sky Deck of Manali,2.8,Shopping,4.0
Local Market Corner near Cosmo Sky Deck of Manali,Cosmo Sky Deck of Manali,4.2,Local Market,3.8
Gourmet Point near Manali Golden Lake,Manali Golden Lake,2.1,Food & Dining,4.5
Local Corner near Manali Golden Lake,Manali Golden Lake,0.3,Shopping,4.6
Hiking Point near Manali Golden Lake,Manali Golden Lake,4.8,Viewpoint,4.6
The Spicy Treats near Historic Manali Heritage Centre,Historic Manali Heritage Centre,0.5,Food & Dining,4.9
Souvenir Flea Market near Historic Manali Heritage Centre,Historic Manali Heritage Centre,2.2,Shopping,3.6
Local Market Corner near Historic Manali Heritage Centre,Historic Manali Heritage Centre,4.8,Local Market,3.7
Royal Point near Holy Ashram of Manali,Holy Ashram of Manali,1.5,Food & Dining,3.7
Local Bazaar near Holy Ashram of Manali,Holy Ashram of Manali,0.4,Shopping,4.2
Boating Lake near Holy Ashram of Manali,Holy Ashram of Manali,2.3,Activity,4.2
Chai Villa Corner near Manali Summit Trekking Trail,Manali Summit Trekking Trail,1.6,Food & Dining,3.6
Local Flea Market near Manali Summit Trekking Trail,Manali Summit Trekking Trail,0.7,Shopping,4.2
Boating Lake near Manali Summit Trekking Trail,Manali Summit Trekking Trail,0.3,Activity,4.6
Street Dhaba near Creative Manali Traditional Bazaar,Creative Manali Traditional Bazaar,1.7,Food & Dining,3.7
Souvenir Market near Creative Manali Traditional Bazaar,Creative Manali Traditional Bazaar,0.4,Shopping,4.0
Walkway Park near Creative Manali Traditional Bazaar,Creative Manali Traditional Bazaar,3.6,Viewpoint,4.5
Street Cafe near Local Bazaar of Manali,Local Bazaar of Manali,1.1,Food & Dining,4.4
Bustling Corner near Local Bazaar of Manali,Local Bazaar of Manali,2.7,Shopping,4.0
Hiking Point near Local Bazaar of Manali,Local Bazaar of Manali,3.5,Viewpoint,4.2
The Spicy Cafe near Manali Savory Chaat Corner,Manali Savory Chaat Corner,2.1,Food & Dining,3.7
Local Hub near Manali Savory Chaat Corner,Manali Savory Chaat Corner,2.2,Shopping,3.5
Photography Spot near Manali Savory Chaat Corner,Manali Savory Chaat Corner,3.7,Activity,4.5
Bistro Spot near Apex Manali Planetarium,Apex Manali Planetarium,0.5,Food & Dining,4.2
Central Corner near Apex Manali Planetarium,Apex Manali Planetarium,1.4,Shopping,4.1
Transit Corner near Apex Manali Planetarium,Apex Manali Planetarium,1.2,Transit,5.0
Gourmet Cafe near Scenic Beach of Manali,Scenic Beach of Manali,0.6,Food & Dining,3.6
Central Arcade near Scenic Beach of Manali,Scenic Beach of Manali,1.2,Shopping,4.3
Local Market Corner near Scenic Beach of Manali,Scenic Beach of Manali,2.9,Local Market,4.2
Cafe Chaat Bhandar near Manali Sovereign Memorial,Manali Sovereign Memorial,2.0,Food & Dining,4.8
Souvenir Flea Market near Manali Sovereign Memorial,Manali Sovereign Memorial,0.6,Shopping,3.7
Heritage Walk near Manali Sovereign Memorial,Manali Sovereign Memorial,4.6,Activity,3.6
Bistro Bakery near Holy Manali Ashram,Holy Manali Ashram,0.5,Food & Dining,4.7
Local Bazaar near Holy Manali Ashram,Holy Manali Ashram,2.5,Shopping,4.8
Walkway Park near Holy Manali Ashram,Holy Manali Ashram,2.1,Activity,4.9
Street Spot near Summit Zip-line Valley of Manali,Summit Zip-line Valley of Manali,0.2,Food & Dining,3.7
Handicrafts Market near Summit Zip-line Valley of Manali,Summit Zip-line Valley of Manali,1.9,Shopping,4.3
Transit Corner near Summit Zip-line Valley of Manali,Summit Zip-line Valley of Manali,0.8,Transit,4.9
Desi Dhaba near Manali Folk Amphitheatre,Manali Folk Amphitheatre,1.4,Food & Dining,3.9
Ethnic Arcade near Manali Folk Amphitheatre,Manali Folk Amphitheatre,3.3,Shopping,4.8
Transit Corner near Manali Folk Amphitheatre,Manali Folk Amphitheatre,2.4,Transit,3.7
Cafe Treats near Traditional Manali Cooperative Store,Traditional Manali Cooperative Store,1.3,Food & Dining,4.5
Bustling Flea Market near Traditional Manali Cooperative Store,Traditional Manali Cooperative Store,3.4,Shopping,4.1
Adventure Cliff near Traditional Manali Cooperative Store,Traditional Manali Cooperative Store,0.5,Viewpoint,3.6
Bistro Point near Authentic Historic Cafe of Manali,Authentic Historic Cafe of Manali,2.0,Food & Dining,4.7
Central Cooperative near Authentic Historic Cafe of Manali,Authentic Historic Cafe of Manali,0.8,Shopping,4.2
Cable Car Station near Authentic Historic Cafe of Manali,Authentic Historic Cafe of Manali,2.9,Activity,4.9
The Spicy Diner near Manali Tech Art Gallery,Manali Tech Art Gallery,2.0,Food & Dining,3.8
Bustling Flea Market near Manali Tech Art Gallery,Manali Tech Art Gallery,3.5,Shopping,4.0
Transit Corner near Manali Tech Art Gallery,Manali Tech Art Gallery,2.4,Transit,3.7
Street Corner near Cloudy Manali Wildlife Reserve,Cloudy Manali Wildlife Reserve,2.4,Food & Dining,4.1
Bustling Market near Cloudy Manali Wildlife Reserve,Cloudy Manali Wildlife Reserve,1.5,Shopping,4.0
Transit Corner near Cloudy Manali Wildlife Reserve,Cloudy Manali Wildlife Reserve,0.7,Transit,3.9
Bistro Bakery near Grand Castle of Manali,Grand Castle of Manali,0.5,Food & Dining,4.4
Traditional Hub near Grand Castle of Manali,Grand Castle of Manali,0.3,Shopping,4.1
Boating Lake near Grand Castle of Manali,Grand Castle of Manali,4.9,Viewpoint,3.7
The Spicy Treats near Manali Holy Ashram,Manali Holy Ashram,0.3,Food & Dining,4.0
Bustling Bazaar near Manali Holy Ashram,Manali Holy Ashram,2.2,Shopping,4.0
Cable Car Station near Manali Holy Ashram,Manali Holy Ashram,1.3,Viewpoint,4.7
Street Point near Summit Manali Rafting Camp,Summit Manali Rafting Camp,2.1,Food & Dining,4.8
Local Corner near Summit Manali Rafting Camp,Summit Manali Rafting Camp,0.7,Shopping,4.1
Transit Corner near Summit Manali Rafting Camp,Summit Manali Rafting Camp,3.7,Transit,4.7
Gourmet Spot near Artistic Cultural Theatre of Manali,Artistic Cultural Theatre of Manali,0.1,Food & Dining,3.9
Traditional Market near Artistic Cultural Theatre of Manali,Artistic Cultural Theatre of Manali,0.6,Shopping,4.0
Photography Spot near Artistic Cultural Theatre of Manali,Artistic Cultural Theatre of Manali,2.7,Viewpoint,4.2
Annapurna Cafe near Manali Bustling Emporium,Manali Bustling Emporium,0.1,Food & Dining,3.9
Bustling Hub near Manali Bustling Emporium,Manali Bustling Emporium,0.5,Shopping,4.4
Local Market Corner near Manali Bustling Emporium,Manali Bustling Emporium,2.7,Local Market,4.8
Desi Treats near Culinary Manali Dhaba Zone,Culinary Manali Dhaba Zone,1.9,Food & Dining,4.8
Bustling Market near Culinary Manali Dhaba Zone,Culinary Manali Dhaba Zone,3.4,Shopping,3.7
Local Market Corner near Culinary Manali Dhaba Zone,Culinary Manali Dhaba Zone,3.0,Local Market,3.9
Desi Corner near Infinity Aquarium of Manali,Infinity Aquarium of Manali,0.3,Food & Dining,4.2
Central Cooperative near Infinity Aquarium of Manali,Infinity Aquarium of Manali,1.9,Shopping,4.7
Local Market Corner near Infinity Aquarium of Manali,Infinity Aquarium of Manali,1.0,Local Market,4.0
The Spicy Treats near Manali Hidden Lake,Manali Hidden Lake,1.8,Food & Dining,4.0
Handicrafts Market near Manali Hidden Lake,Manali Hidden Lake,2.6,Shopping,4.2
Cable Car Station near Manali Hidden Lake,Manali Hidden Lake,2.5,Viewpoint,4.1
Cafe Point near Victorian Manali Tomb,Victorian Manali Tomb,1.6,Food & Dining,4.6
Central Hub near Victorian Manali Tomb,Victorian Manali Tomb,1.6,Shopping,4.3
Transit Corner near Victorian Manali Tomb,Victorian Manali Tomb,1.4,Transit,4.7
Bistro Spot near Holy Ashram of Manali,Holy Ashram of Manali,2.5,Food & Dining,3.7
Artisans Hub near Holy Ashram of Manali,Holy Ashram of Manali,1.7,Shopping,3.5
Local Market Corner near Holy Ashram of Manali,Holy Ashram of Manali,4.6,Local Market,4.7
Cafe Treats near Manali Summit Camping Ridge,Manali Summit Camping Ridge,1.3,Food & Dining,4.4
Souvenir Flea Market near Manali Summit Camping Ridge,Manali Summit Camping Ridge,1.1,Shopping,4.8
Transit Corner near Manali Summit Camping Ridge,Manali Summit Camping Ridge,0.6,Transit,4.6
Bistro Treats near Indigenous Manali Traditional Bazaar,Indigenous Manali Traditional Bazaar,1.9,Food & Dining,4.2
Artisans Corner near Indigenous Manali Traditional Bazaar,Indigenous Manali Traditional Bazaar,1.8,Shopping,4.4
Local Market Corner near Indigenous Manali Traditional Bazaar,Indigenous Manali Traditional Bazaar,2.7,Local Market,3.5
Cafe Chaat Bhandar near Emerald Hills of Dharamshala,Emerald Hills of Dharamshala,0.7,Food & Dining,4.9
Central Market near Emerald Hills of Dharamshala,Emerald Hills of Dharamshala,2.5,Shopping,4.0
Transit Corner near Emerald Hills of Dharamshala,Emerald Hills of Dharamshala,4.5,Transit,3.6
Royal Corner near Dharamshala Imperial Gateway,Dharamshala Imperial Gateway,1.8,Food & Dining,4.2
Souvenir Arcade near Dharamshala Imperial Gateway,Dharamshala Imperial Gateway,0.6,Shopping,4.8
Local Market Corner near Dharamshala Imperial Gateway,Dharamshala Imperial Gateway,4.3,Local Market,3.5
Desi Dhaba near Eternal Dharamshala Mosque,Eternal Dharamshala Mosque,0.3,Food & Dining,3.9
Handicrafts Cooperative near Eternal Dharamshala Mosque,Eternal Dharamshala Mosque,2.0,Shopping,3.6
Transit Corner near Eternal Dharamshala Mosque,Eternal Dharamshala Mosque,3.2,Transit,4.8
Cafe Dhaba near Wild Paragliding Launch of Dharamshala,Wild Paragliding Launch of Dharamshala,2.4,Food & Dining,4.4
Central Emporium near Wild Paragliding Launch of Dharamshala,Wild Paragliding Launch of Dharamshala,1.6,Shopping,4.8
Transit Corner near Wild Paragliding Launch of Dharamshala,Wild Paragliding Launch of Dharamshala,1.8,Transit,4.0
Chai Villa Point near Dharamshala Indigenous Folk Centre,Dharamshala Indigenous Folk Centre,0.5,Food & Dining,3.8
Artisans Bazaar near Dharamshala Indigenous Folk Centre,Dharamshala Indigenous Folk Centre,3.4,Shopping,4.1
Local Market Corner near Dharamshala Indigenous Folk Centre,Dharamshala Indigenous Folk Centre,4.4,Local Market,4.9
Royal Spot near Vibrant Dharamshala Flea Market,Vibrant Dharamshala Flea Market,2.2,Food & Dining,4.0
Central Hub near Vibrant Dharamshala Flea Market,Vibrant Dharamshala Flea Market,2.9,Shopping,4.3
Local Market Corner near Vibrant Dharamshala Flea Market,Vibrant Dharamshala Flea Market,3.6,Local Market,4.3
Laziz Treats near Delight Food Street of Dharamshala,Delight Food Street of Dharamshala,0.6,Food & Dining,3.5
Ethnic Bazaar near Delight Food Street of Dharamshala,Delight Food Street of Dharamshala,2.7,Shopping,4.0
Hiking Point near Delight Food Street of Dharamshala,Delight Food Street of Dharamshala,2.2,Activity,4.9
The Spicy Kitchen near Dharamshala Metro Botanical Conservatory,Dharamshala Metro Botanical Conservatory,1.4,Food & Dining,4.2
Traditional Emporium near Dharamshala Metro Botanical Conservatory,Dharamshala Metro Botanical Conservatory,1.1,Shopping,3.5
Transit Corner near Dharamshala Metro Botanical Conservatory,Dharamshala Metro Botanical Conservatory,3.5,Transit,4.8
Cafe Kitchen near Silent Dharamshala Valley,Silent Dharamshala Valley,2.5,Food & Dining,3.5
Traditional Hub near Silent Dharamshala Valley,Silent Dharamshala Valley,3.4,Shopping,3.8
Transit Corner near Silent Dharamshala Valley,Silent Dharamshala Valley,3.2,Transit,4.8
Desi Treats near Royal Ruin of Dharamshala,Royal Ruin of Dharamshala,0.3,Food & Dining,4.3
Ethnic Cooperative near Royal Ruin of Dharamshala,Royal Ruin of Dharamshala,1.2,Shopping,4.6
Walkway Park near Royal Ruin of Dharamshala,Royal Ruin of Dharamshala,3.8,Activity,4.1
Chai Villa Kitchen near Dharamshala Eternal Mosque,Dharamshala Eternal Mosque,0.3,Food & Dining,4.9
Artisans Bazaar near Dharamshala Eternal Mosque,Dharamshala Eternal Mosque,0.4,Shopping,3.7
Adventure Cliff near Dharamshala Eternal Mosque,Dharamshala Eternal Mosque,2.3,Viewpoint,5.0
Cafe Chaat Bhandar near Wild Dharamshala Climbing Wall,Wild Dharamshala Climbing Wall,1.3,Food & Dining,4.3
Local Cooperative near Wild Dharamshala Climbing Wall,Wild Dharamshala Climbing Wall,1.4,Shopping,3.9
Local Market Corner near Wild Dharamshala Climbing Wall,Wild Dharamshala Climbing Wall,4.4,Local Market,4.6
The Spicy Cafe near Ethnic Art Village of Dharamshala,Ethnic Art Village of Dharamshala,2.0,Food & Dining,4.9
Ethnic Corner near Ethnic Art Village of Dharamshala,Ethnic Art Village of Dharamshala,1.9,Shopping,4.5
Transit Corner near Ethnic Art Village of Dharamshala,Ethnic Art Village of Dharamshala,2.0,Transit,4.6
Gourmet Chaat Bhandar near Dharamshala Central Market,Dharamshala Central Market,0.3,Food & Dining,4.1
Local Market near Dharamshala Central Market,Dharamshala Central Market,2.5,Shopping,4.6
Photography Spot near Dharamshala Central Market,Dharamshala Central Market,2.8,Viewpoint,4.6
Street Spot near Legacy Dharamshala Spice Lane,Legacy Dharamshala Spice Lane,2.5,Food & Dining,3.7
Local Hub near Legacy Dharamshala Spice Lane,Legacy Dharamshala Spice Lane,1.6,Shopping,3.5
Local Market Corner near Legacy Dharamshala Spice Lane,Legacy Dharamshala Spice Lane,1.5,Local Market,4.9
The Spicy Bakery near Stellar Science Arena of Dharamshala,Stellar Science Arena of Dharamshala,1.0,Food & Dining,3.9
Ethnic Flea Market near Stellar Science Arena of Dharamshala,Stellar Science Arena of Dharamshala,3.2,Shopping,3.6
Hiking Point near Stellar Science Arena of Dharamshala,Stellar Science Arena of Dharamshala,2.6,Activity,4.1
Gourmet Point near Dharamshala Mist-Clad River Confluence,Dharamshala Mist-Clad River Confluence,0.9,Food & Dining,4.5
Bustling Market near Dharamshala Mist-Clad River Confluence,Dharamshala Mist-Clad River Confluence,1.1,Shopping,4.1
Boating Lake near Dharamshala Mist-Clad River Confluence,Dharamshala Mist-Clad River Confluence,3.0,Viewpoint,4.6
The Spicy Treats near Historic Dharamshala Ancient Caves,Historic Dharamshala Ancient Caves,0.9,Food & Dining,4.4
Traditional Flea Market near Historic Dharamshala Ancient Caves,Historic Dharamshala Ancient Caves,3.3,Shopping,3.8
Walkway Park near Historic Dharamshala Ancient Caves,Historic Dharamshala Ancient Caves,0.8,Viewpoint,4.8
Bistro Chaat Bhandar near Eternal Mosque of Dharamshala,Eternal Mosque of Dharamshala,1.8,Food & Dining,4.8
Handicrafts Cooperative near Eternal Mosque of Dharamshala,Eternal Mosque of Dharamshala,2.1,Shopping,3.9
Transit Corner near Eternal Mosque of Dharamshala,Eternal Mosque of Dharamshala,3.9,Transit,4.9
Laziz Corner near Dharamshala Wild Safari Zone,Dharamshala Wild Safari Zone,0.1,Food & Dining,3.7
Traditional Corner near Dharamshala Wild Safari Zone,Dharamshala Wild Safari Zone,0.4,Shopping,4.6
Adventure Cliff near Dharamshala Wild Safari Zone,Dharamshala Wild Safari Zone,0.4,Activity,4.0
Royal Chaat Bhandar near Classical Dharamshala Heritage Craft Complex,Classical Dharamshala Heritage Craft Complex,2.2,Food & Dining,4.7
Traditional Arcade near Classical Dharamshala Heritage Craft Complex,Classical Dharamshala Heritage Craft Complex,3.1,Shopping,3.8
Cable Car Station near Classical Dharamshala Heritage Craft Complex,Classical Dharamshala Heritage Craft Complex,4.8,Viewpoint,4.5
The Spicy Spot near Craft Shopping Arcade of Dharamshala,Craft Shopping Arcade of Dharamshala,0.3,Food & Dining,3.6
Traditional Emporium near Craft Shopping Arcade of Dharamshala,Craft Shopping Arcade of Dharamshala,3.1,Shopping,4.2
Transit Corner near Craft Shopping Arcade of Dharamshala,Craft Shopping Arcade of Dharamshala,1.6,Transit,4.1
Gourmet Dhaba near Dharamshala Flavors Gourmet Court,Dharamshala Flavors Gourmet Court,2.0,Food & Dining,4.7
Handicrafts Corner near Dharamshala Flavors Gourmet Court,Dharamshala Flavors Gourmet Court,3.3,Shopping,4.4
Photography Spot near Dharamshala Flavors Gourmet Court,Dharamshala Flavors Gourmet Court,0.4,Viewpoint,4.6
The Spicy Bakery near Futuristic Dharamshala Sky Deck,Futuristic Dharamshala Sky Deck,2.4,Food & Dining,4.7
Artisans Corner near Futuristic Dharamshala Sky Deck,Futuristic Dharamshala Sky Deck,3.5,Shopping,4.6
Transit Corner near Futuristic Dharamshala Sky Deck,Futuristic Dharamshala Sky Deck,1.0,Transit,4.6
The Spicy Diner near Serene Hills of Dharamshala,Serene Hills of Dharamshala,0.4,Food & Dining,3.8
Souvenir Corner near Serene Hills of Dharamshala,Serene Hills of Dharamshala,2.0,Shopping,4.0
Photography Spot near Serene Hills of Dharamshala,Serene Hills of Dharamshala,2.2,Viewpoint,3.5
Desi Kitchen near Dharamshala Sovereign Fort,Dharamshala Sovereign Fort,1.0,Food & Dining,4.8
Traditional Hub near Dharamshala Sovereign Fort,Dharamshala Sovereign Fort,1.3,Shopping,4.6
Photography Spot near Dharamshala Sovereign Fort,Dharamshala Sovereign Fort,1.9,Viewpoint,4.7
Street Dhaba near Eternal Dharamshala Mosque,Eternal Dharamshala Mosque,2.1,Food & Dining,4.0
Local Corner near Eternal Dharamshala Mosque,Eternal Dharamshala Mosque,1.1,Shopping,4.7
Hiking Point near Eternal Dharamshala Mosque,Eternal Dharamshala Mosque,3.6,Viewpoint,4.8
The Spicy Diner near Wild Trekking Trail of Dharamshala,Wild Trekking Trail of Dharamshala,1.1,Food & Dining,4.5
Artisans Emporium near Wild Trekking Trail of Dharamshala,Wild Trekking Trail of Dharamshala,2.2,Shopping,3.8
Local Market Corner near Wild Trekking Trail of Dharamshala,Wild Trekking Trail of Dharamshala,3.6,Local Market,4.8
Bistro Diner near Dharamshala Legacy Folk Centre,Dharamshala Legacy Folk Centre,0.6,Food & Dining,3.6
Ethnic Bazaar near Dharamshala Legacy Folk Centre,Dharamshala Legacy Folk Centre,3.2,Shopping,3.5
Transit Corner near Dharamshala Legacy Folk Centre,Dharamshala Legacy Folk Centre,1.5,Transit,4.5
Desi Treats near Royal Dharamshala Bazaar,Royal Dharamshala Bazaar,0.4,Food & Dining,3.7
Handicrafts Cooperative near Royal Dharamshala Bazaar,Royal Dharamshala Bazaar,3.3,Shopping,4.7
Transit Corner near Royal Dharamshala Bazaar,Royal Dharamshala Bazaar,0.5,Transit,4.5
Street Cafe near Traditional Chaat Corner of Dharamshala,Traditional Chaat Corner of Dharamshala,2.1,Food & Dining,4.0
Ethnic Arcade near Traditional Chaat Corner of Dharamshala,Traditional Chaat Corner of Dharamshala,1.4,Shopping,4.7
Transit Corner near Traditional Chaat Corner of Dharamshala,Traditional Chaat Corner of Dharamshala,0.9,Transit,4.5
Desi Spot near Dharamshala Cosmo Planetarium,Dharamshala Cosmo Planetarium,1.3,Food & Dining,3.9
Artisans Market near Dharamshala Cosmo Planetarium,Dharamshala Cosmo Planetarium,2.6,Shopping,4.6
Transit Corner near Dharamshala Cosmo Planetarium,Dharamshala Cosmo Planetarium,2.6,Transit,4.1
Laziz Corner near Silver Dharamshala Valley,Silver Dharamshala Valley,0.9,Food & Dining,4.3
Handicrafts Arcade near Silver Dharamshala Valley,Silver Dharamshala Valley,2.2,Shopping,4.5
Heritage Walk near Silver Dharamshala Valley,Silver Dharamshala Valley,2.0,Activity,4.8
Royal Chaat Bhandar near Grand Museum of Dharamshala,Grand Museum of Dharamshala,2.1,Food & Dining,4.7
Local Arcade near Grand Museum of Dharamshala,Grand Museum of Dharamshala,2.6,Shopping,3.6
Heritage Walk near Grand Museum of Dharamshala,Grand Museum of Dharamshala,4.2,Activity,3.5
Street Dhaba near Dharamshala Eternal Mosque,Dharamshala Eternal Mosque,0.7,Food & Dining,3.5
Local Corner near Dharamshala Eternal Mosque,Dharamshala Eternal Mosque,1.6,Shopping,4.7
Transit Corner near Dharamshala Eternal Mosque,Dharamshala Eternal Mosque,3.4,Transit,4.6
Gourmet Bakery near Wild Dharamshala Zip-line Valley,Wild Dharamshala Zip-line Valley,2.3,Food & Dining,4.1
Handicrafts Cooperative near Wild Dharamshala Zip-line Valley,Wild Dharamshala Zip-line Valley,3.3,Shopping,3.6
Boating Lake near Wild Dharamshala Zip-line Valley,Wild Dharamshala Zip-line Valley,0.3,Activity,4.5
Desi Corner near Creative Art Village of Dharamshala,Creative Art Village of Dharamshala,1.9,Food & Dining,4.2
Local Corner near Creative Art Village of Dharamshala,Creative Art Village of Dharamshala,2.7,Shopping,4.2
Local Market Corner near Creative Art Village of Dharamshala,Creative Art Village of Dharamshala,0.8,Local Market,4.8
Street Dhaba near Dharamshala Local Cooperative Store,Dharamshala Local Cooperative Store,2.4,Food & Dining,3.9
Souvenir Market near Dharamshala Local Cooperative Store,Dharamshala Local Cooperative Store,1.6,Shopping,4.6
Hiking Point near Dharamshala Local Cooperative Store,Dharamshala Local Cooperative Store,1.4,Activity,4.4
Cafe Cafe near Savory Dharamshala Historic Cafe,Savory Dharamshala Historic Cafe,2.4,Food & Dining,3.6
Central Flea Market near Savory Dharamshala Historic Cafe,Savory Dharamshala Historic Cafe,3.4,Shopping,4.3
Local Market Corner near Savory Dharamshala Historic Cafe,Savory Dharamshala Historic Cafe,4.2,Local Market,5.0
Annapurna Cafe near Apex Art Gallery of Dharamshala,Apex Art Gallery of Dharamshala,0.8,Food & Dining,4.0
Artisans Flea Market near Apex Art Gallery of Dharamshala,Apex Art Gallery of Dharamshala,1.5,Shopping,4.2
Local Market Corner near Apex Art Gallery of Dharamshala,Apex Art Gallery of Dharamshala,1.3,Local Market,4.4
Royal Bakery near Dharamshala Emerald River Confluence,Dharamshala Emerald River Confluence,1.1,Food & Dining,3.8
Central Corner near Dharamshala Emerald River Confluence,Dharamshala Emerald River Confluence,3.4,Shopping,3.6
Heritage Walk near Dharamshala Emerald River Confluence,Dharamshala Emerald River Confluence,0.9,Activity,4.1
The Spicy Chaat Bhandar near Victorian Dharamshala Gateway,Victorian Dharamshala Gateway,0.9,Food & Dining,3.6
Souvenir Flea Market near Victorian Dharamshala Gateway,Victorian Dharamshala Gateway,2.5,Shopping,4.6
Heritage Walk near Victorian Dharamshala Gateway,Victorian Dharamshala Gateway,1.7,Activity,4.6
Bistro Corner near Eternal Mosque of Dharamshala,Eternal Mosque of Dharamshala,1.1,Food & Dining,3.6
Local Cooperative near Eternal Mosque of Dharamshala,Eternal Mosque of Dharamshala,3.0,Shopping,4.2
Transit Corner near Eternal Mosque of Dharamshala,Eternal Mosque of Dharamshala,0.9,Transit,4.1
Annapurna Corner near Dharamshala Wild Rafting Camp,Dharamshala Wild Rafting Camp,0.7,Food & Dining,3.6
Local Emporium near Dharamshala Wild Rafting Camp,Dharamshala Wild Rafting Camp,1.1,Shopping,4.5
Cable Car Station near Dharamshala Wild Rafting Camp,Dharamshala Wild Rafting Camp,2.5,Activity,4.1
Annapurna Chaat Bhandar near Folk Dharamshala Heritage Craft Complex,Folk Dharamshala Heritage Craft Complex,2.4,Food & Dining,3.8
Bustling Corner near Folk Dharamshala Heritage Craft Complex,Folk Dharamshala Heritage Craft Complex,3.3,Shopping,4.5
Heritage Walk near Folk Dharamshala Heritage Craft Complex,Folk Dharamshala Heritage Craft Complex,0.9,Activity,4.6
Desi Treats near Hidden Peak of Rishikesh,Hidden Peak of Rishikesh,2.1,Food & Dining,4.5
Central Cooperative near Hidden Peak of Rishikesh,Hidden Peak of Rishikesh,0.2,Shopping,4.3
Cable Car Station near Hidden Peak of Rishikesh,Hidden Peak of Rishikesh,1.2,Activity,4.4
Cafe Kitchen near Rishikesh Imperial Tomb,Rishikesh Imperial Tomb,0.3,Food & Dining,3.6
Central Cooperative near Rishikesh Imperial Tomb,Rishikesh Imperial Tomb,2.7,Shopping,4.2
Transit Corner near Rishikesh Imperial Tomb,Rishikesh Imperial Tomb,1.2,Transit,4.4
The Spicy Treats near Divine Rishikesh Gurudwara,Divine Rishikesh Gurudwara,0.6,Food & Dining,4.4
Bustling Arcade near Divine Rishikesh Gurudwara,Divine Rishikesh Gurudwara,1.5,Shopping,4.1
Local Market Corner near Divine Rishikesh Gurudwara,Divine Rishikesh Gurudwara,1.4,Local Market,4.9
Street Dhaba near Rogue Camping Ridge of Rishikesh,Rogue Camping Ridge of Rishikesh,1.6,Food & Dining,3.9
Local Emporium near Rogue Camping Ridge of Rishikesh,Rogue Camping Ridge of Rishikesh,1.4,Shopping,3.8
Local Market Corner near Rogue Camping Ridge of Rishikesh,Rogue Camping Ridge of Rishikesh,0.6,Local Market,3.5
Annapurna Diner near Rishikesh Folk Amphitheatre,Rishikesh Folk Amphitheatre,0.5,Food & Dining,4.6
Ethnic Corner near Rishikesh Folk Amphitheatre,Rishikesh Folk Amphitheatre,1.1,Shopping,4.5
Walkway Park near Rishikesh Folk Amphitheatre,Rishikesh Folk Amphitheatre,1.8,Activity,3.9
Annapurna Treats near Traditional Rishikesh Spices Corner,Traditional Rishikesh Spices Corner,1.2,Food & Dining,3.9
Traditional Corner near Traditional Rishikesh Spices Corner,Traditional Rishikesh Spices Corner,1.6,Shopping,3.7
Local Market Corner near Traditional Rishikesh Spices Corner,Traditional Rishikesh Spices Corner,2.0,Local Market,3.7
Royal Cafe near Authentic Sweet Alley of Rishikesh,Authentic Sweet Alley of Rishikesh,0.3,Food & Dining,4.4
Handicrafts Hub near Authentic Sweet Alley of Rishikesh,Authentic Sweet Alley of Rishikesh,1.2,Shopping,3.6
Walkway Park near Authentic Sweet Alley of Rishikesh,Authentic Sweet Alley of Rishikesh,3.4,Activity,4.1
Desi Cafe near Rishikesh Tech Amusement Park,Rishikesh Tech Amusement Park,1.3,Food & Dining,3.8
Local Corner near Rishikesh Tech Amusement Park,Rishikesh Tech Amusement Park,1.3,Shopping,4.2
Boating Lake near Rishikesh Tech Amusement Park,Rishikesh Tech Amusement Park,4.5,Viewpoint,4.2
Laziz Spot near Whispering Rishikesh Gardens,Whispering Rishikesh Gardens,1.8,Food & Dining,4.8
Handicrafts Flea Market near Whispering Rishikesh Gardens,Whispering Rishikesh Gardens,2.6,Shopping,4.2
Transit Corner near Whispering Rishikesh Gardens,Whispering Rishikesh Gardens,0.5,Transit,4.2
The Spicy Kitchen near Royal Palace of Rishikesh,Royal Palace of Rishikesh,1.8,Food & Dining,4.2
Souvenir Hub near Royal Palace of Rishikesh,Royal Palace of Rishikesh,3.4,Shopping,3.9
Hiking Point near Royal Palace of Rishikesh,Royal Palace of Rishikesh,0.6,Activity,3.9
Annapurna Diner near Rishikesh Divine Gurudwara,Rishikesh Divine Gurudwara,2.4,Food & Dining,4.4
Local Emporium near Rishikesh Divine Gurudwara,Rishikesh Divine Gurudwara,2.6,Shopping,4.0
Sunset Deck near Rishikesh Divine Gurudwara,Rishikesh Divine Gurudwara,1.0,Viewpoint,3.7
Chai Villa Kitchen near Rogue Rishikesh Paragliding Launch,Rogue Rishikesh Paragliding Launch,2.2,Food & Dining,4.7
Central Flea Market near Rogue Rishikesh Paragliding Launch,Rogue Rishikesh Paragliding Launch,1.2,Shopping,4.1
Local Market Corner near Rogue Rishikesh Paragliding Launch,Rogue Rishikesh Paragliding Launch,4.7,Local Market,4.4
Royal Point near Artistic Cultural Theatre of Rishikesh,Artistic Cultural Theatre of Rishikesh,0.5,Food & Dining,3.9
Bustling Hub near Artistic Cultural Theatre of Rishikesh,Artistic Cultural Theatre of Rishikesh,2.3,Shopping,4.5
Photography Spot near Artistic Cultural Theatre of Rishikesh,Artistic Cultural Theatre of Rishikesh,3.8,Viewpoint,3.6
Chai Villa Bakery near Rishikesh Bustling Flea Market,Rishikesh Bustling Flea Market,0.7,Food & Dining,4.6
Ethnic Corner near Rishikesh Bustling Flea Market,Rishikesh Bustling Flea Market,1.4,Shopping,3.9
Transit Corner near Rishikesh Bustling Flea Market,Rishikesh Bustling Flea Market,0.9,Transit,3.6
Cafe Point near Culinary Rishikesh Food Street,Culinary Rishikesh Food Street,1.3,Food & Dining,4.0
Traditional Arcade near Culinary Rishikesh Food Street,Culinary Rishikesh Food Street,2.0,Shopping,3.9
Hiking Point near Culinary Rishikesh Food Street,Culinary Rishikesh Food Street,1.3,Activity,3.9
Street Spot near Infinity Botanical Conservatory of Rishikesh,Infinity Botanical Conservatory of Rishikesh,0.8,Food & Dining,4.4
Traditional Arcade near Infinity Botanical Conservatory of Rishikesh,Infinity Botanical Conservatory of Rishikesh,0.9,Shopping,4.3
Boating Lake near Infinity Botanical Conservatory of Rishikesh,Infinity Botanical Conservatory of Rishikesh,3.8,Activity,4.7
The Spicy Point near Rishikesh Golden Meadow,Rishikesh Golden Meadow,2.2,Food & Dining,4.6
Central Emporium near Rishikesh Golden Meadow,Rishikesh Golden Meadow,2.6,Shopping,4.7
Boating Lake near Rishikesh Golden Meadow,Rishikesh Golden Meadow,4.2,Viewpoint,4.7
The Spicy Cafe near Historic Rishikesh Heritage Centre,Historic Rishikesh Heritage Centre,1.1,Food & Dining,4.0
Ethnic Hub near Historic Rishikesh Heritage Centre,Historic Rishikesh Heritage Centre,0.9,Shopping,4.4
Adventure Cliff near Historic Rishikesh Heritage Centre,Historic Rishikesh Heritage Centre,4.0,Activity,4.5
Gourmet Point near Divine Gurudwara of Rishikesh,Divine Gurudwara of Rishikesh,0.6,Food & Dining,3.6
Artisans Arcade near Divine Gurudwara of Rishikesh,Divine Gurudwara of Rishikesh,3.3,Shopping,3.7
Hiking Point near Divine Gurudwara of Rishikesh,Divine Gurudwara of Rishikesh,4.9,Activity,4.9
Chai Villa Corner near Rishikesh Rogue Climbing Wall,Rishikesh Rogue Climbing Wall,1.4,Food & Dining,4.4
Bustling Market near Rishikesh Rogue Climbing Wall,Rishikesh Rogue Climbing Wall,3.2,Shopping,4.0
Local Market Corner near Rishikesh Rogue Climbing Wall,Rishikesh Rogue Climbing Wall,0.5,Local Market,4.7
Gourmet Dhaba near Indigenous Rishikesh Traditional Bazaar,Indigenous Rishikesh Traditional Bazaar,0.2,Food & Dining,4.8
Artisans Cooperative near Indigenous Rishikesh Traditional Bazaar,Indigenous Rishikesh Traditional Bazaar,1.3,Shopping,4.7
Heritage Walk near Indigenous Rishikesh Traditional Bazaar,Indigenous Rishikesh Traditional Bazaar,4.2,Activity,4.4
Bistro Treats near Vibrant Market of Rishikesh,Vibrant Market of Rishikesh,0.5,Food & Dining,4.7
Central Flea Market near Vibrant Market of Rishikesh,Vibrant Market of Rishikesh,1.5,Shopping,4.5
Local Market Corner near Vibrant Market of Rishikesh,Vibrant Market of Rishikesh,1.5,Local Market,4.5
Bistro Kitchen near Rishikesh Delight Spice Lane,Rishikesh Delight Spice Lane,1.8,Food & Dining,4.8
Local Bazaar near Rishikesh Delight Spice Lane,Rishikesh Delight Spice Lane,1.4,Shopping,4.2
Local Market Corner near Rishikesh Delight Spice Lane,Rishikesh Delight Spice Lane,0.5,Local Market,4.9
Royal Kitchen near Metro Rishikesh Science Arena,Metro Rishikesh Science Arena,1.2,Food & Dining,3.6
Local Bazaar near Metro Rishikesh Science Arena,Metro Rishikesh Science Arena,3.1,Shopping,4.7
Photography Spot near Metro Rishikesh Science Arena,Metro Rishikesh Science Arena,3.1,Viewpoint,4.0
Annapurna Treats near Scenic Peak of Rishikesh,Scenic Peak of Rishikesh,0.2,Food & Dining,4.4
Artisans Cooperative near Scenic Peak of Rishikesh,Scenic Peak of Rishikesh,0.7,Shopping,4.8
Heritage Walk near Scenic Peak of Rishikesh,Scenic Peak of Rishikesh,3.9,Viewpoint,4.2
The Spicy Treats near Rishikesh Sovereign Memorial,Rishikesh Sovereign Memorial,2.0,Food & Dining,3.5
Souvenir Bazaar near Rishikesh Sovereign Memorial,Rishikesh Sovereign Memorial,1.8,Shopping,4.7
Adventure Cliff near Rishikesh Sovereign Memorial,Rishikesh Sovereign Memorial,1.0,Viewpoint,3.7
Chai Villa Bakery near Divine Rishikesh Gurudwara,Divine Rishikesh Gurudwara,0.9,Food & Dining,4.4
Ethnic Hub near Divine Rishikesh Gurudwara,Divine Rishikesh Gurudwara,1.9,Shopping,3.9
Transit Corner near Divine Rishikesh Gurudwara,Divine Rishikesh Gurudwara,2.6,Transit,4.5
Street Point near Rogue Safari Zone of Rishikesh,Rogue Safari Zone of Rishikesh,0.8,Food & Dining,4.9
Central Cooperative near Rogue Safari Zone of Rishikesh,Rogue Safari Zone of Rishikesh,3.2,Shopping,4.8
Transit Corner near Rogue Safari Zone of Rishikesh,Rogue Safari Zone of Rishikesh,2.3,Transit,4.9
Annapurna Cafe near Rishikesh Ethnic Amphitheatre,Rishikesh Ethnic Amphitheatre,2.2,Food & Dining,4.6
Bustling Cooperative near Rishikesh Ethnic Amphitheatre,Rishikesh Ethnic Amphitheatre,3.3,Shopping,4.6
Sunset Deck near Rishikesh Ethnic Amphitheatre,Rishikesh Ethnic Amphitheatre,2.2,Activity,4.8
Desi Corner near Central Rishikesh Shopping Arcade,Central Rishikesh Shopping Arcade,1.5,Food & Dining,4.5
Traditional Bazaar near Central Rishikesh Shopping Arcade,Central Rishikesh Shopping Arcade,0.5,Shopping,3.8
Local Market Corner near Central Rishikesh Shopping Arcade,Central Rishikesh Shopping Arcade,2.5,Local Market,3.7
Royal Point near Legacy Gourmet Court of Rishikesh,Legacy Gourmet Court of Rishikesh,1.6,Food & Dining,3.9
Bustling Bazaar near Legacy Gourmet Court of Rishikesh,Legacy Gourmet Court of Rishikesh,3.3,Shopping,3.8
Photography Spot near Legacy Gourmet Court of Rishikesh,Legacy Gourmet Court of Rishikesh,1.0,Activity,3.7
Cafe Point near Rishikesh Stellar Sky Deck,Rishikesh Stellar Sky Deck,1.1,Food & Dining,3.9
Souvenir Hub near Rishikesh Stellar Sky Deck,Rishikesh Stellar Sky Deck,2.8,Shopping,4.1
Local Market Corner near Rishikesh Stellar Sky Deck,Rishikesh Stellar Sky Deck,1.9,Local Market,4.6
Chai Villa Diner near Cloudy Rishikesh Gardens,Cloudy Rishikesh Gardens,1.3,Food & Dining,3.8
Handicrafts Bazaar near Cloudy Rishikesh Gardens,Cloudy Rishikesh Gardens,2.1,Shopping,3.8
Cable Car Station near Cloudy Rishikesh Gardens,Cloudy Rishikesh Gardens,3.1,Activity,3.9
Gourmet Diner near Grand Castle of Rishikesh,Grand Castle of Rishikesh,1.2,Food & Dining,4.0
Traditional Emporium near Grand Castle of Rishikesh,Grand Castle of Rishikesh,2.9,Shopping,4.6
Boating Lake near Grand Castle of Rishikesh,Grand Castle of Rishikesh,3.2,Viewpoint,4.6
Cafe Kitchen near Rishikesh Divine Gurudwara,Rishikesh Divine Gurudwara,0.4,Food & Dining,3.9
Handicrafts Flea Market near Rishikesh Divine Gurudwara,Rishikesh Divine Gurudwara,0.4,Shopping,4.2
Transit Corner near Rishikesh Divine Gurudwara,Rishikesh Divine Gurudwara,4.5,Transit,5.0
Street Chaat Bhandar near Rogue Rishikesh Trekking Trail,Rogue Rishikesh Trekking Trail,0.2,Food & Dining,3.7
Bustling Bazaar near Rogue Rishikesh Trekking Trail,Rogue Rishikesh Trekking Trail,3.3,Shopping,4.7
Adventure Cliff near Rogue Rishikesh Trekking Trail,Rogue Rishikesh Trekking Trail,4.4,Viewpoint,3.7
Cafe Bakery near Classical Cultural Theatre of Rishikesh,Classical Cultural Theatre of Rishikesh,2.0,Food & Dining,4.4
Central Bazaar near Classical Cultural Theatre of Rishikesh,Classical Cultural Theatre of Rishikesh,0.9,Shopping,4.6
Heritage Walk near Classical Cultural Theatre of Rishikesh,Classical Cultural Theatre of Rishikesh,2.7,Viewpoint,4.8
Street Spot near Rishikesh Craft Bazaar,Rishikesh Craft Bazaar,0.6,Food & Dining,4.4
Handicrafts Corner near Rishikesh Craft Bazaar,Rishikesh Craft Bazaar,1.9,Shopping,4.3
Sunset Deck near Rishikesh Craft Bazaar,Rishikesh Craft Bazaar,2.1,Viewpoint,4.6
The Spicy Cafe near Flavors Rishikesh Chaat Corner,Flavors Rishikesh Chaat Corner,1.9,Food & Dining,3.9
Artisans Bazaar near Flavors Rishikesh Chaat Corner,Flavors Rishikesh Chaat Corner,2.5,Shopping,3.9
Transit Corner near Flavors Rishikesh Chaat Corner,Flavors Rishikesh Chaat Corner,4.8,Transit,3.6
Gourmet Bakery near Futuristic Planetarium of Rishikesh,Futuristic Planetarium of Rishikesh,0.1,Food & Dining,4.4
Traditional Market near Futuristic Planetarium of Rishikesh,Futuristic Planetarium of Rishikesh,3.0,Shopping,3.8
Walkway Park near Futuristic Planetarium of Rishikesh,Futuristic Planetarium of Rishikesh,1.1,Activity,4.1
Annapurna Dhaba near Rishikesh Hidden Meadow,Rishikesh Hidden Meadow,1.2,Food & Dining,4.0
Artisans Flea Market near Rishikesh Hidden Meadow,Rishikesh Hidden Meadow,2.0,Shopping,4.0
Transit Corner near Rishikesh Hidden Meadow,Rishikesh Hidden Meadow,4.2,Transit,3.6
Street Bakery near Victorian Rishikesh Tomb,Victorian Rishikesh Tomb,1.8,Food & Dining,3.6
Bustling Hub near Victorian Rishikesh Tomb,Victorian Rishikesh Tomb,3.0,Shopping,3.8
Cable Car Station near Victorian Rishikesh Tomb,Victorian Rishikesh Tomb,2.3,Activity,4.8
Cafe Bakery near Divine Gurudwara of Rishikesh,Divine Gurudwara of Rishikesh,2.2,Food & Dining,4.3
Local Flea Market near Divine Gurudwara of Rishikesh,Divine Gurudwara of Rishikesh,3.1,Shopping,3.6
Cable Car Station near Divine Gurudwara of Rishikesh,Divine Gurudwara of Rishikesh,0.5,Viewpoint,4.4
Chai Villa Diner near Rishikesh Rogue Zip-line Valley,Rishikesh Rogue Zip-line Valley,1.4,Food & Dining,4.6
Traditional Cooperative near Rishikesh Rogue Zip-line Valley,Rishikesh Rogue Zip-line Valley,3.0,Shopping,3.8
Sunset Deck near Rishikesh Rogue Zip-line Valley,Rishikesh Rogue Zip-line Valley,0.8,Viewpoint,4.2
Desi Dhaba near Legacy Rishikesh Traditional Bazaar,Legacy Rishikesh Traditional Bazaar,0.2,Food & Dining,4.1
Souvenir Hub near Legacy Rishikesh Traditional Bazaar,Legacy Rishikesh Traditional Bazaar,3.1,Shopping,4.5
Local Market Corner near Legacy Rishikesh Traditional Bazaar,Legacy Rishikesh Traditional Bazaar,0.8,Local Market,4.4
Cafe Diner near Emerald Falls of Nainital,Emerald Falls of Nainital,0.6,Food & Dining,4.2
Traditional Arcade near Emerald Falls of Nainital,Emerald Falls of Nainital,0.7,Shopping,4.3
Sunset Deck near Emerald Falls of Nainital,Emerald Falls of Nainital,1.9,Activity,4.8
Laziz Kitchen near Nainital Imperial Gateway,Nainital Imperial Gateway,2.3,Food & Dining,4.4
Handicrafts Flea Market near Nainital Imperial Gateway,Nainital Imperial Gateway,2.1,Shopping,3.7
Photography Spot near Nainital Imperial Gateway,Nainital Imperial Gateway,1.4,Viewpoint,4.6
Annapurna Dhaba near Sacred Nainital Shrine,Sacred Nainital Shrine,1.3,Food & Dining,4.7
Central Hub near Sacred Nainital Shrine,Sacred Nainital Shrine,0.4,Shopping,4.3
Local Market Corner near Sacred Nainital Shrine,Sacred Nainital Shrine,1.0,Local Market,4.4
Bistro Diner near Apex Rafting Camp of Nainital,Apex Rafting Camp of Nainital,0.5,Food & Dining,4.8
Bustling Market near Apex Rafting Camp of Nainital,Apex Rafting Camp of Nainital,3.0,Shopping,3.7
Boating Lake near Apex Rafting Camp of Nainital,Apex Rafting Camp of Nainital,3.4,Viewpoint,5.0
Annapurna Dhaba near Nainital Legacy Folk Centre,Nainital Legacy Folk Centre,1.4,Food & Dining,4.4
Local Arcade near Nainital Legacy Folk Centre,Nainital Legacy Folk Centre,1.5,Shopping,4.7
Boating Lake near Nainital Legacy Folk Centre,Nainital Legacy Folk Centre,1.6,Activity,3.5
Royal Diner near Royal Nainital Emporium,Royal Nainital Emporium,0.9,Food & Dining,4.9
Handicrafts Corner near Royal Nainital Emporium,Royal Nainital Emporium,0.4,Shopping,4.1
Transit Corner near Royal Nainital Emporium,Royal Nainital Emporium,0.6,Transit,4.8
Gourmet Diner near Traditional Dhaba Zone of Nainital,Traditional Dhaba Zone of Nainital,0.5,Food & Dining,4.5
Central Flea Market near Traditional Dhaba Zone of Nainital,Traditional Dhaba Zone of Nainital,0.6,Shopping,3.9
Local Market Corner near Traditional Dhaba Zone of Nainital,Traditional Dhaba Zone of Nainital,1.5,Local Market,4.5
Annapurna Diner near Nainital Cosmo Aquarium,Nainital Cosmo Aquarium,1.9,Food & Dining,4.5
Ethnic Cooperative near Nainital Cosmo Aquarium,Nainital Cosmo Aquarium,0.8,Shopping,3.6
Local Market Corner near Nainital Cosmo Aquarium,Nainital Cosmo Aquarium,4.7,Local Market,4.2
Cafe Chaat Bhandar near Silent Nainital Cave,Silent Nainital Cave,0.9,Food & Dining,4.7
Bustling Cooperative near Silent Nainital Cave,Silent Nainital Cave,0.7,Shopping,4.4
Photography Spot near Silent Nainital Cave,Silent Nainital Cave,1.3,Activity,4.0
Royal Diner near Royal Ruin of Nainital,Royal Ruin of Nainital,0.8,Food & Dining,3.6
Handicrafts Cooperative near Royal Ruin of Nainital,Royal Ruin of Nainital,2.3,Shopping,3.7
Local Market Corner near Royal Ruin of Nainital,Royal Ruin of Nainital,4.3,Local Market,5.0
Bistro Spot near Nainital Sacred Shrine,Nainital Sacred Shrine,0.9,Food & Dining,4.8
Local Bazaar near Nainital Sacred Shrine,Nainital Sacred Shrine,0.3,Shopping,4.2
Adventure Cliff near Nainital Sacred Shrine,Nainital Sacred Shrine,3.9,Activity,3.9
The Spicy Chaat Bhandar near Apex Nainital Camping Ridge,Apex Nainital Camping Ridge,0.3,Food & Dining,4.3
Artisans Arcade near Apex Nainital Camping Ridge,Apex Nainital Camping Ridge,1.0,Shopping,4.1
Sunset Deck near Apex Nainital Camping Ridge,Apex Nainital Camping Ridge,3.7,Viewpoint,4.5
Desi Bakery near Creative Art Village of Nainital,Creative Art Village of Nainital,2.1,Food & Dining,4.6
Local Flea Market near Creative Art Village of Nainital,Creative Art Village of Nainital,0.8,Shopping,4.5
Photography Spot near Creative Art Village of Nainital,Creative Art Village of Nainital,4.8,Viewpoint,4.2
Laziz Corner near Nainital Local Spices Corner,Nainital Local Spices Corner,1.4,Food & Dining,4.6
Central Corner near Nainital Local Spices Corner,Nainital Local Spices Corner,3.5,Shopping,4.0
Cable Car Station near Nainital Local Spices Corner,Nainital Local Spices Corner,0.6,Activity,3.8
Cafe Bakery near Savory Nainital Sweet Alley,Savory Nainital Sweet Alley,1.4,Food & Dining,3.6
Local Market near Savory Nainital Sweet Alley,Savory Nainital Sweet Alley,1.4,Shopping,4.7
Local Market Corner near Savory Nainital Sweet Alley,Savory Nainital Sweet Alley,4.9,Local Market,3.9
Desi Corner near Apex Amusement Park of Nainital,Apex Amusement Park of Nainital,0.7,Food & Dining,3.5
Bustling Market near Apex Amusement Park of Nainital,Apex Amusement Park of Nainital,0.9,Shopping,4.5
Transit Corner near Apex Amusement Park of Nainital,Apex Amusement Park of Nainital,0.7,Transit,4.3
Laziz Spot near Nainital Mist-Clad Sunset Point,Nainital Mist-Clad Sunset Point,1.9,Food & Dining,4.6
Ethnic Market near Nainital Mist-Clad Sunset Point,Nainital Mist-Clad Sunset Point,2.5,Shopping,3.7
Adventure Cliff near Nainital Mist-Clad Sunset Point,Nainital Mist-Clad Sunset Point,2.1,Activity,3.6
Laziz Chaat Bhandar near Historic Nainital Ancient Caves,Historic Nainital Ancient Caves,1.8,Food & Dining,3.6
Local Cooperative near Historic Nainital Ancient Caves,Historic Nainital Ancient Caves,1.8,Shopping,4.7
Transit Corner near Historic Nainital Ancient Caves,Historic Nainital Ancient Caves,2.3,Transit,3.5
Chai Villa Corner near Sacred Shrine of Nainital,Sacred Shrine of Nainital,2.0,Food & Dining,3.6
Central Flea Market near Sacred Shrine of Nainital,Sacred Shrine of Nainital,2.5,Shopping,3.9
Heritage Walk near Sacred Shrine of Nainital,Sacred Shrine of Nainital,2.0,Viewpoint,4.0
Laziz Bakery near Nainital Apex Paragliding Launch,Nainital Apex Paragliding Launch,0.9,Food & Dining,3.9
Bustling Market near Nainital Apex Paragliding Launch,Nainital Apex Paragliding Launch,1.8,Shopping,3.6
Local Market Corner near Nainital Apex Paragliding Launch,Nainital Apex Paragliding Launch,2.2,Local Market,4.3
Bistro Spot near Folk Nainital Heritage Craft Complex,Folk Nainital Heritage Craft Complex,0.7,Food & Dining,3.7
Souvenir Cooperative near Folk Nainital Heritage Craft Complex,Folk Nainital Heritage Craft Complex,2.1,Shopping,3.8
Heritage Walk near Folk Nainital Heritage Craft Complex,Folk Nainital Heritage Craft Complex,4.5,Activity,4.4
Bistro Dhaba near Traditional Flea Market of Nainital,Traditional Flea Market of Nainital,1.5,Food & Dining,3.8
Local Cooperative near Traditional Flea Market of Nainital,Traditional Flea Market of Nainital,0.9,Shopping,3.8
Photography Spot near Traditional Flea Market of Nainital,Traditional Flea Market of Nainital,1.0,Viewpoint,4.7
Gourmet Treats near Nainital Authentic Food Street,Nainital Authentic Food Street,0.7,Food & Dining,3.7
Traditional Emporium near Nainital Authentic Food Street,Nainital Authentic Food Street,0.4,Shopping,4.5
Hiking Point near Nainital Authentic Food Street,Nainital Authentic Food Street,0.6,Activity,4.3
Desi Cafe near Tech Nainital Botanical Conservatory,Tech Nainital Botanical Conservatory,0.7,Food & Dining,3.8
Local Corner near Tech Nainital Botanical Conservatory,Tech Nainital Botanical Conservatory,2.8,Shopping,3.6
Heritage Walk near Tech Nainital Botanical Conservatory,Tech Nainital Botanical Conservatory,2.9,Viewpoint,4.9
Desi Corner near Serene Falls of Nainital,Serene Falls of Nainital,2.5,Food & Dining,4.4
Artisans Hub near Serene Falls of Nainital,Serene Falls of Nainital,3.1,Shopping,3.8
Sunset Deck near Serene Falls of Nainital,Serene Falls of Nainital,0.8,Activity,4.1
Street Treats near Nainital Sovereign Fort,Nainital Sovereign Fort,2.1,Food & Dining,3.6
Traditional Corner near Nainital Sovereign Fort,Nainital Sovereign Fort,0.3,Shopping,3.8
Local Market Corner near Nainital Sovereign Fort,Nainital Sovereign Fort,1.4,Local Market,4.4
Gourmet Kitchen near Sacred Nainital Shrine,Sacred Nainital Shrine,1.6,Food & Dining,4.5
Souvenir Cooperative near Sacred Nainital Shrine,Sacred Nainital Shrine,2.2,Shopping,4.7
Transit Corner near Sacred Nainital Shrine,Sacred Nainital Shrine,3.6,Transit,4.0
Gourmet Corner near Apex Climbing Wall of Nainital,Apex Climbing Wall of Nainital,1.2,Food & Dining,3.6
Traditional Corner near Apex Climbing Wall of Nainital,Apex Climbing Wall of Nainital,3.2,Shopping,4.7
Cable Car Station near Apex Climbing Wall of Nainital,Apex Climbing Wall of Nainital,0.5,Viewpoint,4.9
Cafe Kitchen near Nainital Artistic Folk Centre,Nainital Artistic Folk Centre,1.2,Food & Dining,4.7
Local Bazaar near Nainital Artistic Folk Centre,Nainital Artistic Folk Centre,3.1,Shopping,4.6
Local Market Corner near Nainital Artistic Folk Centre,Nainital Artistic Folk Centre,3.5,Local Market,4.1
Gourmet Bakery near Bustling Nainital Market,Bustling Nainital Market,1.8,Food & Dining,4.3
Artisans Corner near Bustling Nainital Market,Bustling Nainital Market,0.9,Shopping,4.7
Adventure Cliff near Bustling Nainital Market,Bustling Nainital Market,0.4,Viewpoint,4.3
Street Chaat Bhandar near Culinary Spice Lane of Nainital,Culinary Spice Lane of Nainital,1.2,Food & Dining,3.6
Souvenir Corner near Culinary Spice Lane of Nainital,Culinary Spice Lane of Nainital,2.6,Shopping,4.7
Local Market Corner near Culinary Spice Lane of Nainital,Culinary Spice Lane of Nainital,1.3,Local Market,3.5
Desi Diner near Nainital Infinity Science Arena,Nainital Infinity Science Arena,0.5,Food & Dining,4.2
Handicrafts Hub near Nainital Infinity Science Arena,Nainital Infinity Science Arena,0.8,Shopping,4.0
Hiking Point near Nainital Infinity Science Arena,Nainital Infinity Science Arena,4.8,Viewpoint,4.1
Royal Cafe near Silver Nainital Cave,Silver Nainital Cave,0.4,Food & Dining,4.8
Souvenir Hub near Silver Nainital Cave,Silver Nainital Cave,3.3,Shopping,4.6
Transit Corner near Silver Nainital Cave,Silver Nainital Cave,2.5,Transit,4.0
Street Diner near Grand Museum of Nainital,Grand Museum of Nainital,1.1,Food & Dining,3.8
Local Arcade near Grand Museum of Nainital,Grand Museum of Nainital,0.6,Shopping,4.4
Local Market Corner near Grand Museum of Nainital,Grand Museum of Nainital,1.8,Local Market,4.4
Cafe Cafe near Nainital Sacred Shrine,Nainital Sacred Shrine,1.1,Food & Dining,4.4
Ethnic Market near Nainital Sacred Shrine,Nainital Sacred Shrine,0.7,Shopping,4.6
Hiking Point near Nainital Sacred Shrine,Nainital Sacred Shrine,4.3,Activity,4.1
Cafe Kitchen near Apex Nainital Safari Zone,Apex Nainital Safari Zone,0.9,Food & Dining,3.8
Souvenir Bazaar near Apex Nainital Safari Zone,Apex Nainital Safari Zone,1.8,Shopping,4.4
Sunset Deck near Apex Nainital Safari Zone,Apex Nainital Safari Zone,2.7,Viewpoint,3.7
Street Dhaba near Indigenous Art Village of Nainital,Indigenous Art Village of Nainital,1.2,Food & Dining,4.8
Central Flea Market near Indigenous Art Village of Nainital,Indigenous Art Village of Nainital,1.4,Shopping,4.3
Walkway Park near Indigenous Art Village of Nainital,Indigenous Art Village of Nainital,1.1,Viewpoint,4.3
Chai Villa Bakery near Nainital Vibrant Shopping Arcade,Nainital Vibrant Shopping Arcade,2.3,Food & Dining,3.7
Local Bazaar near Nainital Vibrant Shopping Arcade,Nainital Vibrant Shopping Arcade,0.5,Shopping,4.1
Photography Spot near Nainital Vibrant Shopping Arcade,Nainital Vibrant Shopping Arcade,1.2,Activity,4.3
The Spicy Diner near Delight Nainital Gourmet Court,Delight Nainital Gourmet Court,1.4,Food & Dining,4.2
Central Flea Market near Delight Nainital Gourmet Court,Delight Nainital Gourmet Court,2.1,Shopping,4.4
Local Market Corner near Delight Nainital Gourmet Court,Delight Nainital Gourmet Court,3.8,Local Market,3.8
Cafe Cafe near Metro Sky Deck of Nainital,Metro Sky Deck of Nainital,1.8,Food & Dining,3.6
Souvenir Bazaar near Metro Sky Deck of Nainital,Metro Sky Deck of Nainital,2.9,Shopping,4.5
Local Market Corner near Metro Sky Deck of Nainital,Metro Sky Deck of Nainital,3.8,Local Market,4.8
Gourmet Bakery near Nainital Emerald Sunset Point,Nainital Emerald Sunset Point,1.2,Food & Dining,3.5
Ethnic Flea Market near Nainital Emerald Sunset Point,Nainital Emerald Sunset Point,2.9,Shopping,4.2
Transit Corner near Nainital Emerald Sunset Point,Nainital Emerald Sunset Point,1.3,Transit,3.8
Annapurna Kitchen near Victorian Nainital Gateway,Victorian Nainital Gateway,0.3,Food & Dining,4.8
Handicrafts Cooperative near Victorian Nainital Gateway,Victorian Nainital Gateway,3.4,Shopping,3.7
Walkway Park near Victorian Nainital Gateway,Victorian Nainital Gateway,1.6,Viewpoint,4.5
Desi Point near Sacred Shrine of Nainital,Sacred Shrine of Nainital,2.4,Food & Dining,4.3
Central Flea Market near Sacred Shrine of Nainital,Sacred Shrine of Nainital,3.4,Shopping,3.8
Transit Corner near Sacred Shrine of Nainital,Sacred Shrine of Nainital,1.2,Transit,4.5
Cafe Bakery near Nainital Apex Trekking Trail,Nainital Apex Trekking Trail,0.2,Food & Dining,4.7
Local Arcade near Nainital Apex Trekking Trail,Nainital Apex Trekking Trail,2.1,Shopping,4.2
Local Market Corner near Nainital Apex Trekking Trail,Nainital Apex Trekking Trail,4.7,Local Market,4.3
Cafe Corner near Ethnic Nainital Heritage Craft Complex,Ethnic Nainital Heritage Craft Complex,0.9,Food & Dining,4.0
Artisans Hub near Ethnic Nainital Heritage Craft Complex,Ethnic Nainital Heritage Craft Complex,1.1,Shopping,3.9
Cable Car Station near Ethnic Nainital Heritage Craft Complex,Ethnic Nainital Heritage Craft Complex,1.2,Viewpoint,3.6
Annapurna Chaat Bhandar near Hidden Beach of Mussoorie,Hidden Beach of Mussoorie,0.8,Food & Dining,3.6
Bustling Bazaar near Hidden Beach of Mussoorie,Hidden Beach of Mussoorie,1.2,Shopping,3.7
Walkway Park near Hidden Beach of Mussoorie,Hidden Beach of Mussoorie,4.6,Activity,4.3
Desi Diner near Mussoorie Imperial Tomb,Mussoorie Imperial Tomb,1.5,Food & Dining,4.4
Souvenir Hub near Mussoorie Imperial Tomb,Mussoorie Imperial Tomb,1.6,Shopping,3.8
Transit Corner near Mussoorie Imperial Tomb,Mussoorie Imperial Tomb,2.5,Transit,4.4
Annapurna Bakery near Golden Mussoorie Church,Golden Mussoorie Church,0.1,Food & Dining,3.9
Bustling Bazaar near Golden Mussoorie Church,Golden Mussoorie Church,0.6,Shopping,4.6
Cable Car Station near Golden Mussoorie Church,Golden Mussoorie Church,2.3,Viewpoint,3.5
Chai Villa Corner near Gorge Zip-line Valley of Mussoorie,Gorge Zip-line Valley of Mussoorie,0.4,Food & Dining,4.8
Bustling Hub near Gorge Zip-line Valley of Mussoorie,Gorge Zip-line Valley of Mussoorie,0.3,Shopping,3.9
Transit Corner near Gorge Zip-line Valley of Mussoorie,Gorge Zip-line Valley of Mussoorie,1.3,Transit,3.5
Laziz Treats near Mussoorie Ethnic Amphitheatre,Mussoorie Ethnic Amphitheatre,1.3,Food & Dining,3.6
Central Cooperative near Mussoorie Ethnic Amphitheatre,Mussoorie Ethnic Amphitheatre,0.7,Shopping,4.6
Local Market Corner near Mussoorie Ethnic Amphitheatre,Mussoorie Ethnic Amphitheatre,2.0,Local Market,4.3
The Spicy Corner near Central Mussoorie Cooperative Store,Central Mussoorie Cooperative Store,0.1,Food & Dining,3.7
Local Market near Central Mussoorie Cooperative Store,Central Mussoorie Cooperative Store,0.6,Shopping,4.6
Transit Corner near Central Mussoorie Cooperative Store,Central Mussoorie Cooperative Store,3.1,Transit,4.9
The Spicy Bakery near Legacy Historic Cafe of Mussoorie,Legacy Historic Cafe of Mussoorie,1.1,Food & Dining,4.7
Bustling Bazaar near Legacy Historic Cafe of Mussoorie,Legacy Historic Cafe of Mussoorie,2.2,Shopping,3.9
Local Market Corner near Legacy Historic Cafe of Mussoorie,Legacy Historic Cafe of Mussoorie,4.8,Local Market,4.2
Chai Villa Diner near Mussoorie Stellar Art Gallery,Mussoorie Stellar Art Gallery,2.3,Food & Dining,4.3
Souvenir Arcade near Mussoorie Stellar Art Gallery,Mussoorie Stellar Art Gallery,2.5,Shopping,3.8
Transit Corner near Mussoorie Stellar Art Gallery,Mussoorie Stellar Art Gallery,2.9,Transit,4.3
The Spicy Dhaba near Whispering Mussoorie Wildlife Reserve,Whispering Mussoorie Wildlife Reserve,2.4,Food & Dining,4.0
Souvenir Bazaar near Whispering Mussoorie Wildlife Reserve,Whispering Mussoorie Wildlife Reserve,1.4,Shopping,3.9
Local Market Corner near Whispering Mussoorie Wildlife Reserve,Whispering Mussoorie Wildlife Reserve,2.9,Local Market,4.8
Annapurna Dhaba near Royal Palace of Mussoorie,Royal Palace of Mussoorie,1.7,Food & Dining,3.6
Handicrafts Hub near Royal Palace of Mussoorie,Royal Palace of Mussoorie,2.6,Shopping,4.3
Walkway Park near Royal Palace of Mussoorie,Royal Palace of Mussoorie,1.9,Viewpoint,4.0
Annapurna Corner near Mussoorie Golden Church,Mussoorie Golden Church,1.7,Food & Dining,4.7
Local Cooperative near Mussoorie Golden Church,Mussoorie Golden Church,1.7,Shopping,3.9
Local Market Corner near Mussoorie Golden Church,Mussoorie Golden Church,4.2,Local Market,4.6
Desi Chaat Bhandar near Gorge Mussoorie Rafting Camp,Gorge Mussoorie Rafting Camp,0.4,Food & Dining,4.5
Ethnic Hub near Gorge Mussoorie Rafting Camp,Gorge Mussoorie Rafting Camp,3.1,Shopping,4.6
Cable Car Station near Gorge Mussoorie Rafting Camp,Gorge Mussoorie Rafting Camp,0.8,Viewpoint,3.8
Royal Cafe near Classical Cultural Theatre of Mussoorie,Classical Cultural Theatre of Mussoorie,0.7,Food & Dining,4.7
Local Emporium near Classical Cultural Theatre of Mussoorie,Classical Cultural Theatre of Mussoorie,3.2,Shopping,3.8
Transit Corner near Classical Cultural Theatre of Mussoorie,Classical Cultural Theatre of Mussoorie,0.8,Transit,5.0
The Spicy Chaat Bhandar near Mussoorie Craft Emporium,Mussoorie Craft Emporium,1.4,Food & Dining,3.8
Central Arcade near Mussoorie Craft Emporium,Mussoorie Craft Emporium,1.9,Shopping,4.5
Hiking Point near Mussoorie Craft Emporium,Mussoorie Craft Emporium,3.9,Activity,3.7
Cafe Dhaba near Flavors Mussoorie Dhaba Zone,Flavors Mussoorie Dhaba Zone,0.6,Food & Dining,4.1
Central Arcade near Flavors Mussoorie Dhaba Zone,Flavors Mussoorie Dhaba Zone,1.2,Shopping,3.6
Sunset Deck near Flavors Mussoorie Dhaba Zone,Flavors Mussoorie Dhaba Zone,4.4,Activity,4.5
Cafe Cafe near Futuristic Aquarium of Mussoorie,Futuristic Aquarium of Mussoorie,1.6,Food & Dining,4.1
Souvenir Corner near Futuristic Aquarium of Mussoorie,Futuristic Aquarium of Mussoorie,1.2,Shopping,3.6
Transit Corner near Futuristic Aquarium of Mussoorie,Futuristic Aquarium of Mussoorie,3.0,Transit,4.2
Gourmet Spot near Mussoorie Golden Lake,Mussoorie Golden Lake,0.6,Food & Dining,4.7
Local Emporium near Mussoorie Golden Lake,Mussoorie Golden Lake,1.8,Shopping,4.7
Boating Lake near Mussoorie Golden Lake,Mussoorie Golden Lake,0.4,Activity,4.2
Bistro Kitchen near Historic Mussoorie Heritage Centre,Historic Mussoorie Heritage Centre,0.9,Food & Dining,3.6
Traditional Flea Market near Historic Mussoorie Heritage Centre,Historic Mussoorie Heritage Centre,0.2,Shopping,4.4
Hiking Point near Historic Mussoorie Heritage Centre,Historic Mussoorie Heritage Centre,2.2,Activity,4.6
Cafe Treats near Golden Church of Mussoorie,Golden Church of Mussoorie,0.6,Food & Dining,3.6
Local Bazaar near Golden Church of Mussoorie,Golden Church of Mussoorie,2.3,Shopping,3.7
Local Market Corner near Golden Church of Mussoorie,Golden Church of Mussoorie,2.4,Local Market,4.7
Chai Villa Treats near Mussoorie Gorge Camping Ridge,Mussoorie Gorge Camping Ridge,1.4,Food & Dining,4.9
Souvenir Arcade near Mussoorie Gorge Camping Ridge,Mussoorie Gorge Camping Ridge,0.4,Shopping,3.6
Transit Corner near Mussoorie Gorge Camping Ridge,Mussoorie Gorge Camping Ridge,2.5,Transit,3.9
Laziz Bakery near Legacy Mussoorie Traditional Bazaar,Legacy Mussoorie Traditional Bazaar,1.6,Food & Dining,3.7
Handicrafts Bazaar near Legacy Mussoorie Traditional Bazaar,Legacy Mussoorie Traditional Bazaar,1.9,Shopping,4.7
Transit Corner near Legacy Mussoorie Traditional Bazaar,Legacy Mussoorie Traditional Bazaar,1.8,Transit,3.6
Desi Point near Royal Spices Corner of Mussoorie,Royal Spices Corner of Mussoorie,0.5,Food & Dining,4.3
Souvenir Cooperative near Royal Spices Corner of Mussoorie,Royal Spices Corner of Mussoorie,1.2,Shopping,3.6
Boating Lake near Royal Spices Corner of Mussoorie,Royal Spices Corner of Mussoorie,3.7,Viewpoint,4.9
Laziz Corner near Mussoorie Traditional Sweet Alley,Mussoorie Traditional Sweet Alley,1.3,Food & Dining,4.4
Central Arcade near Mussoorie Traditional Sweet Alley,Mussoorie Traditional Sweet Alley,1.8,Shopping,4.3
Transit Corner near Mussoorie Traditional Sweet Alley,Mussoorie Traditional Sweet Alley,4.4,Transit,4.6
Royal Dhaba near Cosmo Mussoorie Amusement Park,Cosmo Mussoorie Amusement Park,1.4,Food & Dining,4.3
Bustling Hub near Cosmo Mussoorie Amusement Park,Cosmo Mussoorie Amusement Park,2.2,Shopping,3.8
Adventure Cliff near Cosmo Mussoorie Amusement Park,Cosmo Mussoorie Amusement Park,2.9,Viewpoint,4.3
Street Spot near Scenic Beach of Mussoorie,Scenic Beach of Mussoorie,0.4,Food & Dining,4.2
Handicrafts Market near Scenic Beach of Mussoorie,Scenic Beach of Mussoorie,1.7,Shopping,3.6
Transit Corner near Scenic Beach of Mussoorie,Scenic Beach of Mussoorie,2.5,Transit,3.9
Cafe Dhaba near Mussoorie Sovereign Memorial,Mussoorie Sovereign Memorial,0.6,Food & Dining,3.6
Artisans Market near Mussoorie Sovereign Memorial,Mussoorie Sovereign Memorial,1.4,Shopping,3.7
Transit Corner near Mussoorie Sovereign Memorial,Mussoorie Sovereign Memorial,1.7,Transit,3.5
Desi Chaat Bhandar near Golden Mussoorie Church,Golden Mussoorie Church,1.4,Food & Dining,3.7
Handicrafts Bazaar near Golden Mussoorie Church,Golden Mussoorie Church,0.9,Shopping,3.5
Cable Car Station near Golden Mussoorie Church,Golden Mussoorie Church,3.7,Activity,4.5
Street Chaat Bhandar near Gorge Paragliding Launch of Mussoorie,Gorge Paragliding Launch of Mussoorie,0.9,Food & Dining,4.4
Souvenir Corner near Gorge Paragliding Launch of Mussoorie,Gorge Paragliding Launch of Mussoorie,3.2,Shopping,4.2
Local Market Corner near Gorge Paragliding Launch of Mussoorie,Gorge Paragliding Launch of Mussoorie,4.4,Local Market,3.8
Street Treats near Mussoorie Creative Amphitheatre,Mussoorie Creative Amphitheatre,0.3,Food & Dining,4.6
Central Bazaar near Mussoorie Creative Amphitheatre,Mussoorie Creative Amphitheatre,1.2,Shopping,3.6
Walkway Park near Mussoorie Creative Amphitheatre,Mussoorie Creative Amphitheatre,2.9,Activity,4.4
Bistro Dhaba near Local Mussoorie Flea Market,Local Mussoorie Flea Market,1.8,Food & Dining,3.9
Local Bazaar near Local Mussoorie Flea Market,Local Mussoorie Flea Market,2.9,Shopping,4.2
Walkway Park near Local Mussoorie Flea Market,Local Mussoorie Flea Market,1.3,Viewpoint,3.8
Cafe Chaat Bhandar near Savory Food Street of Mussoorie,Savory Food Street of Mussoorie,0.7,Food & Dining,4.9
Central Hub near Savory Food Street of Mussoorie,Savory Food Street of Mussoorie,1.6,Shopping,4.2
Local Market Corner near Savory Food Street of Mussoorie,Savory Food Street of Mussoorie,0.9,Local Market,3.9
The Spicy Kitchen near Mussoorie Apex Botanical Conservatory,Mussoorie Apex Botanical Conservatory,1.9,Food & Dining,4.2
Central Emporium near Mussoorie Apex Botanical Conservatory,Mussoorie Apex Botanical Conservatory,2.8,Shopping,4.3
Local Market Corner near Mussoorie Apex Botanical Conservatory,Mussoorie Apex Botanical Conservatory,4.7,Local Market,4.7
Cafe Kitchen near Cloudy Mussoorie Wildlife Reserve,Cloudy Mussoorie Wildlife Reserve,0.7,Food & Dining,4.7
Central Arcade near Cloudy Mussoorie Wildlife Reserve,Cloudy Mussoorie Wildlife Reserve,0.3,Shopping,4.7
Local Market Corner near Cloudy Mussoorie Wildlife Reserve,Cloudy Mussoorie Wildlife Reserve,0.6,Local Market,4.7
Laziz Cafe near Grand Castle of Mussoorie,Grand Castle of Mussoorie,1.6,Food & Dining,3.9
Souvenir Flea Market near Grand Castle of Mussoorie,Grand Castle of Mussoorie,0.6,Shopping,4.1
Hiking Point near Grand Castle of Mussoorie,Grand Castle of Mussoorie,1.2,Viewpoint,4.6
Royal Treats near Mussoorie Golden Church,Mussoorie Golden Church,0.4,Food & Dining,3.7
Bustling Bazaar near Mussoorie Golden Church,Mussoorie Golden Church,2.4,Shopping,3.7
Cable Car Station near Mussoorie Golden Church,Mussoorie Golden Church,4.0,Viewpoint,4.5
Bistro Dhaba near Gorge Mussoorie Climbing Wall,Gorge Mussoorie Climbing Wall,0.2,Food & Dining,4.0
Handicrafts Cooperative near Gorge Mussoorie Climbing Wall,Gorge Mussoorie Climbing Wall,3.0,Shopping,3.6
Local Market Corner near Gorge Mussoorie Climbing Wall,Gorge Mussoorie Climbing Wall,0.8,Local Market,3.5
Bistro Corner near Folk Cultural Theatre of Mussoorie,Folk Cultural Theatre of Mussoorie,2.3,Food & Dining,4.5
Bustling Hub near Folk Cultural Theatre of Mussoorie,Folk Cultural Theatre of Mussoorie,1.3,Shopping,4.7
Photography Spot near Folk Cultural Theatre of Mussoorie,Folk Cultural Theatre of Mussoorie,1.2,Viewpoint,4.5
Street Point near Mussoorie Traditional Market,Mussoorie Traditional Market,2.3,Food & Dining,4.5
Local Market near Mussoorie Traditional Market,Mussoorie Traditional Market,1.7,Shopping,3.9
Transit Corner near Mussoorie Traditional Market,Mussoorie Traditional Market,1.0,Transit,3.8
Laziz Spot near Authentic Mussoorie Spice Lane,Authentic Mussoorie Spice Lane,1.8,Food & Dining,3.8
Ethnic Hub near Authentic Mussoorie Spice Lane,Authentic Mussoorie Spice Lane,3.4,Shopping,3.9
Sunset Deck near Authentic Mussoorie Spice Lane,Authentic Mussoorie Spice Lane,2.9,Viewpoint,3.6
Gourmet Chaat Bhandar near Tech Science Arena of Mussoorie,Tech Science Arena of Mussoorie,1.5,Food & Dining,3.6
Ethnic Bazaar near Tech Science Arena of Mussoorie,Tech Science Arena of Mussoorie,2.1,Shopping,4.2
Transit Corner near Tech Science Arena of Mussoorie,Tech Science Arena of Mussoorie,1.7,Transit,4.0
Royal Cafe near Mussoorie Hidden Lake,Mussoorie Hidden Lake,2.0,Food & Dining,4.4
Bustling Bazaar near Mussoorie Hidden Lake,Mussoorie Hidden Lake,3.1,Shopping,3.8
Hiking Point near Mussoorie Hidden Lake,Mussoorie Hidden Lake,1.1,Activity,3.8
Bistro Treats near Victorian Mussoorie Tomb,Victorian Mussoorie Tomb,1.4,Food & Dining,3.9
Ethnic Market near Victorian Mussoorie Tomb,Victorian Mussoorie Tomb,1.5,Shopping,4.3
Transit Corner near Victorian Mussoorie Tomb,Victorian Mussoorie Tomb,2.5,Transit,3.6
Gourmet Corner near Golden Church of Mussoorie,Golden Church of Mussoorie,0.7,Food & Dining,4.5
Central Cooperative near Golden Church of Mussoorie,Golden Church of Mussoorie,2.4,Shopping,4.3
Photography Spot near Golden Church of Mussoorie,Golden Church of Mussoorie,3.6,Viewpoint,4.2
Bistro Bakery near Mussoorie Gorge Safari Zone,Mussoorie Gorge Safari Zone,1.3,Food & Dining,4.2
Central Market near Mussoorie Gorge Safari Zone,Mussoorie Gorge Safari Zone,2.2,Shopping,3.6
Heritage Walk near Mussoorie Gorge Safari Zone,Mussoorie Gorge Safari Zone,4.7,Activity,3.9
Cafe Cafe near Artistic Mussoorie Traditional Bazaar,Artistic Mussoorie Traditional Bazaar,1.9,Food & Dining,3.9
Bustling Bazaar near Artistic Mussoorie Traditional Bazaar,Artistic Mussoorie Traditional Bazaar,3.1,Shopping,4.7
Cable Car Station near Artistic Mussoorie Traditional Bazaar,Artistic Mussoorie Traditional Bazaar,0.7,Activity,4.7
Street Spot near Emerald Hills of Hyderabad,Emerald Hills of Hyderabad,1.5,Food & Dining,4.8
Bustling Emporium near Emerald Hills of Hyderabad,Emerald Hills of Hyderabad,1.0,Shopping,4.2
Sunset Deck near Emerald Hills of Hyderabad,Emerald Hills of Hyderabad,4.4,Viewpoint,3.9
Royal Point near Hyderabad Imperial Gateway,Hyderabad Imperial Gateway,0.2,Food & Dining,4.0
Bustling Cooperative near Hyderabad Imperial Gateway,Hyderabad Imperial Gateway,0.7,Shopping,4.7
Cable Car Station near Hyderabad Imperial Gateway,Hyderabad Imperial Gateway,1.1,Activity,4.9
Desi Point near Spiritual Hyderabad Cathedral,Spiritual Hyderabad Cathedral,0.4,Food & Dining,4.2
Traditional Arcade near Spiritual Hyderabad Cathedral,Spiritual Hyderabad Cathedral,0.8,Shopping,4.4
Photography Spot near Spiritual Hyderabad Cathedral,Spiritual Hyderabad Cathedral,1.0,Activity,3.8
Cafe Chaat Bhandar near Vanguard Trekking Trail of Hyderabad,Vanguard Trekking Trail of Hyderabad,0.6,Food & Dining,3.9
Bustling Corner near Vanguard Trekking Trail of Hyderabad,Vanguard Trekking Trail of Hyderabad,0.8,Shopping,3.8
Local Market Corner near Vanguard Trekking Trail of Hyderabad,Vanguard Trekking Trail of Hyderabad,3.0,Local Market,4.4
Annapurna Spot near Hyderabad Artistic Folk Centre,Hyderabad Artistic Folk Centre,0.4,Food & Dining,4.6
Local Cooperative near Hyderabad Artistic Folk Centre,Hyderabad Artistic Folk Centre,0.9,Shopping,4.7
Local Market Corner near Hyderabad Artistic Folk Centre,Hyderabad Artistic Folk Centre,1.7,Local Market,3.8
Chai Villa Diner near Bustling Hyderabad Bazaar,Bustling Hyderabad Bazaar,2.3,Food & Dining,4.7
Souvenir Arcade near Bustling Hyderabad Bazaar,Bustling Hyderabad Bazaar,2.4,Shopping,4.7
Transit Corner near Bustling Hyderabad Bazaar,Bustling Hyderabad Bazaar,0.4,Transit,4.4
Street Cafe near Culinary Chaat Corner of Hyderabad,Culinary Chaat Corner of Hyderabad,2.0,Food & Dining,3.7
Artisans Hub near Culinary Chaat Corner of Hyderabad,Culinary Chaat Corner of Hyderabad,1.2,Shopping,4.5
Transit Corner near Culinary Chaat Corner of Hyderabad,Culinary Chaat Corner of Hyderabad,3.7,Transit,5.0
Street Point near Hyderabad Infinity Planetarium,Hyderabad Infinity Planetarium,0.8,Food & Dining,4.5
Bustling Market near Hyderabad Infinity Planetarium,Hyderabad Infinity Planetarium,0.3,Shopping,3.6
Photography Spot near Hyderabad Infinity Planetarium,Hyderabad Infinity Planetarium,4.9,Activity,4.0
Laziz Treats near Silent Hyderabad Valley,Silent Hyderabad Valley,1.1,Food & Dining,4.2
Local Flea Market near Silent Hyderabad Valley,Silent Hyderabad Valley,0.5,Shopping,4.7
Local Market Corner near Silent Hyderabad Valley,Silent Hyderabad Valley,3.9,Local Market,3.6
Laziz Cafe near Royal Ruin of Hyderabad,Royal Ruin of Hyderabad,1.0,Food & Dining,4.9
Artisans Cooperative near Royal Ruin of Hyderabad,Royal Ruin of Hyderabad,2.7,Shopping,4.0
Sunset Deck near Royal Ruin of Hyderabad,Royal Ruin of Hyderabad,1.7,Activity,4.6
Chai Villa Cafe near Hyderabad Spiritual Cathedral,Hyderabad Spiritual Cathedral,2.4,Food & Dining,4.1
Artisans Emporium near Hyderabad Spiritual Cathedral,Hyderabad Spiritual Cathedral,1.0,Shopping,4.4
Transit Corner near Hyderabad Spiritual Cathedral,Hyderabad Spiritual Cathedral,2.2,Transit,3.9
Gourmet Chaat Bhandar near Vanguard Hyderabad Zip-line Valley,Vanguard Hyderabad Zip-line Valley,0.4,Food & Dining,4.9
Handicrafts Corner near Vanguard Hyderabad Zip-line Valley,Vanguard Hyderabad Zip-line Valley,3.4,Shopping,4.8
Transit Corner near Vanguard Hyderabad Zip-line Valley,Vanguard Hyderabad Zip-line Valley,2.6,Transit,4.1
Chai Villa Dhaba near Indigenous Art Village of Hyderabad,Indigenous Art Village of Hyderabad,0.7,Food & Dining,4.0
Handicrafts Cooperative near Indigenous Art Village of Hyderabad,Indigenous Art Village of Hyderabad,2.8,Shopping,4.7
Heritage Walk near Indigenous Art Village of Hyderabad,Indigenous Art Village of Hyderabad,4.1,Viewpoint,4.6
Desi Diner near Hyderabad Vibrant Cooperative Store,Hyderabad Vibrant Cooperative Store,0.3,Food & Dining,4.4
Artisans Arcade near Hyderabad Vibrant Cooperative Store,Hyderabad Vibrant Cooperative Store,3.4,Shopping,4.5
Adventure Cliff near Hyderabad Vibrant Cooperative Store,Hyderabad Vibrant Cooperative Store,2.4,Viewpoint,4.3
Annapurna Chaat Bhandar near Delight Hyderabad Historic Cafe,Delight Hyderabad Historic Cafe,0.4,Food & Dining,4.5
Handicrafts Corner near Delight Hyderabad Historic Cafe,Delight Hyderabad Historic Cafe,1.6,Shopping,4.1
Sunset Deck near Delight Hyderabad Historic Cafe,Delight Hyderabad Historic Cafe,2.9,Viewpoint,4.4
Laziz Treats near Metro Art Gallery of Hyderabad,Metro Art Gallery of Hyderabad,1.6,Food & Dining,4.1
Artisans Emporium near Metro Art Gallery of Hyderabad,Metro Art Gallery of Hyderabad,2.4,Shopping,4.0
Walkway Park near Metro Art Gallery of Hyderabad,Metro Art Gallery of Hyderabad,4.5,Activity,3.8
Laziz Point near Hyderabad Mist-Clad River Confluence,Hyderabad Mist-Clad River Confluence,1.8,Food & Dining,4.3
Traditional Market near Hyderabad Mist-Clad River Confluence,Hyderabad Mist-Clad River Confluence,1.2,Shopping,3.6
Boating Lake near Hyderabad Mist-Clad River Confluence,Hyderabad Mist-Clad River Confluence,0.6,Activity,4.4
Bistro Cafe near Historic Hyderabad Ancient Caves,Historic Hyderabad Ancient Caves,2.4,Food & Dining,3.8
Artisans Arcade near Historic Hyderabad Ancient Caves,Historic Hyderabad Ancient Caves,0.8,Shopping,3.8
Local Market Corner near Historic Hyderabad Ancient Caves,Historic Hyderabad Ancient Caves,4.6,Local Market,4.2
The Spicy Diner near Spiritual Cathedral of Hyderabad,Spiritual Cathedral of Hyderabad,0.9,Food & Dining,4.2
Souvenir Hub near Spiritual Cathedral of Hyderabad,Spiritual Cathedral of Hyderabad,2.7,Shopping,4.2
Local Market Corner near Spiritual Cathedral of Hyderabad,Spiritual Cathedral of Hyderabad,0.3,Local Market,4.3
The Spicy Dhaba near Hyderabad Vanguard Rafting Camp,Hyderabad Vanguard Rafting Camp,1.0,Food & Dining,3.7
Local Corner near Hyderabad Vanguard Rafting Camp,Hyderabad Vanguard Rafting Camp,0.3,Shopping,4.7
Transit Corner near Hyderabad Vanguard Rafting Camp,Hyderabad Vanguard Rafting Camp,3.6,Transit,4.2
Bistro Diner near Ethnic Hyderabad Heritage Craft Complex,Ethnic Hyderabad Heritage Craft Complex,1.6,Food & Dining,4.0
Artisans Corner near Ethnic Hyderabad Heritage Craft Complex,Ethnic Hyderabad Heritage Craft Complex,1.4,Shopping,3.8
Cable Car Station near Ethnic Hyderabad Heritage Craft Complex,Ethnic Hyderabad Heritage Craft Complex,1.3,Viewpoint,3.7
Street Spot near Central Emporium of Hyderabad,Central Emporium of Hyderabad,1.2,Food & Dining,3.5
Central Market near Central Emporium of Hyderabad,Central Emporium of Hyderabad,0.3,Shopping,4.1
Heritage Walk near Central Emporium of Hyderabad,Central Emporium of Hyderabad,1.4,Viewpoint,4.4
Chai Villa Diner near Hyderabad Legacy Dhaba Zone,Hyderabad Legacy Dhaba Zone,0.7,Food & Dining,3.9
Local Hub near Hyderabad Legacy Dhaba Zone,Hyderabad Legacy Dhaba Zone,2.8,Shopping,4.0
Adventure Cliff near Hyderabad Legacy Dhaba Zone,Hyderabad Legacy Dhaba Zone,2.4,Activity,3.7
Desi Corner near Stellar Hyderabad Aquarium,Stellar Hyderabad Aquarium,2.1,Food & Dining,3.8
Local Arcade near Stellar Hyderabad Aquarium,Stellar Hyderabad Aquarium,0.4,Shopping,3.5
Transit Corner near Stellar Hyderabad Aquarium,Stellar Hyderabad Aquarium,4.8,Transit,4.0
Chai Villa Chaat Bhandar near Serene Hills of Hyderabad,Serene Hills of Hyderabad,1.3,Food & Dining,4.5
Handicrafts Corner near Serene Hills of Hyderabad,Serene Hills of Hyderabad,1.8,Shopping,4.4
Transit Corner near Serene Hills of Hyderabad,Serene Hills of Hyderabad,0.5,Transit,5.0
Royal Bakery near Hyderabad Sovereign Fort,Hyderabad Sovereign Fort,0.1,Food & Dining,4.3
Handicrafts Flea Market near Hyderabad Sovereign Fort,Hyderabad Sovereign Fort,1.1,Shopping,4.7
Photography Spot near Hyderabad Sovereign Fort,Hyderabad Sovereign Fort,1.2,Activity,4.1
Laziz Diner near Spiritual Hyderabad Cathedral,Spiritual Hyderabad Cathedral,0.1,Food & Dining,3.8
Ethnic Arcade near Spiritual Hyderabad Cathedral,Spiritual Hyderabad Cathedral,0.8,Shopping,4.5
Cable Car Station near Spiritual Hyderabad Cathedral,Spiritual Hyderabad Cathedral,4.8,Viewpoint,3.5
Cafe Chaat Bhandar near Vanguard Camping Ridge of Hyderabad,Vanguard Camping Ridge of Hyderabad,2.2,Food & Dining,4.2
Artisans Flea Market near Vanguard Camping Ridge of Hyderabad,Vanguard Camping Ridge of Hyderabad,2.8,Shopping,4.7
Local Market Corner near Vanguard Camping Ridge of Hyderabad,Vanguard Camping Ridge of Hyderabad,0.7,Local Market,4.9
Royal Bakery near Hyderabad Classical Folk Centre,Hyderabad Classical Folk Centre,0.8,Food & Dining,3.6
Souvenir Corner near Hyderabad Classical Folk Centre,Hyderabad Classical Folk Centre,1.6,Shopping,4.0
Heritage Walk near Hyderabad Classical Folk Centre,Hyderabad Classical Folk Centre,2.6,Activity,3.7
Royal Diner near Craft Hyderabad Spices Corner,Craft Hyderabad Spices Corner,1.9,Food & Dining,3.8
Traditional Hub near Craft Hyderabad Spices Corner,Craft Hyderabad Spices Corner,1.6,Shopping,4.2
Local Market Corner near Craft Hyderabad Spices Corner,Craft Hyderabad Spices Corner,1.2,Local Market,4.4
Annapurna Kitchen near Flavors Sweet Alley of Hyderabad,Flavors Sweet Alley of Hyderabad,1.0,Food & Dining,4.5
Ethnic Arcade near Flavors Sweet Alley of Hyderabad,Flavors Sweet Alley of Hyderabad,0.5,Shopping,4.7
Transit Corner near Flavors Sweet Alley of Hyderabad,Flavors Sweet Alley of Hyderabad,1.4,Transit,4.3
Desi Treats near Hyderabad Futuristic Amusement Park,Hyderabad Futuristic Amusement Park,1.2,Food & Dining,4.0
Traditional Cooperative near Hyderabad Futuristic Amusement Park,Hyderabad Futuristic Amusement Park,1.9,Shopping,4.4
Transit Corner near Hyderabad Futuristic Amusement Park,Hyderabad Futuristic Amusement Park,4.4,Transit,4.2
Annapurna Cafe near Silver Hyderabad Valley,Silver Hyderabad Valley,1.8,Food & Dining,4.5
Traditional Cooperative near Silver Hyderabad Valley,Silver Hyderabad Valley,2.0,Shopping,4.6
Local Market Corner near Silver Hyderabad Valley,Silver Hyderabad Valley,3.7,Local Market,4.4
Bistro Chaat Bhandar near Grand Museum of Hyderabad,Grand Museum of Hyderabad,0.9,Food & Dining,3.7
Artisans Flea Market near Grand Museum of Hyderabad,Grand Museum of Hyderabad,3.5,Shopping,4.3
Local Market Corner near Grand Museum of Hyderabad,Grand Museum of Hyderabad,2.7,Local Market,4.3
Bistro Spot near Hyderabad Spiritual Cathedral,Hyderabad Spiritual Cathedral,2.5,Food & Dining,4.8
Handicrafts Market near Hyderabad Spiritual Cathedral,Hyderabad Spiritual Cathedral,0.4,Shopping,4.7
Walkway Park near Hyderabad Spiritual Cathedral,Hyderabad Spiritual Cathedral,4.0,Activity,3.7
Bistro Spot near Vanguard Hyderabad Paragliding Launch,Vanguard Hyderabad Paragliding Launch,0.4,Food & Dining,3.5
Local Bazaar near Vanguard Hyderabad Paragliding Launch,Vanguard Hyderabad Paragliding Launch,1.4,Shopping,3.8
Local Market Corner near Vanguard Hyderabad Paragliding Launch,Vanguard Hyderabad Paragliding Launch,3.2,Local Market,4.7
Gourmet Dhaba near Legacy Art Village of Hyderabad,Legacy Art Village of Hyderabad,1.8,Food & Dining,3.8
Local Cooperative near Legacy Art Village of Hyderabad,Legacy Art Village of Hyderabad,3.0,Shopping,4.4
Transit Corner near Legacy Art Village of Hyderabad,Legacy Art Village of Hyderabad,1.4,Transit,4.9
Gourmet Treats near Hyderabad Royal Flea Market,Hyderabad Royal Flea Market,1.2,Food & Dining,4.9
Handicrafts Cooperative near Hyderabad Royal Flea Market,Hyderabad Royal Flea Market,2.5,Shopping,4.1
Transit Corner near Hyderabad Royal Flea Market,Hyderabad Royal Flea Market,1.0,Transit,5.0
Desi Diner near Traditional Hyderabad Food Street,Traditional Hyderabad Food Street,2.2,Food & Dining,4.2
Local Cooperative near Traditional Hyderabad Food Street,Traditional Hyderabad Food Street,3.4,Shopping,3.6
Heritage Walk near Traditional Hyderabad Food Street,Traditional Hyderabad Food Street,4.5,Activity,4.6
Bistro Corner near Cosmo Botanical Conservatory of Hyderabad,Cosmo Botanical Conservatory of Hyderabad,1.6,Food & Dining,4.5
Central Emporium near Cosmo Botanical Conservatory of Hyderabad,Cosmo Botanical Conservatory of Hyderabad,2.6,Shopping,4.1
Photography Spot near Cosmo Botanical Conservatory of Hyderabad,Cosmo Botanical Conservatory of Hyderabad,3.5,Viewpoint,4.5
Laziz Diner near Hyderabad Emerald River Confluence,Hyderabad Emerald River Confluence,1.9,Food & Dining,4.9
Bustling Flea Market near Hyderabad Emerald River Confluence,Hyderabad Emerald River Confluence,0.6,Shopping,3.6
Hiking Point near Hyderabad Emerald River Confluence,Hyderabad Emerald River Confluence,4.2,Viewpoint,3.7
Street Treats near Victorian Hyderabad Gateway,Victorian Hyderabad Gateway,0.5,Food & Dining,4.1
Ethnic Hub near Victorian Hyderabad Gateway,Victorian Hyderabad Gateway,1.2,Shopping,4.4
Sunset Deck near Victorian Hyderabad Gateway,Victorian Hyderabad Gateway,4.9,Activity,4.4
Street Point near Spiritual Cathedral of Hyderabad,Spiritual Cathedral of Hyderabad,0.6,Food & Dining,3.9
Handicrafts Arcade near Spiritual Cathedral of Hyderabad,Spiritual Cathedral of Hyderabad,2.0,Shopping,3.8
Local Market Corner near Spiritual Cathedral of Hyderabad,Spiritual Cathedral of Hyderabad,2.3,Local Market,3.8
Royal Chaat Bhandar near Hyderabad Vanguard Climbing Wall,Hyderabad Vanguard Climbing Wall,2.0,Food & Dining,4.7
Local Corner near Hyderabad Vanguard Climbing Wall,Hyderabad Vanguard Climbing Wall,0.7,Shopping,4.4
Transit Corner near Hyderabad Vanguard Climbing Wall,Hyderabad Vanguard Climbing Wall,4.8,Transit,5.0
Annapurna Corner near Creative Hyderabad Heritage Craft Complex,Creative Hyderabad Heritage Craft Complex,0.1,Food & Dining,4.7
Souvenir Emporium near Creative Hyderabad Heritage Craft Complex,Creative Hyderabad Heritage Craft Complex,2.4,Shopping,4.1
Boating Lake near Creative Hyderabad Heritage Craft Complex,Creative Hyderabad Heritage Craft Complex,1.1,Viewpoint,4.3
Laziz Dhaba near Hidden Peak of Ahmedabad,Hidden Peak of Ahmedabad,0.5,Food & Dining,3.8
Bustling Bazaar near Hidden Peak of Ahmedabad,Hidden Peak of Ahmedabad,2.3,Shopping,4.6
Transit Corner near Hidden Peak of Ahmedabad,Hidden Peak of Ahmedabad,0.4,Transit,4.7
Annapurna Diner near Ahmedabad Imperial Tomb,Ahmedabad Imperial Tomb,0.8,Food & Dining,4.1
Central Flea Market near Ahmedabad Imperial Tomb,Ahmedabad Imperial Tomb,1.5,Shopping,3.7
Sunset Deck near Ahmedabad Imperial Tomb,Ahmedabad Imperial Tomb,2.8,Viewpoint,4.3
Chai Villa Kitchen near Blessed Ahmedabad Monastery,Blessed Ahmedabad Monastery,2.5,Food & Dining,3.9
Bustling Arcade near Blessed Ahmedabad Monastery,Blessed Ahmedabad Monastery,2.9,Shopping,4.4
Local Market Corner near Blessed Ahmedabad Monastery,Blessed Ahmedabad Monastery,1.0,Local Market,4.7
Cafe Bakery near Adventure Safari Zone of Ahmedabad,Adventure Safari Zone of Ahmedabad,1.5,Food & Dining,3.7
Handicrafts Cooperative near Adventure Safari Zone of Ahmedabad,Adventure Safari Zone of Ahmedabad,1.7,Shopping,3.6
Adventure Cliff near Adventure Safari Zone of Ahmedabad,Adventure Safari Zone of Ahmedabad,4.3,Viewpoint,4.6
Street Dhaba near Ahmedabad Creative Amphitheatre,Ahmedabad Creative Amphitheatre,1.5,Food & Dining,4.7
Ethnic Flea Market near Ahmedabad Creative Amphitheatre,Ahmedabad Creative Amphitheatre,1.2,Shopping,4.0
Local Market Corner near Ahmedabad Creative Amphitheatre,Ahmedabad Creative Amphitheatre,4.5,Local Market,4.4
The Spicy Kitchen near Local Ahmedabad Shopping Arcade,Local Ahmedabad Shopping Arcade,1.7,Food & Dining,3.8
Traditional Flea Market near Local Ahmedabad Shopping Arcade,Local Ahmedabad Shopping Arcade,3.0,Shopping,4.7
Photography Spot near Local Ahmedabad Shopping Arcade,Local Ahmedabad Shopping Arcade,2.0,Viewpoint,4.7
Laziz Diner near Savory Gourmet Court of Ahmedabad,Savory Gourmet Court of Ahmedabad,0.5,Food & Dining,4.2
Souvenir Flea Market near Savory Gourmet Court of Ahmedabad,Savory Gourmet Court of Ahmedabad,2.3,Shopping,3.9
Sunset Deck near Savory Gourmet Court of Ahmedabad,Savory Gourmet Court of Ahmedabad,4.3,Activity,4.5
Laziz Chaat Bhandar near Ahmedabad Apex Sky Deck,Ahmedabad Apex Sky Deck,1.2,Food & Dining,4.8
Ethnic Flea Market near Ahmedabad Apex Sky Deck,Ahmedabad Apex Sky Deck,1.1,Shopping,4.2
Photography Spot near Ahmedabad Apex Sky Deck,Ahmedabad Apex Sky Deck,3.2,Activity,3.5
Cafe Chaat Bhandar near Whispering Ahmedabad Gardens,Whispering Ahmedabad Gardens,0.3,Food & Dining,3.7
Bustling Corner near Whispering Ahmedabad Gardens,Whispering Ahmedabad Gardens,1.8,Shopping,4.8
Transit Corner near Whispering Ahmedabad Gardens,Whispering Ahmedabad Gardens,1.1,Transit,4.0
Laziz Chaat Bhandar near Royal Palace of Ahmedabad,Royal Palace of Ahmedabad,1.4,Food & Dining,4.8
Bustling Hub near Royal Palace of Ahmedabad,Royal Palace of Ahmedabad,0.7,Shopping,4.5
Local Market Corner near Royal Palace of Ahmedabad,Royal Palace of Ahmedabad,4.5,Local Market,4.5
Gourmet Chaat Bhandar near Ahmedabad Blessed Monastery,Ahmedabad Blessed Monastery,1.0,Food & Dining,4.3
Bustling Bazaar near Ahmedabad Blessed Monastery,Ahmedabad Blessed Monastery,3.5,Shopping,3.8
Local Market Corner near Ahmedabad Blessed Monastery,Ahmedabad Blessed Monastery,3.3,Local Market,3.7
Gourmet Dhaba near Adventure Ahmedabad Trekking Trail,Adventure Ahmedabad Trekking Trail,1.8,Food & Dining,4.2
Central Market near Adventure Ahmedabad Trekking Trail,Adventure Ahmedabad Trekking Trail,1.5,Shopping,4.7
Sunset Deck near Adventure Ahmedabad Trekking Trail,Adventure Ahmedabad Trekking Trail,3.6,Viewpoint,4.4
Desi Kitchen near Folk Cultural Theatre of Ahmedabad,Folk Cultural Theatre of Ahmedabad,0.7,Food & Dining,4.5
Local Bazaar near Folk Cultural Theatre of Ahmedabad,Folk Cultural Theatre of Ahmedabad,1.3,Shopping,4.0
Cable Car Station near Folk Cultural Theatre of Ahmedabad,Folk Cultural Theatre of Ahmedabad,1.3,Activity,4.0
Royal Chaat Bhandar near Ahmedabad Traditional Bazaar,Ahmedabad Traditional Bazaar,1.2,Food & Dining,4.8
Traditional Emporium near Ahmedabad Traditional Bazaar,Ahmedabad Traditional Bazaar,2.3,Shopping,4.7
Heritage Walk near Ahmedabad Traditional Bazaar,Ahmedabad Traditional Bazaar,1.4,Activity,5.0
Laziz Point near Authentic Ahmedabad Chaat Corner,Authentic Ahmedabad Chaat Corner,1.1,Food & Dining,3.5
Handicrafts Corner near Authentic Ahmedabad Chaat Corner,Authentic Ahmedabad Chaat Corner,2.3,Shopping,4.7
Heritage Walk near Authentic Ahmedabad Chaat Corner,Authentic Ahmedabad Chaat Corner,0.8,Activity,4.9
The Spicy Corner near Tech Planetarium of Ahmedabad,Tech Planetarium of Ahmedabad,1.8,Food & Dining,4.0
Handicrafts Hub near Tech Planetarium of Ahmedabad,Tech Planetarium of Ahmedabad,0.8,Shopping,3.9
Transit Corner near Tech Planetarium of Ahmedabad,Tech Planetarium of Ahmedabad,1.0,Transit,3.7
Street Kitchen near Ahmedabad Golden Meadow,Ahmedabad Golden Meadow,2.0,Food & Dining,4.7
Traditional Flea Market near Ahmedabad Golden Meadow,Ahmedabad Golden Meadow,3.2,Shopping,4.8
Local Market Corner near Ahmedabad Golden Meadow,Ahmedabad Golden Meadow,4.1,Local Market,3.6
Street Treats near Historic Ahmedabad Heritage Centre,Historic Ahmedabad Heritage Centre,0.7,Food & Dining,4.2
Local Corner near Historic Ahmedabad Heritage Centre,Historic Ahmedabad Heritage Centre,2.8,Shopping,4.8
Heritage Walk near Historic Ahmedabad Heritage Centre,Historic Ahmedabad Heritage Centre,2.8,Viewpoint,3.6
Desi Kitchen near Blessed Monastery of Ahmedabad,Blessed Monastery of Ahmedabad,1.6,Food & Dining,4.7
Souvenir Cooperative near Blessed Monastery of Ahmedabad,Blessed Monastery of Ahmedabad,3.5,Shopping,3.6
Local Market Corner near Blessed Monastery of Ahmedabad,Blessed Monastery of Ahmedabad,2.2,Local Market,4.7
Bistro Point near Ahmedabad Adventure Zip-line Valley,Ahmedabad Adventure Zip-line Valley,2.3,Food & Dining,3.7
Artisans Bazaar near Ahmedabad Adventure Zip-line Valley,Ahmedabad Adventure Zip-line Valley,2.8,Shopping,3.7
Local Market Corner near Ahmedabad Adventure Zip-line Valley,Ahmedabad Adventure Zip-line Valley,3.4,Local Market,4.9
Street Bakery near Artistic Ahmedabad Traditional Bazaar,Artistic Ahmedabad Traditional Bazaar,2.1,Food & Dining,4.4
Ethnic Hub near Artistic Ahmedabad Traditional Bazaar,Artistic Ahmedabad Traditional Bazaar,0.6,Shopping,4.5
Local Market Corner near Artistic Ahmedabad Traditional Bazaar,Artistic Ahmedabad Traditional Bazaar,0.9,Local Market,4.3
Gourmet Dhaba near Bustling Cooperative Store of Ahmedabad,Bustling Cooperative Store of Ahmedabad,1.7,Food & Dining,4.2
Central Market near Bustling Cooperative Store of Ahmedabad,Bustling Cooperative Store of Ahmedabad,1.2,Shopping,4.8
Adventure Cliff near Bustling Cooperative Store of Ahmedabad,Bustling Cooperative Store of Ahmedabad,1.9,Activity,3.6
Royal Corner near Ahmedabad Culinary Historic Cafe,Ahmedabad Culinary Historic Cafe,1.9,Food & Dining,4.7
Handicrafts Corner near Ahmedabad Culinary Historic Cafe,Ahmedabad Culinary Historic Cafe,0.7,Shopping,4.0
Cable Car Station near Ahmedabad Culinary Historic Cafe,Ahmedabad Culinary Historic Cafe,2.8,Activity,4.8
Annapurna Spot near Infinity Ahmedabad Art Gallery,Infinity Ahmedabad Art Gallery,1.0,Food & Dining,4.4
Bustling Arcade near Infinity Ahmedabad Art Gallery,Infinity Ahmedabad Art Gallery,2.3,Shopping,4.5
Photography Spot near Infinity Ahmedabad Art Gallery,Infinity Ahmedabad Art Gallery,0.6,Activity,3.7
Royal Diner near Scenic Peak of Ahmedabad,Scenic Peak of Ahmedabad,1.2,Food & Dining,4.2
Ethnic Cooperative near Scenic Peak of Ahmedabad,Scenic Peak of Ahmedabad,2.3,Shopping,4.0
Transit Corner near Scenic Peak of Ahmedabad,Scenic Peak of Ahmedabad,3.1,Transit,4.2
Royal Treats near Ahmedabad Sovereign Memorial,Ahmedabad Sovereign Memorial,2.2,Food & Dining,4.7
Central Corner near Ahmedabad Sovereign Memorial,Ahmedabad Sovereign Memorial,1.2,Shopping,3.9
Boating Lake near Ahmedabad Sovereign Memorial,Ahmedabad Sovereign Memorial,2.4,Activity,4.6
Cafe Spot near Blessed Ahmedabad Monastery,Blessed Ahmedabad Monastery,1.5,Food & Dining,4.0
Bustling Market near Blessed Ahmedabad Monastery,Blessed Ahmedabad Monastery,2.4,Shopping,4.6
Transit Corner near Blessed Ahmedabad Monastery,Blessed Ahmedabad Monastery,3.9,Transit,3.9
Chai Villa Spot near Adventure Rafting Camp of Ahmedabad,Adventure Rafting Camp of Ahmedabad,1.7,Food & Dining,3.6
Central Cooperative near Adventure Rafting Camp of Ahmedabad,Adventure Rafting Camp of Ahmedabad,3.5,Shopping,3.8
Sunset Deck near Adventure Rafting Camp of Ahmedabad,Adventure Rafting Camp of Ahmedabad,0.6,Activity,4.7
Royal Diner near Ahmedabad Indigenous Amphitheatre,Ahmedabad Indigenous Amphitheatre,2.1,Food & Dining,4.2
Artisans Hub near Ahmedabad Indigenous Amphitheatre,Ahmedabad Indigenous Amphitheatre,2.9,Shopping,3.9
Heritage Walk near Ahmedabad Indigenous Amphitheatre,Ahmedabad Indigenous Amphitheatre,2.1,Activity,3.7
Laziz Cafe near Vibrant Ahmedabad Emporium,Vibrant Ahmedabad Emporium,0.4,Food & Dining,3.6
Artisans Arcade near Vibrant Ahmedabad Emporium,Vibrant Ahmedabad Emporium,0.4,Shopping,4.6
Local Market Corner near Vibrant Ahmedabad Emporium,Vibrant Ahmedabad Emporium,4.9,Local Market,4.8
Laziz Chaat Bhandar near Delight Dhaba Zone of Ahmedabad,Delight Dhaba Zone of Ahmedabad,0.8,Food & Dining,4.9
Handicrafts Arcade near Delight Dhaba Zone of Ahmedabad,Delight Dhaba Zone of Ahmedabad,2.0,Shopping,4.7
Local Market Corner near Delight Dhaba Zone of Ahmedabad,Delight Dhaba Zone of Ahmedabad,4.7,Local Market,4.0
Royal Bakery near Ahmedabad Metro Aquarium,Ahmedabad Metro Aquarium,2.2,Food & Dining,4.9
Local Corner near Ahmedabad Metro Aquarium,Ahmedabad Metro Aquarium,2.8,Shopping,4.7
Boating Lake near Ahmedabad Metro Aquarium,Ahmedabad Metro Aquarium,4.2,Activity,4.9
Bistro Spot near Cloudy Ahmedabad Gardens,Cloudy Ahmedabad Gardens,2.0,Food & Dining,4.3
Local Corner near Cloudy Ahmedabad Gardens,Cloudy Ahmedabad Gardens,1.9,Shopping,3.8
Heritage Walk near Cloudy Ahmedabad Gardens,Cloudy Ahmedabad Gardens,4.0,Viewpoint,4.0
Chai Villa Bakery near Grand Castle of Ahmedabad,Grand Castle of Ahmedabad,1.0,Food & Dining,3.7
Central Flea Market near Grand Castle of Ahmedabad,Grand Castle of Ahmedabad,3.2,Shopping,4.0
Sunset Deck near Grand Castle of Ahmedabad,Grand Castle of Ahmedabad,1.5,Viewpoint,4.7
Royal Point near Ahmedabad Blessed Monastery,Ahmedabad Blessed Monastery,1.4,Food & Dining,3.6
Bustling Market near Ahmedabad Blessed Monastery,Ahmedabad Blessed Monastery,1.5,Shopping,3.8
Transit Corner near Ahmedabad Blessed Monastery,Ahmedabad Blessed Monastery,3.8,Transit,4.1
Desi Treats near Adventure Ahmedabad Camping Ridge,Adventure Ahmedabad Camping Ridge,1.9,Food & Dining,4.4
Local Corner near Adventure Ahmedabad Camping Ridge,Adventure Ahmedabad Camping Ridge,2.3,Shopping,4.1
Cable Car Station near Adventure Ahmedabad Camping Ridge,Adventure Ahmedabad Camping Ridge,0.9,Activity,4.2
Desi Cafe near Ethnic Cultural Theatre of Ahmedabad,Ethnic Cultural Theatre of Ahmedabad,1.0,Food & Dining,4.4
Central Market near Ethnic Cultural Theatre of Ahmedabad,Ethnic Cultural Theatre of Ahmedabad,1.3,Shopping,3.9
Photography Spot near Ethnic Cultural Theatre of Ahmedabad,Ethnic Cultural Theatre of Ahmedabad,2.6,Viewpoint,4.1
Royal Diner near Ahmedabad Central Spices Corner,Ahmedabad Central Spices Corner,0.6,Food & Dining,4.1
Handicrafts Cooperative near Ahmedabad Central Spices Corner,Ahmedabad Central Spices Corner,0.7,Shopping,3.9
Local Market Corner near Ahmedabad Central Spices Corner,Ahmedabad Central Spices Corner,4.6,Local Market,4.2
Royal Cafe near Legacy Ahmedabad Sweet Alley,Legacy Ahmedabad Sweet Alley,0.4,Food & Dining,4.0
Bustling Cooperative near Legacy Ahmedabad Sweet Alley,Legacy Ahmedabad Sweet Alley,2.2,Shopping,4.3
Transit Corner near Legacy Ahmedabad Sweet Alley,Legacy Ahmedabad Sweet Alley,1.7,Transit,3.7
Chai Villa Bakery near Stellar Amusement Park of Ahmedabad,Stellar Amusement Park of Ahmedabad,1.5,Food & Dining,3.8
Central Flea Market near Stellar Amusement Park of Ahmedabad,Stellar Amusement Park of Ahmedabad,1.5,Shopping,4.7
Photography Spot near Stellar Amusement Park of Ahmedabad,Stellar Amusement Park of Ahmedabad,4.9,Viewpoint,5.0
Chai Villa Spot near Ahmedabad Hidden Meadow,Ahmedabad Hidden Meadow,1.3,Food & Dining,4.0
Bustling Hub near Ahmedabad Hidden Meadow,Ahmedabad Hidden Meadow,2.4,Shopping,3.6
Local Market Corner near Ahmedabad Hidden Meadow,Ahmedabad Hidden Meadow,4.6,Local Market,3.9
Desi Kitchen near Victorian Ahmedabad Tomb,Victorian Ahmedabad Tomb,2.5,Food & Dining,4.4
Ethnic Corner near Victorian Ahmedabad Tomb,Victorian Ahmedabad Tomb,0.3,Shopping,4.3
Transit Corner near Victorian Ahmedabad Tomb,Victorian Ahmedabad Tomb,2.4,Transit,4.0
Gourmet Spot near Blessed Monastery of Ahmedabad,Blessed Monastery of Ahmedabad,0.3,Food & Dining,4.8
Artisans Corner near Blessed Monastery of Ahmedabad,Blessed Monastery of Ahmedabad,2.9,Shopping,3.9
Heritage Walk near Blessed Monastery of Ahmedabad,Blessed Monastery of Ahmedabad,0.9,Viewpoint,4.4
Royal Treats near Ahmedabad Adventure Paragliding Launch,Ahmedabad Adventure Paragliding Launch,2.5,Food & Dining,4.1
Bustling Flea Market near Ahmedabad Adventure Paragliding Launch,Ahmedabad Adventure Paragliding Launch,2.5,Shopping,3.6
Transit Corner near Ahmedabad Adventure Paragliding Launch,Ahmedabad Adventure Paragliding Launch,1.1,Transit,4.3
Chai Villa Kitchen near Classical Ahmedabad Traditional Bazaar,Classical Ahmedabad Traditional Bazaar,2.1,Food & Dining,4.7
Central Emporium near Classical Ahmedabad Traditional Bazaar,Classical Ahmedabad Traditional Bazaar,2.4,Shopping,3.6
Transit Corner near Classical Ahmedabad Traditional Bazaar,Classical Ahmedabad Traditional Bazaar,3.1,Transit,4.2
Chai Villa Corner near Emerald Falls of Amritsar,Emerald Falls of Amritsar,1.5,Food & Dining,4.4
Souvenir Arcade near Emerald Falls of Amritsar,Emerald Falls of Amritsar,2.3,Shopping,3.7
Hiking Point near Emerald Falls of Amritsar,Emerald Falls of Amritsar,1.9,Activity,4.7
Street Dhaba near Amritsar Imperial Gateway,Amritsar Imperial Gateway,0.2,Food & Dining,4.7
Bustling Flea Market near Amritsar Imperial Gateway,Amritsar Imperial Gateway,2.8,Shopping,3.5
Photography Spot near Amritsar Imperial Gateway,Amritsar Imperial Gateway,3.3,Viewpoint,3.5
Cafe Chaat Bhandar near Tranquil Amritsar Temple,Tranquil Amritsar Temple,1.7,Food & Dining,3.8
Artisans Corner near Tranquil Amritsar Temple,Tranquil Amritsar Temple,0.4,Shopping,4.3
Transit Corner near Tranquil Amritsar Temple,Tranquil Amritsar Temple,1.0,Transit,4.3
Royal Cafe near Extreme Climbing Wall of Amritsar,Extreme Climbing Wall of Amritsar,0.3,Food & Dining,4.4
Local Cooperative near Extreme Climbing Wall of Amritsar,Extreme Climbing Wall of Amritsar,1.0,Shopping,3.5
Transit Corner near Extreme Climbing Wall of Amritsar,Extreme Climbing Wall of Amritsar,3.8,Transit,4.2
Royal Kitchen near Amritsar Classical Folk Centre,Amritsar Classical Folk Centre,2.4,Food & Dining,3.9
Bustling Hub near Amritsar Classical Folk Centre,Amritsar Classical Folk Centre,2.7,Shopping,3.8
Photography Spot near Amritsar Classical Folk Centre,Amritsar Classical Folk Centre,4.3,Activity,3.7
Laziz Spot near Craft Amritsar Market,Craft Amritsar Market,0.6,Food & Dining,4.7
Ethnic Emporium near Craft Amritsar Market,Craft Amritsar Market,3.5,Shopping,4.1
Cable Car Station near Craft Amritsar Market,Craft Amritsar Market,3.8,Activity,3.9
Royal Cafe near Flavors Spice Lane of Amritsar,Flavors Spice Lane of Amritsar,1.4,Food & Dining,4.9
Souvenir Flea Market near Flavors Spice Lane of Amritsar,Flavors Spice Lane of Amritsar,1.8,Shopping,4.4
Transit Corner near Flavors Spice Lane of Amritsar,Flavors Spice Lane of Amritsar,1.0,Transit,3.7
Cafe Bakery near Amritsar Futuristic Science Arena,Amritsar Futuristic Science Arena,2.0,Food & Dining,3.9
Artisans Arcade near Amritsar Futuristic Science Arena,Amritsar Futuristic Science Arena,2.9,Shopping,4.4
Heritage Walk near Amritsar Futuristic Science Arena,Amritsar Futuristic Science Arena,1.3,Activity,4.1
Chai Villa Cafe near Silent Amritsar Cave,Silent Amritsar Cave,0.2,Food & Dining,4.4
Souvenir Hub near Silent Amritsar Cave,Silent Amritsar Cave,1.3,Shopping,4.4
Cable Car Station near Silent Amritsar Cave,Silent Amritsar Cave,3.3,Activity,4.4
Annapurna Treats near Royal Ruin of Amritsar,Royal Ruin of Amritsar,1.4,Food & Dining,3.9
Artisans Flea Market near Royal Ruin of Amritsar,Royal Ruin of Amritsar,0.7,Shopping,4.6
Cable Car Station near Royal Ruin of Amritsar,Royal Ruin of Amritsar,0.7,Activity,5.0
Laziz Bakery near Amritsar Tranquil Temple,Amritsar Tranquil Temple,0.5,Food & Dining,4.8
Ethnic Corner near Amritsar Tranquil Temple,Amritsar Tranquil Temple,0.4,Shopping,3.8
Transit Corner near Amritsar Tranquil Temple,Amritsar Tranquil Temple,2.4,Transit,5.0
Desi Point near Extreme Amritsar Safari Zone,Extreme Amritsar Safari Zone,0.6,Food & Dining,4.1
Central Arcade near Extreme Amritsar Safari Zone,Extreme Amritsar Safari Zone,1.9,Shopping,4.6
Local Market Corner near Extreme Amritsar Safari Zone,Extreme Amritsar Safari Zone,1.6,Local Market,3.5
Gourmet Chaat Bhandar near Legacy Art Village of Amritsar,Legacy Art Village of Amritsar,1.3,Food & Dining,4.7
Ethnic Flea Market near Legacy Art Village of Amritsar,Legacy Art Village of Amritsar,1.9,Shopping,4.5
Sunset Deck near Legacy Art Village of Amritsar,Legacy Art Village of Amritsar,3.5,Viewpoint,3.7
The Spicy Corner near Amritsar Royal Shopping Arcade,Amritsar Royal Shopping Arcade,1.1,Food & Dining,4.5
Artisans Corner near Amritsar Royal Shopping Arcade,Amritsar Royal Shopping Arcade,1.7,Shopping,4.4
Sunset Deck near Amritsar Royal Shopping Arcade,Amritsar Royal Shopping Arcade,1.9,Viewpoint,4.1
Gourmet Bakery near Traditional Amritsar Gourmet Court,Traditional Amritsar Gourmet Court,1.7,Food & Dining,4.7
Local Emporium near Traditional Amritsar Gourmet Court,Traditional Amritsar Gourmet Court,0.8,Shopping,3.5
Transit Corner near Traditional Amritsar Gourmet Court,Traditional Amritsar Gourmet Court,4.6,Transit,4.8
Desi Cafe near Cosmo Sky Deck of Amritsar,Cosmo Sky Deck of Amritsar,1.3,Food & Dining,4.2
Handicrafts Corner near Cosmo Sky Deck of Amritsar,Cosmo Sky Deck of Amritsar,3.4,Shopping,4.3
Local Market Corner near Cosmo Sky Deck of Amritsar,Cosmo Sky Deck of Amritsar,4.5,Local Market,4.2
Street Dhaba near Amritsar Mist-Clad Sunset Point,Amritsar Mist-Clad Sunset Point,1.6,Food & Dining,3.8
Ethnic Bazaar near Amritsar Mist-Clad Sunset Point,Amritsar Mist-Clad Sunset Point,2.6,Shopping,3.8
Transit Corner near Amritsar Mist-Clad Sunset Point,Amritsar Mist-Clad Sunset Point,3.9,Transit,4.1
Annapurna Treats near Historic Amritsar Ancient Caves,Historic Amritsar Ancient Caves,1.9,Food & Dining,3.6
Traditional Corner near Historic Amritsar Ancient Caves,Historic Amritsar Ancient Caves,1.4,Shopping,3.7
Local Market Corner near Historic Amritsar Ancient Caves,Historic Amritsar Ancient Caves,3.7,Local Market,4.8
The Spicy Treats near Tranquil Temple of Amritsar,Tranquil Temple of Amritsar,1.6,Food & Dining,4.3
Artisans Hub near Tranquil Temple of Amritsar,Tranquil Temple of Amritsar,0.8,Shopping,4.4
Local Market Corner near Tranquil Temple of Amritsar,Tranquil Temple of Amritsar,3.7,Local Market,4.8
Desi Spot near Amritsar Extreme Trekking Trail,Amritsar Extreme Trekking Trail,2.1,Food & Dining,4.8
Artisans Arcade near Amritsar Extreme Trekking Trail,Amritsar Extreme Trekking Trail,2.4,Shopping,3.7
Local Market Corner near Amritsar Extreme Trekking Trail,Amritsar Extreme Trekking Trail,3.5,Local Market,4.9
Laziz Treats near Creative Amritsar Heritage Craft Complex,Creative Amritsar Heritage Craft Complex,0.1,Food & Dining,4.4
Ethnic Arcade near Creative Amritsar Heritage Craft Complex,Creative Amritsar Heritage Craft Complex,2.3,Shopping,4.3
Hiking Point near Creative Amritsar Heritage Craft Complex,Creative Amritsar Heritage Craft Complex,2.9,Activity,4.1
Royal Spot near Local Bazaar of Amritsar,Local Bazaar of Amritsar,2.3,Food & Dining,3.7
Ethnic Corner near Local Bazaar of Amritsar,Local Bazaar of Amritsar,2.7,Shopping,3.9
Transit Corner near Local Bazaar of Amritsar,Local Bazaar of Amritsar,3.9,Transit,3.5
Desi Bakery near Amritsar Savory Chaat Corner,Amritsar Savory Chaat Corner,0.2,Food & Dining,3.9
Local Hub near Amritsar Savory Chaat Corner,Amritsar Savory Chaat Corner,3.1,Shopping,4.2
Photography Spot near Amritsar Savory Chaat Corner,Amritsar Savory Chaat Corner,3.5,Activity,4.3
Cafe Chaat Bhandar near Apex Amritsar Planetarium,Apex Amritsar Planetarium,0.6,Food & Dining,4.5
Traditional Corner near Apex Amritsar Planetarium,Apex Amritsar Planetarium,2.7,Shopping,4.5
Photography Spot near Apex Amritsar Planetarium,Apex Amritsar Planetarium,0.3,Viewpoint,4.0
Gourmet Diner near Serene Falls of Amritsar,Serene Falls of Amritsar,1.9,Food & Dining,3.9
Handicrafts Arcade near Serene Falls of Amritsar,Serene Falls of Amritsar,2.5,Shopping,3.6
Transit Corner near Serene Falls of Amritsar,Serene Falls of Amritsar,1.1,Transit,4.8
Bistro Treats near Amritsar Sovereign Fort,Amritsar Sovereign Fort,2.3,Food & Dining,4.3
Central Corner near Amritsar Sovereign Fort,Amritsar Sovereign Fort,2.7,Shopping,4.0
Walkway Park near Amritsar Sovereign Fort,Amritsar Sovereign Fort,1.6,Activity,3.6
Street Point near Tranquil Amritsar Temple,Tranquil Amritsar Temple,0.4,Food & Dining,3.9
Handicrafts Hub near Tranquil Amritsar Temple,Tranquil Amritsar Temple,1.5,Shopping,4.4
Transit Corner near Tranquil Amritsar Temple,Tranquil Amritsar Temple,2.4,Transit,4.5
Laziz Dhaba near Extreme Zip-line Valley of Amritsar,Extreme Zip-line Valley of Amritsar,0.3,Food & Dining,4.2
Souvenir Hub near Extreme Zip-line Valley of Amritsar,Extreme Zip-line Valley of Amritsar,2.8,Shopping,4.6
Transit Corner near Extreme Zip-line Valley of Amritsar,Extreme Zip-line Valley of Amritsar,4.5,Transit,4.4
Cafe Point near Amritsar Folk Folk Centre,Amritsar Folk Folk Centre,0.9,Food & Dining,4.0
Bustling Market near Amritsar Folk Folk Centre,Amritsar Folk Folk Centre,0.7,Shopping,4.7
Walkway Park near Amritsar Folk Folk Centre,Amritsar Folk Folk Centre,3.4,Activity,4.1
Royal Dhaba near Traditional Amritsar Cooperative Store,Traditional Amritsar Cooperative Store,1.9,Food & Dining,4.0
Local Emporium near Traditional Amritsar Cooperative Store,Traditional Amritsar Cooperative Store,2.5,Shopping,4.5
Hiking Point near Traditional Amritsar Cooperative Store,Traditional Amritsar Cooperative Store,1.2,Activity,4.5
Gourmet Bakery near Authentic Historic Cafe of Amritsar,Authentic Historic Cafe of Amritsar,2.1,Food & Dining,4.6
Souvenir Flea Market near Authentic Historic Cafe of Amritsar,Authentic Historic Cafe of Amritsar,1.7,Shopping,3.6
Local Market Corner near Authentic Historic Cafe of Amritsar,Authentic Historic Cafe of Amritsar,3.6,Local Market,4.0
Gourmet Treats near Amritsar Tech Art Gallery,Amritsar Tech Art Gallery,1.0,Food & Dining,4.3
Handicrafts Bazaar near Amritsar Tech Art Gallery,Amritsar Tech Art Gallery,2.6,Shopping,3.9
Transit Corner near Amritsar Tech Art Gallery,Amritsar Tech Art Gallery,3.5,Transit,4.4
Cafe Treats near Silver Amritsar Cave,Silver Amritsar Cave,0.5,Food & Dining,3.6
Handicrafts Cooperative near Silver Amritsar Cave,Silver Amritsar Cave,1.6,Shopping,4.1
Local Market Corner near Silver Amritsar Cave,Silver Amritsar Cave,4.2,Local Market,3.6
Desi Point near Grand Museum of Amritsar,Grand Museum of Amritsar,0.1,Food & Dining,4.4
Artisans Flea Market near Grand Museum of Amritsar,Grand Museum of Amritsar,2.5,Shopping,4.8
Transit Corner near Grand Museum of Amritsar,Grand Museum of Amritsar,2.6,Transit,4.9
Royal Chaat Bhandar near Amritsar Tranquil Temple,Amritsar Tranquil Temple,2.2,Food & Dining,4.9
Central Cooperative near Amritsar Tranquil Temple,Amritsar Tranquil Temple,0.5,Shopping,4.6
Sunset Deck near Amritsar Tranquil Temple,Amritsar Tranquil Temple,1.8,Activity,4.8
Bistro Kitchen near Extreme Amritsar Rafting Camp,Extreme Amritsar Rafting Camp,1.2,Food & Dining,4.2
Bustling Market near Extreme Amritsar Rafting Camp,Extreme Amritsar Rafting Camp,2.4,Shopping,4.2
Local Market Corner near Extreme Amritsar Rafting Camp,Extreme Amritsar Rafting Camp,3.4,Local Market,4.6
Street Chaat Bhandar near Artistic Art Village of Amritsar,Artistic Art Village of Amritsar,0.5,Food & Dining,4.6
Central Bazaar near Artistic Art Village of Amritsar,Artistic Art Village of Amritsar,0.7,Shopping,4.6
Transit Corner near Artistic Art Village of Amritsar,Artistic Art Village of Amritsar,0.6,Transit,4.8
Chai Villa Chaat Bhandar near Amritsar Bustling Emporium,Amritsar Bustling Emporium,0.3,Food & Dining,4.1
Bustling Market near Amritsar Bustling Emporium,Amritsar Bustling Emporium,3.1,Shopping,4.0
Local Market Corner near Amritsar Bustling Emporium,Amritsar Bustling Emporium,0.6,Local Market,3.7
Bistro Dhaba near Culinary Amritsar Dhaba Zone,Culinary Amritsar Dhaba Zone,0.7,Food & Dining,4.4
Ethnic Emporium near Culinary Amritsar Dhaba Zone,Culinary Amritsar Dhaba Zone,2.1,Shopping,4.7
Transit Corner near Culinary Amritsar Dhaba Zone,Culinary Amritsar Dhaba Zone,4.4,Transit,4.7
Royal Bakery near Infinity Aquarium of Amritsar,Infinity Aquarium of Amritsar,0.2,Food & Dining,4.5
Local Hub near Infinity Aquarium of Amritsar,Infinity Aquarium of Amritsar,2.2,Shopping,4.2
Sunset Deck near Infinity Aquarium of Amritsar,Infinity Aquarium of Amritsar,3.8,Activity,4.2
Laziz Corner near Amritsar Emerald Sunset Point,Amritsar Emerald Sunset Point,1.1,Food & Dining,4.8
Artisans Cooperative near Amritsar Emerald Sunset Point,Amritsar Emerald Sunset Point,1.8,Shopping,3.6
Transit Corner near Amritsar Emerald Sunset Point,Amritsar Emerald Sunset Point,2.0,Transit,4.2
Bistro Cafe near Victorian Amritsar Gateway,Victorian Amritsar Gateway,2.5,Food & Dining,3.8
Local Hub near Victorian Amritsar Gateway,Victorian Amritsar Gateway,1.2,Shopping,4.7
Walkway Park near Victorian Amritsar Gateway,Victorian Amritsar Gateway,1.4,Activity,4.3
Desi Cafe near Tranquil Temple of Amritsar,Tranquil Temple of Amritsar,1.7,Food & Dining,4.6
Traditional Flea Market near Tranquil Temple of Amritsar,Tranquil Temple of Amritsar,0.2,Shopping,4.7
Sunset Deck near Tranquil Temple of Amritsar,Tranquil Temple of Amritsar,4.1,Viewpoint,4.6
Laziz Diner near Amritsar Extreme Camping Ridge,Amritsar Extreme Camping Ridge,0.8,Food & Dining,4.9
Bustling Market near Amritsar Extreme Camping Ridge,Amritsar Extreme Camping Ridge,1.4,Shopping,3.6
Cable Car Station near Amritsar Extreme Camping Ridge,Amritsar Extreme Camping Ridge,0.5,Viewpoint,3.7
Royal Spot near Indigenous Amritsar Heritage Craft Complex,Indigenous Amritsar Heritage Craft Complex,1.8,Food & Dining,4.4
Central Cooperative near Indigenous Amritsar Heritage Craft Complex,Indigenous Amritsar Heritage Craft Complex,0.3,Shopping,4.7
Transit Corner near Indigenous Amritsar Heritage Craft Complex,Indigenous Amritsar Heritage Craft Complex,1.5,Transit,4.1
Bistro Chaat Bhandar near Hidden Beach of Bhubaneswar,Hidden Beach of Bhubaneswar,2.0,Food & Dining,4.8
Central Corner near Hidden Beach of Bhubaneswar,Hidden Beach of Bhubaneswar,0.3,Shopping,3.6
Cable Car Station near Hidden Beach of Bhubaneswar,Hidden Beach of Bhubaneswar,1.8,Viewpoint,4.3
Chai Villa Bakery near Bhubaneswar Imperial Tomb,Bhubaneswar Imperial Tomb,2.3,Food & Dining,4.2
Traditional Corner near Bhubaneswar Imperial Tomb,Bhubaneswar Imperial Tomb,3.2,Shopping,4.1
Adventure Cliff near Bhubaneswar Imperial Tomb,Bhubaneswar Imperial Tomb,2.4,Viewpoint,4.8
Laziz Diner near Holy Bhubaneswar Ashram,Holy Bhubaneswar Ashram,2.4,Food & Dining,3.7
Artisans Hub near Holy Bhubaneswar Ashram,Holy Bhubaneswar Ashram,1.4,Shopping,3.9
Transit Corner near Holy Bhubaneswar Ashram,Holy Bhubaneswar Ashram,1.2,Transit,4.2
The Spicy Corner near Summit Paragliding Launch of Bhubaneswar,Summit Paragliding Launch of Bhubaneswar,0.6,Food & Dining,3.7
Bustling Bazaar near Summit Paragliding Launch of Bhubaneswar,Summit Paragliding Launch of Bhubaneswar,3.5,Shopping,4.1
Photography Spot near Summit Paragliding Launch of Bhubaneswar,Summit Paragliding Launch of Bhubaneswar,1.7,Activity,4.3
The Spicy Cafe near Bhubaneswar Indigenous Amphitheatre,Bhubaneswar Indigenous Amphitheatre,0.2,Food & Dining,4.6
Bustling Cooperative near Bhubaneswar Indigenous Amphitheatre,Bhubaneswar Indigenous Amphitheatre,0.4,Shopping,3.9
Local Market Corner near Bhubaneswar Indigenous Amphitheatre,Bhubaneswar Indigenous Amphitheatre,1.0,Local Market,5.0
Bistro Corner near Vibrant Bhubaneswar Flea Market,Vibrant Bhubaneswar Flea Market,2.2,Food & Dining,4.0
Souvenir Arcade near Vibrant Bhubaneswar Flea Market,Vibrant Bhubaneswar Flea Market,1.3,Shopping,3.7
Transit Corner near Vibrant Bhubaneswar Flea Market,Vibrant Bhubaneswar Flea Market,0.9,Transit,3.9
Street Kitchen near Delight Food Street of Bhubaneswar,Delight Food Street of Bhubaneswar,1.9,Food & Dining,4.6
Bustling Emporium near Delight Food Street of Bhubaneswar,Delight Food Street of Bhubaneswar,2.4,Shopping,3.6
Adventure Cliff near Delight Food Street of Bhubaneswar,Delight Food Street of Bhubaneswar,1.2,Viewpoint,4.2
Royal Kitchen near Bhubaneswar Metro Botanical Conservatory,Bhubaneswar Metro Botanical Conservatory,1.7,Food & Dining,4.5
Artisans Cooperative near Bhubaneswar Metro Botanical Conservatory,Bhubaneswar Metro Botanical Conservatory,3.4,Shopping,3.9
Transit Corner near Bhubaneswar Metro Botanical Conservatory,Bhubaneswar Metro Botanical Conservatory,2.2,Transit,3.7
The Spicy Chaat Bhandar near Whispering Bhubaneswar Wildlife Reserve,Whispering Bhubaneswar Wildlife Reserve,0.9,Food & Dining,4.2
Artisans Arcade near Whispering Bhubaneswar Wildlife Reserve,Whispering Bhubaneswar Wildlife Reserve,0.5,Shopping,4.0
Sunset Deck near Whispering Bhubaneswar Wildlife Reserve,Whispering Bhubaneswar Wildlife Reserve,1.8,Activity,4.1
The Spicy Bakery near Royal Palace of Bhubaneswar,Royal Palace of Bhubaneswar,1.7,Food & Dining,4.4
Handicrafts Cooperative near Royal Palace of Bhubaneswar,Royal Palace of Bhubaneswar,1.5,Shopping,3.5
Transit Corner near Royal Palace of Bhubaneswar,Royal Palace of Bhubaneswar,4.2,Transit,5.0
Street Cafe near Bhubaneswar Holy Ashram,Bhubaneswar Holy Ashram,1.7,Food & Dining,3.8
Ethnic Flea Market near Bhubaneswar Holy Ashram,Bhubaneswar Holy Ashram,3.4,Shopping,3.5
Local Market Corner near Bhubaneswar Holy Ashram,Bhubaneswar Holy Ashram,3.7,Local Market,4.8
Gourmet Dhaba near Summit Bhubaneswar Climbing Wall,Summit Bhubaneswar Climbing Wall,2.3,Food & Dining,4.8
Artisans Flea Market near Summit Bhubaneswar Climbing Wall,Summit Bhubaneswar Climbing Wall,2.6,Shopping,4.3
Cable Car Station near Summit Bhubaneswar Climbing Wall,Summit Bhubaneswar Climbing Wall,2.7,Viewpoint,4.7
Annapurna Chaat Bhandar near Ethnic Cultural Theatre of Bhubaneswar,Ethnic Cultural Theatre of Bhubaneswar,1.5,Food & Dining,4.8
Handicrafts Hub near Ethnic Cultural Theatre of Bhubaneswar,Ethnic Cultural Theatre of Bhubaneswar,2.4,Shopping,4.1
Boating Lake near Ethnic Cultural Theatre of Bhubaneswar,Ethnic Cultural Theatre of Bhubaneswar,4.0,Activity,3.8
Laziz Corner near Bhubaneswar Central Market,Bhubaneswar Central Market,2.2,Food & Dining,4.1
Ethnic Cooperative near Bhubaneswar Central Market,Bhubaneswar Central Market,2.0,Shopping,3.5
Transit Corner near Bhubaneswar Central Market,Bhubaneswar Central Market,1.1,Transit,4.0
Cafe Cafe near Legacy Bhubaneswar Spice Lane,Legacy Bhubaneswar Spice Lane,2.2,Food & Dining,3.5
Central Arcade near Legacy Bhubaneswar Spice Lane,Legacy Bhubaneswar Spice Lane,1.9,Shopping,4.6
Transit Corner near Legacy Bhubaneswar Spice Lane,Legacy Bhubaneswar Spice Lane,4.5,Transit,4.8
Laziz Dhaba near Stellar Science Arena of Bhubaneswar,Stellar Science Arena of Bhubaneswar,1.7,Food & Dining,4.0
Traditional Arcade near Stellar Science Arena of Bhubaneswar,Stellar Science Arena of Bhubaneswar,0.2,Shopping,4.7
Transit Corner near Stellar Science Arena of Bhubaneswar,Stellar Science Arena of Bhubaneswar,4.6,Transit,4.4
Laziz Kitchen near Bhubaneswar Golden Lake,Bhubaneswar Golden Lake,2.3,Food & Dining,4.3
Souvenir Emporium near Bhubaneswar Golden Lake,Bhubaneswar Golden Lake,0.9,Shopping,4.0
Local Market Corner near Bhubaneswar Golden Lake,Bhubaneswar Golden Lake,4.3,Local Market,3.8
Annapurna Spot near Historic Bhubaneswar Heritage Centre,Historic Bhubaneswar Heritage Centre,1.6,Food & Dining,4.5
Central Emporium near Historic Bhubaneswar Heritage Centre,Historic Bhubaneswar Heritage Centre,2.3,Shopping,3.6
Walkway Park near Historic Bhubaneswar Heritage Centre,Historic Bhubaneswar Heritage Centre,1.2,Viewpoint,3.5
Cafe Bakery near Holy Ashram of Bhubaneswar,Holy Ashram of Bhubaneswar,1.7,Food & Dining,4.8
Central Bazaar near Holy Ashram of Bhubaneswar,Holy Ashram of Bhubaneswar,0.9,Shopping,4.3
Adventure Cliff near Holy Ashram of Bhubaneswar,Holy Ashram of Bhubaneswar,0.9,Viewpoint,4.2
Bistro Corner near Bhubaneswar Summit Safari Zone,Bhubaneswar Summit Safari Zone,0.1,Food & Dining,3.9
Bustling Corner near Bhubaneswar Summit Safari Zone,Bhubaneswar Summit Safari Zone,1.2,Shopping,4.7
Hiking Point near Bhubaneswar Summit Safari Zone,Bhubaneswar Summit Safari Zone,3.1,Viewpoint,4.6
The Spicy Diner near Classical Bhubaneswar Traditional Bazaar,Classical Bhubaneswar Traditional Bazaar,2.1,Food & Dining,4.7
Bustling Bazaar near Classical Bhubaneswar Traditional Bazaar,Classical Bhubaneswar Traditional Bazaar,2.9,Shopping,4.6
Transit Corner near Classical Bhubaneswar Traditional Bazaar,Classical Bhubaneswar Traditional Bazaar,2.2,Transit,4.1
Gourmet Spot near Craft Shopping Arcade of Bhubaneswar,Craft Shopping Arcade of Bhubaneswar,0.9,Food & Dining,4.9
Central Corner near Craft Shopping Arcade of Bhubaneswar,Craft Shopping Arcade of Bhubaneswar,2.3,Shopping,3.7
Heritage Walk near Craft Shopping Arcade of Bhubaneswar,Craft Shopping Arcade of Bhubaneswar,3.4,Viewpoint,4.2
Chai Villa Point near Bhubaneswar Flavors Gourmet Court,Bhubaneswar Flavors Gourmet Court,1.2,Food & Dining,4.6
Ethnic Bazaar near Bhubaneswar Flavors Gourmet Court,Bhubaneswar Flavors Gourmet Court,0.9,Shopping,4.5
Transit Corner near Bhubaneswar Flavors Gourmet Court,Bhubaneswar Flavors Gourmet Court,4.3,Transit,3.8
Annapurna Cafe near Futuristic Bhubaneswar Sky Deck,Futuristic Bhubaneswar Sky Deck,1.8,Food & Dining,4.0
Artisans Bazaar near Futuristic Bhubaneswar Sky Deck,Futuristic Bhubaneswar Sky Deck,1.2,Shopping,3.8
Local Market Corner near Futuristic Bhubaneswar Sky Deck,Futuristic Bhubaneswar Sky Deck,0.7,Local Market,4.9
The Spicy Chaat Bhandar near Scenic Beach of Bhubaneswar,Scenic Beach of Bhubaneswar,0.7,Food & Dining,4.9
Bustling Corner near Scenic Beach of Bhubaneswar,Scenic Beach of Bhubaneswar,3.4,Shopping,4.0
Transit Corner near Scenic Beach of Bhubaneswar,Scenic Beach of Bhubaneswar,3.2,Transit,3.9
Royal Kitchen near Bhubaneswar Sovereign Memorial,Bhubaneswar Sovereign Memorial,2.2,Food & Dining,3.8
Central Corner near Bhubaneswar Sovereign Memorial,Bhubaneswar Sovereign Memorial,2.4,Shopping,3.7
Transit Corner near Bhubaneswar Sovereign Memorial,Bhubaneswar Sovereign Memorial,3.9,Transit,3.5
Street Point near Holy Bhubaneswar Ashram,Holy Bhubaneswar Ashram,0.5,Food & Dining,3.7
Local Hub near Holy Bhubaneswar Ashram,Holy Bhubaneswar Ashram,0.6,Shopping,4.2
Adventure Cliff near Holy Bhubaneswar Ashram,Holy Bhubaneswar Ashram,1.1,Activity,4.0
Laziz Dhaba near Summit Trekking Trail of Bhubaneswar,Summit Trekking Trail of Bhubaneswar,1.5,Food & Dining,4.2
Ethnic Market near Summit Trekking Trail of Bhubaneswar,Summit Trekking Trail of Bhubaneswar,0.2,Shopping,3.7
Walkway Park near Summit Trekking Trail of Bhubaneswar,Summit Trekking Trail of Bhubaneswar,4.8,Viewpoint,4.4
Desi Chaat Bhandar near Bhubaneswar Legacy Amphitheatre,Bhubaneswar Legacy Amphitheatre,0.9,Food & Dining,4.2
Traditional Cooperative near Bhubaneswar Legacy Amphitheatre,Bhubaneswar Legacy Amphitheatre,1.1,Shopping,4.5
Cable Car Station near Bhubaneswar Legacy Amphitheatre,Bhubaneswar Legacy Amphitheatre,0.6,Activity,4.8
Laziz Point near Royal Bhubaneswar Bazaar,Royal Bhubaneswar Bazaar,0.5,Food & Dining,4.3
Souvenir Corner near Royal Bhubaneswar Bazaar,Royal Bhubaneswar Bazaar,0.8,Shopping,3.7
Walkway Park near Royal Bhubaneswar Bazaar,Royal Bhubaneswar Bazaar,3.7,Viewpoint,3.8
The Spicy Point near Traditional Chaat Corner of Bhubaneswar,Traditional Chaat Corner of Bhubaneswar,2.2,Food & Dining,3.8
Handicrafts Bazaar near Traditional Chaat Corner of Bhubaneswar,Traditional Chaat Corner of Bhubaneswar,2.3,Shopping,3.9
Heritage Walk near Traditional Chaat Corner of Bhubaneswar,Traditional Chaat Corner of Bhubaneswar,2.0,Viewpoint,3.8
Royal Corner near Bhubaneswar Cosmo Planetarium,Bhubaneswar Cosmo Planetarium,0.6,Food & Dining,3.5
Traditional Hub near Bhubaneswar Cosmo Planetarium,Bhubaneswar Cosmo Planetarium,2.3,Shopping,3.5
Cable Car Station near Bhubaneswar Cosmo Planetarium,Bhubaneswar Cosmo Planetarium,1.9,Activity,3.6
Royal Kitchen near Cloudy Bhubaneswar Wildlife Reserve,Cloudy Bhubaneswar Wildlife Reserve,1.0,Food & Dining,4.3
Ethnic Cooperative near Cloudy Bhubaneswar Wildlife Reserve,Cloudy Bhubaneswar Wildlife Reserve,0.2,Shopping,4.4
Boating Lake near Cloudy Bhubaneswar Wildlife Reserve,Cloudy Bhubaneswar Wildlife Reserve,1.5,Viewpoint,4.3
Chai Villa Spot near Grand Castle of Bhubaneswar,Grand Castle of Bhubaneswar,0.7,Food & Dining,4.7
Handicrafts Arcade near Grand Castle of Bhubaneswar,Grand Castle of Bhubaneswar,1.0,Shopping,4.0
Transit Corner near Grand Castle of Bhubaneswar,Grand Castle of Bhubaneswar,0.9,Transit,4.2
Annapurna Dhaba near Bhubaneswar Holy Ashram,Bhubaneswar Holy Ashram,0.2,Food & Dining,4.3
Bustling Cooperative near Bhubaneswar Holy Ashram,Bhubaneswar Holy Ashram,2.7,Shopping,4.7
Heritage Walk near Bhubaneswar Holy Ashram,Bhubaneswar Holy Ashram,0.9,Viewpoint,4.5
Desi Cafe near Summit Bhubaneswar Zip-line Valley,Summit Bhubaneswar Zip-line Valley,2.3,Food & Dining,4.2
Souvenir Market near Summit Bhubaneswar Zip-line Valley,Summit Bhubaneswar Zip-line Valley,1.0,Shopping,4.3
Local Market Corner near Summit Bhubaneswar Zip-line Valley,Summit Bhubaneswar Zip-line Valley,1.0,Local Market,3.5
Street Kitchen near Creative Cultural Theatre of Bhubaneswar,Creative Cultural Theatre of Bhubaneswar,2.0,Food & Dining,4.4
Souvenir Market near Creative Cultural Theatre of Bhubaneswar,Creative Cultural Theatre of Bhubaneswar,2.8,Shopping,3.8
Local Market Corner near Creative Cultural Theatre of Bhubaneswar,Creative Cultural Theatre of Bhubaneswar,0.4,Local Market,3.9
Gourmet Bakery near Bhubaneswar Local Cooperative Store,Bhubaneswar Local Cooperative Store,1.2,Food & Dining,4.3
Local Arcade near Bhubaneswar Local Cooperative Store,Bhubaneswar Local Cooperative Store,1.0,Shopping,4.5
Transit Corner near Bhubaneswar Local Cooperative Store,Bhubaneswar Local Cooperative Store,0.8,Transit,4.9
Chai Villa Treats near Savory Bhubaneswar Historic Cafe,Savory Bhubaneswar Historic Cafe,1.4,Food & Dining,3.9
Traditional Cooperative near Savory Bhubaneswar Historic Cafe,Savory Bhubaneswar Historic Cafe,2.4,Shopping,4.2
Heritage Walk near Savory Bhubaneswar Historic Cafe,Savory Bhubaneswar Historic Cafe,1.0,Viewpoint,3.7
Laziz Dhaba near Apex Art Gallery of Bhubaneswar,Apex Art Gallery of Bhubaneswar,2.1,Food & Dining,4.4
Artisans Corner near Apex Art Gallery of Bhubaneswar,Apex Art Gallery of Bhubaneswar,3.3,Shopping,4.7
Local Market Corner near Apex Art Gallery of Bhubaneswar,Apex Art Gallery of Bhubaneswar,3.6,Local Market,4.8
Cafe Kitchen near Bhubaneswar Hidden Lake,Bhubaneswar Hidden Lake,1.5,Food & Dining,4.1
Bustling Bazaar near Bhubaneswar Hidden Lake,Bhubaneswar Hidden Lake,0.8,Shopping,4.6
Cable Car Station near Bhubaneswar Hidden Lake,Bhubaneswar Hidden Lake,0.4,Activity,4.4
Laziz Bakery near Victorian Bhubaneswar Tomb,Victorian Bhubaneswar Tomb,2.0,Food & Dining,4.3
Souvenir Emporium near Victorian Bhubaneswar Tomb,Victorian Bhubaneswar Tomb,2.8,Shopping,4.4
Local Market Corner near Victorian Bhubaneswar Tomb,Victorian Bhubaneswar Tomb,3.1,Local Market,3.5
The Spicy Chaat Bhandar near Holy Ashram of Bhubaneswar,Holy Ashram of Bhubaneswar,1.5,Food & Dining,4.5
Artisans Market near Holy Ashram of Bhubaneswar,Holy Ashram of Bhubaneswar,1.0,Shopping,4.3
Photography Spot near Holy Ashram of Bhubaneswar,Holy Ashram of Bhubaneswar,4.3,Viewpoint,3.7
Chai Villa Chaat Bhandar near Bhubaneswar Summit Rafting Camp,Bhubaneswar Summit Rafting Camp,1.9,Food & Dining,4.8
Traditional Arcade near Bhubaneswar Summit Rafting Camp,Bhubaneswar Summit Rafting Camp,1.6,Shopping,4.0
Transit Corner near Bhubaneswar Summit Rafting Camp,Bhubaneswar Summit Rafting Camp,3.3,Transit,3.7
Annapurna Kitchen near Folk Bhubaneswar Traditional Bazaar,Folk Bhubaneswar Traditional Bazaar,1.7,Food & Dining,4.7
Bustling Emporium near Folk Bhubaneswar Traditional Bazaar,Folk Bhubaneswar Traditional Bazaar,1.7,Shopping,4.7
Local Market Corner near Folk Bhubaneswar Traditional Bazaar,Folk Bhubaneswar Traditional Bazaar,2.4,Local Market,4.4
Royal Cafe near Emerald Hills of Puri,Emerald Hills of Puri,0.2,Food & Dining,4.0
Souvenir Corner near Emerald Hills of Puri,Emerald Hills of Puri,1.4,Shopping,4.1
Local Market Corner near Emerald Hills of Puri,Emerald Hills of Puri,1.3,Local Market,3.6
Gourmet Spot near Puri Imperial Gateway,Puri Imperial Gateway,2.4,Food & Dining,4.2
Handicrafts Cooperative near Puri Imperial Gateway,Puri Imperial Gateway,2.6,Shopping,4.1
Boating Lake near Puri Imperial Gateway,Puri Imperial Gateway,3.4,Activity,4.1
Royal Bakery near Eternal Puri Mosque,Eternal Puri Mosque,1.2,Food & Dining,4.4
Handicrafts Hub near Eternal Puri Mosque,Eternal Puri Mosque,2.7,Shopping,3.6
Transit Corner near Eternal Puri Mosque,Eternal Puri Mosque,4.6,Transit,4.3
Royal Point near Wild Camping Ridge of Puri,Wild Camping Ridge of Puri,0.4,Food & Dining,4.0
Artisans Bazaar near Wild Camping Ridge of Puri,Wild Camping Ridge of Puri,0.4,Shopping,4.2
Walkway Park near Wild Camping Ridge of Puri,Wild Camping Ridge of Puri,2.7,Activity,4.3
Desi Spot near Puri Folk Folk Centre,Puri Folk Folk Centre,1.0,Food & Dining,4.8
Traditional Corner near Puri Folk Folk Centre,Puri Folk Folk Centre,0.4,Shopping,3.6
Local Market Corner near Puri Folk Folk Centre,Puri Folk Folk Centre,4.9,Local Market,3.8
Royal Corner near Traditional Puri Spices Corner,Traditional Puri Spices Corner,1.1,Food & Dining,4.8
Artisans Market near Traditional Puri Spices Corner,Traditional Puri Spices Corner,1.0,Shopping,4.2
Cable Car Station near Traditional Puri Spices Corner,Traditional Puri Spices Corner,3.6,Activity,4.6
Desi Kitchen near Authentic Sweet Alley of Puri,Authentic Sweet Alley of Puri,2.1,Food & Dining,4.5
Artisans Cooperative near Authentic Sweet Alley of Puri,Authentic Sweet Alley of Puri,1.7,Shopping,4.6
Photography Spot near Authentic Sweet Alley of Puri,Authentic Sweet Alley of Puri,2.5,Viewpoint,4.1
Street Chaat Bhandar near Puri Tech Amusement Park,Puri Tech Amusement Park,1.8,Food & Dining,4.3
Artisans Flea Market near Puri Tech Amusement Park,Puri Tech Amusement Park,1.7,Shopping,4.1
Local Market Corner near Puri Tech Amusement Park,Puri Tech Amusement Park,1.8,Local Market,4.6
The Spicy Diner near Silent Puri Valley,Silent Puri Valley,1.9,Food & Dining,4.4
Bustling Emporium near Silent Puri Valley,Silent Puri Valley,1.1,Shopping,4.2
Cable Car Station near Silent Puri Valley,Silent Puri Valley,0.4,Activity,4.2
Annapurna Cafe near Royal Ruin of Puri,Royal Ruin of Puri,1.6,Food & Dining,4.7
Souvenir Hub near Royal Ruin of Puri,Royal Ruin of Puri,0.7,Shopping,4.0
Transit Corner near Royal Ruin of Puri,Royal Ruin of Puri,3.6,Transit,3.7
Bistro Bakery near Puri Eternal Mosque,Puri Eternal Mosque,0.4,Food & Dining,4.1
Traditional Flea Market near Puri Eternal Mosque,Puri Eternal Mosque,1.5,Shopping,3.6
Transit Corner near Puri Eternal Mosque,Puri Eternal Mosque,0.9,Transit,4.5
Royal Bakery near Wild Puri Paragliding Launch,Wild Puri Paragliding Launch,0.5,Food & Dining,4.7
Handicrafts Hub near Wild Puri Paragliding Launch,Wild Puri Paragliding Launch,1.2,Shopping,4.8
Local Market Corner near Wild Puri Paragliding Launch,Wild Puri Paragliding Launch,3.6,Local Market,4.1
Chai Villa Diner near Artistic Art Village of Puri,Artistic Art Village of Puri,1.6,Food & Dining,4.8
Local Corner near Artistic Art Village of Puri,Artistic Art Village of Puri,1.3,Shopping,4.7
Adventure Cliff near Artistic Art Village of Puri,Artistic Art Village of Puri,1.4,Activity,4.7
Chai Villa Diner near Puri Bustling Flea Market,Puri Bustling Flea Market,0.7,Food & Dining,3.6
Traditional Emporium near Puri Bustling Flea Market,Puri Bustling Flea Market,1.3,Shopping,4.6
Local Market Corner near Puri Bustling Flea Market,Puri Bustling Flea Market,3.7,Local Market,4.5
The Spicy Spot near Culinary Puri Food Street,Culinary Puri Food Street,0.6,Food & Dining,3.8
Local Arcade near Culinary Puri Food Street,Culinary Puri Food Street,0.4,Shopping,4.2
Transit Corner near Culinary Puri Food Street,Culinary Puri Food Street,4.7,Transit,4.4
Desi Treats near Infinity Botanical Conservatory of Puri,Infinity Botanical Conservatory of Puri,2.4,Food & Dining,4.0
Handicrafts Flea Market near Infinity Botanical Conservatory of Puri,Infinity Botanical Conservatory of Puri,1.0,Shopping,4.5
Local Market Corner near Infinity Botanical Conservatory of Puri,Infinity Botanical Conservatory of Puri,3.0,Local Market,4.6
Desi Treats near Puri Mist-Clad River Confluence,Puri Mist-Clad River Confluence,1.8,Food & Dining,4.3
Souvenir Corner near Puri Mist-Clad River Confluence,Puri Mist-Clad River Confluence,0.7,Shopping,3.8
Cable Car Station near Puri Mist-Clad River Confluence,Puri Mist-Clad River Confluence,0.6,Viewpoint,3.5
Street Diner near Historic Puri Ancient Caves,Historic Puri Ancient Caves,0.8,Food & Dining,4.7
Artisans Corner near Historic Puri Ancient Caves,Historic Puri Ancient Caves,0.7,Shopping,4.0
Cable Car Station near Historic Puri Ancient Caves,Historic Puri Ancient Caves,4.4,Activity,4.5
Annapurna Treats near Eternal Mosque of Puri,Eternal Mosque of Puri,0.8,Food & Dining,3.8
Souvenir Market near Eternal Mosque of Puri,Eternal Mosque of Puri,3.5,Shopping,4.7
Transit Corner near Eternal Mosque of Puri,Eternal Mosque of Puri,3.0,Transit,4.6
Royal Diner near Puri Wild Climbing Wall,Puri Wild Climbing Wall,2.4,Food & Dining,3.6
Handicrafts Bazaar near Puri Wild Climbing Wall,Puri Wild Climbing Wall,1.4,Shopping,3.9
Transit Corner near Puri Wild Climbing Wall,Puri Wild Climbing Wall,0.4,Transit,3.5
Royal Cafe near Indigenous Puri Heritage Craft Complex,Indigenous Puri Heritage Craft Complex,2.1,Food & Dining,4.2
Handicrafts Corner near Indigenous Puri Heritage Craft Complex,Indigenous Puri Heritage Craft Complex,3.2,Shopping,3.7
Walkway Park near Indigenous Puri Heritage Craft Complex,Indigenous Puri Heritage Craft Complex,1.2,Activity,3.6
Royal Diner near Vibrant Market of Puri,Vibrant Market of Puri,0.3,Food & Dining,4.6
Bustling Market near Vibrant Market of Puri,Vibrant Market of Puri,1.8,Shopping,4.2
Transit Corner near Vibrant Market of Puri,Vibrant Market of Puri,3.6,Transit,4.0
Bistro Diner near Puri Delight Spice Lane,Puri Delight Spice Lane,1.0,Food & Dining,3.8
Artisans Corner near Puri Delight Spice Lane,Puri Delight Spice Lane,3.5,Shopping,4.0
Local Market Corner near Puri Delight Spice Lane,Puri Delight Spice Lane,3.3,Local Market,3.9
Cafe Chaat Bhandar near Metro Puri Science Arena,Metro Puri Science Arena,1.5,Food & Dining,3.5
Artisans Emporium near Metro Puri Science Arena,Metro Puri Science Arena,1.9,Shopping,3.8
Transit Corner near Metro Puri Science Arena,Metro Puri Science Arena,4.1,Transit,4.4
Gourmet Diner near Serene Hills of Puri,Serene Hills of Puri,1.4,Food & Dining,4.8
Bustling Market near Serene Hills of Puri,Serene Hills of Puri,2.9,Shopping,3.6
Photography Spot near Serene Hills of Puri,Serene Hills of Puri,1.4,Viewpoint,4.7
Annapurna Diner near Puri Sovereign Fort,Puri Sovereign Fort,0.7,Food & Dining,4.8
Ethnic Emporium near Puri Sovereign Fort,Puri Sovereign Fort,2.5,Shopping,4.1
Photography Spot near Puri Sovereign Fort,Puri Sovereign Fort,3.6,Activity,3.9
Chai Villa Cafe near Eternal Puri Mosque,Eternal Puri Mosque,2.2,Food & Dining,4.2
Central Bazaar near Eternal Puri Mosque,Eternal Puri Mosque,1.1,Shopping,4.3
Hiking Point near Eternal Puri Mosque,Eternal Puri Mosque,1.4,Activity,4.6
Annapurna Cafe near Wild Safari Zone of Puri,Wild Safari Zone of Puri,1.5,Food & Dining,3.7
Ethnic Arcade near Wild Safari Zone of Puri,Wild Safari Zone of Puri,2.6,Shopping,3.7
Transit Corner near Wild Safari Zone of Puri,Wild Safari Zone of Puri,2.1,Transit,3.6
Bistro Spot near Puri Ethnic Folk Centre,Puri Ethnic Folk Centre,0.8,Food & Dining,3.5
Central Bazaar near Puri Ethnic Folk Centre,Puri Ethnic Folk Centre,2.5,Shopping,3.9
Transit Corner near Puri Ethnic Folk Centre,Puri Ethnic Folk Centre,2.3,Transit,4.6
The Spicy Spot near Central Puri Shopping Arcade,Central Puri Shopping Arcade,2.4,Food & Dining,4.0
Local Cooperative near Central Puri Shopping Arcade,Central Puri Shopping Arcade,0.3,Shopping,3.9
Photography Spot near Central Puri Shopping Arcade,Central Puri Shopping Arcade,1.3,Viewpoint,5.0
Chai Villa Dhaba near Legacy Gourmet Court of Puri,Legacy Gourmet Court of Puri,2.1,Food & Dining,4.2
Traditional Market near Legacy Gourmet Court of Puri,Legacy Gourmet Court of Puri,1.7,Shopping,3.8
Local Market Corner near Legacy Gourmet Court of Puri,Legacy Gourmet Court of Puri,4.7,Local Market,3.9
Gourmet Bakery near Puri Stellar Sky Deck,Puri Stellar Sky Deck,2.1,Food & Dining,3.9
Local Flea Market near Puri Stellar Sky Deck,Puri Stellar Sky Deck,2.8,Shopping,4.0
Photography Spot near Puri Stellar Sky Deck,Puri Stellar Sky Deck,1.3,Viewpoint,3.8
Gourmet Dhaba near Silver Puri Valley,Silver Puri Valley,2.5,Food & Dining,4.0
Ethnic Hub near Silver Puri Valley,Silver Puri Valley,1.8,Shopping,4.3
Walkway Park near Silver Puri Valley,Silver Puri Valley,4.2,Activity,3.8
The Spicy Dhaba near Grand Museum of Puri,Grand Museum of Puri,0.1,Food & Dining,3.8
Handicrafts Arcade near Grand Museum of Puri,Grand Museum of Puri,3.3,Shopping,4.3
Local Market Corner near Grand Museum of Puri,Grand Museum of Puri,0.4,Local Market,4.7
The Spicy Spot near Puri Eternal Mosque,Puri Eternal Mosque,0.1,Food & Dining,3.9
Artisans Hub near Puri Eternal Mosque,Puri Eternal Mosque,0.6,Shopping,4.4
Cable Car Station near Puri Eternal Mosque,Puri Eternal Mosque,4.6,Activity,3.9
Annapurna Bakery near Wild Puri Trekking Trail,Wild Puri Trekking Trail,0.5,Food & Dining,3.6
Local Bazaar near Wild Puri Trekking Trail,Wild Puri Trekking Trail,0.4,Shopping,3.6
Local Market Corner near Wild Puri Trekking Trail,Wild Puri Trekking Trail,3.1,Local Market,4.3
Royal Diner near Classical Art Village of Puri,Classical Art Village of Puri,1.7,Food & Dining,4.3
Handicrafts Corner near Classical Art Village of Puri,Classical Art Village of Puri,1.7,Shopping,3.8
Photography Spot near Classical Art Village of Puri,Classical Art Village of Puri,4.5,Viewpoint,3.9
Bistro Corner near Puri Craft Bazaar,Puri Craft Bazaar,0.1,Food & Dining,4.9
Ethnic Bazaar near Puri Craft Bazaar,Puri Craft Bazaar,2.2,Shopping,3.5
Adventure Cliff near Puri Craft Bazaar,Puri Craft Bazaar,4.5,Viewpoint,4.6
Annapurna Bakery near Flavors Puri Chaat Corner,Flavors Puri Chaat Corner,1.6,Food & Dining,3.7
Central Arcade near Flavors Puri Chaat Corner,Flavors Puri Chaat Corner,0.9,Shopping,3.9
Transit Corner near Flavors Puri Chaat Corner,Flavors Puri Chaat Corner,4.8,Transit,4.2
Laziz Kitchen near Futuristic Planetarium of Puri,Futuristic Planetarium of Puri,1.6,Food & Dining,4.6
Traditional Bazaar near Futuristic Planetarium of Puri,Futuristic Planetarium of Puri,2.3,Shopping,4.7
Transit Corner near Futuristic Planetarium of Puri,Futuristic Planetarium of Puri,1.0,Transit,4.1
Bistro Kitchen near Puri Emerald River Confluence,Puri Emerald River Confluence,2.2,Food & Dining,4.7
Bustling Hub near Puri Emerald River Confluence,Puri Emerald River Confluence,1.5,Shopping,4.7
Transit Corner near Puri Emerald River Confluence,Puri Emerald River Confluence,2.8,Transit,4.7
Street Diner near Victorian Puri Gateway,Victorian Puri Gateway,0.6,Food & Dining,3.5
Souvenir Flea Market near Victorian Puri Gateway,Victorian Puri Gateway,2.2,Shopping,3.7
Photography Spot near Victorian Puri Gateway,Victorian Puri Gateway,3.5,Activity,3.8
Desi Kitchen near Eternal Mosque of Puri,Eternal Mosque of Puri,1.1,Food & Dining,4.3
Artisans Arcade near Eternal Mosque of Puri,Eternal Mosque of Puri,1.6,Shopping,4.2
Photography Spot near Eternal Mosque of Puri,Eternal Mosque of Puri,2.4,Viewpoint,4.7
Laziz Chaat Bhandar near Puri Wild Zip-line Valley,Puri Wild Zip-line Valley,1.9,Food & Dining,4.3
Bustling Arcade near Puri Wild Zip-line Valley,Puri Wild Zip-line Valley,0.2,Shopping,3.8
Walkway Park near Puri Wild Zip-line Valley,Puri Wild Zip-line Valley,3.3,Activity,3.9
Gourmet Bakery near Legacy Puri Heritage Craft Complex,Legacy Puri Heritage Craft Complex,0.1,Food & Dining,4.0
Central Market near Legacy Puri Heritage Craft Complex,Legacy Puri Heritage Craft Complex,1.4,Shopping,4.7
Heritage Walk near Legacy Puri Heritage Craft Complex,Legacy Puri Heritage Craft Complex,3.5,Activity,3.8
Annapurna Spot near Hidden Peak of Guwahati,Hidden Peak of Guwahati,1.8,Food & Dining,3.9
Souvenir Emporium near Hidden Peak of Guwahati,Hidden Peak of Guwahati,1.3,Shopping,4.0
Local Market Corner near Hidden Peak of Guwahati,Hidden Peak of Guwahati,4.5,Local Market,4.9
Street Bakery near Guwahati Imperial Tomb,Guwahati Imperial Tomb,0.8,Food & Dining,4.7
Bustling Cooperative near Guwahati Imperial Tomb,Guwahati Imperial Tomb,0.3,Shopping,4.5
Adventure Cliff near Guwahati Imperial Tomb,Guwahati Imperial Tomb,3.9,Viewpoint,4.2
Desi Bakery near Divine Guwahati Gurudwara,Divine Guwahati Gurudwara,2.4,Food & Dining,4.9
Artisans Arcade near Divine Guwahati Gurudwara,Divine Guwahati Gurudwara,2.5,Shopping,4.5
Local Market Corner near Divine Guwahati Gurudwara,Divine Guwahati Gurudwara,1.0,Local Market,4.5
Bistro Corner near Rogue Rafting Camp of Guwahati,Rogue Rafting Camp of Guwahati,0.6,Food & Dining,4.5
Handicrafts Corner near Rogue Rafting Camp of Guwahati,Rogue Rafting Camp of Guwahati,2.7,Shopping,3.7
Walkway Park near Rogue Rafting Camp of Guwahati,Rogue Rafting Camp of Guwahati,3.7,Activity,4.5
Laziz Diner near Guwahati Legacy Amphitheatre,Guwahati Legacy Amphitheatre,1.6,Food & Dining,3.8
Traditional Market near Guwahati Legacy Amphitheatre,Guwahati Legacy Amphitheatre,2.5,Shopping,4.2
Local Market Corner near Guwahati Legacy Amphitheatre,Guwahati Legacy Amphitheatre,1.4,Local Market,3.8
Chai Villa Kitchen near Royal Guwahati Emporium,Royal Guwahati Emporium,1.3,Food & Dining,3.9
Central Corner near Royal Guwahati Emporium,Royal Guwahati Emporium,2.3,Shopping,3.9
Local Market Corner near Royal Guwahati Emporium,Royal Guwahati Emporium,3.2,Local Market,3.7
Royal Bakery near Traditional Dhaba Zone of Guwahati,Traditional Dhaba Zone of Guwahati,1.1,Food & Dining,4.3
Local Flea Market near Traditional Dhaba Zone of Guwahati,Traditional Dhaba Zone of Guwahati,3.1,Shopping,4.4
Boating Lake near Traditional Dhaba Zone of Guwahati,Traditional Dhaba Zone of Guwahati,4.8,Viewpoint,4.2
Gourmet Chaat Bhandar near Guwahati Cosmo Aquarium,Guwahati Cosmo Aquarium,1.4,Food & Dining,4.0
Ethnic Bazaar near Guwahati Cosmo Aquarium,Guwahati Cosmo Aquarium,0.3,Shopping,4.1
Local Market Corner near Guwahati Cosmo Aquarium,Guwahati Cosmo Aquarium,3.0,Local Market,3.6
Royal Kitchen near Whispering Guwahati Gardens,Whispering Guwahati Gardens,2.1,Food & Dining,4.1
Souvenir Corner near Whispering Guwahati Gardens,Whispering Guwahati Gardens,2.8,Shopping,3.6
Local Market Corner near Whispering Guwahati Gardens,Whispering Guwahati Gardens,2.6,Local Market,3.7
Annapurna Dhaba near Royal Palace of Guwahati,Royal Palace of Guwahati,0.5,Food & Dining,4.0
Traditional Arcade near Royal Palace of Guwahati,Royal Palace of Guwahati,3.1,Shopping,4.6
Transit Corner near Royal Palace of Guwahati,Royal Palace of Guwahati,1.3,Transit,4.8
Desi Cafe near Guwahati Divine Gurudwara,Guwahati Divine Gurudwara,0.7,Food & Dining,4.4
Artisans Bazaar near Guwahati Divine Gurudwara,Guwahati Divine Gurudwara,2.0,Shopping,4.0
Photography Spot near Guwahati Divine Gurudwara,Guwahati Divine Gurudwara,1.0,Viewpoint,4.7
Desi Corner near Rogue Guwahati Camping Ridge,Rogue Guwahati Camping Ridge,0.4,Food & Dining,4.6
Central Arcade near Rogue Guwahati Camping Ridge,Rogue Guwahati Camping Ridge,0.9,Shopping,4.2
Local Market Corner near Rogue Guwahati Camping Ridge,Rogue Guwahati Camping Ridge,4.7,Local Market,4.7
Bistro Corner near Creative Cultural Theatre of Guwahati,Creative Cultural Theatre of Guwahati,2.1,Food & Dining,4.2
Local Bazaar near Creative Cultural Theatre of Guwahati,Creative Cultural Theatre of Guwahati,1.8,Shopping,3.8
Transit Corner near Creative Cultural Theatre of Guwahati,Creative Cultural Theatre of Guwahati,3.1,Transit,4.7
Gourmet Corner near Guwahati Local Spices Corner,Guwahati Local Spices Corner,2.0,Food & Dining,4.2
Artisans Flea Market near Guwahati Local Spices Corner,Guwahati Local Spices Corner,3.2,Shopping,3.6
Local Market Corner near Guwahati Local Spices Corner,Guwahati Local Spices Corner,4.4,Local Market,3.8
Street Point near Savory Guwahati Sweet Alley,Savory Guwahati Sweet Alley,1.2,Food & Dining,4.5
Ethnic Market near Savory Guwahati Sweet Alley,Savory Guwahati Sweet Alley,2.0,Shopping,3.9
Transit Corner near Savory Guwahati Sweet Alley,Savory Guwahati Sweet Alley,2.8,Transit,4.8
Cafe Treats near Apex Amusement Park of Guwahati,Apex Amusement Park of Guwahati,1.5,Food & Dining,4.3
Souvenir Corner near Apex Amusement Park of Guwahati,Apex Amusement Park of Guwahati,0.4,Shopping,3.5
Heritage Walk near Apex Amusement Park of Guwahati,Apex Amusement Park of Guwahati,4.0,Viewpoint,4.9
Street Bakery near Guwahati Golden Meadow,Guwahati Golden Meadow,0.5,Food & Dining,4.7
Central Market near Guwahati Golden Meadow,Guwahati Golden Meadow,3.5,Shopping,3.5
Hiking Point near Guwahati Golden Meadow,Guwahati Golden Meadow,4.7,Viewpoint,4.2
Annapurna Kitchen near Historic Guwahati Heritage Centre,Historic Guwahati Heritage Centre,0.8,Food & Dining,4.7
Traditional Flea Market near Historic Guwahati Heritage Centre,Historic Guwahati Heritage Centre,0.9,Shopping,4.4
Boating Lake near Historic Guwahati Heritage Centre,Historic Guwahati Heritage Centre,2.2,Activity,5.0
Street Bakery near Divine Gurudwara of Guwahati,Divine Gurudwara of Guwahati,1.9,Food & Dining,4.4
Artisans Bazaar near Divine Gurudwara of Guwahati,Divine Gurudwara of Guwahati,2.3,Shopping,4.4
Cable Car Station near Divine Gurudwara of Guwahati,Divine Gurudwara of Guwahati,0.6,Viewpoint,4.3
Cafe Bakery near Guwahati Rogue Paragliding Launch,Guwahati Rogue Paragliding Launch,2.3,Food & Dining,3.6
Local Market near Guwahati Rogue Paragliding Launch,Guwahati Rogue Paragliding Launch,2.9,Shopping,3.9
Local Market Corner near Guwahati Rogue Paragliding Launch,Guwahati Rogue Paragliding Launch,1.5,Local Market,4.8
Desi Point near Folk Guwahati Traditional Bazaar,Folk Guwahati Traditional Bazaar,0.5,Food & Dining,4.6
Handicrafts Cooperative near Folk Guwahati Traditional Bazaar,Folk Guwahati Traditional Bazaar,3.3,Shopping,3.6
Heritage Walk near Folk Guwahati Traditional Bazaar,Folk Guwahati Traditional Bazaar,4.3,Viewpoint,3.6
The Spicy Cafe near Traditional Flea Market of Guwahati,Traditional Flea Market of Guwahati,1.3,Food & Dining,4.8
Bustling Arcade near Traditional Flea Market of Guwahati,Traditional Flea Market of Guwahati,0.3,Shopping,4.8
Transit Corner near Traditional Flea Market of Guwahati,Traditional Flea Market of Guwahati,3.2,Transit,3.5
Bistro Treats near Guwahati Authentic Food Street,Guwahati Authentic Food Street,0.4,Food & Dining,4.6
Handicrafts Market near Guwahati Authentic Food Street,Guwahati Authentic Food Street,3.3,Shopping,4.6
Local Market Corner near Guwahati Authentic Food Street,Guwahati Authentic Food Street,3.1,Local Market,4.2
Chai Villa Bakery near Tech Guwahati Botanical Conservatory,Tech Guwahati Botanical Conservatory,1.6,Food & Dining,3.6
Local Flea Market near Tech Guwahati Botanical Conservatory,Tech Guwahati Botanical Conservatory,3.0,Shopping,4.5
Photography Spot near Tech Guwahati Botanical Conservatory,Tech Guwahati Botanical Conservatory,4.4,Viewpoint,4.6
Chai Villa Cafe near Scenic Peak of Guwahati,Scenic Peak of Guwahati,0.1,Food & Dining,4.9
Handicrafts Cooperative near Scenic Peak of Guwahati,Scenic Peak of Guwahati,1.6,Shopping,4.4
Transit Corner near Scenic Peak of Guwahati,Scenic Peak of Guwahati,3.1,Transit,4.8
Royal Cafe near Guwahati Sovereign Memorial,Guwahati Sovereign Memorial,0.6,Food & Dining,4.7
Central Market near Guwahati Sovereign Memorial,Guwahati Sovereign Memorial,2.6,Shopping,3.7
Local Market Corner near Guwahati Sovereign Memorial,Guwahati Sovereign Memorial,3.0,Local Market,4.8
Royal Diner near Divine Guwahati Gurudwara,Divine Guwahati Gurudwara,1.3,Food & Dining,4.3
Bustling Bazaar near Divine Guwahati Gurudwara,Divine Guwahati Gurudwara,0.6,Shopping,4.7
Local Market Corner near Divine Guwahati Gurudwara,Divine Guwahati Gurudwara,3.4,Local Market,3.9
The Spicy Chaat Bhandar near Rogue Climbing Wall of Guwahati,Rogue Climbing Wall of Guwahati,1.6,Food & Dining,4.1
Central Hub near Rogue Climbing Wall of Guwahati,Rogue Climbing Wall of Guwahati,0.2,Shopping,3.8
Local Market Corner near Rogue Climbing Wall of Guwahati,Rogue Climbing Wall of Guwahati,3.1,Local Market,4.3
Annapurna Diner near Guwahati Artistic Amphitheatre,Guwahati Artistic Amphitheatre,0.9,Food & Dining,3.6
Local Hub near Guwahati Artistic Amphitheatre,Guwahati Artistic Amphitheatre,2.3,Shopping,3.8
Boating Lake near Guwahati Artistic Amphitheatre,Guwahati Artistic Amphitheatre,4.2,Viewpoint,3.7
Bistro Kitchen near Bustling Guwahati Market,Bustling Guwahati Market,0.8,Food & Dining,4.3
Handicrafts Cooperative near Bustling Guwahati Market,Bustling Guwahati Market,0.6,Shopping,4.3
Local Market Corner near Bustling Guwahati Market,Bustling Guwahati Market,4.0,Local Market,4.6
Street Corner near Culinary Spice Lane of Guwahati,Culinary Spice Lane of Guwahati,0.9,Food & Dining,4.8
Artisans Bazaar near Culinary Spice Lane of Guwahati,Culinary Spice Lane of Guwahati,1.7,Shopping,4.0
Sunset Deck near Culinary Spice Lane of Guwahati,Culinary Spice Lane of Guwahati,3.2,Viewpoint,4.5
Annapurna Dhaba near Guwahati Infinity Science Arena,Guwahati Infinity Science Arena,0.5,Food & Dining,4.6
Local Emporium near Guwahati Infinity Science Arena,Guwahati Infinity Science Arena,0.2,Shopping,3.8
Local Market Corner near Guwahati Infinity Science Arena,Guwahati Infinity Science Arena,1.8,Local Market,3.7
The Spicy Point near Cloudy Guwahati Gardens,Cloudy Guwahati Gardens,0.7,Food & Dining,4.2
Traditional Hub near Cloudy Guwahati Gardens,Cloudy Guwahati Gardens,3.3,Shopping,4.6
Adventure Cliff near Cloudy Guwahati Gardens,Cloudy Guwahati Gardens,2.0,Viewpoint,3.6
Laziz Point near Grand Castle of Guwahati,Grand Castle of Guwahati,1.4,Food & Dining,3.7
Artisans Emporium near Grand Castle of Guwahati,Grand Castle of Guwahati,0.2,Shopping,3.9
Adventure Cliff near Grand Castle of Guwahati,Grand Castle of Guwahati,2.0,Activity,4.8
The Spicy Point near Guwahati Divine Gurudwara,Guwahati Divine Gurudwara,0.2,Food & Dining,4.3
Artisans Emporium near Guwahati Divine Gurudwara,Guwahati Divine Gurudwara,2.2,Shopping,3.7
Transit Corner near Guwahati Divine Gurudwara,Guwahati Divine Gurudwara,1.6,Transit,4.4
Street Dhaba near Rogue Guwahati Safari Zone,Rogue Guwahati Safari Zone,1.2,Food & Dining,3.8
Traditional Cooperative near Rogue Guwahati Safari Zone,Rogue Guwahati Safari Zone,0.8,Shopping,4.0
Local Market Corner near Rogue Guwahati Safari Zone,Rogue Guwahati Safari Zone,0.9,Local Market,4.8
Royal Diner near Indigenous Cultural Theatre of Guwahati,Indigenous Cultural Theatre of Guwahati,1.1,Food & Dining,4.8
Traditional Hub near Indigenous Cultural Theatre of Guwahati,Indigenous Cultural Theatre of Guwahati,1.4,Shopping,4.2
Local Market Corner near Indigenous Cultural Theatre of Guwahati,Indigenous Cultural Theatre of Guwahati,0.8,Local Market,4.4
Laziz Spot near Guwahati Vibrant Shopping Arcade,Guwahati Vibrant Shopping Arcade,0.9,Food & Dining,4.7
Handicrafts Cooperative near Guwahati Vibrant Shopping Arcade,Guwahati Vibrant Shopping Arcade,1.3,Shopping,4.4
Transit Corner near Guwahati Vibrant Shopping Arcade,Guwahati Vibrant Shopping Arcade,2.7,Transit,4.7
Desi Treats near Delight Guwahati Gourmet Court,Delight Guwahati Gourmet Court,0.8,Food & Dining,4.4
Artisans Cooperative near Delight Guwahati Gourmet Court,Delight Guwahati Gourmet Court,1.5,Shopping,4.7
Cable Car Station near Delight Guwahati Gourmet Court,Delight Guwahati Gourmet Court,4.3,Activity,4.8
Street Spot near Metro Sky Deck of Guwahati,Metro Sky Deck of Guwahati,1.6,Food & Dining,4.6
Handicrafts Bazaar near Metro Sky Deck of Guwahati,Metro Sky Deck of Guwahati,1.6,Shopping,4.2
Hiking Point near Metro Sky Deck of Guwahati,Metro Sky Deck of Guwahati,4.5,Viewpoint,3.7
Cafe Chaat Bhandar near Guwahati Hidden Meadow,Guwahati Hidden Meadow,2.3,Food & Dining,4.1
Traditional Emporium near Guwahati Hidden Meadow,Guwahati Hidden Meadow,0.6,Shopping,4.6
Heritage Walk near Guwahati Hidden Meadow,Guwahati Hidden Meadow,3.1,Viewpoint,4.9
Chai Villa Spot near Victorian Guwahati Tomb,Victorian Guwahati Tomb,0.8,Food & Dining,4.6
Handicrafts Hub near Victorian Guwahati Tomb,Victorian Guwahati Tomb,1.6,Shopping,3.9
Transit Corner near Victorian Guwahati Tomb,Victorian Guwahati Tomb,2.7,Transit,4.8
Desi Diner near Divine Gurudwara of Guwahati,Divine Gurudwara of Guwahati,2.0,Food & Dining,4.6
Central Hub near Divine Gurudwara of Guwahati,Divine Gurudwara of Guwahati,1.8,Shopping,4.0
Walkway Park near Divine Gurudwara of Guwahati,Divine Gurudwara of Guwahati,0.9,Activity,4.9
Gourmet Dhaba near Guwahati Rogue Trekking Trail,Guwahati Rogue Trekking Trail,1.3,Food & Dining,3.9
Local Market near Guwahati Rogue Trekking Trail,Guwahati Rogue Trekking Trail,0.7,Shopping,4.5
Transit Corner near Guwahati Rogue Trekking Trail,Guwahati Rogue Trekking Trail,3.7,Transit,4.7
Laziz Dhaba near Ethnic Guwahati Traditional Bazaar,Ethnic Guwahati Traditional Bazaar,0.4,Food & Dining,4.0
Central Emporium near Ethnic Guwahati Traditional Bazaar,Ethnic Guwahati Traditional Bazaar,1.0,Shopping,4.5
Walkway Park near Ethnic Guwahati Traditional Bazaar,Ethnic Guwahati Traditional Bazaar,0.9,Activity,4.9
Chai Villa Diner near Emerald Falls of Gangtok,Emerald Falls of Gangtok,1.3,Food & Dining,3.8
Traditional Flea Market near Emerald Falls of Gangtok,Emerald Falls of Gangtok,1.9,Shopping,3.7
Transit Corner near Emerald Falls of Gangtok,Emerald Falls of Gangtok,0.6,Transit,4.3
Bistro Chaat Bhandar near Gangtok Imperial Gateway,Gangtok Imperial Gateway,0.1,Food & Dining,3.5
Traditional Market near Gangtok Imperial Gateway,Gangtok Imperial Gateway,2.3,Shopping,4.3
Sunset Deck near Gangtok Imperial Gateway,Gangtok Imperial Gateway,4.5,Viewpoint,5.0
Annapurna Corner near Sacred Gangtok Shrine,Sacred Gangtok Shrine,0.6,Food & Dining,4.0
Handicrafts Arcade near Sacred Gangtok Shrine,Sacred Gangtok Shrine,2.5,Shopping,3.7
Cable Car Station near Sacred Gangtok Shrine,Sacred Gangtok Shrine,1.2,Activity,3.6
Bistro Cafe near Apex Zip-line Valley of Gangtok,Apex Zip-line Valley of Gangtok,2.2,Food & Dining,4.1
Local Flea Market near Apex Zip-line Valley of Gangtok,Apex Zip-line Valley of Gangtok,1.9,Shopping,4.1
Photography Spot near Apex Zip-line Valley of Gangtok,Apex Zip-line Valley of Gangtok,1.4,Viewpoint,3.5
The Spicy Chaat Bhandar near Gangtok Ethnic Folk Centre,Gangtok Ethnic Folk Centre,2.2,Food & Dining,4.2
Central Bazaar near Gangtok Ethnic Folk Centre,Gangtok Ethnic Folk Centre,3.4,Shopping,4.4
Transit Corner near Gangtok Ethnic Folk Centre,Gangtok Ethnic Folk Centre,4.0,Transit,4.6
Chai Villa Treats near Central Gangtok Cooperative Store,Central Gangtok Cooperative Store,1.1,Food & Dining,4.4
Souvenir Bazaar near Central Gangtok Cooperative Store,Central Gangtok Cooperative Store,2.6,Shopping,3.9
Transit Corner near Central Gangtok Cooperative Store,Central Gangtok Cooperative Store,1.9,Transit,3.6
Bistro Corner near Legacy Historic Cafe of Gangtok,Legacy Historic Cafe of Gangtok,1.3,Food & Dining,4.9
Local Emporium near Legacy Historic Cafe of Gangtok,Legacy Historic Cafe of Gangtok,2.2,Shopping,4.3
Adventure Cliff near Legacy Historic Cafe of Gangtok,Legacy Historic Cafe of Gangtok,2.6,Activity,4.4
Desi Diner near Gangtok Stellar Art Gallery,Gangtok Stellar Art Gallery,2.0,Food & Dining,4.3
Ethnic Hub near Gangtok Stellar Art Gallery,Gangtok Stellar Art Gallery,1.8,Shopping,3.5
Cable Car Station near Gangtok Stellar Art Gallery,Gangtok Stellar Art Gallery,2.4,Viewpoint,4.9
The Spicy Cafe near Silent Gangtok Cave,Silent Gangtok Cave,1.5,Food & Dining,4.1
Traditional Hub near Silent Gangtok Cave,Silent Gangtok Cave,2.9,Shopping,4.1
Boating Lake near Silent Gangtok Cave,Silent Gangtok Cave,3.6,Viewpoint,4.2
Chai Villa Spot near Royal Ruin of Gangtok,Royal Ruin of Gangtok,0.8,Food & Dining,4.0
Artisans Arcade near Royal Ruin of Gangtok,Royal Ruin of Gangtok,1.7,Shopping,3.8
Transit Corner near Royal Ruin of Gangtok,Royal Ruin of Gangtok,4.4,Transit,4.0
Desi Bakery near Gangtok Sacred Shrine,Gangtok Sacred Shrine,0.5,Food & Dining,4.8
Ethnic Flea Market near Gangtok Sacred Shrine,Gangtok Sacred Shrine,0.7,Shopping,4.2
Hiking Point near Gangtok Sacred Shrine,Gangtok Sacred Shrine,3.9,Activity,4.9
Desi Kitchen near Apex Gangtok Rafting Camp,Apex Gangtok Rafting Camp,0.9,Food & Dining,3.9
Souvenir Arcade near Apex Gangtok Rafting Camp,Apex Gangtok Rafting Camp,1.7,Shopping,3.7
Photography Spot near Apex Gangtok Rafting Camp,Apex Gangtok Rafting Camp,1.5,Viewpoint,4.7
The Spicy Spot near Classical Art Village of Gangtok,Classical Art Village of Gangtok,2.1,Food & Dining,4.8
Ethnic Flea Market near Classical Art Village of Gangtok,Classical Art Village of Gangtok,0.6,Shopping,3.8
Local Market Corner near Classical Art Village of Gangtok,Classical Art Village of Gangtok,1.0,Local Market,4.0
Chai Villa Kitchen near Gangtok Craft Emporium,Gangtok Craft Emporium,1.1,Food & Dining,3.9
Central Market near Gangtok Craft Emporium,Gangtok Craft Emporium,2.3,Shopping,4.2
Adventure Cliff near Gangtok Craft Emporium,Gangtok Craft Emporium,2.2,Viewpoint,3.6
Desi Spot near Flavors Gangtok Dhaba Zone,Flavors Gangtok Dhaba Zone,1.2,Food & Dining,4.3
Local Cooperative near Flavors Gangtok Dhaba Zone,Flavors Gangtok Dhaba Zone,2.7,Shopping,3.8
Hiking Point near Flavors Gangtok Dhaba Zone,Flavors Gangtok Dhaba Zone,3.1,Activity,3.7
Annapurna Corner near Futuristic Aquarium of Gangtok,Futuristic Aquarium of Gangtok,2.2,Food & Dining,4.8
Ethnic Emporium near Futuristic Aquarium of Gangtok,Futuristic Aquarium of Gangtok,3.0,Shopping,3.7
Transit Corner near Futuristic Aquarium of Gangtok,Futuristic Aquarium of Gangtok,0.8,Transit,4.3
Royal Kitchen near Gangtok Mist-Clad Sunset Point,Gangtok Mist-Clad Sunset Point,1.8,Food & Dining,3.6
Bustling Corner near Gangtok Mist-Clad Sunset Point,Gangtok Mist-Clad Sunset Point,3.3,Shopping,3.7
Heritage Walk near Gangtok Mist-Clad Sunset Point,Gangtok Mist-Clad Sunset Point,2.6,Activity,5.0
Annapurna Treats near Historic Gangtok Ancient Caves,Historic Gangtok Ancient Caves,1.6,Food & Dining,4.0
Handicrafts Flea Market near Historic Gangtok Ancient Caves,Historic Gangtok Ancient Caves,1.2,Shopping,4.7
Transit Corner near Historic Gangtok Ancient Caves,Historic Gangtok Ancient Caves,4.2,Transit,4.6
Gourmet Diner near Sacred Shrine of Gangtok,Sacred Shrine of Gangtok,0.7,Food & Dining,4.2
Souvenir Flea Market near Sacred Shrine of Gangtok,Sacred Shrine of Gangtok,3.3,Shopping,3.7
Transit Corner near Sacred Shrine of Gangtok,Sacred Shrine of Gangtok,4.7,Transit,3.9
The Spicy Bakery near Gangtok Apex Camping Ridge,Gangtok Apex Camping Ridge,1.2,Food & Dining,3.7
Traditional Emporium near Gangtok Apex Camping Ridge,Gangtok Apex Camping Ridge,2.2,Shopping,4.1
Walkway Park near Gangtok Apex Camping Ridge,Gangtok Apex Camping Ridge,3.3,Viewpoint,4.6
Gourmet Kitchen near Legacy Gangtok Heritage Craft Complex,Legacy Gangtok Heritage Craft Complex,0.4,Food & Dining,3.7
Ethnic Hub near Legacy Gangtok Heritage Craft Complex,Legacy Gangtok Heritage Craft Complex,2.5,Shopping,4.4
Local Market Corner near Legacy Gangtok Heritage Craft Complex,Legacy Gangtok Heritage Craft Complex,3.5,Local Market,4.7
Bistro Corner near Royal Spices Corner of Gangtok,Royal Spices Corner of Gangtok,0.5,Food & Dining,4.5
Souvenir Emporium near Royal Spices Corner of Gangtok,Royal Spices Corner of Gangtok,2.4,Shopping,3.6
Sunset Deck near Royal Spices Corner of Gangtok,Royal Spices Corner of Gangtok,3.2,Activity,3.7
The Spicy Dhaba near Gangtok Traditional Sweet Alley,Gangtok Traditional Sweet Alley,0.4,Food & Dining,3.6
Ethnic Market near Gangtok Traditional Sweet Alley,Gangtok Traditional Sweet Alley,1.8,Shopping,3.9
Local Market Corner near Gangtok Traditional Sweet Alley,Gangtok Traditional Sweet Alley,3.6,Local Market,4.2
Street Point near Cosmo Gangtok Amusement Park,Cosmo Gangtok Amusement Park,1.2,Food & Dining,4.2
Traditional Emporium near Cosmo Gangtok Amusement Park,Cosmo Gangtok Amusement Park,0.6,Shopping,4.4
Adventure Cliff near Cosmo Gangtok Amusement Park,Cosmo Gangtok Amusement Park,0.5,Activity,4.9
Desi Cafe near Serene Falls of Gangtok,Serene Falls of Gangtok,1.9,Food & Dining,3.6
Ethnic Cooperative near Serene Falls of Gangtok,Serene Falls of Gangtok,2.4,Shopping,4.8
Transit Corner near Serene Falls of Gangtok,Serene Falls of Gangtok,0.9,Transit,4.0
The Spicy Dhaba near Gangtok Sovereign Fort,Gangtok Sovereign Fort,2.1,Food & Dining,4.1
Ethnic Cooperative near Gangtok Sovereign Fort,Gangtok Sovereign Fort,2.4,Shopping,4.1
Transit Corner near Gangtok Sovereign Fort,Gangtok Sovereign Fort,4.3,Transit,4.9
The Spicy Chaat Bhandar near Sacred Gangtok Shrine,Sacred Gangtok Shrine,1.0,Food & Dining,4.7
Artisans Corner near Sacred Gangtok Shrine,Sacred Gangtok Shrine,2.0,Shopping,4.6
Local Market Corner near Sacred Gangtok Shrine,Sacred Gangtok Shrine,3.9,Local Market,4.7
Chai Villa Treats near Apex Paragliding Launch of Gangtok,Apex Paragliding Launch of Gangtok,0.8,Food & Dining,3.6
Souvenir Cooperative near Apex Paragliding Launch of Gangtok,Apex Paragliding Launch of Gangtok,1.2,Shopping,4.0
Transit Corner near Apex Paragliding Launch of Gangtok,Apex Paragliding Launch of Gangtok,2.9,Transit,5.0
Chai Villa Kitchen near Gangtok Creative Folk Centre,Gangtok Creative Folk Centre,0.4,Food & Dining,4.1
Local Hub near Gangtok Creative Folk Centre,Gangtok Creative Folk Centre,3.1,Shopping,4.0
Transit Corner near Gangtok Creative Folk Centre,Gangtok Creative Folk Centre,4.6,Transit,3.9
The Spicy Kitchen near Local Gangtok Flea Market,Local Gangtok Flea Market,1.0,Food & Dining,3.9
Souvenir Market near Local Gangtok Flea Market,Local Gangtok Flea Market,2.5,Shopping,4.6
Adventure Cliff near Local Gangtok Flea Market,Local Gangtok Flea Market,0.7,Viewpoint,3.7
Gourmet Diner near Savory Food Street of Gangtok,Savory Food Street of Gangtok,1.4,Food & Dining,4.2
Handicrafts Cooperative near Savory Food Street of Gangtok,Savory Food Street of Gangtok,0.9,Shopping,3.9
Local Market Corner near Savory Food Street of Gangtok,Savory Food Street of Gangtok,2.2,Local Market,4.5
Street Cafe near Gangtok Apex Botanical Conservatory,Gangtok Apex Botanical Conservatory,0.3,Food & Dining,3.9
Artisans Emporium near Gangtok Apex Botanical Conservatory,Gangtok Apex Botanical Conservatory,1.6,Shopping,4.4
Local Market Corner near Gangtok Apex Botanical Conservatory,Gangtok Apex Botanical Conservatory,1.1,Local Market,4.0
Annapurna Kitchen near Silver Gangtok Cave,Silver Gangtok Cave,1.6,Food & Dining,4.2
Bustling Bazaar near Silver Gangtok Cave,Silver Gangtok Cave,3.2,Shopping,3.9
Local Market Corner near Silver Gangtok Cave,Silver Gangtok Cave,0.7,Local Market,3.8
Royal Cafe near Grand Museum of Gangtok,Grand Museum of Gangtok,2.3,Food & Dining,4.7
Traditional Cooperative near Grand Museum of Gangtok,Grand Museum of Gangtok,0.6,Shopping,3.7
Walkway Park near Grand Museum of Gangtok,Grand Museum of Gangtok,0.3,Activity,4.3
Gourmet Cafe near Gangtok Sacred Shrine,Gangtok Sacred Shrine,0.7,Food & Dining,4.1
Traditional Corner near Gangtok Sacred Shrine,Gangtok Sacred Shrine,1.7,Shopping,4.5
Photography Spot near Gangtok Sacred Shrine,Gangtok Sacred Shrine,4.6,Activity,4.2
Street Point near Apex Gangtok Climbing Wall,Apex Gangtok Climbing Wall,0.7,Food & Dining,4.5
Handicrafts Bazaar near Apex Gangtok Climbing Wall,Apex Gangtok Climbing Wall,1.6,Shopping,3.6
Photography Spot near Apex Gangtok Climbing Wall,Apex Gangtok Climbing Wall,2.8,Viewpoint,4.0
Royal Corner near Folk Art Village of Gangtok,Folk Art Village of Gangtok,1.8,Food & Dining,4.6
Souvenir Bazaar near Folk Art Village of Gangtok,Folk Art Village of Gangtok,0.8,Shopping,4.4
Heritage Walk near Folk Art Village of Gangtok,Folk Art Village of Gangtok,1.0,Viewpoint,4.0
Gourmet Spot near Gangtok Traditional Market,Gangtok Traditional Market,1.7,Food & Dining,4.3
Central Flea Market near Gangtok Traditional Market,Gangtok Traditional Market,3.4,Shopping,4.4
Local Market Corner near Gangtok Traditional Market,Gangtok Traditional Market,2.1,Local Market,4.2
Desi Diner near Authentic Gangtok Spice Lane,Authentic Gangtok Spice Lane,1.0,Food & Dining,4.9
Ethnic Arcade near Authentic Gangtok Spice Lane,Authentic Gangtok Spice Lane,1.3,Shopping,4.1
Photography Spot near Authentic Gangtok Spice Lane,Authentic Gangtok Spice Lane,3.8,Viewpoint,3.6
Chai Villa Cafe near Tech Science Arena of Gangtok,Tech Science Arena of Gangtok,1.7,Food & Dining,4.8
Ethnic Bazaar near Tech Science Arena of Gangtok,Tech Science Arena of Gangtok,1.2,Shopping,3.8
Heritage Walk near Tech Science Arena of Gangtok,Tech Science Arena of Gangtok,4.7,Viewpoint,3.9
Cafe Bakery near Gangtok Emerald Sunset Point,Gangtok Emerald Sunset Point,2.4,Food & Dining,4.3
Central Flea Market near Gangtok Emerald Sunset Point,Gangtok Emerald Sunset Point,2.8,Shopping,3.9
Cable Car Station near Gangtok Emerald Sunset Point,Gangtok Emerald Sunset Point,4.6,Activity,4.3
Cafe Point near Victorian Gangtok Gateway,Victorian Gangtok Gateway,1.3,Food & Dining,4.7
Souvenir Corner near Victorian Gangtok Gateway,Victorian Gangtok Gateway,0.3,Shopping,4.5
Local Market Corner near Victorian Gangtok Gateway,Victorian Gangtok Gateway,3.7,Local Market,4.2
Royal Cafe near Sacred Shrine of Gangtok,Sacred Shrine of Gangtok,1.6,Food & Dining,4.1
Handicrafts Emporium near Sacred Shrine of Gangtok,Sacred Shrine of Gangtok,1.8,Shopping,4.1
Walkway Park near Sacred Shrine of Gangtok,Sacred Shrine of Gangtok,0.3,Activity,3.5
Chai Villa Chaat Bhandar near Gangtok Apex Safari Zone,Gangtok Apex Safari Zone,2.3,Food & Dining,3.6
Bustling Market near Gangtok Apex Safari Zone,Gangtok Apex Safari Zone,3.3,Shopping,3.8
Heritage Walk near Gangtok Apex Safari Zone,Gangtok Apex Safari Zone,2.4,Activity,4.0
Chai Villa Kitchen near Artistic Gangtok Heritage Craft Complex,Artistic Gangtok Heritage Craft Complex,0.5,Food & Dining,3.7
Souvenir Emporium near Artistic Gangtok Heritage Craft Complex,Artistic Gangtok Heritage Craft Complex,2.3,Shopping,4.4
Boating Lake near Artistic Gangtok Heritage Craft Complex,Artistic Gangtok Heritage Craft Complex,3.7,Activity,3.6
